hash,name
0001CC3213C702EA,iw9_p02_ar_kilo53_bar_lm
0009B8C867D51C8B,iw9_p01_ar_mike4_animpackage_barshort_gripang
00141CAF2BC525F5,iw9_p04_ar_akilo_gripvert
00316C07CA8160F0,t10_sm_p57_mpug40_animpackage_stock
00318AB5BD263252,iw9_p09_sm_mpapa7_animpackage_xmaglrg
0035BC8FCC3EA4C4,iw9_p05_dm_scromeo_default_animpackage
003941D7F01E7CE8,sat_lm_typhon_animpackage_beltfed
006462481561750B,jup_p09_sh_oromeo12_animpackage_drum_20_12g
00745BC681F9BBA5,jup_p12_pi_romeo93_animpackage_selectsemi_off
008A5B7EF03731AD,t10_sn_p08_ultiger_animpackage
008FCA2649EA49B0,t10_ar_p47_gilroy_animpackage_ub_crossbow_bow
0091A5E271DC9F54,jup_p19_ar_acharlie_animpackage_ubfl_flame
00968B2DCEF2FCDC,sat_dm_scotia_animpackage_gripvert
009B0BACA4BD6B60,iw9_p07_sm_papa90_animpackage
009DAB5F85009AC2,sat_sl_atria_default_animpackage
00B0C028DDCCB7E7,iw9_p54_sn_walpha_default_animpackage
00B58D56EA39EEA1,t10_dm_p09_svalor_animpackage
00C28374259D5548,jup_p08_ar_qbravo95_animpackage_gripvert
00C665262452DEE4,jup_p02_br_bromeo2_animpackage
00D3064C49708BDE,t10_ar_p04_clove_animpackage_gripang01
00D485EE19D3EC00,t10_dm_p03_sgeorge550_animpackage_gripvert02
00D488EE19D3F119,t10_dm_p03_sgeorge550_animpackage_gripvert01
00E4A4C37E8446A0,iw9_p12_sh_mike1014_animpackage_swordhum
00E9C49B1EA64815,jup_cp05_lm_halpha_animpackage_gripsideunder
00F1F4A677644B8B,jup_p01_ar_golf36_animpackage_gripvertshort
00F249D667C5FFF3,jup_jp22_la_dromeo_default_animpackage
00FA1FEA0B80C7A5,iw9_p05_ar_scharlie_ubsh_xmaglrg
00FE95B5EC75A279,jup_p01_lm_mgolf36_animpackage_selectsemi_off
010F4F1BB8262D45,jup_p37_dm_kappa98_default_animpackage
011817FE55988E05,iw9_p23_sn_alpha50_hybrid03_animpackage
01219AA4A45F1518,jup_p02_sm_scharlie3_animpackage_hybrid01
01219CA4A45F187E,jup_p02_sm_scharlie3_animpackage_hybrid03
0123675AD694C60A,t10_ar_p04_clove_animpackage_hybrid01
012D584127AD1B33,jup_p38_sh_spapa12_animpackage_stocklight
01356681C4DD5CCE,sat_sm_bengal_animpackage_barhical
0143EF161D80FDF5,t10_dm_p03_sgeorge550_animpackage_auto_ext01
0145CADD2539CB4F,iw9_p43_ar_acharlie300_animpackage_gripang
014B1F344BA44DEE,iw9_p02_sm_mpapa5_animpackage_gripvert
014F2B0CEB751998,jup_p37_dm_kappa98_animpackage_bayonet
016BA670B74CBDB6,sat_sm_orca_animpackage_selectsemi_off
0182D8E52CC32162,iw9_p03_ar_augolf_animpackage
0183EC47AC9DBAB1,iw9_p27_pi_papa220_animpackage_akimbo_l
0183F647AC9DCBAF,iw9_p27_pi_papa220_animpackage_akimbo_r
018CE15E73BB5668,iw9_p01_ar_mike4_animpackage_ubsh_shotgun
018F91232C62DB73,jup_p37_dm_kappa98_animpackage_gripvertshort
019BEDDFC4AF08F7,iw9_p25_pi_dechoauto_akimbo_l_default_animpackage
01A93474CF020097,sat_ar_kiwi_default_animpackage
01AE94AC2EC73E3B,t10_lm_p33_uxray_animpackage_gripvert01
01AE95AC2EC73FEE,t10_lm_p33_uxray_animpackage_gripvert02
01AF6C21F400E3BB,sat_ar_heron_default_animpackage
01C061C504D0D48B,sat_lm_zeus_animpackage_ubcrossbar
01C0D1F283CAE41F,jup_p40_br_hcharlie36_animpackage_xmag
01C71E7163B1FC47,iw9_p11_sm_uzulu_animpackage_xmag
01D0703CCE5E8124,jup_p19_ar_acharlie_animpackage_xmagr
01D8BBB4E41E7990,iw9_p08_ar_mcbravo_animpackage_selectsemi_off
01E797D74FD95C67,t10_ar_p04_clove_animpackage_selectsemi_off
01EC53A7D7BD618F,sat_sm_puma_default_animpackage
0205E34BC031D613,jup_p06_lm_pkilop_animpackage_75rnd
0221A0F3CCD4B5C3,sat_pi_atlas_animpackage_optics
02284B2F7A81195A,offhand_2h_cyber_emp_animpackage
022D7721F471B268,iw9_p03_lm_ahotel_animpackage_semiselect_off
022F71C1F237C744,jup_p23_me_shotel_animpackage
023280457856611F,sat_sm_bear_animpackage_selectsemi_off
02537D941227AF89,jup_p03_br_aromeo200_animpackage_selectsemi_on
025FA82206251F0B,t10_ar_p02_aking74_animpackage_barhcal01
025FA922062520BE,t10_ar_p02_aking74_animpackage_barhcal02
026E3958617F8F9B,jup_p19_ar_acharlie_animpackage_gripang
0272FEB6F8AB9DBA,sat_ar_macaw_animpackage_gripvert
02888CDA094606CF,jup_cp04_lm_rkilo_animpackage_drum_amp
028B248E30FAC9E1,iw9_p33_me_tactical_knife_default_animpackage
029971BF3C156A94,sat_sm_zebra_bp_vault
029D2B3BFE3F0F79,jup_p05_ar_foxtrot2000_animpackage_ubch
029DE924684B54D1,t10_me_p40_bostaff_animpackage
02A7293BFE476098,jup_p05_ar_foxtrot2000_animpackage_ubfl
02AAD69AF7F61481,sat_sh_corso_animpackage_gripvertshort
02AB4F3BFE4B8A01,jup_p05_ar_foxtrot2000_animpackage_ubgl
02B3313ABAD336F4,jup_p09_sh_oromeo12_animpackage_laser
02BA63A2EA56BA30,jup_p25_ar_talpha95_animpackage_ubgl_launcher
02BB49C197539B07,jup_p01_sm_coscar635_animpackage_selectsemi_off
02C24BAF962A3627,sat_ar_falcon_bp_kingdeath
02C3DD9FAE9E6FF7,t10_me_p31_drill_animpackage
02D34B3BFE6CD549,jup_p05_ar_foxtrot2000_animpackage_ubsh
02EA97BDBF0F0803,iw9_p03_lm_ahotel_animpackage_hybrid03
02EA99BDBF0F0B69,iw9_p03_lm_ahotel_animpackage_hybrid01
0302D2AC6F46949F,jup_cp15_lm_mkilo3_animpackage_5019_barsil
030BBA5DAB3A78D1,iw9_me_rusherknife_animpackage
030F35911A8B6049,iw9_p03_sm_apapa_animpackage_semiselect_on
0327E6464E63985C,iw9_p14_sh_charlie725_default_animpackage
032C449E82738555,jup_p32_pi_mpapa9_animpackage_gripang
032E300BE8E02299,t10_sm_p03_safox_animpackage_selectsemi_on
033D6A549D4E2CD1,sat_pi_timir_animpackage_akimbo_l
033D74549D4E3DCF,sat_pi_timir_animpackage_akimbo_r
03422FFE7035063C,jup_p23_me_swhiskey_animpackage
0357095C11D53E96,jup_p01_ar_golf36_animpackage_ubch_chain
0364C44240813987,sat_dm_scotia_animpackage_selectsemi_off
0365058F2EB00100,iw9_p20_dm_mike24_animpackage_bipod
036E87E0FEA65914,t10_sh_p10_moslo500_animpackage_bp_trapgun
037A0C7EA5B73B19,iw9_p27_pi_papa220_akimbo_r_default_animpackage
0384A88B743027C7,jup_p44_ar_stango44_animpackage
03A8BD17B2932DCA,jup_p16_sh_recho870_animpackage_gripvert
03AC5934E253FD07,t10_sm_p57_mpug40_default_animpackage
03AF3DE7220EDD28,jup_p02_br_bromeo2_animpackage_ubsh_shotgun
03B0DDF25ACA6F14,iw9_p02_ar_golf3_animpackage_smaglrg
03B1342F2B9D8B9A,iw9_p05_ar_schotel_animpackage
03BE164F24A6D5EF,t10_pi_p13_usugar9_default_animpackage
03C3FB975BDD657F,iw9_p10_sm_victor_animpackage_drum
03CA70BCE562FF50,t10_sm_p06_sroger3_animpackage_bp_bong_fast02
03CA73BCE5630469,t10_sm_p06_sroger3_animpackage_bp_bong_fast01
03E7F0E48174A610,iw9_p04_ar_akilo_barhvy
03F0B321552EC438,jup_p07_sm_uzulup_animpackage_gripvert
03F1C288DAD322D2,jup_p38_sh_spapa12_animpackage_stockhvy
0403DE923B1BD9CE,sat_sm_bear_animpackage_ext01_556
0408D1A086897DCD,jup_p36_ar_anovember94_animpackage_ubsh
0410204BB1E02016,iw9_p02_dm_pgolf1_animpackage_xmag
04116F5F07ED0E01,t10_sm_p43_schuck_animpackage_selectsemi_off
041368F4E69B8747,t10_sm_p43_schuck_animpackage_ext01
041369F4E69B88FA,t10_sm_p43_schuck_animpackage_ext02
04154B47E85DBDE5,sat_ar_condor_animpackage_selectsemi_on
0419C5F66CE2BBE5,t10_ar_p22_able18_animpackage_mixbarrel
04207A50CA2B1E85,iw9_p02_ar_golf3_animpackage_smag
042A989A59DAF7B1,iw9_p15_lm_mkilo3_animpackage_barlight_gripang
042DA7A086A852AC,jup_p36_ar_anovember94_animpackage_ubfl
042E278D2099247C,sat_sm_gecko_animpackage_gripang
0430CDA086AAC915,jup_p36_ar_anovember94_animpackage_ubgl
04370A297A963C75,sat_sm_bengal_animpackage_barjump
043EB1A086B6D6DD,jup_p36_ar_anovember94_animpackage_ubch
0453C83CD55CF145,t10_sl_p29_goslo_animpackage_gripvert01
045F14BC5791029B,sat_ar_condor_animpackage_gripang
04626B3B9010FCD8,jup_p01_ar_golf36_animpackage_ubch
046F6F3B901B8E00,jup_p01_ar_golf36_animpackage_ubgl
0473953B901FB769,jup_p01_ar_golf36_animpackage_ubfl
04851F10B1061A2A,t10_ar_p54_aspen_animpackage_gripang
048E83408C63528A,sat_sn_baltic_animpackage_lrg
04988B3B903EC2A8,jup_p01_ar_golf36_animpackage_ubsh
049E78DA18FE68B2,sat_ar_falcon_animpackage_spear
04AB8C909E236A3A,sat_ar_vulture_animpackage_hybrid01
04B1588B620E719A,t10_ar_p05_rmary2_animpackage_ubgl
04B959E6799B8253,jup_p13_sn_svictor_animpackage
04BB5FACF129EA6E,sat_ar_kiwi_animpackage_gripang
04D7AD76139FBB0F,jup_p19_dm_sbeta_akimbo_l_default_animpackage
04E03929DAEEAE74,iw7_gunless_package
04E4CD8408271307,sat_ar_vulture_animpackage_ubgl
04E715D161C431F5,sat_streak_sniper_suitcase_default_animpackage
04F902963A3F2D0B,sat_pi_timir_default_animpackage_akimbo_l
04F910963A3F44D5,sat_pi_timir_default_animpackage_akimbo_r
04FE807D4D6C2638,iw9_p13_sh_mviktor_animpackage_stockr
05078092AB3F1C40,iw9_p01_dm_msecho_animpackage_ubgl
0519EF73DCDE2AEE,iw9_p04_ar_akilo_barhvylong
052C61F0F95BBDDD,sat_lm_typhon_default_animpackage
05309C92AB6250E8,iw9_p01_dm_msecho_animpackage_ubsh
0531FA0CB4A8B3E8,t10_sm_p02_geasy9_animpackage_barmix
054892DF27F94886,sat_sm_orca_animpackage_gripvert01
0554ED204C02C9B6,iw9_p20_dm_mike24_animpackage_xmaglrg
057C60F19FE23386,jup_p02_dm_bromeop_animpackage_gripang
058AEAF027C46A5C,jup_p01_sm_coscar635_animpackage_gripvert
059BB76D3F596967,iw9_p04_lm_rkilo_drummaglrg
05A09A36A2BD3BB6,iw9_p08_sm_mpapax_animpackage_gripang
05B2AB517C5F6761,iw9_p08_sm_mpapax_animpackage_barlong
05B69043660840F5,sat_lm_typhon_animpackage_selectauto_on
05BCA53DD2529FE7,sat_sm_cobra_animpackage_crossbar
05C3A0D8A36FB163,jup_p07_sm_uzulup_animpackage_selectsemi_off
05C521D0D879ED72,sat_sm_bear_animpackage_akimbo_l_556
05CF805F3B316802,t10_ar_p56_milan_animpackage_ub_crossbow
05DAD6BAF529EA97,sat_ar_finch_animpackage_ubgl_launcher
05F29DFA26363CBF,sat_dm_oman_default_animpackage_rev_akimbo_r
05F2B3FA26366221,sat_dm_oman_default_animpackage_rev_akimbo_l
060687AFEE1E13A2,iw9_p02_dm_pgolf1_default_animpackage
060CF31DFBD54728,iw9_p02_sm_mpapa5_animpackage_gripvertshort
06118EB4EF502CA2,jup_p09_sh_oromeo12_animpackage_gripvert
063DB82527673206,iw9_p03_lm_ahotel_animpackage_semiselect_on
0643C332DC0050D4,iw9_p18_dm_mike14_animpackage_gripang
064574D02B6A0C03,sat_ar_kite_animpackage_ubgl
064B2FF1DB42D476,jup_p16_sh_recho870_animpackage_pstl_gripvert
065D79F73813D7B0,iw9_p57_me_kamas_r_animpackage
066187D7B1545776,sat_ar_kite_animpackage
06626A97BB8FACC7,sat_ar_condor_animpackage_barhical
0664A8811AF87B09,iw9_p13_sh_mbravo_animpackage_barmini_stockhvy
066F53FB50C02E83,iw9_p16_lm_slima_animpackage_hybrid01_grip
0671C28410243120,iw9_p02_ar_kilo53_default_animpackage
06721C3A076E39C3,t10_dm_p50_erie_animpackage_barrecoil
068C6B11F50B846E,iw9_p06_ar_fecho_animpackage_gripvertshort
069144B762BADDFF,t10_ar_p02_aking74_animpackage_selectsemi_on
06A2F559144A04B4,sat_sm_hyena_animpackage_ext01
06A2F859144A09CD,sat_sm_hyena_animpackage_ext02
06AD5F26145BF1EE,sat_dm_kara_animpackage_garand
06C559CA12E49831,iw9_p14_sh_charlie725_animpackage_gripang
06DEA7DAF1E3AA1B,sat_sm_hyena_animpackage_akimbo_l_fast02
06DEA8DAF1E3ABCE,sat_sm_hyena_animpackage_akimbo_l_fast01
06EA1F088F77A6F3,iw9_p15_lm_mkilo3_animpackage_barlong_gripang
06EB41FC071D02B4,t10_sm_p12_roger31_animpackage_barmix
071FE18102CC105E,t10_lm_p01_aroger10_animpackage_barrange
072916FAC30BA04D,iw9_p05_ar_scharlie_ubgl_xmaglrg
0729F7C0E762EBE3,jup_p01_sm_pcharlie9_animpackage_40rd
0734A9FB8B06ED29,misc_vm_recon_drone_default_animpackage
0737144BC28146F9,iw9_p02_sm_mpapa5_animpackage_selectsemi_on
073810FA19DDE3B6,iw8_sm_mpapa7_animpackage_carry_hostage
0746A2CEBF899D54,t10_lm_p33_uxray_animpackage_bp_death_metal
075AD779E5065D96,iw9_p24_pi_golf17_akimbo_r_default_animpackage
076CA42D3BDAD137,iw9_p21_sn_mromeo_bolt_hvy_animpackage
077564F5F7D9F3D4,jup_p20_lm_evictor_animpackage_100rnd_556
0797FC5175A2170C,iw9_p08_ar_mcharlie_animpackage_xmag
07B5C0DCD444EAEF,iw9_p47_me_sword01_l_animpackage_v2044
07CA061542A29F7A,t10_lm_p02_puncle21_animpackage_gripang
07CB7096FDEF2015,iw9_p55_pi_mike2011_animpackage_akimbo_l_xmaglrg
07D2E8D605327785,t10_ar_p05_rmary2_animpackage_ubcrossbow
07D4FE3274D2BD26,jup_p06_lm_pkilob_animpackage_gripvertshort
07E7316236201C3D,iw9_p02_sm_mpapa5_animpackage_smag
07EB49A54489FB16,iw9_default_animpackage_r_hand
07EF716542B16C59,iw9_p01_dm_stango25_animpackage_gripvert
07F114224B412993,jup_p07_sm_uzulup_animpackage_akimbo_r
07F132224B415C8D,jup_p07_sm_uzulup_animpackage_akimbo_l
07F65C6B5533717F,iw9_p01_dm_msecho_animpackage_barlong
0801598FB669ACBB,iw9_p01_ar_mike16_animpackage_xmag
080D33A0DC2A29E9,iw9_p20_dm_mike24_animpackage_boltl
081EC1D9B8975BDF,t10_ar_p05_rmary2_animpackage_hybrid01
08237456B47C6987,iw9_p55_pi_mike2011_default_animpackage
0826408FDEA4250B,sat_lm_hildr_animpackage_beltfed
0844878CF5A6F0C7,jup_p08_br_xmike5_animpackage_hybrid01
0844898CF5A6F42D,jup_p08_br_xmike5_animpackage_hybrid03
084C8C6086DF300E,iw9_p04_ar_akilo74_hvyshort
084F513302B06B40,t10_lm_p53_mesa_animpackage_fast02
084F543302B07059,t10_lm_p53_mesa_animpackage_fast01
085EB2F5CE3E06CB,t10_sm_p02_geasy9_animpackage_barrange
086C12CB4ACA9901,sat_ar_albatross_animpackage_gripang
086E6E0AC84C03E5,iw9_p43_sm_acharlie45_animpackage_gripvertshort
0885F71C4BA0F926,iw9_p18_br_soscar14_animpackage_semiselect_on
088DD34295753229,jup_p09_sh_oromeo12_animpackage_v103
0892DB9E9374AC5F,t10_sh_p10_moslo500_animpackage_barmix
089C13CEF4D009A0,iw9_p02_ar_kilo53_gripvert_bar_lm
08A2434A1BA4E2B6,ks_generic_mp_animpackage
08A55A5C109C4640,jup_p24_pi_glima21_bar_convert_animpackage_xmag
08A96CEF7B737AEC,iw9_p04_lm_rkilo_gripvertpro_low
08AC80CC70003F96,iw9_p04_sh_vecho_default_animpackage
08BFF3951D577512,iw9_p43_sm_acharlie9_animpackage_gripang
08CC0F224131656D,iw9_p52_ar_helima_xmaglrg
08D29A937244C06A,iw9_p12_sh_mike1014_animpackage_guardtac
08D3FC6A4E296DC6,iw9_p43_ar_acharlie300_animpackage_ubgl_launcher
08DDA6F817B3BA9D,jup_p32_pi_mpapa9_animpackage_tacstock
08DF024BAEC8267A,iw9_p14_sh_charlie725_animpackage_v10
08DF475E57059E92,jup_p25_ar_talpha95_animpackage_ubsh_shotgun
08E404E8BCCCCE2F,t10_ar_p01_coslo723_animpackage_gripang
08F8927BE8CAD7F6,iw9_p02_ar_kilo53_fire_select_off
08FB682EA9101606,jup_p08_ar_qbravo97_animpackage_bar
0904EDF0E3798BDA,iw9_p34_me_riotshield_animpackage
090CB9EC056CCD27,iw9_p18_br_soscar14_animpackage
0914659DD61D83D6,t10_ar_p54_aspen_animpackage_selectsemi_off
091E6C093704DEB3,iw9_p05_ar_schotel_semiselect_off
0926A2C9DB1E9EC5,iw9_p54_sn_walpha_hybrid03_animpackage
0934151C69F4CB6D,iw9_p24_pi_golf17_animpackage_stockskel_xmag
0935752B78190C8F,sat_la_polis_animpackage_ubcrossbar
09363A76FA6876CC,t10_ar_p04_clove_animpackage_bp_s4blk
0940DE03B52538C8,t10_sm_p12_roger31_animpackage
095B53BC2659C4D2,iw9_p01_ar_mike16_animpackage_selectsemi_on
095EB501A56F00EC,offhand_2h_decoy_mine_animpackage
0967C24FE4B970C7,jup_cp04_lm_rkilo_animpackage_hybrid01
0967C44FE4B9742D,jup_cp04_lm_rkilo_animpackage_hybrid03
096FC58C18E31510,iw9_p04_sh_vecho_animpackage_ubsh_shotgun
09754B327C1FFE8F,iw9_p27_pi_papa220_akimbo_l_default_animpackage
0980D964EE5AB9A2,sat_me_nashira_animpackage
0982E1B76D8C6B69,jup_p36_ar_anovember94_animpackage_griprec
09934223A9B7074A,jup_p55_pi_mike2011_animpackage_akimbo_r_sally
099831EC025D0EC8,iw9_p06_ar_fecho_gl
09A0507969E42DA1,iw9_p15_lm_mkilo3_animpackage_barshort_smag
09A8E727C2C960C8,iw9_p02_sm_mpapa5_animpackage_sdelta
09C09D090D94D0BF,iw9_p15_lm_mkilo3_animpackage_gripang
09D2F261CB1BB0C0,sat_ar_finch_animpackage_selectsemi_on
09DBB97D160E0D50,sat_lm_hildr_animpackage
09E61EABD1ED8FC6,sat_sn_caspian_default_animpackage
09F99B4CBB5B76F4,iw9_p08_ar_mcharlie_default_animpackage
0A04FF08473BA8E7,sat_ar_kite_animpackage_selectsemi_on
0A05C73E8F8A673F,iw9_p09_sm_mpapa7_animpackage_xmag
0A2CDFF379A82D07,iw9_p01_ar_mike16_animpackage_hybrid03
0A2CE1F379A8306D,iw9_p01_ar_mike16_animpackage_hybrid01
0A304EC4467BFEA3,jup_p32_pi_mpapa9_akimbo_l_default_animpackage
0A37CB37B15B5FE8,iw9_p24_pi_golf17_animpackage_akimbo_r_carry
0A40CCFB3D083CF2,sat_ar_egret_animpackage_ubgl_launcher
0A40D730FC5C76B3,t10_sm_p21_pparis90_default_animpackage
0A48DB4783CECBB5,iw9_p15_lm_mkilo3_animpackage_barlight_bipod
0A4D47CC69E8EDFC,sat_lm_zeus_animpackage_hybrid01
0A5237E1898EE58A,iw9_p02_sm_mpapa5_animpackage_barlight
0A52682ED5D5A989,jup_p08_ar_qbravo97_animpackage_20rnd
0A5AE692CBC5659A,jup_p32_pi_mpapa9_animpackage_gripvertshort
0A5E21EF268A2594,jup_p25_ar_talpha95_animpackage_xmag
0A67CAC73D466916,iw9_p04_ar_akilo74_hvyshort_laser
0A6A0BD4CCAA3575,t10_pi_p14_stiger_animpackage_optics
0A73C0AC2A917FD3,iw9_p13_sh_mviktor_animpackage
0A75B5647C152013,t10_sm_p03_safox_animpackage_ext01
0A75B6647C1521C6,t10_sm_p03_safox_animpackage_ext02
0A75B7647C152379,t10_sm_p03_safox_animpackage_ext03
0A90082A4D7DC29A,iw9_p13_sh_mviktor_animpackage_boltlgt
0A995B78BF17D19E,t10_ar_p02_aking74_animpackage_hybrid01
0A9C98D43F15F24A,jup_p19_ar_acharlie_animpackage_ubgl_launcher
0A9D02BB0A7C2244,t10_dm_p03_sgeorge550_animpackage
0A9E7919D87EC02C,iw9_p02_ar_golf3_animpackage_hybrid01
0A9E7B19D87EC392,iw9_p02_ar_golf3_animpackage_hybrid03
0AA49E4E4C992297,t10_dm_p05_falove_animpackage_barmix
0AA6EA14F8B4FF5F,jup_jp03_sm_pmike_animpackage_gripvertshort
0ABFD2B541435450,t10_ar_p06_asvalor_animpackage_ubgl
0ACF9D991B6C299F,sat_sn_aden_animpackage_fastmag2
0AD41104BDE0B5CE,sat_pi_atlas_default_animpackage
0ADB662425FF9A91,t10_sm_p28_saug_animpackage_akimbo_l
0ADB702425FFAB8F,t10_sm_p28_saug_animpackage_akimbo_r
0AE89D2DBEDFE739,iw9_p02_lm_kilo21_default_animpackage
0AF201AE9ED5F1A1,iw9_p11_sm_uzulu_default_animpackage
0AF5690E204ED345,t10_sm_p43_schuck_animpackage_bp_necro
0B1229B4B92A4174,iw9_p05_ar_scharlie_semiselect_off_v32
0B19BEF18E9E804D,t10_sm_p02_geasy9_animpackage_selectsemi_off
0B47B86E47A562A9,t10_dm_p02_aeasy_animpackage_selectsemi_off
0B50A02CE8988847,jup_p05_ar_foxtrot2000_animpackage_gripang
0B5C7CDB9598B44B,iw9_p20_dm_la700_animpackage_boltl
0B5EA9DC4E7F9E61,t10_sm_p41_perth_animpackage_selectsemi_off
0B66D1BB2C65A168,iw9_p16_lm_slima_animpackage_gripside
0B69C0585D151F55,sat_ar_macaw_animpackage_selectsemi_on
0B6A8D2016CBC1AA,t10_sm_p28_saug_animpackage_hybrid01
0B6E24D695F6781D,iw9_p43_ar_acharlie300_animpackage_smag
0B88029604D2C552,sat_ar_eagle_animpackage_barvelocity
0BACBD7AA3F760E0,sat_sm_bear_animpackage_akimbo_r_556
0BAD65F99A534A3D,iw9_p01_lm_foxtrot_animpackage_gripang
0BB38E76974FEDD9,jup_p40_br_hcharlie36_default_animpackage
0BE8501BB7EBFB0F,sat_ar_eagle_animpackage
0BF833F2A814DB3C,iw9_p04_ar_akilo105_semiselect_off
0BFAD2BB94FCA1AE,jup_cp15_lm_mkilo3_animpackage_amp
0C0030E470226357,iw9_p08_sm_mpapax_animpackage_hybrid01
0C0032E4702266BD,iw9_p08_sm_mpapax_animpackage_hybrid03
0C01B8EE48A4E24D,sat_ar_finch_animpackage
0C056EF18C1888CE,iw8_ar_akilo47_animpackage_carry_hostage
0C07A4A70B9F70CA,t10_ar_p05_fable_animpackage_ub_crossbow_bow
0C1A30C6458C9E61,jup_p05_ar_foxtrot2000_animpackage_drum
0C553EEE8E2CF0CD,t10_lm_p33_uxray_animpackage_ubcrossbar
0C68C73F9F4A42E8,sat_ar_albatross_bp_evilsup
0C85A626F7D40330,jup_p01_dm_slima8_default_animpackage
0C90E9FFE3350FE3,t10_lm_p01_aroger10_animpackage
0C96AC6574991C6D,iw9_p08_sm_mpapax_animpackage_gripvert
0C9C7179B8641CFF,iw9_p04_ar_akilo_default_animpackage
0CA716049CABA19C,jup_p05_ar_foxtrot2000_animpackage_hybrid01
0CA718049CABA502,jup_p05_ar_foxtrot2000_animpackage_hybrid03
0CAF705FDAFC6A0B,iw9_p17_lm_ngolf7_animpackage_xmaglrg_gripside
0CAF82AA8BD8BF56,sat_sn_aden_animpackage_extmag2
0CBE5ED9247D0374,t10_p42_pi_pyork_animpackage
0CC2CDB2C72F98BA,jup_p02_sm_scharlie3_animpackage_gripvert
0CD6819306E11329,sat_dm_scotia_animpackage_gripang
0CD6B0A19ECD6146,sat_lm_zeus_animpackage_gripvert
0CE9EDED71F31B42,iw9_p02_ar_kilo53_ubsh_shotgun
0CF0CAC0F217CFF4,sat_sm_bear_animpackage_akimbo_l_ext02_556
0CF26D0A9B41A74C,sat_lm_hildr_animpackage_fast01
0CF2BF21AC9258B7,t10_sm_p12_roger31_animpackage_barhical
0D12649ABD555B60,sat_sm_gecko_animpackage_ext01
0D12679ABD556079,sat_sm_gecko_animpackage_ext02
0D1BD957E0333F15,iw9_p14_sh_charlie725_animpackage_guardhvy
0D200F8423873424,t10_sm_p12_roger31_animpackage_gripvert02
0D201084238735D7,t10_sm_p12_roger31_animpackage_gripvert03
0D2D3B44EC715FD1,t10_sm_p12_roger31_animpackage_barvelocity
0D2F4B2EDB6EDB1C,t10_sm_p28_saug_animpackage_gripvert
0D3501903B568438,jup_p16_sh_recho870_animpackage
0D432F7ADAE112FC,iw9_p09_sm_mpapa7_animpackage_gripang
0D48A82FDC6C27F7,jup_p14_pi_rsierra12_animpackage
0D4D672780101037,iw9_p10_sm_victor_animpackage_selectsemi_on
0D56882E0F14A79B,iw9_p17_lm_ngolf7_animpackage_xmaglrg
0D5711BA206C63E1,sat_sh_corso_animpackage
0D59E1967B9FB3BC,jup_p06_lm_pkilob_animpackage_gripvert
0D6E5B87F8CBD48A,offhand_2h_pill_bottle_animpackage
0D76FB924C131072,iw9_p54_sn_walpha_griptac_animpackage
0D7FA19F92F05831,sat_ar_vulture_animpackage_ubgl_launcher_burst
0D800B81E8740CA2,sat_sm_komodo_animpackage_short
0D872BFA6D0813D2,iw9_p07_sm_papa90_default_animpackage
0D892A51C3FF387F,t10_dm_p05_falove_animpackage_full_auto
0DA03FABB86102C7,iw9_p16_lm_slima_animpackage_smag
0DB3B4A92B17E8D7,iw9_p56_ar_malima_hybrid01
0DB3B6A92B17EC3D,iw9_p56_ar_malima_hybrid03
0DC626D69D9664F0,iw9_p02_sm_mpapa5_animpackage_barshort
0DDAAB6417F123DE,t10_lm_p01_aroger10_animpackage_ubcrossbar
0DF28168459A4B41,t10_ar_p47_gilroy_animpackage_ubgl
0DFD83CCB2A077B5,sat_ar_finch_animpackage_gripvert
0E029B4DF88AEF94,iw9_p04_sh_vecho_animpackage_hybrid01
0E029D4DF88AF2FA,iw9_p04_sh_vecho_animpackage_hybrid03
0E0A29BB1AD52728,t10_pi_p13_usugar9_animpackage_optics
0E0E9E1206A83B0B,t10_ar_p54_aspen_default_animpackage
0E1A55D60707E058,jup_p05_ar_foxtrot2000_animpackage_ubsh_shotgun
0E1A64EB5437EC43,iw9_p49_pi_tango9_animpackage_drum
0E1B308389A138D7,t10_ar_p56_milan_animpackage_stock01
0E1B318389A13A8A,t10_ar_p56_milan_animpackage_stock02
0E2D1C7FB174A7B8,sat_ar_condor_animpackage
0E385A61F4A2D361,t10_dm_p03_sgeorge550_animpackage_selectsemi_on
0E3A734B38E50578,iw9_p08_sm_mpapax_animpackage_barmini
0E442CA789A80457,sat_sm_puma_animpackage_hybrid01
0E44EF07A02EC0A3,t10_me_p30_cleaver_animpackage_bp_jellybean
0E4A302A2F8EA1ED,iw9_p56_ar_malima_gripvert
0E4AF63FA43818D5,sat_sm_puma_animpackage
0E5985C9202081A3,jup_p01_sm_coscar635_animpackage_selectsemi_on
0E5AFAD986CC5961,iw9_p04_sh_vecho_animpackage_ubsh
0E66A30D31DE1D3C,jup_p02_ar_bromeo805_animpackage_gripvert
0E9EDED98705F699,iw9_p04_sh_vecho_animpackage_ubgl
0EC3DA77EA45E7AD,sat_lm_hades_animpackage_gripang
0EC453560DD7BF66,iw9_p01_ar_mike4_animpackage_barmidhvy_gripang
0EDAA8288E1EBD6D,sat_sm_puma_animpackage_gripvert
0EDE5B911394101C,jup_jp22_la_dromeo_animpackage_amp
0EDF69B29E20FFF7,jup_p08_ar_qbravo97_animpackage_ubch_chain
0F23134E7D181F6B,sat_sm_hyena_animpackage_gripvert
0F374D3A70D49032,sat_sm_bear_animpackage_fast_556
0F401D084E51B9A1,jup_jp22_la_dromeo_animpackage
0F4903EF99FD86FE,t10_sn_p24_love96_animpackage
0F5FEA66A1DFAC48,t10_sm_p06_sroger3_animpackage_fast02
0F5FED66A1DFB161,t10_sm_p06_sroger3_animpackage_fast01
0F60980007000693,sat_ar_falcon_animpackage_fast2
0F6167DF56D8C29F,t10_sm_p57_mpug40_animpackage_hybrid01
0F6396B24BF05EE0,iw9_p07_sm_papa90_animpackage_hybrid01
0F6398B24BF06246,iw9_p07_sm_papa90_animpackage_hybrid03
0F7B201EE005539C,jup_p03_br_aromeo200_animpackage
0F85E6912C255898,jup_p02_ar_bromeo2m_animpackage_ubgl_launcher
0FC964FD9EC1A013,iw9_p11_sm_uzulu_animpackage_32rnd
0FC979D65D51F37F,t10_ar_p05_rmary2_animpackage_barhcal
0FCE508CDF0CD831,iw9_p02_sm_mpapa5_animpackage_sdelta_selectsemi_off
0FD12CD78EA40B55,jup_p08_ar_qbravo97_animpackage_60rnd
0FDF5F98BCCEAE70,jup_p37_dm_kappa98_animpackage_gripang
0FF9D6273B63B94C,jup_p19_br_acharlie450_animpackage_xxlmag
0FFB26EA9EFA5CF4,t10_sm_p02_geasy9_animpackage
1007648512ECF6D6,sat_ar_egret_bp_s4blkd
1007668512ECFA3C,sat_ar_egret_bp_s4blkb
1007678512ECFBEF,sat_ar_egret_bp_s4blkc
1010D727B443427C,jup_p14_pi_rsierra12_animpackage_gripstop
1019E9B24ABBEB2D,sat_ar_hawk_animpackage_selectsemi_on
103286C71FADD4F7,t10_p12_pi_paris30_animpackage_akimbo_l
10328CC71FADDF29,t10_p12_pi_paris30_animpackage_akimbo_r
1033EB772C491F0F,iw9_p37_lm_dblmg_animpackage
104B9BDFBEAE8DB0,iw9_p10_sm_victor_default_animpackage
105844532B93A1B5,jup_p20_lm_evictor_animpackage_50rnd
106A96C1F300CC6B,t10_ar_p02_aking74_animpackage_bp_fighter
1077F006001C9D60,sat_lm_hades_animpackage_ext02
1077F306001CA279,sat_lm_hades_animpackage_ext01
10908342EB5B8ADD,jup_p01_lm_mgolf36_animpackage_selectsemi_on
10CC34AF4F4EA224,jup_cp05_lm_halpha_animpackage_gripvertpro
10D17E6D227514C9,jup_p32_pi_mpapa9_animpackage_gripvert_smag
10D65C73705C8904,iw9_p04_sm_aviktor_animpackage_gripvert_barlight
10E9123FF81D8776,t10_sm_p21_pparis90_animpackage_ext01
10F9B690F7596173,sat_sm_orca_animpackage_hybrid01
11018396294FAEB6,iw9_p15_lm_mkilo3_default_animpackage
110BB31F80147AA8,jup_p40_br_hcharlie36_animpackage_selectsemi_off
11157D2F5B452150,sat_lm_zeus_animpackage_fast01
11326E40B3D28331,t10_sm_p02_geasy9_animpackage_selectsemi_on
1157B5100CE8AEAB,sat_sm_orca_default_animpackage
115E6568416B854F,t10_p12_pi_paris30_animpackage_optics
116582AF11D41CBB,t10_sh_p27_jhavana_animpackage_hybrid01
117F7E686E5A09BB,iw9_p24_pi_golf18_animpackage_selectsemi_on
118EED4BECCA097D,t10_me_p30_cleaver_default_animpackage
119DE210FB70BAA7,t10_lm_p01_aroger10_animpackage_barhcal02
11B599AD6F6F7D2D,jup_p05_ar_foxtrot2000_animpackage_selectsemi_off
11B88CB982EB2788,iw9_p01_ar_mike4_animpackage_barshort
11E0C43F6190328F,iw9_p18_br_soscar14_animpackage_xmag
11EB342F12D1F70C,t10_ar_p34_tbaker_animpackage_selectsemi_on
11EE97EE30E4D2FE,jup_p02_br_bromeo2_default_animpackage
11F68FE9D9BF815B,t10_ar_p02_aking74_animpackage_ubgl
1204964719ADD44D,jup_cp01_sh_aromeo410_animpackage_ubsh_shotgun
12171E1AA88E93CF,sat_sn_baltic_animpackage_gripmix2
12171F1AA88E9582,sat_sn_baltic_animpackage_gripmix1
1219663EBE499198,iw9_p05_ar_scharlie_semiselect_off
1219A54B95E06055,iw9_p21_sn_mromeo_hybrid03_animpackage
123AE22652B2FAB6,iw9_p52_ar_helima_animpackage_ubgl_launcher
124A046437F18B7F,sat_sm_hyena_animpackage_barlong
124ADF3FDD7E7C05,sat_sh_husky_default_animpackage
12569C0B5FC0F52A,t10_me_fists_animpackage
125BAA3D51BE48B0,jup_jp04_sm_lwhiskey_animpackage
126F1C3CDAA78B56,sat_sm_bengal_bp_s5blkd
126F1E3CDAA78EBC,sat_sm_bengal_bp_s5blkb
126F1F3CDAA7906F,sat_sm_bengal_bp_s5blkc
1270BC675BC184BB,sat_sn_baltic_animpackage_gripsway
127A0AF0AB387C50,iw9_p42_ar_ngsierra_animpackage_gripvert
127D6A93129260C5,jup_p01_ar_golf36_animpackage_ubsh_shotgun
12822618F93020A0,iw9_p02_ar_golf3_animpackage_gripvertshort
128AA4BA89F17B7A,sat_sm_bengal_animpackage_barvelocity
128CB46BFF916285,jup_p38_sh_spapa12_animpackage_gripvert_selectsemi
129DAB523D7765E0,iw9_p01_lm_foxtrot_default_animpackage
12A90F96A846DB2A,iw9_p55_pi_mike2011_animpackage_akimbo_r_xmaglrg_barcomp
12CF7D1B14AA8B15,jup_jp04_sm_lwhiskey_animpackage_drum
12D34B383CAC69FF,t10_sm_p12_roger31_animpackage_barhical2
12D417D899189D48,jup_p08_ar_qbravo97_animpackage_gripvertshort
12E68DEF229CBA4C,sat_ar_vulture_animpackage_gripvert
12F0D7FC36FC3C27,jup_p01_sm_pcharlie9_animpackage_barsil_short
12F56FEF54540DCA,jup_p02_sm_scharlie3_animpackage_gripvert_v104
13009944F82C7F2B,sat_ar_heron_animpackage_ext02
13009A44F82C80DE,sat_ar_heron_animpackage_ext01
13088E42BE152B58,t10_sm_p57_mpug40_animpackage_bp_braing
130FB349F4BC870C,jup_p34_ar_balpha27_animpackage_gripang
131BD270B33FE2AD,t10_dm_p50_erie_animpackage_fast01
131C3906D3F7B694,sat_ar_falcon_animpackage_hybrid01
132429B2F28DCB48,sat_ar_eagle_animpackage_fast02
13242CB2F28DD061,sat_ar_eagle_animpackage_fast01
1335E4CBA88E3F7C,jup_p02_ar_bromeo2m_animpackage_xmag
1351AF2E7FF3E0FE,iw9_p01_ar_mike4_animpackage_ubgl_launcher
13526F61F221E71D,sat_ar_egret_animpackage_selectsemi_on
135910684778D688,t10_ar_p01_coslo723_animpackage_fast01
135912684778D9EE,t10_ar_p01_coslo723_animpackage_fast03
135913684778DBA1,t10_ar_p01_coslo723_animpackage_fast02
1375AA1578795C99,sat_sm_gecko_animpackage_hybrid01
138FF59AE5A3B420,t10_ar_p34_tbaker_animpackage_bp_larpers
1392FDE5D198F173,iw9_p11_sm_uzulu_animpackage_gripvert_custom
1398895CD22DCADE,iw9_vm_killstreak_tablet_map_animpackage
139A1759D524F69D,sat_lm_zeus_default_animpackage_akimbo_l
139A1959D524FA03,sat_lm_zeus_default_animpackage_akimbo_r
13BB32E19C340F45,jup_p24_pi_glima21_animpackage_drum
13C9463D450D3B84,jup_p16_sh_recho870_animpackage_pstl
13E1582BDEA62DD1,iw9_p25_pi_dechoauto_akimbo_r_default_animpackage
13E861FC98500942,offhand_2h_semtex_animpackage
13F972D905E862C5,misc_vm_armor_plate
14037B9A1A2CC0AB,jup_p13_sn_svictor_animpackage_xmag
141057A1C601A11E,t10_sh_p10_moslo500_animpackage_gripang
1429066C35520B10,t10_ar_p01_coslo723_animpackage_barmix
1430734B3BB3723D,sat_lm_hades_animpackage_beltfed
1430AA0C8CEA0A74,t10_sm_p04_chuck9_animpackage_ext01
1430AD0C8CEA0F8D,t10_sm_p04_chuck9_animpackage_ext02
14555F8F02EAE883,sat_sm_otter_animpackage_flipmag
145ABE5BDBF21785,sat_pi_atlas_animpackage_akimbo_r
145AD05BDBF2361B,sat_pi_atlas_animpackage_akimbo_l
145B4755FF8F370B,t10_sl_p44_napa_animpackage
14749FC0E11AFF09,t10_ar_p47_gilroy_animpackage_gripvert01
1479D125781CCBB6,jup_cp05_lm_halpha_animpackage_semiselect_off
148224061B3FCA32,iw9_p01_dm_msecho_animpackage_optics
14AD7CE30410A427,iw9_p27_pi_papa220_animpackage_akimbo_r_carry
14B1FBFB7692E233,sat_sn_aden_animpackage_hybrid01
14B89A877BC1F521,jup_p16_sh_recho870_animpackage_gripvertpro
14C5588DAA46133D,iw9_p01_ar_mike4_animpackage_selectsemi_off
14C6EB88B9F52C85,jup_jp04_sm_umike45_animpackage_selectsemi_on
14CBE46C275B2C0A,sat_sm_bear_animpackage
14DD42948CE8659E,sat_dm_scotia_animpackage_barfullauto
14F49D95A144B7F0,t10_sm_p06_sroger3_animpackage_selectsemi_off
14F58A427F89B957,t10_sm_p12_roger31_animpackage_barrange
1505E3BBDED11B7B,sat_streak_sniper_suitcase_animpackage
1508284396662480,sat_pi_orion_animpackage_xlrg
150982D7FFAA46A1,t10_ar_p23_love85_animpackage_ubgl_launcher
1521D649DBCEA1FE,iw9_p08_sm_mpapax_animpackage_gripang_barshort
152E5DFE3E324F53,iw9_p27_pi_papa220_animpackage_xmaglrg
153DBDDB92863BFE,iw9_p04_sm_aviktor_animpackage_barlight
1541DF6A87CCDA4D,iw9_p15_lm_mkilo3_animpackage_smag
15497FBD2F3FDB30,t10_sn_p46_hugo_animpackage_fast01
154982BD2F3FE049,t10_sn_p46_hugo_animpackage_fast02
1550121A66E06875,iw9_p18_dm_mike14_animpackage_hunterstock_r
155225E618ECB73E,sat_sh_corso_animpackage_lever_mag
156791812012C232,sat_ar_egret_default_animpackage
1574FCD9832862CC,iw9_p22_sn_limax_hybrid03_animpackage
1589828670AE1679,t10_me_p31_drill_default_animpackage
1589D924CED85994,jup_p23_me_spear_default_animpackage
1592787382E7A93F,iw9_p24_pi_golf18_animpackage_selectsemi_off
159522EEBB9BAF3E,t10_pi_p14_stiger_animpackage_fast01
159BD955898ABC51,sat_dm_scotia_bp_s1blk
15B9C18C4C452F08,iw9_p54_sn_walpha_xmaglrg_animpackage
15C992CF63CB9AFE,jup_p25_ar_talpha95_animpackage_gripvertshort
15CA74322A25586C,t10_sm_p52_lisbon_animpackage_ext02
15CA77322A255D85,t10_sm_p52_lisbon_animpackage_ext01
15D1602B07247985,sat_ar_falcon_animpackage_selectsemi_off
15F3342651E9FDED,iw9_p12_sh_mike1014_animpackage_guardlgt_gripvertshort
16012DD86DB4AD77,iw9_p10_sm_victor_animpackage_smag
1609BC5E2F5F2181,offhand_2h_bunker_buster_animpackage
160D9CA151E35135,jup_p44_ar_stango44_animpackage_ubgl_launcher
1618EF81FA5A4608,sat_sn_coral_animpackage_fast01
163C12B478603695,t10_sh_p10_moslo500_animpackage_barrecoil
163FCF3CE62D68C8,sat_ar_macaw_animpackage
164A0FC32713D5E4,iw9_p02_ar_golf3_animpackage
1650EB84DD3E333E,iw9_p05_ar_schotel_gripmagwell
1651DF2EDAB8448F,jup_p36_ar_anovember94_animpackage_bipod
165D59962DD6003D,sat_ar_kite_animpackage_gripang
16925AF766106495,sat_me_ballistic_knife_default_animpackage
16A017BE234041CF,t10_me_p36_skateboard_animpackage
16BE16B7934CED8F,iw9_p20_dm_mike24_animpackage_laser
16CA99A7AD57BD92,iw9_p52_ar_helima_xmag
16DA5AAF4D58D95C,jup_p06_lm_pkilob_animpackage_gripside
16DF8F12B86760D3,sat_sh_shepherd_bp_buzzkill
16FB8BAA409DE571,iw9_vm_killstreak_tablet_default_animpackage
170492EA3E517390,iw9_p02_dm_pgolf1_animpackage
1705BD2D119326B9,t10_sn_p09_droger_animpackage
1715CB4040F15D34,t10_sm_p41_perth_animpackage_fast01
1715CE4040F1624D,t10_sm_p41_perth_animpackage_fast02
1720ACCE3AFA4CAE,t10_lm_p33_uxray_animpackage
172809A0BA81A06F,t10_ar_p05_fable_animpackage_gripvert01
173B95E895D0BB7C,jup_p10_sn_cdelta50_default_animpackage
1747F4F2D0FB8A57,sat_sn_aden_animpackage_fastmag
174CAFB8D66DBE8F,jup_p17_sn_hsierra_animpackage_hybrid03
174CB1B8D66DC1F5,jup_p17_sn_hsierra_animpackage_hybrid01
175273CDA706FC59,iw9_p02_ar_golf3_animpackage_semiselect_on
175A5B72D7EAF2F3,t10_ar_p47_gilroy_animpackage_ub_crossbow
175F03E763EDEF66,iw9_p42_ar_ngsierra_animpackage_ubsh_shotgun
176403A5ECB989AB,iw9_p01_ar_mike16_animpackage_gripvert
17641502509C9B2D,iw9_p42_ar_ngsierra_animpackage_xmag_ubsh
177BDE4A52B5C5A8,sat_sm_marmot_animpackage_fast01
1780335782FACBBE,jup_p12_pi_romeo93_animpackage_gripvert
178608214A6DA3DF,iw9_p09_sm_mpapa7_animpackage_gripvert
178D110250BF9975,iw9_p42_ar_ngsierra_animpackage_xmag_ubgl
178D9D5E4865A2BF,sat_ar_albatross_animpackage_barheavy
17901BB0E272A6DA,offhand_2h_cyber_emp_plant_default_animpackage
1792B1D7B7C5BDAF,iw9_p18_br_soscar14_animpackage_gripvert
179CB35120BD782F,jup_p06_lm_pkilop_animpackage_200rnd
179F142AFDD295E1,iw9_p04_ar_akilo105_default_animpackage
17CBBF89A6C82690,sat_sh_shepherd_animpackage_ext02
17CBC289A6C82BA9,sat_sh_shepherd_animpackage_ext01
17D874F4FD3A23E9,sat_ar_hawk_animpackage_selectsemi_off
17DED65A581B2A15,iw8_me_soscar_knife_off_animpackage
17E63FAB8B2F8DA8,iw9_p55_pi_mike2011_animpackage_xmag_barcomp
17F289244E406E78,jup_p35_sn_moscar_animpackage_gripvert
17F45A8A8EB48A96,iw9_p16_lm_slima_animpackage
17FB013C3517DEBE,jup_p07_sm_uzulup_animpackage
18039516278DE9DF,jup_p24_pi_glima21_bar_convert_animpackage_xmaglrg
1808DA9FB5FC90B3,iw8_ar_mike4_animpackage_carry_hostage
181DA8889B678E94,t10_ar_p49_fresno_animpackage_gripang
183FDC52BC7BB370,jup_p01_dm_slima8_animpackage_gripvert
1846A967E01EEB6D,t10_sh_p25_uncle12_animpackage_ub_crossbow
184D4CA4423DDA9A,t10_pi_p14_stiger_animpackage
1853D7E72916335E,iw9_p04_sh_vecho_animpackage_gripvert
186114400B9797B8,sat_dm_scotia_animpackage_fastmag
186AE54A698C0163,jup_p12_pi_mike93_animpackage_optics
186F32D4545D2E68,iw9_p02_ar_kilo53_drums
187F4F75ABD40B42,t10_ar_p45_kent_animpackage_fast01
188F230882B3D854,sat_sn_baltic_default_animpackage
18A828C9CCF1C45C,iw9_p04_sm_beta_animpackage_hybrid03
18A82AC9CCF1C7C2,iw9_p04_sm_beta_animpackage_hybrid01
18C73F023C7E7F49,t10_ar_p54_aspen_animpackage_bp_combo
18CC57E12FC4E1C8,jup_p02_sm_scharlie3_animpackage
18FD5DC8780CDD0E,t10_ar_p45_kent_animpackage_bp_roller
191B0D078CAC3EAC,t10_sm_p06_sroger3_animpackage_bp_bong_basemag
191F02DF571B8279,iw9_p21_sn_mromeo_xmags_scope_animpackage
1921D86202784E5E,t10_ar_p02_aking74_animpackage
192677F283B3EFFC,t10_sl_p29_goslo_animpackage_fast01
192A064BCAEA8D4A,sat_ar_condor_animpackage_ubgl_launcher
1966F351724FD158,jup_p16_sh_recho870_animpackage_pstl_gripergo
197B965BBF92C7D8,sat_sn_drake_bp_vault
197D682F33534FBB,iw9_p42_ar_ngsierra_animpackage_selectsemi_off
199D29B078F5D4FB,sat_ar_heron_animpackage_ubgl_launcher
199EC9D622E23B21,jup_p36_ar_anovember94_animpackage_smag
19A1F2A71242F0A5,jup_p08_ar_qbravo95_animpackage_gripang
19A3025571613588,jup_p16_sh_recho870_animpackage_hybrid01
19A30455716138EE,jup_p16_sh_recho870_animpackage_hybrid03
19B45EC362F60BE5,offhand_2h_tac_insert_flare_animpackage
19D277E35DFA5E1C,sat_sm_hyena_animpackage_akimbo_l_ext02
19D27AE35DFA6335,sat_sm_hyena_animpackage_akimbo_l_ext01
19DBA34EA3DE419C,iw9_p52_ar_helima_animpackage
19DC476F75B7A898,t10_ar_p02_aking74_animpackage_gripvert
19E457A955A9A383,t10_ar_p22_able18_animpackage_gripang
19FEB7E760251B0A,jup_jp04_sm_umike45_default_animpackage
19FEC8FC76B92AD0,jup_p08_lm_qbravo95lsw_animpackage_100rnd
19FF3BA8F05C699C,misc_vm_laser_pointer
1A33DA5EC54F1AFB,t10_sm_p43_schuck_animpackage_gripang
1A3B40E2C1C88BFD,iw9_p01_ar_mike16_default_animpackage
1A48966A3F7BBBE6,iw9_p16_lm_slima_animpackage_swordhum
1A4FC131B807F5EF,iw9_p02_sm_mpapa5_animpackage_gripang
1A4FE1EB096C1E58,iw9_p57_me_kamas_l_default_animpackage
1A5A6C347A1ECDB4,sat_ar_condor_animpackage_fast01
1A5A6F347A1ED2CD,sat_ar_condor_animpackage_fast02
1A5EC06B1F0EBC87,sat_sm_cobra_animpackage_hybrid01
1A6333C26FC39A7C,jup_p06_lm_pkilop_animpackage_200rnd_grip
1A6D45690E3B2ED3,jup_p32_pi_mpapa9_animpackage_akimbo_r
1A6D63690E3B61CD,jup_p32_pi_mpapa9_animpackage_akimbo_l
1A72FA8C93338B2D,jup_p19_dm_acharlied_animpackage_smag
1A8266EEE6B232A7,iw9_p53_sn_india_barlgt_animpackage
1A8F307A35B4A8CE,sat_sn_caspian_animpackage_xlrg
1A8F33D31903185A,sat_sm_cobra_bp_soupedup
1AD4D53A3A64D4B6,sat_pi_orion_animpackage_xlrg_smg
1AD72A912EF73927,t10_pi_p14_stiger_akimbo_l_default_animpackage
1B15E7150CED51A8,t10_lm_p07_ksugar58_default_animpackage
1B19BEB1AE41BAD9,t10_ar_p45_kent_animpackage_ub_crossbow
1B1F985D77312927,iw9_p02_lm_kilo21_animpackage_xmag_gripside
1B2D213464286622,iw9_p04_ar_akilo74_animpackage
1B47505233EAA1D9,iw9_p13_sh_mviktor_animpackage_grippstl
1B4A963E8B9E2ADB,iw9_p20_dm_sa700_animpackage_bipod
1B55A126D404562F,iw9_p13_sh_mbravo_animpackage_bolthvy
1B56CBA3304C14C4,iw9_p13_sh_mbravo_animpackage_grippstl
1B760599043015B3,jup_p09_sh_oromeo12_animpackage_mag_5_12g
1B7AF5732E06914F,iw9_p08_sm_mpapax_animpackage_barshort
1B881FCBE92E79D1,jup_vm_cp04_ar_akilo_bolt_action_30rnd_animpackage
1B94A17AA4F5E00C,sat_dm_samar_animpackage_ext01
1B94A47AA4F5E525,sat_dm_samar_animpackage_ext02
1BA9419AD9869FA5,jup_p03_br_aromeo200_animpackage_selectsemi_off
1BC7A2DE801819C8,jup_p13_sn_svictor_animpackage_gripang
1BCEB5A5FAD72A27,t10_sm_p02_geasy9_animpackage_gripang
1BD0137D0448D1ED,t10_dm_p02_aeasy_animpackage_selectsemi_on
1BD99B6938734EA8,t10_sm_p03_safox_animpackage_fast01
1BD99E69387353C1,t10_sm_p03_safox_animpackage_fast02
1BDA91FA55FD36C4,t10_sm_p06_sroger3_animpackage_gripang
1BF8117454B16D2B,jup_p01_sm_coscar635_animpackage_20rd
1C122B8644D3D12A,t10_sm_p43_schuck_animpackage_gripvert
1C1A5015FF489024,iw9_p55_pi_mike2011_animpackage_akimbo_l
1C1A5615FF489A56,iw9_p55_pi_mike2011_animpackage_akimbo_r
1C1BB20A10223BF0,t10_lm_p53_mesa_animpackage_ext01
1C1BB50A10224109,t10_lm_p53_mesa_animpackage_ext02
1C1CF9E11833098F,sat_pi_alcor_animpackage_ext01
1C1CFAE118330B42,sat_pi_alcor_animpackage_ext02
1C21FE6FA33A5664,t10_sl_p35_blauncher_animpackage_ubcrossbar
1C3A2387E29D90F6,jup_p23_me_swhiskey_animpackage_v5019
1C3CE3613905932C,jup_p44_ar_stango44_animpackage_gripang
1C4ACFBCCB5C9935,jup_p28_lm_rpapa20_animpackage
1C599E0F1A8F5CDE,sat_sn_coral_bp_paintb
1C6E5FFEA819BB84,iw9_p03_ar_augolf_default_animpackage
1C6F285C13C37AA2,jup_p17_sn_hsierra_animpackage_boltlgt
1C6FD48E2BEBA772,t10_ar_p05_rmary2_animpackage_ubcrossbow_bow
1C7947B72D93E35D,jup_p16_sh_recho870_animpackage_pstl_gripvertpro
1C7D3DF917896074,iw9_p31_la_kgolf_default_animpackage
1C806A37DBAC5F6D,jup_p24_pi_glima21_bar_convert_animpackage_gripang
1C8A72B9547C3027,sat_lm_zeus_animpackage_gripang
1CB75514829EA108,iw9_p18_br_soscar14_animpackage_semiselect_off
1CB8CEA292CB4FCC,t10_ar_p45_kent_animpackage_ubgl_launcher
1CBBEA5DC37047C8,jup_p06_lm_pkilop_animpackage_75rnd_grip
1CD4E4612BF16F66,iw9_p02_lm_kilo21_animpackage_selectsemi_off_gripside
1CE10018D1E28E26,iw9_p02_sm_mpapa5_default_animpackage
1CE57B399EFCC62A,iw9_p04_ar_akilo_semiselect_off
1CE843032D35F709,sat_sm_bengal_animpackage_hybrid01
1CFFAE3B93EE5E39,t10_ar_p01_coslo723_animpackage_selectsemi_on
1D0C44019BA05AF3,t10_ar_p01_coslo723_animpackage_ext01
1D0C45019BA05CA6,t10_ar_p01_coslo723_animpackage_ext02
1D0C46019BA05E59,t10_ar_p01_coslo723_animpackage_ext03
1D240D49EE718F2C,sat_sn_baltic_animpackage_xlrg
1D3685571666F57F,sat_sl_atria_animpackage_barprestige
1D4D9EEED0FA1BE0,sat_ar_kite_default_animpackage
1D503A6F3ED233ED,sat_sn_baltic_animpackage_griprecoil
1D508AEF63A5CD99,sat_ar_falcon_animpackage_ubgl
1D56E510926547FC,sat_ar_condor_bp_vault
1D57E924A40E5A6B,t10_dm_p01_sroger25_animpackage_fast01
1D57EA24A40E5C1E,t10_dm_p01_sroger25_animpackage_fast02
1D57EB24A40E5DD1,t10_dm_p01_sroger25_animpackage_fast03
1D5D322A59F5D465,t10_ar_p45_kent_animpackage_gripang
1D631064DBB87160,t10_ar_p23_love85_animpackage_gripang
1D6D75A00482FA5E,sat_ar_falcon_animpackage_gripvert
1D7916805A0F52B5,sat_me_knife_default_animpackage
1DA682B12F775BE8,sat_pi_orion_animpackage_large_smg
1DA753A650847E79,jup_p06_lm_pkilop_animpackage_selectsemi_off
1DBE3DAC70365F52,t10_sm_p04_chuck9_animpackage_selectsemi_on
1DD637F9265AA0BE,iw9_p02_ar_golf3_animpackage_ubgl_launcher
1DE11E0AA474DE12,sat_lm_hildr_animpackage_gripvert
1DE26B0F10AD2063,sat_lm_hildr_animpackage_gripang
1DE5EB3EB2F7413D,sat_ar_egret_animpackage_flipmag
1DEFEB3F7529D9E4,sat_ar_hawk_animpackage_barmed
1DF2B74CFFEFC9FC,iw9_p04_lm_rkilo_hybrid01
1DF2B94CFFEFCD62,iw9_p04_lm_rkilo_hybrid03
1DFF50489C11E0FB,jup_p08_ar_qbravo95_animpackage_20rnd
1E0560CC3FC77C79,t10_sm_p06_sroger3_animpackage_bp_bong_ext02
1E06C36B38F922D4,jup_p05_ar_foxtrot2000_animpackage
1E0BE4C7D76AC74B,t10_sl_p29_goslo_animpackage_maskbank
1E4FC1F312179A98,jup_p20_lm_evictor_animpackage_grip_v4009
1E7A09713D98FBD2,sat_sm_otter_animpackage_hybrid01
1E7CB30B66CDA961,jup_p08_ar_qbravo95_animpackage_bar_short
1E7E91FE3C3122A4,t10_sm_p28_saug_default_animpackage
1E7FAF67038D8B27,jup_p02_ar_bromeo805_animpackage_selectsemi_off
1E8F9942E3839ADA,sat_dm_scotia_animpackage_barshort
1E91F07394CA4544,jup_p02_ar_bromeo2m_animpackage_hybrid03
1E91F27394CA48AA,jup_p02_ar_bromeo2m_animpackage_hybrid01
1E9EEE5E9A2288DC,jup_p40_br_hcharlie36_animpackage_ubgl
1E9FDC21F0168C15,jup_p17_sn_hsierra_default_animpackage
1EA1B64E35B4BE11,t10_p19_zmb_rable_animpackage
1EA1C8C914D949A1,sat_sm_mammoth_animpackage
1EA2D45E9A264585,jup_p40_br_hcharlie36_animpackage_ubfl
1EACD25E9A2E96A4,jup_p40_br_hcharlie36_animpackage_ubch
1EAEEC29B6B96407,iw9_p08_sm_mpapax_animpackage_gripvert_barshort
1EB0602C171C41DC,t10_sn_p26_mary82_default_animpackage
1EB5ED75A4DB09BE,iw9_p06_ar_falpha_gl_launcher
1EB94472636587CC,sat_pi_alcor_animpackage_akimbo_r_optics
1ED45CDA7E2C0AB8,sat_me_maru_default_animpackage_akimbo_r
1ED46ADA7E2C2282,sat_me_maru_default_animpackage_akimbo_l
1EDA3DFE50619348,iw9_p23_sn_alpha50_xmaglrg_animpackage
1EDB4F7EBA351CB7,t10_dm_p09_svalor_animpackage_barsway
1EDE96AE759F0FC7,sat_ar_condor_animpackage_barrange
1EE2F25E9A5C5C74,jup_p40_br_hcharlie36_animpackage_ubsh
1EE8AAEE7AE99836,iw9_p04_ar_akilo_smag
1EF55C6EFCD4A705,jup_p08_br_xmike5_animpackage
1EF9A7992F943C77,sat_sm_gecko_animpackage
1F0373BC47B76F09,sat_sm_bengal_animpackage_barmix
1F0B89E3A0CAB893,sat_dm_samar_animpackage_gripvert
1F0BD1577637725B,iw9_p04_sm_aviktor_animpackage_gripang
1F209304D120B3A0,jup_p08_lm_qbravo95lsw_animpackage
1F2EA41A659993E5,iw9_p19_dm_sbeta_mp_package_lever_light
1F3A8966EFF72B9F,t10_ar_p22_able18_animpackage_ub_crossbow
1F421E61A7AECB4D,jup_p28_lm_rpapa20_animpackage_gripvertshort
1F4DB3B6F21E02FC,iw9_p17_lm_ngolf7_animpackage_hybrid01_gripside
1F666B36E3BFA7D4,iw9_p02_ar_kilo53_gripvert
1F7E88FDCC55EB18,t10_sn_p09_droger_animpackage_mixunder2
1FA6F328546280EF,jup_p08_br_xmike5_animpackage_ubgl_launcher
1FA7C03D40021ADF,t10_sh_p10_moslo500_animpackage_hybrid01
1FA81C7809E0EC7F,t10_sh_p10_moslo500_animpackage_quickpump
1FB0B31AC1D5F687,jup_p01_ar_golf36_animpackage_hybrid03
1FB0B51AC1D5F9ED,jup_p01_ar_golf36_animpackage_hybrid01
1FD31CEBA9C52E85,iw9_p07_sm_papa90_animpackage_gripang_barxlong
1FE0C85C8E5864F7,iw9_p08_ar_mcharlie_animpackage_selectsemi_off
1FE7FA7C233A7FBC,iw9_p05_ar_schotel_default_animpackage
1FECAF5C138B0A10,t10_pi_p14_mable_animpackage_skull_ext01
1FFD00C32AC1A3A9,iw9_p04_ar_akilo_barhvy_gripvertpro
20050B2223837A44,sat_ar_macaw_animpackage_fast01
20050E2223837F5D,sat_ar_macaw_animpackage_fast02
200F3C5DF32157BC,t10_sm_p52_lisbon_animpackage_bp_lightgod
200F8FB2EB73296E,iw9_p12_sh_mike1014_animpackage_tube5
2014D261ADB0CDC8,t10_ar_p47_gilroy_animpackage_barmix
2024A084D33AD3AC,sat_sh_husky_animpackage_smag
20264B58B8FF7B25,iw9_p56_ar_malima_bipod_barhvy
20344C83FA2C30DF,sat_sm_cobra_default_animpackage
2035DC3E74BB7998,jup_p08_ar_qbravo97_animpackage_ubfl_flame
2044BB4E8DC53BF8,jup_p25_ar_talpha95_animpackage_xxlmag
2056B082596D621C,jup_p02_ar_bromeo2m_animpackage_gripvert
2058F3AD381FE3ED,t10_sm_p57_mpug40_animpackage
205A64FDAEF5263D,jup_p02_dm_bromeop_animpackage_gripvertshort
207222D00F7B5346,t10_p12_pi_paris30_animpackage_akimbo_l_ext03
20784B30548CD830,t10_ar_p23_love85_animpackage_ub_crossbow
207C202234D43D46,iw9_p04_lm_rkilo_gripvert
208B5E2DAD1FEA3F,t10_sm_p41_perth_animpackage_helical
208FE52F5F1C0C4D,t10_ar_p06_asvalor_default_animpackage
20907C98FE38F79F,sat_sm_hyena_animpackage_akimbo_r_ext01
20907D98FE38F952,sat_sm_hyena_animpackage_akimbo_r_ext02
20911488FF6AC07A,jup_p02_br_bromeo2_animpackage_xmag
2097AE8BCD5092C3,jup_p44_ar_stango44_animpackage_hybrid03
2097B08BCD509629,jup_p44_ar_stango44_animpackage_hybrid01
209BC0CEE1D8726C,sat_sn_coral_animpackage
20A4AB53795A4382,iw9_p13_sh_mbravo_animpackage_stockno
20AE2818EC905EB9,t10_dm_p05_falove_animpackage_gripang01
20B3C3C3EC2AA9FE,iw9_p02_ar_golf3_default_animpackage
20BB3205A3EAAAEB,t10_ar_p56_milan_default_animpackage
20D0E9725BD070B7,jup_p02_br_bromeo2_animpackage_gripang
20E2321A8430D6C6,offhand_2h_frag_animpackage
20E438D8C0523D59,jup_p08_ar_qbravo97_animpackage_selectsemi_on
20F6BB77A00E71C0,sat_sh_shepherd_animpackage_gripvert
2102AEF5D1DBE599,sat_sm_hyena_animpackage_barshort
21266965947FE777,sat_ar_wren_bp_smind_ext01
213766A1996B9C63,jup_cp05_lm_halpha_animpackage_hybrid01
213768A1996B9FC9,jup_cp05_lm_halpha_animpackage_hybrid03
21518B13AC65CC7C,sat_ar_heron_bp_teddbus
2152CE84E6E29B47,jup_p02_dm_bromeop_animpackage_hybrid01
2152D084E6E29EAD,jup_p02_dm_bromeop_animpackage_hybrid03
215BFC121661CD41,jup_p40_br_hcharlie36_animpackage_ubsh_shotgun
215C1F11BC25BB09,iw8_sh_charlie725_animpackage_carry_hostage
216D2A564B637021,sat_sn_caspian_animpackage_short
216D3ED88DAAEBE0,iw9_p43_sm_acharlie45_animpackage_barmini
217BE25945CE7B8F,jup_cp01_sh_aromeo410_animpackage_10rnd
217C9D69F0D068BA,t10_sh_p25_uncle12_animpackage_hybrid01
217F1F8C187663E4,iw9_p42_ar_ngsierra_animpackage_ubgl_launcher
21818390CB2A4A52,t10_sn_p08_ultiger_animpackage_quickbolt
2190A3C80ABB3C37,iw9_p08_ar_mcbravo_animpackage_xmag
21956CEE3F1078C7,iw9_p05_dm_scromeo_xmaglrg
219C44E81516D550,iw9_p01_lm_foxtrot_animpackage_xmag
21CCA082652A00A9,iw9_p01_dm_msecho_animpackage_ubgl_launcher
21E0AD5201A9C41B,t10_lm_p02_puncle21_default_animpackage
21F2D13B6E6FCAFC,jup_p07_pi_uzulum_animpackage
21FFDC675CC3712C,jup_p08_ar_qbravo97_animpackage_ubsh_20rnd
22271F3149EEF3D2,sat_ar_finch_animpackage_barheavy
223A04D709DEB038,jup_p12_pi_romeo93_animpackage_gripvertshort
223E04FDE612EA71,sat_sm_otter_animpackage_gripang
224D4D547C491CAB,t10_ar_p54_aspen_animpackage_fast01
224D4E547C491E5E,t10_ar_p54_aspen_animpackage_fast02
227AF1C0FEA6FC43,iw9_p08_ar_mcharlie_animpackage_xmaglrg
22804BD1994449CC,iw9_p24_pi_golf17_animpackage_drum
2281493E7588EE9A,iw9_p04_sm_beta_animpackage_maggrip
22854ED168D66D73,sat_sn_coral_animpackage_ext01
22854FD168D66F26,sat_sn_coral_animpackage_ext02
22BC8250D7F4875E,iw9_p08_ar_mcbravo_animpackage_gripangshort
22C498D3015DDE6D,jup_p07_pi_uzulum_animpackage_stock_32rd
22C52C8366F6D414,sat_ar_vulture_default_animpackage
22CE696B193A1252,jup_p03_br_aromeo200_animpackage_xmag
22D162472C413941,iw9_p17_lm_ngolf7_animpackage_gripang
22D89EB8837CB67D,t10_ar_p05_rmary2_animpackage_barhcal02
22F941FF8461014F,t10_sm_p03_safox_animpackage_gripang
230633C49832AB20,sat_ar_kite_animpackage_gripvert
2314D3940A1781EB,jup_p35_sn_moscar_animpackage_bolt_light
2317BD02F9E38BF7,iw9_p03_ar_augolf_animpackage_ubgl
231E671E4FFE9755,iw9_p02_ar_kilo53_xmags
232A9902F0AD55E5,iw9_p01_dm_stango25_animpackage_xmag
234A030F4B3FE411,iw9_p02_ar_golf3_animpackage_bar_ar_short
234FF4DD4450AD2B,t10_ar_p45_kent_animpackage_bp_swolf
236C8F54EA083556,iw9_p08_ar_mcharlie_animpackage_gripvertshort
23770F2E5FEB56F3,t10_sm_p21_pparis90_animpackage_fast01
2377102E5FEB58A6,t10_sm_p21_pparis90_animpackage_fast02
2377112E5FEB5A59,t10_sm_p21_pparis90_animpackage_fast03
23789EBB631D1EA6,iw9_eq_stim_friendly_revive_animpackage
2383F9053C55085A,jup_p01_sm_coscar635_animpackage_barshort
238E680D6885D791,iw9_p16_lm_slima_animpackage_fireselect_on
23B873E4C2328CE5,jup_p12_pi_mike93_animpackage_akimbo_r
23B885E4C232AB7B,jup_p12_pi_mike93_animpackage_akimbo_l
23BB1F59D443BAD0,t10_la_p17_pable3_animpackage
23BD13695753BC8D,jup_p12_pi_mike93_animpackage_selectsemi_off
23C887911752DE95,t10_ar_p23_love85_animpackage_hybrid01
23D4C48A1DBC2C59,sat_pi_atlas_animpackage_stock
23EB3974E9A94B87,sat_sl_crossbow_default_animpackage
23EC1206565DD7D8,t10_ar_p02_aking74_animpackage_ext02
23EC1306565DD98B,t10_ar_p02_aking74_animpackage_ext03
23EC1506565DDCF1,t10_ar_p02_aking74_animpackage_ext01
241B7A9BE06843E8,jup_p07_sm_uzulup_animpackage_akimbo_l_v101
242FB99351450507,sat_lm_hildr_animpackage_ubcrossbar
243FBB8CE92F3FA1,t10_pi_p14_stiger_akimbo_r_default_animpackage
244B458C4DC28A94,t10_sm_p43_schuck_animpackage_fast01
244B488C4DC28FAD,t10_sm_p43_schuck_animpackage_fast02
2452DAE3A13926FA,iw9_p14_sh_charlie725_animpackage
245434D70543ADBC,t10_ar_p56_milan_animpackage_selectsemi_on
24598C14309A5308,iw9_p09_sm_mpapa7_animpackage_selectsemi_off
246063E29C7C1A5F,iw9_p03_ar_augolf_animpackage_semiselect_off
246DA04D2AAAA946,jup_p40_br_hcharlie36_animpackage_selectsemi_on
2470ECE0CFAF90A2,t10_ar_p05_fable_animpackage
24759BF492115742,jup_p44_ar_stango44_animpackage_ubch_chain
24775FFF47DE3E67,sat_ar_condor_animpackage_ext01
247760FF47DE401A,sat_ar_condor_animpackage_ext02
2480F283DCEE9C65,sat_ar_kiwi_animpackage_bp_sun
24940CDA2443C2ED,iw9_p13_sh_mviktor_default_animpackage
24AC3DFC41E57B5A,jup_p02_sm_scharlie3_default_animpackage
24CE050178C04AF9,iw8_mg_mobile_turret_animpackage
24D44C99176ACB86,sat_ar_eagle_animpackage_barhical
24EA5032EA869F55,jup_p35_sn_moscar_animpackage_gripang
24EB576876A4D821,t10_ar_p34_tbaker_animpackage_gripvert
25060260D81C18C2,t10_ar_p22_able18_animpackage_ubgl_launcher
251D1472E1EEE79F,iw9_p04_ar_akilo105_animpackage
251ECC7B0BE41F1E,t10_dm_p03_sgeorge550_default_animpackage
2528936FCD65A6F8,t10_ar_p49_fresno_animpackage_fast02
2528966FCD65AC11,t10_ar_p49_fresno_animpackage_fast01
252A2C157AD35A1F,t10_p12_pi_paris30_animpackage_ext01
252A2D157AD35BD2,t10_p12_pi_paris30_animpackage_ext02
252A2E157AD35D85,t10_p12_pi_paris30_animpackage_ext03
253EE53B4FE6CBAF,jup_p28_lm_rpapa20_default_animpackage
255AEDEAA97B695A,t10_sm_p03_safox_animpackage_barsil
255D5A2A648A72C6,iw9_p21_sn_mromeo_scope_animpackage
25705775440AF535,jup_p37_dm_kappa98_animpackage_sling
25723313ECA2EF39,t10_lm_p53_mesa_animpackage_barhcal
258403B8B901594A,sat_sm_orca_animpackage_ammo_spread
2588512A415D609A,jup_p24_pi_glima21_animpackage_stockskel
258B7636AD2FC12C,iw9_p14_sh_charlie725_animpackage_hybrid03
258B7836AD2FC492,iw9_p14_sh_charlie725_animpackage_hybrid01
259040B88DB015CF,iw9_p13_sh_mbravo_animpackage_barmini_grippstl
25A10B42267575D8,offhand_2h_trophy_system_animpackage
25A5EC542A1A3288,t10_me_p30_cleaver_animpackage_bp_mystery
25A7F2C78904FEA0,iw9_p53_sn_india_hybrid03_animpackage
25A895F52870EE34,t10_sm_p21_pparis90_animpackage_selectsemi_on
25BED33C20B51049,t10_sl_p35_blauncher_animpackage
25D0EC534D7EB1F9,iw9_p08_ar_mcharlie_animpackage_gripang
25D8BC8E5D26F5EB,jup_p25_ar_talpha95_animpackage_selectsemi_on
25E5109F9437F770,iw9_p22_sn_limax_default_animpackage
25E73844B62B3A1F,jup_p24_pi_glima21_bar_convert_animpackage_drum
25EB175384933711,t10_ar_p49_fresno_animpackage_hybrid01
25F2544621378ABC,iw9_p52_ar_helima_gripangcust
25F7794027E9ED76,iw9_p55_pi_mike2011_akimbo_l_default_animpackage
25FE92E248E01C8F,iw9_p47_me_sword01_r_animpackage_cq
2610F6D81A69EC81,iw9_p18_dm_mike14_default_animpackage
261EBBAFB7512AF9,jup_p24_pi_glima21_animpackage_xmaglrg
262E4BF852FAA000,jup_p09_sh_oromeo12_animpackage_hybrid01
262E4DF852FAA366,jup_p09_sh_oromeo12_animpackage_hybrid03
2644FFEB167FBBFC,t10_sm_p02_geasy9_animpackage_hybrid01
265A9CA3EE32F008,jup_p13_dm_svictork_animpackage_xmag
267DF78BAB6F597E,iw9_p14_sh_charlie725_animpackage_gripvertshort
2692CE49FFEEE1F7,iw9_p50_me_tonfa_default_animpackage
269B6AD8E81C650D,iw9_p04_ar_akilo74_lightshort
26A18CC445EC7DB1,iw9_p37_lm_dblmg_default_animpackage
26A9B41CE320712F,jup_p12_pi_mike93_animpackage_semi
26ACD80BE9C17852,sat_sm_komodo_bp_s3blkb
26ACD90BE9C17A05,sat_sm_komodo_bp_s3blkc
26BAACC449824DED,jup_jp04_sm_umike45_animpackage_drum
26C3D488ECE483F4,iw9_p06_ar_fecho_animpackage_gripvert
26DD4FFF91947968,jup_p03_br_aromeo200_animpackage_ubfl_flame
26F05060A6AF2E98,jup_p01_sm_pcharlie9_animpackage_gripvertshort
26FC0370F3BE5B68,t10_sm_p43_schuck_animpackage_hybrid01
26FE8F8B66E97AD5,sat_sm_marmot_animpackage_selectsemi_off
2717FF6674F0F81B,t10_sn_p46_hugo_animpackage_ext01
2718006674F0F9CE,t10_sn_p46_hugo_animpackage_ext02
271C19AABEF7C912,t10_sn_p26_mary82_animpackage_hybrid01
272E7B41BF95E678,sat_dm_solomon_animpackage
2731859C76FA85C5,t10_ar_p56_milan_animpackage_ub_crossbow_bow
2732BD3A2E552342,sat_ar_hawk_default_animpackage
274E68F5058A723B,t10_dm_p09_svalor_animpackage_barmix2
274E69F5058A73EE,t10_dm_p09_svalor_animpackage_barmix1
275324777E6846C4,t10_sh_p11_olove_animpackage
276C9516D7C91670,sat_ar_kiwi_animpackage_selectsemi_on
2773409200128F20,iw9_p19_dm_sbeta_animpackage_gripvert
2779560F381EB730,t10_sh_p10_moslo500_animpackage_stock
278036571D98C445,sat_sm_zebra_animpackage_drum
27825CB31F0F078C,t10_ar_p23_love85_animpackage_ext01
27825FB31F0F0CA5,t10_ar_p23_love85_animpackage_ext02
278A379572E4C2BE,t10_ar_p02_aking74_animpackage_ub_crossbow_bow
278C93D17CF21326,sat_ar_kite_animpackage_hybrid01
2799DBD107A931F2,iw9_p44_sh_tsierra12_animpackage_gripvertshort
279B9FC917A65862,sat_ar_egret_animpackage_gripvert
279FB43210191C03,t10_dm_p02_aeasy_animpackage_gripang
27A5DB6B016797A4,jup_p08_br_xmike5_animpackage_leveraction
27B0B98712C5BFFB,jup_p20_lm_evictor_animpackage_hybrid01
27B0BB8712C5C361,jup_p20_lm_evictor_animpackage_hybrid03
27B4151F60C57D31,sat_ar_hawk_bp_darkbook
27BD2EC14CFB17E0,iw9_p44_sh_tsierra12_default_animpackage
27D1900F517461B7,jup_p08_br_xmike5_animpackage_45rd
27E1E336F00ABB50,iw9_p42_ar_ngsierra_animpackage_hybrid03
27E1E536F00ABEB6,iw9_p42_ar_ngsierra_animpackage_hybrid01
27E5EA38FD0D5EFD,sat_ar_condor_animpackage_ubgl
27F45EC9207B9F06,sat_pi_orion_animpackage_gripvert_smg
27F76436DCBB4DAA,jup_jp04_sm_umike45_animpackage_gripang_optics
280AC67A83F871A4,sat_ar_hawk_animpackage_50cal
2816DE48E0251443,t10_sh_p25_uncle12_animpackage_fast02
2816DF48E02515F6,t10_sh_p25_uncle12_animpackage_fast01
2826F055450A2A8F,sat_ar_kiwi_animpackage_hybrid01
2831F572D0F54B95,iw9_p02_ar_golf3_animpackage_semiselect_off
28587402AE8572D6,t10_sm_p43_schuck_animpackage_bp_s4blk
285BC4F26A94FACC,iw9_p43_ar_acharlie300_animpackage
28671EB2FBED1C83,jup_p01_ar_golf36_animpackage
28698A5A51AB0B7D,iw9_p04_ar_akilo_laser
2876DA114B8133C8,iw9_p04_sh_vecho_animpackage_barrel_short
287BC8C5FC0775BD,iw9_p14_sh_charlie725_animpackage_scope
28811214DF32EFB7,sat_sm_komodo_animpackage_xlrg
289530321AF830F1,jup_p25_ar_talpha95_animpackage_ubch_chain
28B9F940EEA39728,t10_dm_p05_falove_animpackage_full_auto_ext01
28BC6480C89F190B,t10_ar_p56_milan_animpackage_fast01
28BC6580C89F1ABE,t10_ar_p56_milan_animpackage_fast02
28C6BA7A253FE99C,sat_sh_akita_animpackage_gripang
28CE68C04B642F46,t10_sm_p02_geasy9_animpackage_gripvert
28D97EF684C243F0,jup_cp01_sh_aromeo410_animpackage_ubsh
28E74DC7CD3FCCEE,jup_p12_pi_mike93_default_animpackage
28FD407E515D32EE,sat_lm_typhon_animpackage_hybrid01_beltfed
290F5EF684EF9D00,jup_cp01_sh_aromeo410_animpackage_ubch
2913341D5754A1FE,iw9_p20_dm_xmike2010_animpackage_boltl
2914AF98437D8E88,t10_lm_p33_uxray_animpackage_ext02
2914B298437D93A1,t10_lm_p33_uxray_animpackage_ext01
291D82F684FC1788,jup_cp01_sh_aromeo410_animpackage_ubgl
292068F684FE2131,jup_cp01_sh_aromeo410_animpackage_ubfl
292B5AC39DBD6458,iw9_p04_sh_vecho_animpackage_gripvertshort
2940F946AAC255A6,jup_p01_ar_golf36_animpackage_40rd
29526E9B66D4182F,t10_sl_p29_goslo_animpackage_ext01
2979B65B8182C90F,sat_sm_komodo_animpackage_gripvertshort
2988EA0205EBB71D,t10_ar_p04_clove_animpackage_ub_crossbow
29A0C5693783A606,iw9_p38_dm_crossbow_animpackage_gripvertshort
29AEBCC45BE49EA4,iw9_p04_ar_akilo74_stockno
29AFE3178BFDBBD2,t10_dm_p50_erie_animpackage_hammer
29B9A13ECCE762A6,iw9_p25_pi_decho_animpackage_akimbo_r
29B9BB3ECCE78ED4,iw9_p25_pi_decho_animpackage_akimbo_l
29D57FE3F044F68B,sat_lm_typhon_animpackage_gripvert
29D6F053EE0CB2B7,iw9_p02_lm_kilo21_animpackage
2A1BC042D9A8AA24,iw9_p43_sm_acharlie9_animpackage_selectsemi_on
2A2C94AEDB96C051,sat_sm_komodo_default_animpackage
2A3854C9B303E0C7,t10_sm_p28_saug_animpackage_selectsemi_off
2A3BAB00097592C0,jup_p25_ar_talpha95_animpackage_v201
2A3ED008FF605688,jup_p08_ar_qbravo97_animpackage_ubsh_60rnd
2A43B4205B024D92,iw9_p53_sn_india_animpackage
2A4FF762C2FBA703,t10_lm_p02_puncle21_animpackage_hybrid01
2A50947F47851681,sat_sm_otter_animpackage_extmag2
2A6280D1F5576625,t10_sl_p44_napa_default_animpackage
2A71EF7DAC2167A0,sat_ar_falcon_bp_apex
2A784A4FDFA1E477,t10_ar_p05_rmary2_animpackage_gripvert02
2A784B4FDFA1E62A,t10_ar_p05_rmary2_animpackage_gripvert01
2A789A3E9A1BE316,iw9_p02_ar_golf3_animpackage_gripvert
2A78CC8FB375DD05,t10_lm_p01_aroger10_animpackage_barhcal
2A79F08ECF78E9F7,t10_lm_p07_ksugar58_animpackage_gripang02
2A79F18ECF78EBAA,t10_lm_p07_ksugar58_animpackage_gripang01
2A7BA91E9B350D1B,iw9_p10_sm_victor_animpackage_selectsemi_off
2A7EA23EF935B2D7,offhand_2h_grenade_tracker_animpackage
2A7F9BE22F4F608A,sat_me_maru_animpackage_akimbo_r
2A7F9DE22F4F63F0,sat_me_maru_animpackage_akimbo_l
2A804238CE114743,iw9_p13_sh_mviktor_animpackage_stockno_grippstl
2A845E1950C9EE53,iw9_p12_sh_mike1014_animpackage_barhvy_gripvertshort
2A857A3AD2CD6DE0,sat_sm_zebra_animpackage
2A8608555A49FBF2,t10_sm_p52_lisbon_animpackage_hybrid01
2AAC3436AA7A3EC7,jup_vm_cp04_ar_akilo_bolt_action_gripvert
2AE28105BC7EFEB7,jup_p40_br_hcharlie36_animpackage_gripvertshort
2AF80936537F6B18,offhand_2h_molotov_animpackage
2B0FF7B74477B671,jup_p12_pi_mike93_animpackage_selectsemi_on
2B14AB11F5E9A285,jup_p02_dm_bromeop_animpackage
2B180FDCD6D1D72C,t10_sm_p12_roger31_animpackage_intforegrip
2B349D2A5F6973A0,iw9_p13_sh_mviktor_animpackage_bolthvy
2B3DBDA5F737A2C7,iw9_p24_pi_romeo18_animpackage_drum
2B5725F4DC901F1A,iw9_p08_sm_mpapax_animpackage_drum
2B61BC2401E0D799,jup_p20_lm_evictor_animpackage_gripvert
2B62A6F58050B17A,sat_ar_finch_animpackage_ubgl
2B738D059329E669,iw9_p38_dm_crossbow_animpackage_gripang
2B8546AD5F0A75CF,iw9_p04_ar_akilo74_smag
2B8B79153DF816BB,iw9_p01_dm_stango25_animpackage_hybrid01
2B8B7B153DF81A21,iw9_p01_dm_stango25_animpackage_hybrid03
2B8B89F8F8C7645F,iw9_p53_sn_india_boltlgt_animpackage
2BA96C482DE07BD6,jup_p09_sh_oromeo12_animpackage_drum_20_410
2BA9AC018ECFC05B,sat_pi_orion_animpackage_fast_smg
2BBDFCECA0D26B2C,jup_p02_br_bromeo2_animpackage_hybrid01
2BBDFEECA0D26E92,jup_p02_br_bromeo2_animpackage_hybrid03
2BC230A4BCDB0A0E,t10_ar_p47_gilroy_default_animpackage
2BD3A3B0B337437E,jup_p08_lm_qbravo95lsw_animpackage_gripside
2BDAFE2493FED9D8,jup_p01_ar_golf36_animpackage_gripang
2BEA7CEE5BC87DE0,iw9_p15_lm_mkilo3_animpackage_barshort
2BF67969F93BEABE,jup_cp05_lm_halpha_animpackage_75rnd
2BF769354472F52B,sat_dm_scotia_animpackage_flipmag
2BF99E9EE4D1F3C0,iw9_p19_dm_sbeta_animpackage_hybrid03
2C06CA6EB3AF930E,t10_ar_p47_gilroy_animpackage_ubgl_launcher
2C09CD5C527EC4F2,iw9_p05_ar_scharlie_ubgl_xmag
2C09EFF223A8DC25,jup_p40_br_hcharlie36_animpackage_ubgl_launcher
2C2A15FF62B42B3F,t10_dm_p05_falove_animpackage_ext02
2C2A16FF62B42CF2,t10_dm_p05_falove_animpackage_ext01
2C312A74846E2D87,jup_p07_sm_uzulup_animpackage_drum
2C5664B987A63D24,iw9_p01_ar_mike4_animpackage
2C5F888D7C36C8D8,t10_ar_p01_coslo723_animpackage_gripvert02
2C5F8B8D7C36CDF1,t10_ar_p01_coslo723_animpackage_gripvert01
2C692AF1F9779E36,sat_pi_alcor_animpackage_akimbo_l_optics
2C6D8D5A6BE34E44,iw9_p17_lm_ngolf7_animpackage_gripside
2C7664D864427E10,sat_lm_hades_default_animpackage
2C7A0BFA152B085F,iw9_p30_la_rpapa7_animpackage_hip
2C88E3FB22F58E96,t10_ar_p01_coslo723_animpackage_barhcal
2C8E7B3C7DD8FFD7,sat_dm_scotia_animpackage_ubgl
2C9421D5AE86CF8B,t10_pi_p14_mable_default_animpackage
2C96F5D2E3614A41,sat_ar_eagle_bp_s2blk
2CA09D3DA1C4DCC9,jup_p34_ar_balpha27_default_animpackage
2CBBFC37BF725C34,sat_sm_puma_animpackage_fast
2CC5B892F7275AF7,iw9_p09_sm_mpapa7_animpackage
2CC9106A4E9F57A4,iw9_p01_ar_mike4_animpackage_barhvy_gripang
2CDC42AF605A3DB6,iw9_p43_sm_acharlie45_animpackage_smag
2CE7D6CD34E7532B,jup_p01_ar_golf36_animpackage_gripvert
2CE95B816AAA96B4,iw9_p08_ar_mcharlie_animpackage_hybrid03
2CE95D816AAA9A1A,iw9_p08_ar_mcharlie_animpackage_hybrid01
2CF11DDE47EF2460,iw9_p04_sh_vecho_animpackage_drummag
2CFA93D2819CE78A,iw9_p16_lm_slima_animpackage_fireselect_off_grip
2D0F85F615EEE49E,sat_sn_drake_default_animpackage
2D0FC4F90F8252F8,jup_cp26_pi_swhiskey_animpackage_akimbo_r
2D0FD2F90F826AC2,jup_cp26_pi_swhiskey_animpackage_akimbo_l
2D18C4461A1D8BB5,iw9_p08_ar_mcbravo_animpackage_barshort
2D25673921223ED6,iw9_p05_ar_schotel_ubsh_shotgun
2D26DEEC89792961,t10_sm_p21_pparis90_animpackage
2D27A2428CA400DD,sat_dm_kara_animpackage_selectsemi_on
2D2903E1B8E48CF1,jup_p28_lm_rpapa20_animpackage_gripside
2D2F4803F125D4BE,jup_p25_ar_talpha95_animpackage_ubfl_flame
2D320C3B858E5404,iw9_p27_pi_papa220_default_animpackage
2D34E5041EC4C92B,iw9_p13_sh_mviktor_animpackage_xmag
2D3D8F6ED68F8CF4,iw9_p11_sm_uzulu_animpackage_gripang
2D46F798FF573138,iw9_p09_sm_mpapa7_animpackage_smag
2D4B87A93BD77DE4,iw9_p04_lm_rkilo_animpackage
2D54145AC0B9BDA3,t10_p42_pi_pyork_animpackage_optics
2D5BFF51E09C70E7,offhand_2h_extraction_balloon_animpackage
2D6B14A7F52B47B3,t10_ar_p56_milan_animpackage_hybrid01
2D6CF4AEA88641F2,iw9_p19_dm_sbeta_animpackage_gripvertshort
2D70AD26BB0329AC,iw9_p47_me_sword01_r_default_animpackage
2D758A0DB0117D97,t10_pi_p14_stiger_animpackage_akimbo_r
2D75900DB01187C9,t10_pi_p14_stiger_animpackage_akimbo_l
2D8039AA095902AF,t10_dm_p02_aeasy_animpackage_barrange
2D9374247B2BF9BA,iw9_p49_pi_tango9_animpackage_gripang_xdrum
2D9B062ABD3B0389,jup_p34_ar_balpha27_animpackage_v6007
2D9D46C9E7521567,sat_sm_bengal_animpackage
2D9F9C6BEB757F9A,misc_vm_oxygen_tank_default_animpackage
2DA36837799784F9,iw9_gunless_sp_animpackage
2DA7B499014DF270,jup_p01_dm_slima8_animpackage_hybrid03
2DA7B699014DF5D6,jup_p01_dm_slima8_animpackage_hybrid01
2DAEB3A1CD5EF06E,iw9_p03_sm_apapa_default_animpackage
2DBC490158E43D9B,iw9_p55_pi_mike2011_animpackage_akimbo_r_barcomp
2DBFDFCFFAF35539,sat_pi_alcor_animpackage_akimbo_r
2DBFF9CFFAF38167,sat_pi_alcor_animpackage_akimbo_l
2DC0DA3C3321BCF3,iw9_p21_sn_mromeo_smags_animpackage
2DD6F71C62927FF8,t10_p12_pi_paris30_animpackage_akimbo_r_ext03
2DEA01618249CBC7,iw9_p08_sm_mpapax_animpackage_gripvertshort_barshort
2DEA05C6DC0DE5DC,jup_p25_ar_talpha95_default_animpackage
2DF4802FF9209E6A,sat_ar_kiwi_animpackage_ubgl
2E17E21C898AA36F,iw9_p46_mg_bravo50_animpackage
2E1D189C481E2004,sat_sm_hyena_animpackage_barheavy
2E2B2892DEB00F2A,jup_p02_ar_bromeo805_animpackage_ubsh_shotgun
2E34ECE9120639B0,jup_p03_br_aromeo200_animpackage_ubsh_shotgun
2E35249A3DCEE87B,t10_pi_p14_mable_animpackage_ext02
2E35259A3DCEEA2E,t10_pi_p14_mable_animpackage_ext01
2E3B9946225187E7,t10_pi_raygunmark2
2E4D6F05FFAE013F,t10_dm_p02_aeasy_animpackage_ext01
2E4D7005FFAE02F2,t10_dm_p02_aeasy_animpackage_ext02
2E4D98F29BC43FFE,jup_vm_cp04_ar_akilo_bolt_action_gripvertpro
2E517054B3FDB152,jup_p01_ar_golf36_animpackage_selectsemi_on
2E5A5262015CDB41,t10_lm_p02_puncle21_animpackage_gripvert
2E5B0F32798790CC,sat_ar_heron_animpackage_selectsemi_on
2E5CB3806BD4885F,jup_p37_dm_kappa98_animpackage_hybrid03
2E5CB5806BD48BC5,jup_p37_dm_kappa98_animpackage_hybrid01
2E6A9270DCF1A62F,t10_ar_p45_kent_animpackage_selectsemi_on
2E78C0DBA5259AB0,iw9_p04_ar_akilo_semiselect_on
2E838DD8DF5C129C,t10_dm_p05_falove_animpackage_barrange
2E8CF392BEABF72D,sat_sm_hyena_animpackage_hybrid01
2EC06A2D57A30ABF,sat_ar_vulture_bp_buzzkill
2EC083FC77CCAB82,jup_p01_dm_slima8_animpackage_gripvertshort
2EC5609FAE6621F5,iw9_p47_me_sword01_l_animpackage_cq
2ED207CE13BE1E9F,iw9_p12_sh_mike1014_animpackage_guardhvy_gripvertshort
2ED5D329BA842F2F,iw9_p49_pi_tango9_animpackage_gripreload_smag
2EDB9DF1A83D64E1,sat_ar_eagle_animpackage_hybrid01
2EEADBF775CB4078,jup_p32_pi_mpapa9_animpackage_gripvert
2EEEA923F6517A50,sat_lm_hildr_animpackage_hybrid01
2F1012EA92F5D0A8,jup_cp26_pi_swhiskey_animpackage_scope
2F165E05C443143E,iw9_p43_sm_acharlie45_animpackage_gripang
2F1D58B43DDB7324,sat_sn_caspian_animpackage_hybrid01
2F25602D90C193EC,t10_dm_p02_aeasy_animpackage_fast01
2F25632D90C19905,t10_dm_p02_aeasy_animpackage_fast02
2F49B0151D187F48,offhand_2h_briefcase_bomb_defuse_default_animpackage
2F70CB360E85B682,t10_ar_p22_able18_default_animpackage
2F840C1DCAEB69E8,iw9_p08_ar_mcharlie_animpackage_ubgl_launcher
2F953B0DC500BD20,jup_p08_ar_qbravo97_animpackage_ubsh_shotgun
2F961548171647B7,iw9_p02_ar_golf3_animpackage_gripang
2F9DB322C717CB27,sat_dm_solomon_animpackage_ext01
2F9DB422C717CCDA,sat_dm_solomon_animpackage_ext02
2FB79EC87549B8CC,t10_sh_p25_uncle12_animpackage_gripvert
2FC272B2ECC3AD2B,jup_vm_cp04_ar_akilo_bolt_action_animpackage
2FC34902482BB76A,sat_sm_hyena_animpackage_akimbo_l
2FC34B02482BBAD0,sat_sm_hyena_animpackage_akimbo_r
2FC585C3E112D0D5,t10_dm_p02_aeasy_animpackage_gripvert01
2FD8929B2ECC008E,iw9_p56_ar_malima_smag
2FDAB7C4019CFF2F,iw9_p41_me_hammer_animpackage
2FDBACC28AACCB8B,t10_sm_p52_lisbon_animpackage_selectsemi_on
2FDC0C738DB663D2,jup_p40_br_hcharlie36_animpackage_ubch_chain
2FE0A6E48F611C99,iw9_p43_ar_acharlie300_animpackage_selectsemi_on
2FFD8B5ED6FD0E9C,sat_sm_otter_default_animpackage
300D60286D2F8E03,iw9_p05_ar_schotel_ubgl
300E83038F2CCCB2,sat_dm_kara_animpackage_ubgl_launcher
30107AA247E5A2EA,iw9_p04_sm_aviktor_default_animpackage
3016DEF14D82A1FF,jup_p41_sm_kpappa50_animpackage_hybrid03
3016E0F14D82A565,jup_p41_sm_kpappa50_animpackage_hybrid01
30196ED51496F22F,jup_p07_sm_uzulup_animpackage_20rd
3019F967243E06FB,jup_p99_rayankee_pi
302B3C8E92C936BD,jup_p08_br_xmike5_animpackage_gripvertshort
302D0EDF94950D01,iw9_p02_ar_kilo53_gripang
302FF91344693AB0,iw9_p06_ar_fecho_hybrid03
302FFB1344693E16,iw9_p06_ar_fecho_hybrid01
303196542E506206,jup_p02_ar_bromeo2m_animpackage_gripvertshort
30363C286D5255EB,iw9_p05_ar_schotel_ubsh
30449C96929F2664,jup_p38_sh_spapa12_animpackage
30464F319F0F254A,sat_ar_egret_bp_origami
3055F5EA586DCA7D,jup_p38_sh_spapa12_animpackage_selectsemi_off
305822ED43A4F031,iw9_p01_dm_stango25_animpackage_gripvertshort
305F9F8C160323E4,jup_p06_lm_pkilob_animpackage_hybrid03
305FA18C1603274A,jup_p06_lm_pkilob_animpackage_hybrid01
306A4E121478610E,t10_ar_p47_gilroy_animpackage_barhcal
307120A76DDBE3C4,sat_ar_eagle_animpackage_gripang
30A94F8E86ECE37E,sat_ar_hawk_animpackage_fastmag
30B7FEE50AB028F2,iw9_p31_la_kgolf_animpackage
30BC67549171A9E2,iw9_p27_pi_papa220_animpackage
30D1441DA819D67D,jup_p08_br_xmike5_animpackage_gripvert
30E672E932F37907,jup_p44_ar_stango44_animpackage_gripvertshort
30F138DFCB8582D4,iw9_p53_sn_india_default_animpackage
31032C32AE516D2A,jup_p19_ar_acharlie_default_animpackage
31261849CFBE539F,jup_jp03_sm_pmike_animpackage
312E3593FE107A04,t10_ar_p04_clove_default_animpackage
31389CFB211490F7,t10_dm_p05_falove_animpackage_hybrid01
313B98024E490C24,iw9_p11_sm_uzulu_animpackage_xmaglrg_optic
314A0230BB06F729,jup_p02_ar_bromeo2m_animpackage_ubch_chain
314E812EA4A7A2CB,jup_p02_sm_scharlie3_animpackage_gripang
3168EBDCD418259A,jup_p20_lm_evictor_animpackage_50rnd_scope
316C6102CC418D64,jup_p02_ar_bromeo805_animpackage_hybrid03
316C6302CC4190CA,jup_p02_ar_bromeo805_animpackage_hybrid01
31784FE8401BA0D1,iw9_p33_me_tactical_knife_off_animpackage
317DBF24B1AE6E64,t10_sm_p03_safox_animpackage_hybrid01
3182AAD8BBE39B41,iw9_p12_sh_mike1014_animpackage_guardtac_gripang
3185A5002C9756AA,iw9_p17_lm_ngolf7_animpackage_xmag_gripside
3187794AA08EE5B1,jup_p25_ar_talpha95_animpackage_gripang
31885D406BD96BFE,t10_dm_p03_sgeorge550_animpackage_barhcal
31B2F3C2DF359B94,t10_sh_p25_uncle12_default_animpackage
31B3EDF25BFBF2FC,iw9_p34_me_riotshield_default_animpackage
31B66B09133EFA63,jup_p02_ar_bromeo2m_animpackage_selectsemi_on
31BBD34AE51878F1,jup_p44_ar_stango44_animpackage_ubsh_shotgun
31C8B6FC77685C2D,t10_ar_p05_rmary2_animpackage
31E1B455ADA020C4,jup_p02_ar_bromeo805_default_animpackage
31E1D9AB3ED85E4D,iw9_p01_dm_stango25_animpackage_guardtac
31F47EE0972C567D,jup_cp04_lm_rkilo_animpackage_gripvert
31F4E0ED0463A0C9,iw9_p52_ar_helima_selectsemi_on
31F52140C0EEE042,t10_lm_p33_uxray_animpackage_bp_death_metal_optic
3227052CB3301295,t10_ar_p23_love85_animpackage_barmix
322E03EDD82AC7E4,jup_p01_ar_golf36_animpackage_selectsemi_off
32334EED3FDAEAEF,sat_sm_komodo_animpackage
3245D32A268C6DD5,jup_p05_ar_foxtrot2000_animpackage_smag
325D52C34C30EE0F,t10_sm_p06_sroger3_animpackage
326DE86DB999938F,jup_p08_ar_qbravo97_animpackage_40rnd
327B52270CAB2144,sat_sh_akita_animpackage_akimbo_l_default
327B70E984FBAD01,jup_cp01_sh_aromeo410_animpackage_ubgl_launcher
32921E641E8BD927,sat_la_fang_animpackage
32A7D7DFABAD37C4,sat_sn_drake_animpackage
32B718ACE54CAF1E,jup_jp04_sm_umike45_animpackage_xmag
32BB28A530804DC0,jup_p10_sn_cdelta50_animpackage_bolt_heavy
32F40796A462E02A,sat_ar_condor_default_animpackage
32F9589ECE894D20,iw9_p05_ar_schotel_gripvert
3304D8CE6A18C960,iw9_p06_ar_fecho_xmag
331CE9A58C41E43B,sat_me_knife_animpackage
3326D797588F0DA7,jup_p06_lm_pkilob_animpackage_selectsemi_off
332B0ED596C92FE8,t10_ar_p23_love85_animpackage_ubgl
332BC1858C0C1961,iw9_p06_ar_falpha_animpackage_gripvertshort
3332140A66D48C8F,jup_p08_lm_qbravo95lsw_animpackage_grip_100rnd
33380AC6DF8042F8,t10_lm_p33_uxray_default_animpackage
33487D4143C8AFAB,t10_lm_p53_mesa_animpackage_bp_timemach
334DF6E1C717B6FA,iw9_pi_stimpistol_default_animpackage
335DC3377E8502B2,t10_ar_p04_clove_animpackage_bp_dino
335F14CD1DCB3BA6,t10_ar_p06_asvalor_animpackage_gripvert03
335F15CD1DCB3D59,t10_ar_p06_asvalor_animpackage_gripvert02
33615581800B91D7,sat_pi_alcor_animpackage_fast
3364727C77F2DB70,sat_ar_hawk_animpackage
3365CC188B339604,iw9_p26_pi_swhiskey_animpackage
337878AAABD781D7,jup_jp04_sm_umike45_animpackage_optics
338F5B4C7181F944,t10_ar_p06_asvalor_animpackage_ext01
338F5E4C7181FE5D,t10_ar_p06_asvalor_animpackage_ext02
339F6AAE2063AD7D,iw9_p50_me_tonfa_animpackage
33AA44EF75F201CB,iw9_p02_sm_mpapa5_animpackage_sdelta_gripang
33AB53FAC0CA10F0,sat_sn_caspian_animpackage_lrg
33B79A25ADB84443,sat_ar_finch_animpackage_fastmag
33CFD771E3258ABF,iw9_p52_ar_helima_bipod_laser
33D90E9A71A080CD,jup_p10_sn_cdelta50_animpackage_5001
33D97B608F38B87E,jup_jp03_sm_pmike_animpackage_selectsemi_on
341D68AE5747D8AB,iw9_gunless_default_animpackage
3429E97F89CE6680,jup_p05_ar_foxtrot2000_animpackage_ubfl_flame
34476C4D29046D15,iw9_p01_ar_mike4_animpackage_xmaglrg
346094DACB294BD8,iw9_p52_ar_helima_laser
346F55FE96E4E8F3,t10_sn_p09_droger_animpackage_hybrid01
3482A4EF0B49B304,iw8_sm_beta_animpackage_carry_hostage
349D654B9215EB27,jup_p02_ar_bromeo805_animpackage_20rnd
34A6AF6DBA0252A3,iw9_p49_pi_tango9_animpackage_smag
34A98FC86C3BE29D,iw9_p13_sh_mbravo_animpackage_barmini_stockno_grippstl
34B570E34461E6DB,jup_p17_sn_hsierra_animpackage
34C772098C2CFDA1,sat_sm_zebra_animpackage_smag
34DE91DD2FDC2CF8,jup_p02_ar_bromeo805_animpackage_ubgl_launcher
34E050A6A406E6D1,sat_sm_bear_animpackage_akimbo_r_fast_556
34E8B62F7AAA6391,jup_p05_ar_foxtrot2000_animpackage_selectsemi_on
34EE5E3C5E2107F5,t10_ar_p01_coslo723_animpackage_selectsemi_off
34F0E80471F92ADF,iw9_p06_ar_fecho_semiselect_on
3508C0131967A314,jup_p01_ar_golf36_animpackage_drum_dbl_amp
351726A0BE38CFE7,jup_p34_ar_balpha27_animpackage_gripvertshort
35175B2E36A2F07A,sat_la_polis_default_animpackage
35244C764E634EA0,iw9_p44_sh_tsierra12_animpackage_gripvert_hybrid01
35244E764E635206,iw9_p44_sh_tsierra12_animpackage_gripvert_hybrid03
353C4E400C3FA1AA,iw9_p47_me_sword01_r_animpackage
354D9FA6E2D29D20,jup_p38_sh_spapa12_animpackage_gripvertshort
354E58E7C409937A,sat_sm_bengal_animpackage_barrange
3551A467A3B536BC,t10_ar_p02_aking74_animpackage_bp_ferrofluid
355C4B3EFD88E7A2,iw9_p05_dm_scromeo_animpackage
355EAA08E222CAD3,misc_vm_recon_drone
356A3749EFF4C612,t10_sl_p35_blauncher_animpackage_antivehicle
356C43650564E25A,sat_ar_macaw_default_animpackage
356F9DA3BCB7C322,jup_p06_lm_pkilob_animpackage
3582BB7C7DC9AE0E,iw9_p12_sh_mike1014_animpackage_guardtac_gripvertshort
3587F600A9D95E5D,t10_ar_p06_asvalor_animpackage_hybrid01
35A5F8A377CDF263,iw9_p43_sm_acharlie9_default_animpackage
35B70397D982A19E,iw9_p43_sm_acharlie9_animpackage_selectsemi_off
35B909BD48CB9716,iw9_p05_ar_schotel_hybrid03_schotelfix
35C0218357F28F05,iw9_p20_dm_sa700_animpackage_smag
35CC68784E7EC540,iw9_p15_lm_mkilo3_animpackage_barlong
35EC922F184F6223,iw9_p13_sh_mbravo_animpackage_barhvy
35ECCF51928CC53D,iw9_p25_pi_decho_animpackage
36076194F6EC616E,sat_dm_kara_animpackage_flip
360F74F0A4449819,sat_sm_bear_animpackage_akimbo_l_ext01_556
3624C74ECBD4BE95,jup_p08_ar_qbravo97_animpackage_selectsemi_off
3638180DC511540F,iw9_p55_pi_mike2011_animpackage_akimbo_r_xmaglrg
3640DD26E9627EC0,sat_ar_egret_animpackage_hybrid01
3647993580C53BFB,jup_p13_sn_svictor_animpackage_gripvertshort
3648D3B05B30F231,t10_ar_p54_aspen_animpackage_ubcrossbow
364A7CFA8A4D1E0D,jup_p28_lm_rpapa20_animpackage_gripvert
36516110DB71CDA7,iw9_p18_dm_mike14_animpackage_xmag
365E3EED75D67788,iw9_p05_dm_scromeo_xmag
36667DC07BB4A052,jup_p32_pi_mpapa9_animpackage_gripvert_dmag
366E2299E71A9BB6,sat_lm_typhon_animpackage_selectauto_on_beltfed
3673E82BAA186809,t10_lm_p53_mesa_animpackage_hybrid01
367E53B36EC3126B,t10_lm_p07_ksugar58_animpackage_gripvert01
367E54B36EC3141E,t10_lm_p07_ksugar58_animpackage_gripvert02
367E55B36EC315D1,t10_lm_p07_ksugar58_animpackage_gripvert03
368DE4BA4F135152,iw9_p08_sm_mpapax_animpackage_selectsemi_off
36902EDCDE2199BA,iw9_p04_ar_akilo_ubgl
369B00D8480AC1E1,jup_p08_ar_qbravo97_animpackage_ubch
36A180237A5071AD,iw9_p20_dm_mike24_default_animpackage
36A5DED848148FA0,jup_p08_ar_qbravo97_animpackage_ubfl
36A904D848170609,jup_p08_ar_qbravo97_animpackage_ubgl
36B45FADC9E7139B,sat_sn_drake_animpackage_fast
36B932DCDE44A59A,iw9_p04_ar_akilo_ubsh
36BF0FC17BEFB02D,iw9_p22_sn_limax_xmags_animpackage
36CB5DB4A185D4E1,sat_ar_heron_animpackage_gripvert
36D1E0D84839CDF1,jup_p08_ar_qbravo97_animpackage_ubsh
36DCF949A8F8EF53,jup_p38_sh_spapa12_default_animpackage_akimbo_r
36DD1749A8F9224D,jup_p38_sh_spapa12_default_animpackage_akimbo_l
36DEDB0197C545EE,iw9_p08_ar_mcbravo_animpackage_selectsemi_on
36E3EBEFAE3172D3,iw9_p04_sm_beta_animpackage_semiselect_on
36E80552753401DD,t10_dm_p09_svalor_animpackage_barfocus
36FBAD5B66D8B0FD,sat_sm_gecko_animpackage_barshort
371E14FAB41AA4B8,iw9_p55_pi_mike2011_animpackage_xmaglrg
3729DB9C5D2145B4,jup_p35_sn_moscar_animpackage_bolt_heavy
37377D1F732E067C,sat_sm_orca_animpackage_selectsemi_on
374B034374F76C61,jup_vm_cp04_ar_akilo_bolt_action_hybrid01
3757C4B88DCFDA30,t10_ar_p47_gilroy_animpackage_fast01
3757C7B88DCFDF49,t10_ar_p47_gilroy_animpackage_fast02
377BE13AE1131F9A,t10_pi_p14_mable_akimbo_l_default_animpackage
377FB6ABB348B1C0,iw9_p05_ar_schotel_hybrid03
377FB8ABB348B526,iw9_p05_ar_schotel_hybrid01
378037C1B38353E2,t10_ar_p06_asvalor_animpackage_selectsemi_on
379A43AB078DD81C,t10_ar_p54_aspen_animpackage_selectsemi_on
37A1C236AEDA9883,iw9_p08_ar_ralpha_animpackage
37B53C4C676FA38C,t10_lm_p53_mesa_animpackage_gripang
37B701EF95BDCBEC,t10_ar_p01_coslo723_animpackage
37E2F6902F18B793,sat_ar_falcon_animpackage_fast
37E79B1DDB5548AB,t10_ar_p47_gilroy_animpackage_barrange
37EAE40CEA226A44,t10_sm_p12_roger31_animpackage_fast01
37EAE70CEA226F5D,t10_sm_p12_roger31_animpackage_fast02
37EBA3CCC97B6FF6,jup_p03_br_aromeo200_default_animpackage
37ECE1C89B986F72,iw9_p08_ar_mcharlie_animpackage
38074D6C1211EC09,offhand_2h_cluster_spike_animpackage
380A822862F427EB,sat_pi_orion_animpackage_akimbo_r
380A902862F43FB5,sat_pi_orion_animpackage_akimbo_l
380D156BB419EFC7,jup_p02_ar_bromeo2m_animpackage_selectsemi_off
38249156816DAF5B,sat_me_ballistic_knife_animpackage
3825DE09CAB22116,sat_ar_falcon_animpackage_ubgl_launcher
382ABBEFF171FA2E,t10_p42_pi_pyork_default_animpackage
383093A7E88AC75E,sat_dm_scotia_animpackage_barxlong
3834FC4DDB5D278E,jup_p08_ar_qbravo97_animpackage_gripvert
38381E7763AE7B64,sat_dm_scotia_default_animpackage
38445155B00C4CD1,sat_sm_orca_animpackage_flip
385847419C3B51C8,jup_p44_ar_stango44_animpackage_drum
3870CFAE688C67F4,t10_ar_p23_love85_animpackage_fast02
3870D2AE688C6D0D,t10_ar_p23_love85_animpackage_fast01
3874653C68CE669E,t10_ar_p22_able18_animpackage_hical
38792F30C0C96E92,t10_sn_p24_love96_animpackage_fast01
387DA0EC26BFB9D8,t10_sm_p06_sroger3_animpackage_ext01
387DA3EC26BFBEF1,t10_sm_p06_sroger3_animpackage_ext02
389502143B2E8D79,jup_p23_me_swhiskey_animpackage_2103
389AAA8C2F50457A,iw9_p02_ar_golf3_animpackage_xmag
38A3CE771CFC5F8E,iw9_p02_ar_kilo53_barlong
38B06A1D3A640BD1,jup_p07_pi_uzulum_animpackage_stock
38BC0D6B33C936B4,iw9_p55_pi_mike2011_akimbo_r_default_animpackage
38C8D08C6D0F6E91,t10_dm_p03_sgeorge550_animpackage_ubgl
38DEC62DD9C7BBAF,sat_ar_kiwi_animpackage_fast01
38DEC72DD9C7BD62,sat_ar_kiwi_animpackage_fast02
390A84C21B29F1C2,iw9_p01_sm_alpha57_animpackage_gripang
3915CE3A6D1ECDBB,jup_cp44_sh_tsierra12_animpackage_gripvert
3919E0265A0EBDE9,sat_ar_falcon_animpackage_selectsemi_on
391B3361D14647A1,iw9_p06_ar_fecho_animpackage_gripang
3935FB3E220A3725,iw9_p32_ar_mike32_default_animpackage
3988DE40E544BE2D,jup_p03_br_aromeo200_animpackage_xmaglrg
398BCCB0892F989C,t10_ar_p02_aking74_animpackage_ubgl_launcher
39AB4A859572835A,sat_ar_kite_bp_silverzm
39C2EA899B8E1AEC,jup_p08_br_xmike5_animpackage_ubch_chain
39DA9CC1A4ACA1F7,iw9_p11_sm_uzulu_animpackage_gripvert
39F5EEA1DBF1551F,jup_p08_br_xmike5_default_animpackage
3A02510C0D8FE5F4,t10_lm_p53_mesa_animpackage_beltfed
3A088F89840BE3BE,iw9_p19_dm_sbeta_animpackage_barshort
3A0C22BA1CA97BAF,iw9_p26_pi_swhiskey_animpackage_scope
3A248280C07E3C9E,jup_p01_sm_pcharlie9_animpackage_gripvert
3A2DFB58422ECD38,iw9_p14_sh_charlie725_animpackage_guardtac
3A31B3111662B047,iw9_p49_pi_tango9_animpackage_gripvertext
3A5695B4BFA194DC,iw9_p27_pi_papa220_animpackage_xmag
3A5BB9656A5D8754,t10_ar_p22_able18_animpackage_ub_crossbow_bow
3A672D027A89029D,jup_p44_ar_stango44_animpackage_drum_grip
3A7CFB6135F5B977,iw9_p04_ar_akilo74_semiselect_on
3A84232614A5DE2C,iw9_p49_pi_tango9_animpackage_gripvert
3A88D219C9EC8C90,offhand_2h_decon_station_animpackage
3AAA326584A4F192,sat_sm_hyena_animpackage_selectsemi_on
3ABFC908339BF274,t10_ar_p04_clove_animpackage_ext02
3ABFCC08339BF78D,t10_ar_p04_clove_animpackage_ext01
3AC4ABEC25EC730A,t10_ar_p04_clove_animpackage_ub_crossbow_bow
3AC9B683E68C23BB,t10_dm_p01_sroger25_animpackage_ext02
3AC9B783E68C256E,t10_dm_p01_sroger25_animpackage_ext01
3AE5316DEC1DCB5C,iw9_p03_ar_augolf_animpackage_xmag
3B03203B326CE869,offhand_2h_proximity_mine_default_animpackage
3B1FE38E8C11FDBD,iw9_p26_pi_swhiskey_animpackage_akimbo_r_carry
3B245EDFEF23EA2C,iw9_p08_ar_mcharlie_animpackage_gripvert
3B28914060948FF6,sat_pi_orion_animpackage_large
3B290A63EF3E1DF6,iw9_p52_ar_helima_default_animpackage
3B2B38A0A475E834,jup_p12_pi_mike93_animpackage
3B3C40E3D2C37149,iw9_p43_ar_acharlie300_animpackage_ubgl
3B46292F9AD396FE,jup_p35_sn_moscar_animpackage
3B4653B3C12C3AD3,t10_ar_p54_aspen_animpackage_hybrid01
3B651CE3D2E63931,iw9_p43_ar_acharlie300_animpackage_ubsh
3B65E5E6963BA285,iw9_p48_me_pickaxe_animpackage
3B838DFDC513A983,t10_me_p30_cleaver_animpackage
3BC00B22503182EA,sat_dm_solomon_default_animpackage
3BD4CB169A878E60,sat_sm_zebra_animpackage_hybrid01
3BE7971DE4CC9F2F,iw9_p01_ar_mike4_animpackage_barhvy
3BEF7E5548476149,iw9_p49_pi_tango9_akimbo_r_default_animpackage
3BF3855FA21AF1D5,iw9_p43_ar_acharlie300_animpackage_selectsemi_off
3C0D0E62CFFC66B8,sat_sm_bear_animpackage_akimbo_l_fast
3C2EB1A616B87644,t10_ar_p22_able18_animpackage_hical2
3C659F5AD0D8C901,sat_sn_baltic_animpackage_fast
3C6D8633727176C5,iw9_p04_ar_akilo74_hvyshort_gripang
3C7866EAAE738E31,iw9_p04_ar_akilo74_bipod
3C803EDD9E7A71F0,jup_jp04_sm_lwhiskey_animpackage_hybrid01
3C8040DD9E7A7556,jup_jp04_sm_lwhiskey_animpackage_hybrid03
3C937221C2C9D4EF,sat_ar_albatross_animpackage_ubgl
3C99398E742EE8F0,sat_sm_bengal_animpackage_ext01
3C993C8E742EEE09,sat_sm_bengal_animpackage_ext02
3C9CCCF56EA26706,sat_me_elnath_animpackage
3CA68CCA27BF8245,t10_ar_p22_able18_animpackage_ubgl
3CB51FCC0C5CB808,sat_lm_zeus_animpackage_fourx01
3CD9D53228E832C6,t10_ar_p56_milan_animpackage_gripvert01
3CE62757D26BE022,sat_dm_kara_animpackage_gripvert
3CEDD0297A87E344,jup_p25_ar_talpha95_animpackage_gripvert
3CF9533681FFA946,jup_p01_sm_coscar635_animpackage_gripvertshort
3CFA39CFCA234A8C,jup_p08_ar_qbravo97_animpackage
3D0D2D49224D9F71,iw9_p01_dm_stango25_animpackage
3D115C5F7282D2D9,jup_p02_br_bromeo2_animpackage_ubsh
3D13CD5C25AF46D8,jup_p17_sn_hsierra_animpackage_bolthvy
3D18869E0BEC561F,sat_lm_hildr_animpackage_ext01
3D18879E0BEC57D2,sat_lm_hildr_animpackage_ext02
3D264185DA1AE731,jup_p19_dm_sbeta_animpackage_akimbo_l
3D264B85DA1AF82F,jup_p19_dm_sbeta_animpackage_akimbo_r
3D26A6C5EB26A6E4,iw9_p07_sm_papa90_animpackage_gripvertshort
3D2C27BEC8F52F02,t10_dm_p02_aeasy_default_animpackage
3D432218E0D36F3B,jup_p25_ar_talpha95_animpackage_smag
3D477C5F72B098A9,jup_p02_br_bromeo2_animpackage_ubch
3D517A5F72B8E9C8,jup_p02_br_bromeo2_animpackage_ubfl
3D53F1629543B03F,t10_ar_p49_fresno_animpackage
3D55605F72BCA671,jup_p02_br_bromeo2_animpackage_ubgl
3D6201DD0039C87E,iw9_p47_me_sword01_l_default_animpackage
3D63F9E51B06D4F3,t10_dm_p09_svalor_default_animpackage
3D6A7D52E259A28F,sat_ar_kite_animpackage_drum
3D7B66F8498A9DD4,jup_jp04_sm_lwhiskey_animpackage_gripvertshort
3D7ECCE0DAE6DF9B,jup_p08_ar_qbravo97_animpackage_gripvert_20rnd
3D83F9830E2CBD0E,t10_sn_p46_hugo_default_animpackage
3D93A586601E1951,sat_lm_typhon_animpackage_selectauto_off
3DB31054F670AA35,sat_ar_wren_bp_zmbmech
3DD5FF665A5DDC39,sat_sm_orca_animpackage
3DE0E48AE8A76CBE,sat_sm_komodo_animpackage_fast
3DF88D0F0C739ED8,sat_ar_eagle_animpackage_ext01
3DF88F0F0C73A23E,sat_ar_eagle_animpackage_ext03
3DF8900F0C73A3F1,sat_ar_eagle_animpackage_ext02
3E0F9702C3BEF723,jup_p34_ar_balpha27_animpackage_hybrid03
3E0F9902C3BEFA89,jup_p34_ar_balpha27_animpackage_hybrid01
3E338C358DE713B8,t10_sm_p12_roger31_animpackage_bp_s6blk
3E4FC1FBA923331B,jup_cp01_sh_aromeo410_animpackage
3E5324901AEB1C65,iw9_p03_sm_apapa_animpackage_semiselect_off
3E6F8295F313B67A,t10_ar_p49_fresno_animpackage_bp_nuketown
3E79B54662A696B6,sat_sm_puma_animpackage_gripang
3E7E38B46A199AE3,t10_dm_p02_aeasy_animpackage_545
3E8B79F5A980F19E,iw9_p04_ar_akilo105_xmaglrg
3E901D4833A28A3C,t10_sn_p09_droger_animpackage_recoil
3EAFAC6AEC39A021,t10_sm_p03_safox_animpackage_barmini
3EB6BE4F308E4BF3,sat_ar_albatross_animpackage_flipmag
3EBBD1C74BD028DA,iw9_p52_ar_helima_pistolgriptac
3ECF3208107B0197,jup_p25_ar_talpha95_animpackage_ubsh
3ED03F46F076AA8E,t10_ar_p23_love85_animpackage_barvelocity
3ED37F19778AC57A,iw9_p08_ar_mcharlie_animpackage_ubsh_shotgun
3EF1DD02650E9DC7,jup_p36_ar_anovember94_animpackage_ubdrill
3EF55008109C03CE,jup_p25_ar_talpha95_animpackage_ubfl
3EF82E08109DFFDF,jup_p25_ar_talpha95_animpackage_ubgl
3F06520810AA7A67,jup_p25_ar_talpha95_animpackage_ubch
3F0C2C3896CDEC09,jup_p12_pi_romeo93_animpackage_24rd
3F1B9C0D3D1CBDE1,jup_p19_ar_acharlie_animpackage_selectsemi_off
3F4C1A0243DB9337,sat_sh_shepherd_animpackage_fast02
3F4C1B0243DB94EA,sat_sh_shepherd_animpackage_fast01
3F4F92DBBD375EF9,sat_sn_aden_animpackage
3F5DC6DD3F0ED903,iw9_p05_ar_schotel_ubsh_xmag
3F62741ADFA0B60A,iw9_p04_sm_aviktor_animpackage_gripvert
3F672C158DF88958,sat_dm_scotia_animpackage_ubgl_launcher
3F6CE03CD5BFE0C8,iw9_p11_sm_uzulu_animpackage_stock_folding
3F76DB60680EA125,sat_ar_kiwi_animpackage_gripvert
3F902A9ADCB5C301,jup_p07_sm_uzulup_animpackage_akimbo_l_v101_xmaglrg
3FBC74E55C23F09A,iw9_p18_dm_mike14_animpackage_xmaglrg
3FBF11A70EFA5E7F,iw9_p06_ar_fecho_xmaglrg
3FD1B9976D357F2C,jup_p02_sm_scharlie3_animpackage_nostock
3FE37F00AA9CCB82,jup_p08_br_xmike5_animpackage_ubsh
3FE9C6640E554D27,iw9_p23_sn_alpha50_default_animpackage
3FF3F05A762EC334,iw9_p04_sm_beta_animpackage_optic
3FF74ED61FA98206,sat_sm_marmot_default_animpackage
3FFE11143468BCBD,iw9_p04_ar_akilo74_light_laser
3FFF8774723DD176,jup_jp04_sm_lwhiskey_animpackage_xmag
4006AFC44ACA1C3D,sat_dm_oman_animpackage_rev_smag
40095EE70B37B75F,iw9_p11_sm_uzulu_animpackage
400EECB52A9FEA64,iw9_p01_ar_mike16_animpackage_selectsemi_off
40152D4CF34B5976,jup_p13_sn_svictor_animpackage_xmaglrg
40195F00AACA2492,jup_p08_br_xmike5_animpackage_ubch
401E6EDA116C3F13,jup_jp03_sm_pmike_xmag
40277B00AAD69182,jup_p08_br_xmike5_animpackage_ubgl
402A5900AAD88D93,jup_p08_br_xmike5_animpackage_ubfl
404B19DCB6261F50,sat_sm_otter_animpackage_fastmag
404C1A4D6BA46D2A,iw9_p24_pi_golf18_animpackage
40503114B4DFD5F3,iw9_p03_ar_augolf_animpackage_smag
40589F2088578F7E,iw9_p15_lm_mkilo3_animpackage_gripvert
405E9FC76A8282E6,t10_sn_p09_droger_animpackage_focus
40746DE9D1E0C787,t10_ar_p47_gilroy_animpackage_gripang
40828556471DA46C,iw9_p25_pi_dechoauto_default_animpackage
4087003D916F7852,iw9_p02_lm_kilo21_animpackage_barar
408CDDF9370ECFBE,jup_p03_br_aromeo200_animpackage_gripvert
4091123D9177EB6D,iw9_p02_lm_kilo21_animpackage_barbr
40989960A1876D97,jup_p16_sh_recho870_animpackage_pstl_gripang
409B0F1CA5CCD63B,jup_p01_sm_coscar635_animpackage_hybrid03_hmr9
40A140F608350470,jup_p55_pi_mike2011_animpackage_akimbo_l_sally
40A5CE5DE8CD91A6,iw9_p45_mg_auto_sentry_animpackage
40AB6AFFF3104A74,t10_dm_p01_sroger25_animpackage_bp_mechlaw
40BCF002AC7A71E4,t10_sm_p04_chuck9_animpackage_selectsemi_off
40DA94A1763051E2,t10_la_p17_pable3_default_animpackage
40F53EA4312EFD0B,jup_p19_br_acharlie450_animpackage_selectsemi_off
41012DDA0A8CDC1E,t10_ar_p05_rmary2_animpackage_gripang
410E8758879CB017,t10_sm_p57_mpug40_animpackage_ext02
410E8858879CB1CA,t10_sm_p57_mpug40_animpackage_ext01
4118CA568CCDCCC9,sat_pi_orion_animpackage_bar_jump
411BF31ED8C8C405,sat_pi_orion_animpackage_fast
411EC9C6B872781A,t10_sh_p10_moslo500_animpackage_gripmix02
4120C602324745FC,iw9_p04_sh_vecho_animpackage
4133A020501AAC01,t10_sn_p08_ultiger_animpackage_ubgrip
413660C1EE9FC0E4,jup_p31_dm_compound_animpackage
413C2F2C0ECB7B67,sat_ar_kiwi_animpackage_ext02
413C302C0ECB7D1A,sat_ar_kiwi_animpackage_ext01
413F3C25ADF8B3F2,iw9_p21_sn_mromeo_xmags_animpackage
413F5D8DB17680C9,iw9_p55_pi_mike2011_animpackage_xmaglrg_barcomp
413FC81DC4297DE1,sat_sh_corso_animpackage_mag
414CBD025844C8AB,t10_dm_p09_svalor_animpackage_hybrid01
414EBDB757AAA847,offhand_2h_proximity_mine_animpackage
41593DC4BE0F22A9,t10_ar_p02_aking74_animpackage_ub_crossbow
415BEB92EE07DD76,iw9_p09_sm_mpapa7_animpackage_gripvertpro
41627B3AEF48A851,iw9_p04_ar_akilo_xmag
4170B73CEB5083A2,iw9_p04_ar_akilo_barhvyshort
417A07C963E513CC,sat_ar_eagle_animpackage_gripvert01
41809D1A5879D75C,jup_p40_br_hcharlie36_animpackage_gripang
4189D2BB8F896660,t10_sm_p02_geasy9_animpackage_barhical01
4189D5BB8F896B79,t10_sm_p02_geasy9_animpackage_barhical02
419FEA98CC95F9C2,jup_p08_lm_qbravo95lsw_animpackage_gripvert
41A1D725993CB913,sat_ar_vulture_bp_btrap
41A519B6F1343AF7,iw9_p01_ar_mike4_animpackage_gripang
41A9C16B381E41E8,iw9_p12_sh_mike1014_animpackage
41C2675225AA8FF2,iw9_p01_lm_foxtrot_animpackage_gripvertshort
41C3001B495E4806,jup_cp04_lm_rkilo_animpackage_gripang
41CA5F17C1EC6176,iw9_p01_lm_foxtrot_animpackage
41D3C4DC027F0AD2,iw9_p56_ar_malima_selectsemi_off
41F99D631C9672FE,t10_lm_p07_ksugar58_animpackage
4202E36FEB06283E,iw9_p01_ar_mike4_default_animpackage
4207B885C7ECD04A,sat_ar_condor_animpackage_gripvert
420AEC110A48A6AB,sat_ar_kite_animpackage_selectsemi_off
420E8697682709CB,sat_ar_macaw_animpackage_gripang
420E9754ECFF3339,t10_ar_p06_asvalor_animpackage_ubgl_launcher
4215D6FCDF113BDA,iw9_p04_sh_vecho_animpackage_barrel_tac
4217E053C4E558D9,iw9_p01_ar_mike16_animpackage_bar_ar
423572D7A9A9D193,jup_p17_sn_hsierra_animpackage_xmag
4238EA0216E81431,iw9_p43_sm_acharlie9_animpackage
423F70E9DEF94B78,iw9_p24_pi_romeo18_animpackage_gripvert
42456EC96B72A685,iw9_p38_dm_crossbow_animpackage_scope
425A50C1F7A1471A,iw9_p43_sm_acharlie45_animpackage_selectsemi_off
425D18BB2776442A,iw9_p04_sm_beta_animpackage
4273674D955897DE,jup_p01_lm_mgolf36_animpackage_gripside
427F8E3E15BEFCEB,iw9_p06_ar_falpha_hybrid01
427F903E15BF0051,iw9_p06_ar_falpha_hybrid03
4285B35C593C7C65,iw9_p16_lm_slima_animpackage_hybrid03_grip
428837D40470ACB5,jup_p06_lm_pkilob_animpackage_200rnd
42CDF012856880FD,iw9_p24_pi_golf17_default_animpackage
42DB48C0E493C159,iw9_p13_sh_mbravo_animpackage_gripvertpro
42DE06D557749B05,jup_cp01_sh_aromeo410_animpackage_ubfl_flame
42F067BD7E1C8C3D,iw9_p19_dm_sbeta_animpackage_gripang
42F1B88B6D9290A4,jup_p20_lm_evictor_animpackage_selectsemi_on
42FD918993B54167,jup_p08_ar_qbravo97_animpackage_gripvert_60rnd
4315BB35E283FA3B,t10_ar_p34_tbaker_animpackage_ubgl_launcher
431F5041A778E7F5,sat_ar_egret_animpackage_ubgl
43242F967D7D5E2E,jup_p08_ar_qbravo95_animpackage
432535246BCB9068,sat_sn_drake_animpackage_lrg
43282F48C8F755CC,t10_ar_p06_asvalor_animpackage_fast02
43283248C8F75AE5,t10_ar_p06_asvalor_animpackage_fast01
4334863948F331A8,iw9_default_animpackage_l_hand
4344C82D23F18109,jup_p02_ar_bromeo805_animpackage_gripang
434A4C53FBB25F01,jup_jp04_sm_umike45_animpackage_selectsemi_off
434DE6FE38BF57D7,iw9_p02_dm_pgolf1_animpackage_bar_br
435293413B65BBF5,sat_ar_kite_animpackage_fast
435FC9E69082D80A,t10_sm_p43_schuck_default_animpackage
43673995A820C0CB,iw9_p01_dm_msecho_animpackage_gripvertshort
436AE3A5DB5283B9,iw9_p21_sn_mromeo_bolt_lgt_animpackage
43778C901BC366BF,jup_vm_cp04_ar_akilo_bolt_action_bolt_lgt_animpackage
43ACB1044D400634,t10_me_p16_bat_animpackage_bp_gvibes
43BA983237EF2627,jup_p34_ar_balpha27_animpackage_gripvertshort_v5008
43BC71C896F9A604,sat_sm_otter_animpackage_gripvert
43C2133ADD8E0661,iw9_p47_me_sword01_r_animpackage_v2044
43DB666722BCEEF3,t10_ar_p06_asvalor_animpackage
43DBD76427F5585C,iw9_p04_sm_aviktor_animpackage_gripvertshort
43E12F7F2FFB18AF,iw9_p08_ar_mcbravo_animpackage
43FA0BBB81C35FB5,iw9_p02_sm_mpapa5_animpackage_selectsemi_off
441D8C59E8C22389,jup_p12_pi_romeo93_animpackage_selectsemi_on
442B94946F2FBE81,iw9_p06_ar_falpha_animpackage
44550974AD00643B,t10_ar_p06_asvalor_animpackage_ub_crossbow_bow
445ACA4158356A27,t10_ar_p05_fable_animpackage_selectsemi_off
446D558280B5C777,t10_ar_p04_clove_animpackage_ubgl
447F30CC5FA50B17,iw9_p20_dm_xmike2010_animpackage_bolthvy
44AE0A9B4CBFBA5E,offhand_2h_briefcase_bomb_defuse_animpackage
44BC05FCFADE15A6,t10_ar_p34_tbaker_animpackage_selectsemi_off
44BDD8E73064D304,jup_p06_lm_pkilop_animpackage_gripvertshort
44C752302B110FD4,t10_dm_p02_aeasy_animpackage_ub_crossbow_bow
44C783AD8DD2FC57,t10_dm_p03_sgeorge550_animpackage_gripang
44D1019C3D7D6B50,sat_sm_gecko_animpackage_fast02
44D1049C3D7D7069,sat_sm_gecko_animpackage_fast01
44D3054C802CECBA,t10_sn_p09_droger_animpackage_mixunder
44D63A89005D22E7,iw9_p01_lm_foxtrot_animpackage_selectsemi_on
44E2A7653411F16B,iw9_p01_dm_msecho_animpackage_gripvert
44F565EAC5A48268,iw9_p04_ar_akilo_gripvertpro
4504C86BF34C0546,iw9_p08_ar_ralpha_animpackage_xmaglrg
4511DDB4A8117661,t10_sh_p25_uncle12_animpackage_bp_mire
45121D0A82E6080D,iw9_p01_dm_stango25_animpackage_barsil
45131808B0DFE22D,iw9_p08_sm_mpapax_animpackage_gripvertshort
451B3BB72E0A5E38,t10_lm_p07_ksugar58_animpackage_ext02
451B3CB72E0A5FEB,t10_lm_p07_ksugar58_animpackage_ext03
451B3EB72E0A6351,t10_lm_p07_ksugar58_animpackage_ext01
451B41B72E0A686A,t10_lm_p07_ksugar58_animpackage_ext04
451E5E2428FB9A96,iw9_p04_ar_akilo74_laser
452A66A80B48C4EC,t10_pi_p14_stiger_animpackage_ext02
452A67A80B48C69F,t10_pi_p14_stiger_animpackage_ext03
452A69A80B48CA05,t10_pi_p14_stiger_animpackage_ext01
4530504798FCE1CF,t10_p42_pi_pyork_animpackage_fast01_optics
453CBE2678DCAE38,t10_sm_p41_perth_animpackage
4569B368086739E0,iw9_p53_sn_india_xmag_animpackage
4570C57FECD8E79C,jup_p12_pi_romeo93_animpackage
4571ADED6279B640,jup_p01_lm_mgolf36_animpackage
458F2D7DDC0C587B,t10_ar_p45_kent_animpackage_gripvert01
45A19F22149E666B,sat_sn_aden_default_animpackage
45A3DBFA413D0036,sat_sm_bengal_bp_s5blk
45A99DC44D69C740,sat_ar_albatross_animpackage_ubgl_launcher
45AC4273148E4A4D,iw9_p23_sn_alpha50_animpackage
45ACE442882FD314,iw9_p17_lm_ngolf7_animpackage_gripvert
45B42DA55E3DD166,t10_ar_p01_coslo723_animpackage_ubgl_launcher
45BDC923A070A141,iw9_p06_ar_fecho_gl_launcher
45CA45CE5F7F4799,t10_dm_p01_sroger25_animpackage
45CDFCC73DC1B6D4,iw9_p01_dm_msecho_animpackage_smag
45D70403AA236848,jup_p02_dm_bromeop_animpackage_20rnd
45EE3635048AD0CF,iw9_vm_killstreak_tablet_animpackage
45F443FFC3D87D64,sat_sm_marmot_animpackage_hybrid01
45FAE52C521E18C4,iw9_p06_ar_falpha_xmaglrg
45FE469CABC54B64,iw9_p20_dm_sa700_animpackage
45FEE38C73CCA254,t10_me_p16_bat_default_animpackage
46014E94B7A2E177,sat_dm_kara_animpackage_fast
4604824C4FA7F647,t10_pi_p14_mable_animpackage_skull
460AF3B057916A3D,jup_p16_sh_recho870_animpackage_boltlgt
4618AC638970A930,sat_sm_puma_bp_s1blk
4620C086D2B7335B,offhand_2h_support_box_animpackage
462791A3A63253EC,t10_pi_p13_usugar9_akimbo_r_default_animpackage
46340FFF178F9A44,sat_ar_finch_animpackage_extmag
46346FE97AEDE598,sat_ar_wren_animpackage_ext01
463472E97AEDEAB1,sat_ar_wren_animpackage_ext02
463741F033A7C62C,sat_ar_vulture_animpackage_xmag
463D29E8691054DA,jup_p07_sm_uzulup_animpackage_akimbo_r_v101
4645322348517019,sat_sh_akita_default_animpackage
464587E54A2163E7,iw9_p08_ar_mcharlie_animpackage_ubgl
46544FBD020DAC64,iw9_p43_ar_acharlie300_animpackage_hybrid01
465451BD020DAFCA,iw9_p43_ar_acharlie300_animpackage_hybrid03
466F0A42D3EDE5E7,jup_cp15_lm_mkilo3_animpackage_5019
4671734C40EE8E59,jup_p01_sm_coscar635_animpackage_50rd_grip
4676506A2CB19C20,t10_pi_p14_mable_akimbo_r_default_animpackage
467CB2C7EB63F230,t10_dm_p02_aeasy_animpackage
467F0CB15CFC3CB3,jup_p19_br_acharlie450_animpackage_15rnd
46896BE54A5B011F,iw9_p08_ar_mcharlie_animpackage_ubsh
468A5BB4D74EFA2E,sat_dm_scotia_animpackage_barmed
4691E6A318768941,t10_ar_p49_fresno_default_animpackage
469C557DFA02412E,sat_sm_komodo_animpackage_selectsemi_on
469FF150583CEC68,jup_p07_sm_uzulup_default_animpackage
46A1B71B5771291C,t10_sm_p04_chuck9_animpackage_fast02
46A1BA1B57712E35,t10_sm_p04_chuck9_animpackage_fast01
46A50CC0E48F66EB,sat_sm_bear_animpackage_akimbo_l_fast_556
46A56FF3D0CBE533,sat_ar_egret_animpackage_gripang
46B35BD0AAC8E6EA,sat_ar_kiwi_animpackage_selectsemi_off
46BB001ED1838C7A,t10_lm_p33_uxray_animpackage_gripang01
46C803C618EC75BA,jup_p17_sn_hsierra_animpackage_amp
46D5D1BE7560B5E5,iw9_p52_ar_helima_selectsemi_off
46D95322C9479D48,offhand_2h_cyber_emp_plant_animpackage
46DE7A2A47BE53DE,jup_p06_lm_pkilop_animpackage_gripside
46E92016443040FF,sat_sl_atria_animpackage_ext01
46F916C9B8487D12,t10_me_p16_bat_animpackage
4714620D2E722B2B,sat_sh_husky_animpackage
4715333421921706,iw9_p43_ar_acharlie300_default_animpackage
47153B5C0845A035,t10_dm_p05_falove_animpackage
471C3939F4CF10CC,iw9_p04_sm_aviktor_animpackage_laser
472F845C352EE527,sat_ar_finch_default_animpackage
473397088CB2600F,jup_p10_sn_cdelta50_animpackage_bolt_light
474194A0944FCAFE,iw9_p52_ar_helima_gripvert
4745B6E5325D4BB1,iw9_p02_ar_golf3_animpackage_drum
4748700E70B2F563,sat_ar_finch_animpackage_barxlong
474AB4189BF9EF3F,t10_sn_p08_ultiger_animpackage_fast01
474AB5189BF9F0F2,t10_sn_p08_ultiger_animpackage_fast02
474FDA943A336CA5,iw9_p52_ar_helima_gripvertpro
4751BE9DCE961768,sat_sl_crossbow_animpackage_tribolt
475AA772D0332DC0,jup_p09_sh_oromeo12_animpackage
476BB0C1A3DA46C8,iw9_p04_ar_akilo105_ubgl
4770DEBC4E3AA9D6,iw9_default_eq_animpackage
4774DBC8A60C42EA,jup_p25_sm_talpha95m_animpackage_32rnd
47895A2F2EEB476B,jup_p37_dm_kappa98_animpackage
47B660D1C83682BB,iw9_p05_ar_schotel_ubgl_xmag
47B9933CB4F223D5,t10_sm_p03_safox_animpackage_selectsemi_off
47BB565DC98EEF02,sat_pi_timir_animpackage
47BB5EC54E604047,t10_sm_p06_sroger3_animpackage_gripvert
47CBC525B3AB62D8,jup_p07_sm_uzulup_animpackage_hybrid03
47CBC725B3AB663E,jup_p07_sm_uzulup_animpackage_hybrid01
47D5550B32F393D1,jup_p44_ar_stango44_animpackage_ubfl_flame
47DD90989762CE79,jup_p14_pi_rsierra12_default_animpackage
47F57815CB34D640,iw9_p11_sm_uzulu_animpackage_selectsemi_off
47FDF8E0C83FBCFE,jup_p32_pi_mpapa9_animpackage
4806268BE68F39E0,sat_ar_finch_bp_spyvil
480C2A6B8C9B99CD,jup_p01_ar_golf36_animpackage_ubfl_flame
480C9DAD0C699024,iw9_p01_dm_msecho_animpackage_selectsemi_off
4822EBF360C12679,jup_p36_ar_anovember94_animpackage_xmaglrg
482DE4976EFA188D,jup_p06_lm_pkilob_animpackage_75rnd
484EFC63C62829E9,iw9_p01_ar_mike16_animpackage_ubgl_launcher
48531517AFFAEC4F,iw9_p02_ar_golf3_animpackage_scope
485428BDF1DB3D80,iw9_p43_sm_acharlie45_animpackage_selectsemi_on
486CF899C44F0F24,iw9_p03_ar_augolf_animpackage_hybrid03
486CFA99C44F128A,iw9_p03_ar_augolf_animpackage_hybrid01
487841240675FAC6,iw9_p55_pi_mike2011_animpackage_akimbo_r_carry
488B9EE6A403F16C,iw9_p01_ar_mike4_animpackage_hybrid01
488BA0E6A403F4D2,iw9_p01_ar_mike4_animpackage_hybrid03
489510BC9C5CEEF8,iw9_p20_dm_xmike2010_animpackage
48B1CB91CD126F18,iw9_p01_dm_msecho_animpackage_gripang
48BAEBC9CD94E4A5,iw9_p24_pi_golf18_animpackage_optics
48C8343FD103B50A,iw9_p08_ar_mcharlie_animpackage_barshort
48D21EBA32F5F933,t10_ar_p01_coslo723_animpackage_barrange
48E82AF7EF31566A,sat_dm_scotia_animpackage_hybrid01
48F7D3AB03255CD4,iw9_p01_dm_stango25_animpackage_guardhvy
4905E8DE32927126,t10_sh_p10_moslo500_animpackage_barreload
4910359832B25388,t10_sm_p41_perth_animpackage_hybrid01
4913389817D4068F,iw9_p08_sm_mpapax_default_animpackage
492EC7D5228A974C,jup_p07_sm_uzulup_animpackage_25rd
492F4F0305D45C13,jup_p41_sm_kpappa50_animpackage_gripvertshort
4940BB8A77C210C8,sat_ar_vulture_animpackage_ubgl_launcher
494EF072B4D090D6,t10_ar_p49_fresno_animpackage_bp_witch
4958C73D8FFEC752,iw9_p05_ar_scharlie_xmaglrg
49603E8F53F7F890,t10_pi_p13_usugar9_animpackage_bp_panda_fast02
4960418F53F7FDA9,t10_pi_p13_usugar9_animpackage_bp_panda_fast01
496B31184A515E89,iw9_p01_ar_mike16_animpackage_barlong_hvy
497168042881B87B,iw9_p43_sm_acharlie9_animpackage_hybrid01
49716A042881BBE1,iw9_p43_sm_acharlie9_animpackage_hybrid03
49871C95DF449BE3,iw9_p02_dm_pgolf1_animpackage_scope
49932B0760A85AA8,sat_me_nashira_bp_chrome
499384FFA29F7710,t10_lm_p01_aroger10_animpackage_gripvert01
499387FFA29F7C29,t10_lm_p01_aroger10_animpackage_gripvert02
49C7B3C2550EDD86,jup_p25_sm_talpha95m_animpackage_25rnd
49DF8B15995580FD,jup_p02_dm_bromeop_animpackage_gripvert
49E1377E727B4CF7,sat_ar_condor_animpackage_optics
49E4486C675BBCB8,iw9_p03_ar_augolf_animpackage_ubgl_launcher
49E51BA46DB4F893,sat_sm_otter_bp_extrater
49F296FC0DCD734C,t10_p12_pi_paris30_animpackage_fast01
49F299FC0DCD7865,t10_p12_pi_paris30_animpackage_fast02
49FC3D299AFDF0B3,jup_p08_br_xmike5_animpackage_30rd
4A09C42014DF6D8B,sat_ar_heron_animpackage_barhcal
4A0BB0D34C8CF0AC,jup_p01_sm_coscar635_animpackage_100rd
4A20A10900B39CB3,iw9_p09_sm_mpapa7_animpackage_hybrid03
4A20A30900B3A019,iw9_p09_sm_mpapa7_animpackage_hybrid01
4A225DA999213357,iw9_p42_ar_ngsierra_animpackage_selectsemi_on
4A37DD7439AF8E6D,sat_lm_hades_animpackage_hybrid01_beltfed
4A3B63EC42B3DC93,offhand_2h_tactical_cam_animpackage
4A40A9CB35033E24,sat_ar_finch_animpackage_flipmag
4A499729043A6240,sat_sm_bengal_animpackage_fast02
4A499A29043A6759,sat_sm_bengal_animpackage_fast01
4A4D89D33F87A8BD,t10_sn_p08_ultiger_animpackage_ubgripmix
4A592ACFB74E6338,t10_sl_p58_artifact_animpackage
4A5BC724082EA68B,iw9_p04_ar_akilo_ubsh_shotgun
4A6062A45F123A0D,iw9_p54_sn_walpha_animpackage
4A645CD130ABFDE4,iw9_p17_lm_ngolf7_animpackage_xmag
4A73ACA9000340D6,jup_p01_sm_pcharlie9_default_animpackage
4A93C8EC715A3FB8,t10_ar_p23_love85_animpackage_barhical2
4A93CBEC715A44D1,t10_ar_p23_love85_animpackage_barhical1
4AADBA660FF620D0,sat_sm_bear_animpackage_akimbo_r_ext01
4AADBD660FF625E9,sat_sm_bear_animpackage_akimbo_r_ext02
4AC3F22454A102E4,sat_ar_hawk_animpackage_barshort
4AD8E18DD4D8C09F,jup_p02_dm_bromeop_default_animpackage
4AEA2A22203F4283,jup_jp04_sm_lwhiskey_animpackage_gripang
4AF8F52512380067,t10_lm_p53_mesa_animpackage
4AFBC2606BFBEAFD,jup_p07_pi_uzulum_animpackage_akimbo_r
4AFBC4606BFBEE63,jup_p07_pi_uzulum_animpackage_akimbo_l
4B0E7B9AF0730A1E,iw9_p12_sh_mike1014_animpackage_stockhvy
4B1208DCDDCAFD26,t10_ar_p54_aspen_animpackage_ubcrossbow_bow
4B1213F6B81CC9CF,jup_p05_ar_foxtrot2000_animpackage_ubch_chain
4B13AA3CD55487BB,sat_sm_gecko_animpackage_stock_unfold
4B258DE2269D0673,jup_p08_br_xmike5_animpackage_ubsh_shotgun
4B28DA1DBA8A75AE,t10_ar_p45_kent_animpackage_hybrid01
4B54A12479699794,t10_sm_p28_saug_animpackage_ext02
4B54A42479699CAD,t10_sm_p28_saug_animpackage_ext01
4B663176CEE58A1F,sat_ar_falcon_animpackage_gripang
4B70DE6A4ECD4616,iw9_p54_sn_walpha_scope_animpackage
4B770FC6A054E91B,jup_p13_sn_svictor_animpackage_gripvert
4B874FA3D65B3B20,t10_ar_p49_fresno_animpackage_selectsemi_off
4B981E11626F8E16,jup_p02_br_bromeo2_animpackage_gripvert
4B9AC1775FD0C684,iw9_p02_sm_mpapa5_animpackage_hybrid01
4B9AC3775FD0C9EA,iw9_p02_sm_mpapa5_animpackage_hybrid03
4BC190D4E69A8096,t10_ar_p34_tbaker_animpackage_ubcrossbow_bow
4BC195985EA2ABC1,jup_p37_dm_kappa98_animpackage_stockprecision_scope
4BC34268171F1036,iw9_p04_sh_vecho_animpackage_308
4BCA7CBB8AD2ACE0,iw9_p01_ar_mike4_animpackage_gripvertshort
4BD02BA21AB94C97,iw9_p56_ar_malima_default_animpackage
4BD9565A1F664ABF,t10_ar_p05_rmary2_animpackage_fast01
4BD9575A1F664C72,t10_ar_p05_rmary2_animpackage_fast02
4C046F829C96D3CC,t10_dm_p03_sgeorge550_animpackage_hybrid01
4C0D4C4436AD5130,jup_p01_lm_mgolf36_animpackage_100rnd
4C1394160EB407AC,iw9_p12_sh_mike1014_animpackage_gripvertshort
4C159E7B6EC781E1,jup_jp03_sm_pmike_default_animpackage
4C25FC0A4432ECDC,iw9_p02_sm_mpapa5_animpackage_sdelta_barshort
4C38B0457FF42A84,jup_p09_sh_oromeo12_animpackage_gripvertshort
4C40824EC29CFA6D,t10_ar_p47_gilroy_animpackage_selectsemi_off
4C4BD9F477798143,jup_p02_ar_bromeo805_animpackage_selectsemi_on
4C666CC481717D66,sat_ar_heron_animpackage_selectsemi_off
4C689D677EB58065,t10_sm_p41_perth_animpackage_selectsemi_on
4C748807E8144D32,t10_la_p18_stisaac_default_animpackage
4C79AB72B095E85D,t10_dm_p03_sgeorge550_animpackage_selectsemi_off
4C7A1DE8B872EE64,t10_ar_p05_rmary2_animpackage_barrange
4C7D9049E3165755,iw9_p02_sm_mpapa5_animpackage_sdelta_selectsemi_on
4CAA4168072658F4,t10_ar_p49_fresno_animpackage_ubgl
4CEED4938F1B6735,sat_dm_samar_default_animpackage
4CF6C16F280F6423,jup_p14_pi_rsierra12_anim_package_stock
4D03F56BDF28A8A6,sat_ar_kite_animpackage_ext
4D072B173F898BAE,iw9_p49_pi_tango9_animpackage_gripreload
4D14EECA0D6DD4B3,sat_dm_oman_animpackage_rev_akimbo_l
4D150CCA0D6E07AD,sat_dm_oman_animpackage_rev_akimbo_r
4D18A647045D7BF8,sat_dm_oman_default_animpackage
4D226AA1179CD019,iw9_p43_sm_acharlie9_animpackage_gripvert
4D2FE19398B97295,iw9_p12_sh_mike1014_animpackage_guardlgt
4D3915E10825159F,sat_sm_puma_animpackage_ext02
4D3916E108251752,sat_sm_puma_animpackage_ext01
4D3DB22C2024435A,sat_ar_finch_animpackage_selectsemi_off
4D48644A6AD5B300,jup_p08_ar_qbravo95_animpackage_gripside
4D6DA46143A36D1E,t10_ar_p56_milan_animpackage_ubgl
4D6EAB9DC9C379E7,iw9_p43_sm_acharlie45_default_animpackage
4D7689B0C678C482,iw9_p57_me_kamas_r_default_animpackage
4D7C4406F6EE0347,t10_sh_p10_moslo500_default_animpackage
4D8BC164E40E6A82,iw9_p19_dm_sbeta_mp_package_scope
4D9594624E1F4C17,t10_ar_p02_aking74_animpackage_barvelocity
4D9F7988753BDDC6,jup_p36_ar_anovember94_animpackage_xmag
4DA37B58EF0EFAB9,iw9_p06_ar_fecho_bipod
4DB057F40CC30CFC,jup_jp04_sm_umike45_animpackage_gripvertshort
4DC33D6F6C23F0B5,sat_sl_nembus_default_animpackage
4DC500644197335A,t10_sh_p25_uncle12_animpackage_ub_crossbow_bow
4DC5668505E64CD9,jup_p08_lm_qbravo95lsw_animpackage_selectsemi_off
4DCBB467790F0BF7,jup_p28_lm_rpapa20_animpackage_hybrid01
4DCBB667790F0F5D,jup_p28_lm_rpapa20_animpackage_hybrid03
4DDC88BA4802C084,jup_p01_sm_coscar635_animpackage_hybrid03
4DDC8ABA4802C3EA,jup_p01_sm_coscar635_animpackage_hybrid01
4DE0EB4FEF29AB8B,jup_p01_sm_pcharlie9_animpackage_bar_short
4E0146404FFED90F,iw9_p53_sn_india_barlgt_xmag_animpackage
4E053DE00BEA7354,sat_lm_typhon_animpackage_ext01
4E0540E00BEA786D,sat_lm_typhon_animpackage_ext02
4E062C4C9444165D,iw9_p55_pi_mike2011_animpackage_akimbo_l_barcomp
4E079E2FD7601EE1,sat_ar_condor_animpackage_selectsemi_off
4E0A7C264AA9E1FF,iw9_p43_sm_acharlie45_animpackage_hybrid01
4E0A7E264AA9E565,iw9_p43_sm_acharlie45_animpackage_hybrid03
4E1AAAE57E48B2F1,jup_p17_sn_hsierra_animpackage_barshort
4E1F248ACBDB4457,jup_p20_lm_evictor_animpackage_200rnd_scope
4E410EE0359097C8,iw9_p04_sm_aviktor_animpackage_hybrid01
4E4110E035909B2E,iw9_p04_sm_aviktor_animpackage_hybrid03
4E442C07CB0DF4F0,jup_p05_ar_foxtrot2000_animpackage_gripvertshort
4E443A72AE85C826,sat_sm_hyena_default_animpackage_akimbo_r
4E445472AE85F454,sat_sm_hyena_default_animpackage_akimbo_l
4E4FD1713CAA3FC0,iw9_p16_lm_slima_default_animpackage
4E5CC2095A8EC23B,sat_sl_nembus_animpackage
4E64ECB4E2BDC70F,iw9_p16_lm_slima_animpackage_smag_gripside
4E65A0BF60060678,iw9_p04_sm_aviktor_animpackage
4E65E2C1C54C2923,sat_dm_scotia_animpackage_selectsemi_on
4E73EC5C5460AC32,jup_p07_pi_uzulum_animpackage_32rd
4E79267ED23F40F1,iw9_p43_sm_acharlie9_animpackage_gripvertshort
4E97BC5D34DDB65B,t10_ar_p06_asvalor_animpackage_bp_hponics
4E9C42AB68682464,iw9_p47_me_sword01_l_animpackage
4EA159EFB895F740,t10_pi_p14_mable_animpackage_akimbo_l
4EA177EFB8962A3A,t10_pi_p14_mable_animpackage_akimbo_r
4ECCA4AA65D72826,jup_p01_dm_slima8_animpackage
4ED2AB23741D2260,t10_ar_p01_coslo723_animpackage_barhcal02
4ED9FE1040EC047A,t10_lm_p53_mesa_animpackage_barrange
4EEECA03F54D3150,t10_p12_pi_paris30_animpackage
4EF23BEA789935B0,t10_sm_p03_safox_animpackage_barmix
4EFEB19F3134B1AC,iw9_p02_sm_mpapa5_animpackage
4F23D3F5C60CEA50,sat_ar_vulture_bp_s4blk
4F2532237059C3A1,sat_ar_wren_animpackage_hybrid01
4F3BF7D227A67C9D,t10_dm_p03_sgeorge550_animpackage_barvelocity
4F40A3906606C544,jup_p01_dm_slima8_animpackage_10rd
4F569DD64C598A65,jup_p01_sm_coscar635_animpackage_hybrid01_hmr9
4F56B026DD67152D,iw9_p12_sh_mike1014_animpackage_guardlgt_gripvert
4F5A817FF3B77D8B,jup_p38_sh_spapa12_animpackage_akimbo_l
4F5A8F7FF3B79555,jup_p38_sh_spapa12_animpackage_akimbo_r
4F6E1DBDBD871C2C,iw9_p04_sm_beta_default_animpackage
4F7EE2E921A86BDA,iw9_p04_ar_akilo74_xmag_stockno
4F8668D9AEA3FF3B,t10_sm_p02_geasy9_animpackage_ext01
4F8669D9AEA400EE,t10_sm_p02_geasy9_animpackage_ext02
4F8981721466B0D5,t10_sh_p10_moslo500_animpackage_gripvert
4F898E0C61BFD63D,iw9_p05_ar_schotel_gripang
4F8B72E4768347D6,iw9_p25_pi_decho_animpackage_akimbo_r_carry
4F95370B7E46FB08,iw9_p04_ar_akilo74_xmag
4FA21844470068D3,t10_ar_p04_clove_animpackage_fast02
4FA2194447006A86,t10_ar_p04_clove_animpackage_fast01
4FAE88C2DDE33D80,sat_sh_shepherd_default_animpackage
4FB1FD8A19A81B47,sat_ar_kiwi_animpackage_ubgl_launcher
4FB3E4ECEA59C3C7,t10_sn_p08_ultiger_default_animpackage
4FC9EE47EF5D879D,jup_p08_ar_qbravo97_animpackage_gripvertshort_20rnd
4FCB287F93A35929,t10_dm_p09_svalor_animpackage_barrecoil
4FD3E0187C21F4FE,jup_p31_dm_compound_default_animpackage
4FE080A71B140472,jup_p09_sh_oromeo12_default_animpackage
4FE4EDF053D08A49,iw9_p04_sh_vecho_animpackage_barrel_mini
4FE7C1D5AC28FB89,iw9_p04_sh_vecho_animpackage_barrel_tac_long
4FEEA6F9E01A345F,t10_sn_p08_ultiger_animpackage_hybrid01
4FF4EBC80C1B2D72,sat_ar_hawk_animpackage_gripvert
50077F74754260DE,jup_cp01_sh_aromeo410_animpackage_ubch_chain
50097842DC3373E7,jup_p34_ar_balpha27_animpackage
500A8E7E05C79677,jup_p25_ar_talpha95_animpackage_gripang_bar_shorthvy
501A1F6B05562F34,jup_p10_sn_cdelta50_animpackage_xmag
50230990682EF082,jup_p36_ar_anovember94_animpackage_gripvert
502423DC1884290C,t10_sn_p26_mary82_animpackage_ext02
502426DC18842E25,t10_sn_p26_mary82_animpackage_ext01
502847A3694BDAE1,jup_p40_br_hcharlie36_animpackage_ubfl_flame
502DB624CEC917CE,iw9_p02_ar_kilo53_gripvertshort
503B74139D3C1424,jup_p08_ar_qbravo97_animpackage_hybrid01
503B76139D3C178A,jup_p08_ar_qbravo97_animpackage_hybrid03
504A7A3396C02ACB,t10_dm_p01_sroger25_default_animpackage
504EB53B70BB0B3F,iw9_p02_sm_mpapa5_animpackage_sdelta_barshort_gripang
5050195E273D0723,jup_p01_lm_mgolf36_animpackage_40rnd
50674BB5A6F5D9C7,iw9_p01_dm_stango25_animpackage_ubsh_shotgun
507F21DFDB5941A0,jup_p02_br_bromeo2_animpackage_gripvertshort
50823806615E88CD,iw9_p02_ar_golf3_animpackage_bar_light
50880305B4D5946B,t10_sm_p21_pparis90_animpackage_hybrid01
508AC07C70BE30C9,iw9_p18_br_soscar14_animpackage_hybrid01
50A20A7E23AD0E50,iw9_p12_sh_mike1014_animpackage_barhvy_gripang
50A3F84F23F738D0,sat_sm_bear_bp_pinball
50A7D77447273482,sat_ar_hawk_animpackage_ubgl_launcher
50C55A1D4CEAC563,t10_sm_p28_saug_animpackage_selectsemi_on
50C6C92ABB9AB4EB,iw9_p18_dm_mike14_animpackage_hybrid03
50C6CB2ABB9AB851,iw9_p18_dm_mike14_animpackage_hybrid01
50D80EC76EB43A93,t10_ar_p45_kent_animpackage_selectsemi_off
50E15E61EED47C15,sat_dm_samar_animpackage_hybrid01
50ED0DB801A32977,iw8_eq_c4_mp_animpackage
51015A5AA8944522,jup_p19_ar_acharlie_animpackage_3013
511B438EFD80EDF1,jup_p07_sm_uzulup_default_animpackage_akimbo_r
511B4D8EFD80FEEF,jup_p07_sm_uzulup_default_animpackage_akimbo_l
511FFBD36E6765DC,sat_ar_albatross_animpackage_ext02
511FFED36E676AF5,sat_ar_albatross_animpackage_ext01
51318974AEFEE5A8,t10_sn_p24_love96_default_animpackage
51382AFEC4AE7C68,jup_p07_sm_uzulup_animpackage_50rd
514626401477F949,t10_lm_p53_mesa_default_animpackage
514A1E9C2D380BE1,sat_ar_condor_animpackage_barvelocity
514CD65CF9A39360,jup_p23_me_pdango_animpackage
516E21CE97C88904,sat_sm_komodo_bp_s3blk
5180572D4C04DBD8,iw9_p02_lm_kilo21_animpackage_selectsemi_on_gripside
5181B567513A7B95,jup_vm_cp04_ar_akilo_bolt_action_bolt_hvy_animpackage
5186128072D955F2,iw9_p04_sh_vecho_animpackage_xmag
518F073CDA4CE2C0,t10_dm_p03_sgeorge550_animpackage_ub_crossbow_bow
51A1ED8C6F70B99D,jup_p02_sm_scharlie3_animpackage_drum
51A990F6E84B9D3F,offhand_2h_briefcase_bomb_animpackage
51B1867AC8E9E2A5,iw9_p01_ar_mike4_animpackage_barmidhvy
51BC7837E813FD66,iw9_p22_sn_limax_animpackage
51C4945BCE328D2F,jup_p02_ar_bromeo2m_animpackage_ubsh
51D2ED73B99A2F97,t10_lm_p07_ksugar58_animpackage_bp_parasite
51D88EE45BDB7860,jup_p02_sm_scharlie3_animpackage_104
51D8B85410AB9348,t10_ar_p02_aking74_default_animpackage
51DEE286DE5AA2F4,sat_lm_zeus_animpackage
51E55B7A58D2247F,iw9_p04_ar_akilo_hybrid01
51E55D7A58D227E5,iw9_p04_ar_akilo_hybrid03
51E6824BE3BE171A,sat_lm_typhon_animpackage_selectauto_off_beltfed
51EA725BCE5322A6,jup_p02_ar_bromeo2m_animpackage_ubfl
51EA799E85F983AE,t10_sm_p02_geasy9_default_animpackage
51ED705BCE555517,jup_p02_ar_bromeo2m_animpackage_ubgl
51EF333985BEAD37,jup_jp03_sm_pmike_animpackage_gripvert
51F1411526333802,iw9_p02_sm_mpapa5_animpackage_xmag
51FB745BCE61993F,jup_p02_ar_bromeo2m_animpackage_ubch
521938DD1D5BE8E5,jup_p41_sm_kpappa50_default_animpackage
521F4FE17B0FC06D,iw9_p55_pi_mike2011_animpackage
523117E4A200E4C9,sat_sm_otter_animpackage_extmag
5242A35C4E7DA0E2,iw9_p42_ar_ngsierra_animpackage_gripvertshort
524D7224083E0294,t10_ar_p06_asvalor_animpackage_selectsemi_off
524EAE5A4AE6441D,sat_sm_zebra_bp_puzzlebox
524FC9045E9603E9,iw9_p11_sm_uzulu_animpackage_optic
525670AAFCA25B4E,jup_p32_pi_mpapa9_animpackage_skelstock
5258EE73958AABA8,sat_la_polis_animpackage
5276542993A023F4,jup_p12_pi_romeo93_animpackage_hybrid01
5276562993A0275A,jup_p12_pi_romeo93_animpackage_hybrid03
52768B7468B472C2,t10_sm_p28_saug_animpackage
528D617AD0CDA152,jup_p23_me_spear_animpackage
52911870C7FF159E,t10_ar_p49_fresno_animpackage_selectsemi_on
529A7A77872E4F8C,sat_sn_caspian_animpackage
52A636B1DF9E89AE,sat_lm_zeus_default_animpackage
52A71190D6E57CB6,jup_p23_me_swhiskey_animpackage_v4001
52B00C862BF92119,sat_sm_bear_animpackage_fast
52B1B9968EA0F35C,iw9_p02_ar_kilo53_hybrid03
52B1BB968EA0F6C2,iw9_p02_ar_kilo53_hybrid01
52C334D035E50A7E,jup_p38_sh_spapa12_default_animpackage
52C6D781C3A67316,iw9_p02_ar_kilo53_gripvertshort_bar_lm
52C99C24D883749B,sat_sm_orca_animpackage_ext02
52C99D24D883764E,sat_sm_orca_animpackage_ext01
52D21083FA93B7E5,misc_vm_spotter_scope
52E56A74FA360A4D,t10_me_p15_knife_animpackage
52F797708D12D8F8,t10_lm_p01_aroger10_animpackage_gripang
52F7C097D33A5E86,jup_p24_pi_glima21_bar_convert_animpackage
52FDAEA419A88443,iw9_p04_sm_aviktor_animpackage_gripang_barlight
5305738AAFD08918,sat_sm_hyena_animpackage_gripang
530D370118227A18,iw9_p56_ar_malima_selectsemi_on
530FE7332C8F6B1A,iw9_p13_sh_mbravo_animpackage_stockno_grippstl
53149AE2BA1E25E8,jup_p32_pi_mpapa9_animpackage_fullstock
531EA6C0C656EACB,jup_p41_sm_kpappa50_animpackage
5324DD70889ACDCB,t10_ar_p45_kent_animpackage_ubgl
53298D135D49B780,jup_jp03_sm_pmike_animpackage_selectsemi_off
533266EB2FF54D1E,jup_p20_lm_evictor_animpackage_selectsemi_off
5342F0C36E297F26,iw9_p09_sm_mpapa7_animpackage_selectsemi_on
534F0C8A72019E5F,jup_p32_pi_mpapa9_animpackage_smag
534FAC2BC01242EC,t10_pi_p13_usugar9_animpackage_bp_panda_basemag
53503F1DF9ED83EF,sat_sm_marmot_bp_indust
535CB167408A5D75,iw9_p49_pi_tango9_animpackage_xdrum
5368A0257B6FB043,sat_sh_husky_animpackage_xmag
5369BD510D845760,iw9_p20_dm_mike24_animpackage_bolthvy
5375F780A198CEB0,jup_p06_lm_pkilop_animpackage_150rnd_grip
537C7D7617BAA9D8,jup_jp04_sm_umike45_animpackage
5381B263F89FBD29,jup_cp01_sh_aromeo410_animpackage_50b
538204257C107924,jup_p05_ar_foxtrot2000_animpackage_5013
539FB9C30880D14C,iw9_p18_br_soscar14_animpackage_gripang
53A2A9A6FFF351FE,iw9_p04_lm_rkilo_default_animpackage
53A8186EE94C720F,iw9_p04_sh_vecho_animpackage_barrel_tac_sport
53B20F22D3961C6C,iw9_p17_lm_ngolf7_default_animpackage
53B80E3367D01CBA,iw9_p11_sm_uzulu_animpackage_xmaglrg
53CDBDEE0FE746BD,jup_p08_lm_qbravo95lsw_animpackage_selectsemi_on
53CEDDD6661288D1,iw9_p46_mg_bravo50_default_animpackage
53D36F8F052C9113,jup_p36_ar_anovember94_animpackage_ubch_chain
53D95B3F513C2FA9,jup_p01_sm_coscar635_animpackage_gripang
53EB9C16A2B4BDEF,sat_sm_bengal_animpackage_gripvert
53EEB93DA3433D2C,sat_ar_albatross_default_animpackage
53EFF698FEF964F3,iw9_p01_ar_mike4_animpackage_optics
5415B503370FDC7D,jup_p01_ar_golf36_default_animpackage
541B5EF747709823,t10_sh_p10_moslo500_animpackage_barsprint
543D272D0A928E5E,jup_p38_sh_spapa12_animpackage_stockno
543FD0A0017B0A1A,t10_sm_p52_lisbon_animpackage
54408680645DCE24,sat_sm_hyena_animpackage_selectsemi_off
544244C33A475425,iw9_p04_ar_akilo_animpackage
54445822CADD8E76,iw9_p19_dm_sbeta_mp_package_lever_heavy
54465DE0A08BC941,iw9_p04_ar_akilo105_ubgl_launcher
544705BDEF0262F0,sat_sl_atria_animpackage
54580E9CE1880114,t10_ar_p47_gilroy_animpackage
545A2DD218DD6DE1,t10_sm_p06_sroger3_animpackage_hybrid01
5466749C42B415D3,iw9_p04_ar_akilo74_gripvertpro
5473626AC9209CF2,jup_p01_lm_mgolf36_default_animpackage
548F0B8827961C4B,t10_sm_p04_chuck9_animpackage_gripang01
548F0C8827961DFE,t10_sm_p04_chuck9_animpackage_gripang02
5492577A78E304A4,offhand_2h_thermite_animpackage
54A5CB44EB1B4E13,jup_p08_lm_qbravo95lsw_animpackage_gripang
54C96B336C3CC6EB,t10_ar_p01_coslo723_animpackage_ub_crossbow
54CB87740C733E0C,jup_p20_lm_evictor_animpackage_200rnd
54D1231CFA7ED421,sat_sm_bear_animpackage_gripang
54D13EFB830EB8DC,jup_p28_lm_rpapa20_animpackage_150rnd
54D51B94ACE46C4C,sat_sn_drake_animpackage_hybrid01
54EA29A9AAC65700,iw9_p42_ar_ngsierra_animpackage_xmag
54F001EB0BA42F59,iw9_p24_pi_golf17_animpackage_stockskel
54F495C64B53F449,t10_sm_p21_pparis90_animpackage_bp_cucumber
54F6AFFF1DE99732,sat_ar_eagle_animpackage_barrange
55031E465D21EB46,jup_p24_pi_glima21_animpackage_xmag
550935C19CDCE9A3,sat_sm_gecko_bp_galactic
55098B03465FE3A7,sat_ar_finch_animpackage_barshort
550D07CB9E2AF4AB,iw9_p01_lm_foxtrot_animpackage_selectsemi_off
551C5965FC206314,iw9_p01_ar_mike16_animpackage_smag
552B0C834DACB6F0,sat_ar_eagle_animpackage_selectsemi_off
553245B332E37A83,t10_sm_p04_chuck9_animpackage
553C10FB2030B9AC,jup_p38_sh_spapa12_animpackage_hybrid01
553C12FB2030BD12,jup_p38_sh_spapa12_animpackage_hybrid03
553CB65F9B740180,t10_la_p18_stisaac_animpackage
553CCA730F19A66F,sat_sm_bear_animpackage_ext02_556
5542C686B344045B,iw9_p03_ar_augolf_animpackage_semiselect_on
5546A3081DB2FD7E,iw9_p20_dm_xmike2010_animpackage_xmag
55477C56D52489A6,jup_p02_ar_bromeo805_animpackage_gripvertshort
555EF662A2A22B71,iw9_p02_ar_golf3_animpackage_ubgl
5570ECD02DF2CAA4,jup_p44_ar_stango44_animpackage_ubsh
557734898607E0E2,iw9_p43_ar_acharlie300_animpackage_xmag
5589EB9922A112FF,jup_p03_br_aromeo200_animpackage_gripang
558E279D61DCC2B8,sat_pi_orion_animpackage_smg
5599E8D02E15C8EC,jup_p44_ar_stango44_animpackage_ubgl
559D0ED02E183F55,jup_p44_ar_stango44_animpackage_ubfl
55A70CD02E209074,jup_p44_ar_stango44_animpackage_ubch
55B68D5DA6F5B005,iw9_p01_dm_msecho_animpackage_ubsh_shotgun
55BC1E2E29E91D81,offhand_2h_deployable_cover_animpackage
55CDA38A2D68AFC2,jup_p02_ar_bromeo2m_animpackage
55DB9B52DD3C0124,iw9_p08_ar_mcbravo_animpackage_gripang
55E7899F415CEF0F,jup_p44_ar_stango44_animpackage_gripvert
55E8F772AB0ACC5F,jup_p07_sm_uzulup_animpackage_selectsemi_on
5601AA75034755F5,t10_ar_p02_aking74_animpackage_gripang
56166B7E24A7F3A0,sat_lm_hades_animpackage_barjump
5620A0536EA8C36E,iw9_p22_sn_limax_hybrid01_animpackage
56217EA70A7195BA,iw9_p20_dm_la700_animpackage_bipod
5621A39007B5A317,t10_ar_p49_fresno_animpackage_gripvert
5628F49CCC63B4A6,jup_p25_sm_talpha95m_animpackage_bar_shorthvy
5645FEBBAAB79D5F,jup_p23_me_pdango_v3915_animpackage
564A61DA159CEF46,iw9_p42_ar_ngsierra_animpackage
564B3B08D5A2D5AB,iw9_p11_sm_uzulu_animpackage_45apc
5652653752CA33BE,offhand_2h_smoke_grenade_animpackage
5655D885DA6EF1BE,iw9_p01_sm_alpha57_animpackage_semiselect_off
566033D62ED934D3,iw9_p07_sm_papa90_animpackage_gripang
56630FE19788906E,sat_me_shockbaton_animpackage
567391956C1F8BCE,iw9_p08_ar_mcbravo_animpackage_barshorthvy
5679FFF6CD1477DE,sat_ar_kite_bp_s2blk
567ECD3D27EECF06,jup_p07_pi_uzulum_animpackage_stockno
5684E44CF9E7ACD3,sat_sm_bear_default_animpackage_akimbo_l
5685024CF9E7DFCD,sat_sm_bear_default_animpackage_akimbo_r
5695C6169009D643,sat_ar_hawk_animpackage_gripang
56A1C463CE4FEFD0,sat_lm_hades_animpackage_gripvert
56A242D976892570,iw8_ar_kilo433_animpackage_carry_hostage
56A8800A038FB8C6,iw9_p01_ar_mike16_animpackage_xmaglrg
56BC4A174BB31DCE,t10_sm_p06_sroger3_animpackage_selectsemi_on
56BC820177750201,t10_sn_p46_hugo_animpackage_bp_voyage
56C2430C88D5B799,iw9_p01_dm_msecho_animpackage_barshort
56D2094C8AC52D70,t10_sm_p04_chuck9_animpackage_gripvert01
56D20B4C8AC530D6,t10_sm_p04_chuck9_animpackage_gripvert03
56D20C4C8AC53289,t10_sm_p04_chuck9_animpackage_gripvert02
56D52BF6D376A352,t10_sh_p25_uncle12_animpackage
56D59B5269051B24,sat_ar_condor_animpackage_barmix
56E84D63A8D5DC0E,iw9_p17_lm_ngolf7_animpackage_gripvertshort
56F64A898016130E,iw9_p08_sm_mpapax_animpackage_smag
56F7F6D3FD6E1F73,jup_p09_sh_oromeo12_animpackage_gripang
56FBBCF04C8F73AA,iw9_p24_pi_golf17_animpackage_akimbo_l
56FBBEF04C8F7710,iw9_p24_pi_golf17_animpackage_akimbo_r
5702CD305E200133,sat_sh_corso_default_animpackage
5716E0D6427AE345,jup_p25_ar_talpha95_animpackage_v201_grip
5716E4DCEF271191,jup_p05_ar_foxtrot2000_animpackage_gripstop
571E48A749AB2AB9,t10_pi_p42_pyork_akimbo_r_default_animpackage
572078B6298F7DC2,iw9_p06_ar_falpha_animpackage_gripang
573358D1054F6717,jup_p40_br_hcharlie36_animpackage
5739C3905E6DF0F2,jup_p06_lm_pkilop_default_animpackage
573E10A84F8A8E08,iw9_p01_ar_mike4_animpackage_barlong
573E72820F0E49DB,t10_ar_p56_milan_animpackage_ext02
573E73820F0E4B8E,t10_ar_p56_milan_animpackage_ext01
574E2C4734460243,iw9_p01_dm_stango25_animpackage_ubgl_launcher
57580DF6EE456069,iw9_p02_sm_mpapa5_animpackage_drum
5758545F17F51E6A,iw9_p04_lm_rkilo_xmag
575C4F3D73E3EBC5,iw9_p30_la_rpapa7_hip_default_animpackage
577E9E43EB5C1DD5,iw9_p08_sm_mpapax_animpackage
5780FA5ED7CEED1F,iw9_p04_sh_vecho_animpackage_gripang
57864D1F1437D26B,t10_ar_p34_tbaker_animpackage_ext02
57864E1F1437D41E,t10_ar_p34_tbaker_animpackage_ext01
57BDE25DEDA013DC,t10_sn_p46_hugo_animpackage_hybrid01
57D760412BCD4358,iw9_p24_pi_romeo18_animpackage_xmag
57D81BD8B26E1360,iw9_p43_ar_acharlie300_animpackage_ubsh_shotgun
57DE013EA8E58230,iw9_p48_me_chainsaw_animpackage
57EA4A8F343F4BEA,jup_p08_ar_qbravo95_animpackage_gripvertshort
57FD472EB072CB5B,iw9_p04_ar_akilo74_semiselect_off
5801FDC386BAD808,sat_ar_condor_animpackage_hybrid01
5813CD794CA120B6,jup_p24_pi_glima21_animpackage_akimbo_r_drum
58189CBA04963E3E,iw9_p11_sm_uzulu_animpackage_selectsemi_on
5818F0B046C3C318,jup_p35_sn_moscar_animpackage_hybrid03
5818F2B046C3C67E,jup_p35_sn_moscar_animpackage_hybrid01
582E27A655ACE6A4,jup_p02_br_bromeo2_animpackage_10rnd
5838DA7188EB3EF8,sat_ar_kite_bp_bone
583FAE35AEB74E22,jup_p01_lm_mgolf36_animpackage_gripvert
584E631B393A9CFF,iw9_p18_dm_mike14_animpackage_gripvertshort
5853D034C06FE1CF,misc_vm_buzzsaw_animpackage
585A1CBAAC256BD7,t10_sn_p08_ultiger_animpackage_ext02
585A1DBAAC256D8A,t10_sn_p08_ultiger_animpackage_ext01
586A2830E46C463A,sat_sm_otter_animpackage
586D8E13FBC7D1EA,offhand_2h_sound_veil_animpackage
587198EF3AACFEE9,t10_ar_p34_tbaker_animpackage
5872CBE77CF21177,iw9_p04_ar_akilo105_laser
5876A21CA82ACA3E,t10_ar_p23_love85_animpackage_bp_angelmon
5878391B3B03A07A,t10_sn_p26_mary82_animpackage
5881A5E5E467354F,jup_p34_ar_balpha27_animpackage_xmag
5891D79083AEED69,t10_ar_p45_kent_animpackage_optics
5896D9D33452A367,sat_sm_komodo_animpackage_gripvert
589FF1E2ED0CEDCD,iw9_p04_ar_akilo74_light
58AA170A097F7BDB,jup_p40_br_hcharlie36_animpackage_xlmag
58B6E5A703EF8C0B,t10_ar_p54_aspen_animpackage_ubgl_launcher
58C32CAB9F5D5229,jup_jp04_sm_lwhiskey_animpackage_selectsemi_off
58C6488F26B6ACE8,t10_ar_p49_fresno_animpackage_ext01
58C64B8F26B6B201,t10_ar_p49_fresno_animpackage_ext02
58C74AEE13F7993F,sat_ar_finch_animpackage_hybrid01
58D09FAF1A055D97,iw9_p55_pi_mike2011_animpackage_akimbo_l_xmag_barcomp
58E71369FE74991A,iw9_p12_sh_mike1014_animpackage_gripvert
58F64A95A118CA09,sat_la_fang_default_animpackage
590631D4200AA89E,t10_dm_p03_sgeorge550_animpackage_ubgl_launcher
590CBBBBEAC7E92D,iw9_p42_ar_ngsierra_animpackage_gripang
591954780BB3BCE0,sat_dm_scotia_animpackage_extmag1
591957780BB3C1F9,sat_dm_scotia_animpackage_extmag2
5920240652E4A952,t10_sh_p27_jhavana_animpackage_gripang
5925514B674F87BE,iw9_p04_ar_akilo_gripang
593FB424495E4BDE,iw9_p26_pi_swhiskey_default_animpackage
59501329B65A1D8D,t10_lm_p01_aroger10_animpackage_hybrid01
59524F67EDB068BB,sat_dm_samar_animpackage
59708980F1221C69,sat_sm_serval_animpackage
5974686EB0C4474D,sat_ar_falcon_animpackage_xlong
598A6C97C8A03B13,iw9_p04_ar_akilo105_xmag
599551014783F135,t10_dm_p50_erie_animpackage_hybrid01
59A0A050621A4171,t10_sh_p27_jhavana_animpackage
59AD6C9AA17DB0F3,iw9_default_animpackage_la
59AD789AA17DC557,iw9_default_animpackage_lm
59B7DAB5A7065484,jup_p08_ar_qbravo97_animpackage_ubgl_20rnd
59B84D60D710263F,iw9_p05_ar_scharlie_xmag
59C29099BFCCEADC,t10_ar_p47_gilroy_animpackage_hybrid01
59CB156847A88988,jup_p36_ar_anovember94_animpackage_ubdrill_launcher
59D37754C83C90F7,sat_ar_macaw_bp_mecheagle
59DD7B425E30E5D7,iw9_p24_pi_romeo18_animpackage_xmaglrg
59E507FBD1102E6C,t10_ar_p22_able18_animpackage_fast01
59E50AFBD1103385,t10_ar_p22_able18_animpackage_fast02
59E5EE0E5C04FD74,jup_p24_pi_glima21_animpackage_stockskel_xmag
59E9AB1B1693FE02,jup_p01_sm_coscar635_animpackage
59FA333AAAA5D680,sat_ar_egret_animpackage
59FB90B307894E27,sat_ar_finch_animpackage_barmed
59FC9B9D623D44F0,t10_ar_p22_able18_animpackage_hybrid01
59FD2B26842BA4CC,iw9_p06_ar_fecho_default_animpackage
5A0AAB44B4A0F324,jup_p08_lm_qbravo95lsw_animpackage_gripvertshort
5A0C9C9AA1CE9707,iw9_default_animpackage_pi
5A11A47509037682,sat_ar_finch_animpackage_extmag2
5A15435D89581E29,jup_p01_sm_pcharlie9_animpackage_selectsemi_on
5A4125F9E6057A07,sat_ar_albatross_animpackage_gripvert01
5A41AB72FEDFEFB2,jup_jp04_sm_lwhiskey_animpackage_gripvert
5A47778D888CC491,t10_sm_p28_saug_animpackage_bp_forge
5A47CDE0C1FAF428,t10_lm_p01_aroger10_animpackage_beltfed
5A542EB6EFCE4974,sat_dm_samar_animpackage_fast02
5A5431B6EFCE4E8D,sat_dm_samar_animpackage_fast01
5A7173BC960394B8,jup_p19_ar_acharlie_animpackage
5A7BF746B4AFC752,iw9_p01_dm_stango25_animpackage_gripang
5A7EC91C0165D289,t10_ar_p05_fable_animpackage_bp_s5blk
5A8BDC479BA4ED33,t10_sm_p02_geasy9_animpackage_bp_blackcell
5A91271B35B236FC,jup_p19_dm_acharlied_animpackage
5AA2A6582EB8C42A,t10_offhand_2h_impact_animpackage
5AA96D288EC7156D,jup_p13_sn_svictor_default_animpackage
5AA99DB663BD08EB,sat_sm_bear_bp_illum
5AC398C1BB167786,jup_p08_ar_qbravo97_animpackage_ubgl_launcher
5ACD03EEEA815A6A,sat_sh_akita_animpackage_akimbo_r_default
5AD833BA26333F2E,sat_sm_orca_bp_mrhino
5AE41855C7ABEB5F,jup_p01_sm_pcharlie9_animpackage_gripang
5AE4EE4604D1C394,iw9_p22_sn_limax_gripvert_animpackage
5AE55191193F30A2,iw9_p13_sh_mbravo_animpackage_gripvert
5AE745E6E7E9CE4B,t10_sn_p09_droger_animpackage_fast01
5AE746E6E7E9CFFE,t10_sn_p09_droger_animpackage_fast02
5AE77C776AB91901,jup_p38_sh_spapa12_animpackage_selectsemi_on
5AEEF5DC5CCE1872,t10_ar_p02_aking74_animpackage_barmix
5AF14D6341D432A0,jup_p97_sn_plove32_animpackage
5AF299A7994384FF,iw9_p20_dm_mike24_animpackage_silencer
5B0BAB1CB8CD1BC9,iw9_p01_sm_alpha57_animpackage_gripvert
5B10957534F40A9E,sat_lm_typhon_animpackage_ubcrossbar
5B21C00A8A4AD7E4,sat_ar_eagle_animpackage_ubgl
5B4A9B2D9B62445A,jup_p10_sn_cdelta50_animpackage
5B4B5303F2FDE154,iw9_p24_pi_golf17_akimbo_l_default_animpackage
5B50BDA9CB4BB2CC,t10_ar_p23_love85_animpackage_selectsemi_off
5B5834414FC839B7,jup_p01_dm_slima8_animpackage_selectsemi_on
5B6C7FF4C13BEC4F,iw8_pi_mike1911_animpackage_carry
5B7299330077B1FA,t10_ar_p23_love85_animpackage_selectsemi_on
5B753EF836A084CA,iw9_p05_ar_scharlie_ubsh_xmag
5B79D26BDA7C21B6,sat_me_shockbaton_bp_tulip
5B7E7198B4520C47,jup_p03_br_aromeo200_animpackage_ubch_chain
5B87E8E611453AEF,jup_cp05_lm_halpha_animpackage_45rnd
5B8999F35CF20DB9,jup_p36_ar_anovember94_animpackage_gripvertpro
5B8AD897AB7AB7F3,jup_p01_lm_mgolf36_animpackage_gripang
5B93002A38222F9A,jup_p35_sn_moscar_animpackage_gripvertshort
5BA18DC8E3801A19,sat_sm_zebra_animpackage_selectsemi_off
5BA77768A6BA2AE3,jup_vm_cp04_ar_akilo_bolt_action_laser
5BA8CA526D1209D3,sat_ar_kite_animpackage_fast02_flip
5BB6C166A3523D3A,sat_ar_macaw_animpackage_ubgl_launcher
5BBE5041363EF072,iw9_p13_sh_mbravo_default_animpackage
5BC362EEE20684A3,iw9_p19_dm_sbeta_mp_package_optic
5BD271C172F21790,misc_vm_oxygen_tank
5BD333C00883C1BE,jup_p02_br_bromeo2_animpackage_ubgl_launcher
5BD40A861CC7DC5D,sat_sh_shepherd_animpackage_gripang
5BDBBE6679AFE92E,sat_ar_heron_animpackage_ubgl
5BE3E3A93220F039,jup_vm_cp04_ar_akilo_bolt_action_smags_animpackage
5BEE6F9309199FB8,t10_ar_p49_fresno_animpackage_ubcrossbow_bow
5BFBD80DE9C05F0B,iw9_p01_ar_mike16_animpackage_gripvertshort
5C050770E7C07B12,jup_cp16_lm_slima_animpackage_fireselect_off
5C2A56DD5D7899C0,iw9_p13_sh_mbravo_animpackage
5C2AE54CA1D50AF0,iw9_p10_sm_victor_animpackage_gripvert
5C3F7736D8381912,iw9_p53_sn_india_hybrid01_animpackage
5C4A3056CD69074C,t10_ar_p05_rmary2_animpackage_bp_blackcell
5C5195641990861F,sat_pi_alcor_default_animpackage_akimbo_r
5C51AB641990AB81,sat_pi_alcor_default_animpackage_akimbo_l
5C62956F4BECB8FA,iw9_fists_package
5C7A3A1695A134D2,jup_p36_ar_anovember94_animpackage_ubgl_launcher
5C7E11DDA44FD30B,iw9_p12_sh_mike1014_animpackage_barhvy
5C85F48589D9677F,iw9_p18_dm_mike14_animpackage
5C87E87914ABAED2,sat_pi_alcor_default_animpackage
5C928CBF0A36B4CC,iw9_p07_sm_papa90_animpackage_gripvertshort_barxlong
5C94E43593B9E521,jup_cp05_lm_halpha_animpackage_gripvert
5C997FD73323DBA8,jup_p32_pi_mpapa9_default_animpackage
5C9CCC1B201217E6,jup_p32_pi_mpapa9_animpackage_nostock
5CA64ADCDF5E44CC,jup_p40_br_hcharlie36_animpackage_gripang_bar_hvy
5CAAC112611D0A22,jup_p06_lm_pkilop_animpackage_gripvert
5CAF8981DBCFB2F4,iw9_p49_pi_tango9_default_animpackage
5CBDF10700E1852A,iw9_p03_sm_apapa_animpackage_xmag
5CBF2B3EA36EB94D,sat_lm_typhon_animpackage_hybrid01
5CC615EFE1FC8954,jup_p36_ar_anovember94_animpackage_laser
5CC9ECDB8453025C,iw9_p15_lm_mkilo3_animpackage
5CCB085B981F9A10,jup_p41_sm_kpappa50_animpackage_gripang
5CD04D325A9C42FC,sat_ar_falcon_animpackage
5CDBECFFD551ED2C,t10_me_fists_default_animpackage
5CEEBD9640C2A4D4,jup_p01_sm_pcharlie9_animpackage_hybrid01
5CEEBF9640C2A83A,jup_p01_sm_pcharlie9_animpackage_hybrid03
5CF448768F0F1671,misc_vm_buzzsaw_default_animpackage
5CF697F18EAF6AFF,sat_sh_akita_animpackage_gripvert
5D02E49B36165380,sat_dm_kara_animpackage_hybrid01
5D1F8141DF824512,jup_p08_lm_qbravo95lsw_default_animpackage
5D482F820042D630,iw9_p16_lm_slima_animpackage_xmag
5D5A03B56375A5BB,jup_p24_pi_glima21_animpackage_stockskel_drum
5D5D750725E9089C,jup_p24_pi_glima21_animpackage_akimbo_r_xmaglrg
5D61A01637E701E2,sat_sm_bear_animpackage_hybrid01
5D62E641150A0AEA,t10_sn_p09_droger_animpackage_sway
5D8B640B0D87AFDF,iw9_p49_pi_tango9_akimbo_l_default_animpackage
5D9AD243CC088C86,sat_sn_drake_animpackage_xlrg
5D9E3A55BE7E7BCA,sat_sm_serval_animpackage_akimbo_r
5D9E3C55BE7E7F30,sat_sm_serval_animpackage_akimbo_l
5DA0E44A2D3BD92B,jup_p10_sn_cdelta50_animpackage_xmaglrg
5DAB32689DDEDF34,sat_ar_kite_animpackage_ubgl_launcher
5DAF0469EDE77182,sat_dm_scotia_animpackage
5DCC4AFF263A8C02,jup_p08_br_xmike5_animpackage_selectsemi_off
5DDBDFE9BCE6702A,t10_dm_p03_sgeorge550_animpackage_auto
5DE4FC52B25D3907,t10_dm_p05_falove_animpackage_fast01
5DE4FD52B25D3ABA,t10_dm_p05_falove_animpackage_fast02
5DEF3D4A013C8764,jup_p32_pi_mpapa9_animpackage_dmag
5DF11D5104DE588C,sat_sm_bengal_animpackage_gripang
5E096BCDE1EC7950,iw9_p05_ar_schotel_xmag
5E2D3E2FA502B1AC,sat_dm_oman_animpackage_rev
5E2E6FCADB4F51F8,t10_ar_p05_fable_animpackage_ubgl_launcher
5E2ED138B5963833,iw9_p08_ar_mcharlie_animpackage_selectsemi_on
5E37885B361170CC,t10_sm_p03_safox_animpackage
5E3E4214FA962479,sat_dm_kara_animpackage_selectsemi_off
5E5723DE25BAAEBC,t10_pi_p14_stiger_default_animpackage
5E666FAC5A4258F7,jup_p38_sh_spapa12_animpackage_selectsemi_stockhvy
5E6AE674537813CC,sat_sm_hyena_animpackage_akimbo_r_fast01
5E6AE974537818E5,sat_sm_hyena_animpackage_akimbo_r_fast02
5E746694696A9A1C,jup_p36_ar_anovember94_animpackage_ubsh_shotgun
5E7586FAEC024185,t10_sm_p43_schuck_animpackage_selectsemi_on
5E779B8382A0ED42,t10_dm_p02_aeasy_animpackage_ubgl_launcher
5E7CBFA530FCCB97,t10_sm_p12_roger31_animpackage_ext01
5E7CC0A530FCCD4A,t10_sm_p12_roger31_animpackage_ext02
5E8C1C583F801588,iw9_p43_ar_acharlie300_animpackage_gripvertshort
5E905925D9293F45,iw9_p01_ar_mike16_animpackage_ubsh_shotgun
5EB076E8884C4AD9,sat_sm_bear_animpackage_akimbo_l
5EB090E8884C7707,sat_sm_bear_animpackage_akimbo_r
5EBE5356A71E0359,t10_pi_p14_mable_animpackage
5ED21880ECD94716,iw9_p24_pi_golf17_animpackage_stockskel_drum
5EEF5B1E44A6483D,t10_lm_p07_ksugar58_animpackage_ubcrossbar
5EF82412C7015A0E,jup_p08_ar_qbravo95_animpackage_grip_20rnd
5F0316ADFF4D1C40,sat_dm_kara_animpackage
5F047E5B00E3FAD1,iw9_p29_la_juliet_default_animpackage
5F0DC7B996DF3859,jup_p12_pi_romeo93_animpackage_drum
5F14505CA2D23038,t10_ar_p45_kent_default_animpackage
5F45EA6D8A8C9C38,t10_dm_p05_falove_animpackage_barhical
5F49FC0A9C751EE2,t10_dm_p05_falove_animpackage_gripvert01
5F4D3399991C5914,iw9_p12_sh_mike1014_animpackage_guardtac_gripvert
5F51B7E16BACDDF8,jup_p37_dm_kappa98_animpackage_scope
5F5BBEF2B42D10A0,iw9_p16_lm_slima_animpackage_hybrid03
5F5BC0F2B42D1406,iw9_p16_lm_slima_animpackage_hybrid01
5F93966D4DDEDF20,iw9_p44_sh_tsierra12_animpackage_gripvert
5F95E8255CA2C33B,sat_ar_heron_animpackage_fast01
5F95E9255CA2C4EE,sat_ar_heron_animpackage_fast02
5FA351C42D2D15C1,jup_p03_br_aromeo200_animpackage_ubsh
5FBC302166750D27,t10_me_p15_knife_default_animpackage
5FBD1E322F6E9402,t10_lm_p33_uxray_animpackage_fast01
5FC89BAD6F773897,iw9_p04_sm_aviktor_animpackage_xmags
5FD3ECEC6F789EAE,t10_sn_p24_love96_animpackage_bp_mecha
5FD7F12AAE566BCE,jup_p05_ar_foxtrot2000_default_animpackage
5FDA31C42D5C21D1,jup_p03_br_aromeo200_animpackage_ubch
5FE44FC42D64A950,jup_p03_br_aromeo200_animpackage_ubfl
5FE532D12F59FFC9,iw9_p06_ar_falpha_animpackage_gripvert
5FE735C42D66B2F9,jup_p03_br_aromeo200_animpackage_ubgl
5FE7960F4A16026E,t10_ar_p34_tbaker_animpackage_ubgl
5FE7E7956C78B1B3,jup_p36_ar_anovember94_animpackage_4028
6005B0FCC5F99B93,t10_dm_p01_sroger25_animpackage_hybrid01
6013C540E507FEB6,iw9_p02_ar_kilo53_animpackage
601C651F8EB6147E,sat_sm_orca_animpackage_fast02
601F91FD038E4E3C,t10_ar_p22_able18_animpackage_gripvert02
601F92FD038E4FEF,t10_ar_p22_able18_animpackage_gripvert03
601F94FD038E5355,t10_ar_p22_able18_animpackage_gripvert01
6024AF1D78977A12,iw9_p15_lm_mkilo3_animpackage_xmag
602B9591433746C6,jup_p02_ar_bromeo2m_animpackage_ubfl_flame
60327C5E06A030B3,t10_ar_p01_coslo723_animpackage_bp_repairman
606FF61133443C38,jup_p03_br_aromeo200_animpackage_gripvertshort
60769DAED91B5582,jup_jp04_sm_lwhiskey_default_animpackage
6081E2D90ED2E3A2,jup_p02_ar_bromeo805_animpackage
608B78862728B6F0,iw9_p55_pi_mike2011_animpackage_akimbo_r_xmag
608D4C654F9229EF,jup_p44_ar_stango44_animpackage_xmag
6092237C23A8452A,sat_ar_albatross_animpackage
60976214CFD5F857,jup_p40_br_hcharlie36_animpackage_bar_hvy
60986BD73BCF4DF6,iw9_p13_sh_mbravo_animpackage_stockhvy
609979BD96E4A71A,sat_lm_hades_animpackage_fast01
60AFEA2ABB6EF7BA,iw9_p04_sh_vecho_animpackage_10mil
60B5B6E2A8148202,iw9_p10_sm_victor_animpackage_gripvertshort
60B762D7D478D713,iw9_p01_sm_alpha57_default_animpackage
60D80299B3CD3D64,t10_lm_p02_puncle21_animpackage_ubcrossbar
60FC1E0E442EF4CA,t10_ar_p22_able18_animpackage_velocity
6107F83106EBD0D1,t10_ar_p47_gilroy_animpackage_selectsemi_on
6125BD2232A2F16C,iw9_p05_ar_scharlie_bipod
612651095F858AA5,t10_sm_p41_perth_animpackage_bp_creature
612B7F90F8B30650,sat_pi_orion_default_animpackage
612D1329A16A5456,iw9_p16_lm_slima_animpackage_fireselect_on_grip
615BD7507BF03379,iw9_p54_sn_walpha_xmag_animpackage
61650FB735568EC1,sat_ar_eagle_animpackage_barmix
6167CE72A0EF7B97,sat_ar_macaw_animpackage_ext01
6167CF72A0EF7D4A,sat_ar_macaw_animpackage_ext02
616D011087BB1B4A,iw9_eg_stim_friendly_revive_default_animpackage
616FDAB67A738DB0,jup_p34_ar_balpha27_animpackage_gripang_v5008
618B1F4A5FB8798C,iw9_p28_la_gromeo_default_animpackage
618EBD968094F8C8,iw9_p02_lm_kilo21_animpackage_selectsemi_off
61914E49A11D47AE,iw9_p01_dm_msecho_animpackage_barlbull
61A5865460D0A837,jup_p38_sh_spapa12_animpackage_gripang
61B1023AA0739A61,sat_sn_drake_animpackage_ub_focus
61E239E32C9758E1,jup_eq_monkey_bomb_animpackage
61E582DABF02C61E,iw9_p06_ar_falpha_semiselect_off
61E85D24B0735473,iw9_p02_lm_kilo21_animpackage_hybrid03
61E85F24B07357D9,iw9_p02_lm_kilo21_animpackage_hybrid01
61E9242901BD6D85,offhand_2h_c4_animpackage
61EA997F0F351F04,jup_p01_lm_mgolf36_animpackage_gripvertshort
61EBB857FE179757,iw9_p20_dm_mike24_animpackage_hybrid03
61EBBA57FE179ABD,iw9_p20_dm_mike24_animpackage_hybrid01
61EDAF1F7F2926B6,sat_ar_egret_bp_s4blk
61F16D7162E56709,jup_p19_ar_acharlie_animpackage_smag
61F39D433C20D9BC,iw9_p02_ar_golf3_animpackage_bar_ar
61FE98EB7ADE534A,iw9_p28_la_gromeo_animpackage
62081D547B73F0BA,iw9_p01_ar_mike4_animpackage_xmag
620AF15E08C324FD,sat_sm_zebra_animpackage_selectsemi_on
621FB0433C4634F0,iw9_p02_ar_golf3_animpackage_bar_lm
622EC22DBBBD11A9,jup_jp04_sm_lwhiskey_animpackage_xmaglrg
622F8F5E625AF240,jup_p08_ar_qbravo97_animpackage_ubgl_60rnd
6242D9AE3D6D519A,iw9_p03_lm_ahotel_animpackage_armag
624B8F8064AC42EB,iw9_p20_dm_mike24_animpackage_xmag
625E7A5A59C3FD6D,t10_ar_p22_able18_animpackage_selectsemi_on
626600380F2160AB,iw9_fists_default_animpackage
626FE8515039DE1B,iw9_default_animpackage
627A71F4AD9212A2,jup_p24_pi_glima21_animpackage_akimbo_l_xmaglrg
627ED9A569290CF2,jup_cp44_sh_tsierra12_animpackage_amp
62A8FCF9786CB572,t10_sl_p29_goslo_default_animpackage
62B3C19437C1DF0B,sat_ar_eagle_bp_milspace
62B4F6E15F6884B0,sat_ar_hawk_animpackage_hybrid01
62D5C66E18990B73,iw9_p13_sh_mbravo_animpackage_gripang
62DF5DD7EC345958,sat_ar_falcon_animpackage_gripvertshort
62F41AB449E90320,t10_dm_p05_falove_animpackage_barvelocity
630E65EC918E607B,t10_ar_p34_tbaker_animpackage_fast01
630E66EC918E622E,t10_ar_p34_tbaker_animpackage_fast02
63233BCFA45D87AD,t10_sm_p02_geasy9_animpackage_barvelocity
6326933DD7E1F0EB,t10_dm_p03_sgeorge550_animpackage_ext01
6326943DD7E1F29E,t10_dm_p03_sgeorge550_animpackage_ext02
6328ABD41BD288FE,jup_p14_pi_rsierra12_animpackage_akimbo_l
6328B5D41BD299FC,jup_p14_pi_rsierra12_animpackage_akimbo_r
633F7E182737953B,sat_lm_zeus_animpackage_ext01
633F7F18273796EE,sat_lm_zeus_animpackage_ext02
635240B795474F4A,iw9_p04_ar_akilo105_semiselect_on
63549AE71CB5F193,t10_ar_p05_fable_animpackage_fast02
63549BE71CB5F346,t10_ar_p05_fable_animpackage_fast01
636F5AEE08FA72F9,sat_sm_gecko_default_animpackage
636F6FF183BE03F9,iw9_p24_pi_golf18_animpackage_akimbo_l
636F89F183BE3027,iw9_p24_pi_golf18_animpackage_akimbo_r
63A53AE9750162A6,iw9_p10_sm_victor_animpackage
63A7E8E0E3A86FCE,jup_p05_ar_foxtrot2000_animpackage_ubgl_launcher
63B9FAF1B7DAF8AF,sat_sm_komodo_animpackage_lrg
63C1909439558A84,t10_sh_p25_uncle12_animpackage_ext02
63C1939439558F9D,t10_sh_p25_uncle12_animpackage_ext01
63C440BBDD773877,t10_sm_p06_sroger3_animpackage_bp_bong
63CFFB5AF67C21CC,t10_ar_p02_aking74_animpackage_fast03
63CFFC5AF67C237F,t10_ar_p02_aking74_animpackage_fast02
63CFFD5AF67C2532,t10_ar_p02_aking74_animpackage_fast01
63D14C9CC39EEA83,t10_ar_p02_aking74_animpackage_selectsemi_off
63DB80F9B8E15635,iw9_p53_sn_india_bolthvy_animpackage
63EDCC064AF6B2E6,jup_p05_ar_foxtrot2000_animpackage_gripvert
63F1887D598A7C28,jup_p08_br_xmike5_animpackage_selectsemi_on
63FA95FE372FB59E,jup_p20_lm_evictor_animpackage_scope
64031C4C3FDDAD64,t10_sh_p10_moslo500_animpackage_barrange
6419F47A329E43C0,iw9_p44_sh_tsierra12_animpackage_hybrid03
6419F67A329E4726,iw9_p44_sh_tsierra12_animpackage_hybrid01
642528D4386D5199,sat_ar_vulture_animpackage_gripang
642D920D6D5EA569,t10_sm_p28_saug_animpackage_gripang
642E6F3830A8DF7C,jup_jp03_sm_pmike_smag
643B25F714314A83,t10_ar_p04_clove_animpackage_selectsemi_on
644C85A975A5C5C7,iw9_p01_dm_msecho_animpackage_hybrid03
644C87A975A5C92D,iw9_p01_dm_msecho_animpackage_hybrid01
644FEDAAA846674A,jup_p19_ar_acharlie_animpackage_gripvert
6456CDAAE0A84681,jup_p09_sh_oromeo12_animpackage_mag_12_12g
646322734A83921B,t10_dm_p50_erie_animpackage
646426421D0F697D,iw9_p05_ar_scharlie_default_animpackage
64821FFCEBAECC3B,t10_ar_p23_love85_animpackage
6488A8DF4F76E257,t10_ar_p05_rmary2_animpackage_ext02
6488A9DF4F76E40A,t10_ar_p05_rmary2_animpackage_ext01
64953948E9937E2B,t10_dm_p02_aeasy_animpackage_hybrid
64A2EF08610A04DD,t10_ar_p05_fable_animpackage_ub_crossbow
64B1299534B8D9E5,iw9_p02_ar_kilo53_bipod
64C0823BF57AE73F,iw9_p52_ar_helima_gripang
64CECFC01D5C307C,offhand_2h_cyber_emp_default_animpackage
64E0BFFDEEA442A1,iw9_p11_sm_uzulu_animpackage_xmag_optic
64E7F1F78CC57506,t10_ar_p23_love85_animpackage_barrange
64F24A474F4669E9,jup_p02_dm_bromeop_animpackage_xmag
64F9AE59B373135F,iw9_p02_lm_kilo21_animpackage_gripside
651C725F702DBD7B,t10_ar_p49_fresno_animpackage_ubcrossbow
653528DFFECEF781,sat_sm_komodo_animpackage_hybrid01
6552FF286365B57C,sat_lm_typhon_animpackage_fast02
655302286365BA95,sat_lm_typhon_animpackage_fast01
6566DB7E8003858E,jup_p01_dm_slima8_animpackage_30rd
656CAA6C507A1D9F,jup_p08_br_xmike5_animpackage_ubfl_flame
6575363CEA96F8F9,sat_ar_finch_animpackage_barlong
6581851A325DCACB,iw9_p05_ar_schotel_gripvertpro
6583ACB5D283F018,jup_cp05_lm_halpha_animpackage_gripang_xxlmag
6586EE8E1C5DDCB3,jup_p38_sh_spapa12_animpackage_selectsemi_hybrid03
6586F08E1C5DE019,jup_p38_sh_spapa12_animpackage_selectsemi_hybrid01
6592E7CF39232738,t10_ar_p04_clove_animpackage_ubgl_launcher
65A0772A90D5A5E3,jup_p37_dm_kappa98_animpackage_gripvert
65C48CF661FC63A4,iw9_p38_dm_crossbow_default_animpackage
65D58A89736062A0,t10_pi_p13_usugar9_animpackage_bp_panda_ext01
65D58D89736067B9,t10_pi_p13_usugar9_animpackage_bp_panda_ext02
65E1DD8AF28F404D,sat_ar_eagle_animpackage_barjump
65EA70FAFB0AB19F,sat_sh_corso_bp_vault
65EAB39C7FA21A7E,t10_lm_p07_ksugar58_animpackage_hybrid01
65F8E22994A4F260,jup_p36_ar_anovember94_animpackage
66054AC9F633B3A6,offhand_2h_throw_knife_default_animpackage
66063246D51BDD98,iw8_sm_mpapa5_animpackage_carry_hostage
660B87F0D338267A,sat_sn_baltic_animpackage_hybrid01
6614DA224B346337,iw9_p49_pi_tango9_animpackage_akimbo_r_carry
663216A18CAC2BD3,t10_pi_p14_stiger_animpackage_stock
6633FD4DA5A42CB1,t10_sm_p06_sroger3_default_animpackage
6635BF9791174AA0,iw9_p56_ar_malima_gripvertpro
6646BF1BAB57E468,iw9_p18_br_soscar14_animpackage_drum
6664ABEFA521761E,iw9_p43_sm_acharlie9_animpackage_drum
66752863C87BCCC1,iw9_p01_ar_mike4_animpackage_selectsemi_on
668783DB51F03515,jup_p38_sh_spapa12_animpackage_selectsemi_stockno
6689DA360B80D3B4,iw9_p15_lm_mkilo3_animpackage_hybrid01
6689DC360B80D71A,iw9_p15_lm_mkilo3_animpackage_hybrid03
6690BAB711B79BD3,jup_p36_ar_anovember94_animpackage_gripang
66960102DA5EBFDE,iw9_p20_dm_la700_animpackage_bolthvy
66A25CCD53943E05,jup_vm_cp04_ar_akilo_bolt_action_default_animpackage
66A45E914678B3A4,iw9_p06_ar_falpha_semiselect_on
66A5BCC70F265ED6,iw9_p05_ar_scharlie_semiselect_on
66B0D94EF4922063,sat_ar_hawk_animpackage_extmag2
66B84F022B168BE8,iw9_p02_ar_kilo53_smags
66BC191413CBE168,offhand_2h_smoke_grenade_default_animpackage
66C0C3658BB2DB0A,jup_p05_ar_foxtrot2000_animpackage_xmag
66CA5BF74E5ACA10,t10_sm_p12_roger31_animpackage_gripang01
66CA5EF74E5ACF29,t10_sm_p12_roger31_animpackage_gripang02
66DAB0A9C235E1F5,iw9_p25_pi_decho_animpackage_gripvertshort
66DEF3A69895CB66,t10_ar_p01_coslo723_default_animpackage
66E2D96C8480FE50,sat_lm_hades_animpackage_barhcal
66E66D1168D49D4A,sat_sm_orca_animpackage_gripang
670D3B35B13D6813,iw9_p23_sn_alpha50_hybrid01_animpackage
670ECF41BDB2C6D8,t10_sm_p43_schuck_animpackage
672E8262A86D08C7,jup_p19_br_acharlie450_animpackage_selectsemi_on
673160D02CC8F19B,iw9_p20_dm_sa700_animpackage_bolthvy
673268AB241F248F,iw9_p05_ar_schotel_drum
6735E138210D5F73,t10_sh_p27_jhavana_animpackage_ext02
6735E238210D6126,t10_sh_p27_jhavana_animpackage_ext01
6759C792BA352A9F,iw8_ar_falima_animpackage_carry_hostage
675F3DC2336471F8,iw9_p12_sh_mike1014_animpackage_hybrid01
675F3FC23364755E,iw9_p12_sh_mike1014_animpackage_hybrid03
67602A1025EBB2E9,iw9_p04_sm_aviktor_animpackage_semiselect_off
676754189184D493,jup_p40_br_hcharlie36_animpackage_hybrid03
676756189184D7F9,jup_p40_br_hcharlie36_animpackage_hybrid01
676CBBA703DC58BC,iw9_p02_lm_kilo21_animpackage_gripang
67772237BD9930EF,iw9_p02_ar_kilo53_ubgl
67794B2EF65816A3,t10_sh_p27_jhavana_default_animpackage
677D70D9FE28849C,jup_p19_ar_acharlie_animpackage_gripvertshort
6789928C2A670227,iw9_p18_br_soscar14_animpackage_gripvertshort
67990924EFE0733C,jup_p36_ar_anovember94_animpackage_ubfl_flame
679EC59386352792,iw9_p01_dm_msecho_animpackage_selectsemi_on
67A04786148ABD90,jup_p24_pi_glima21_bar_convert_animpackage_gripvert
67A54AD5BCE55A93,t10_ar_p49_fresno_animpackage_bp_arcade
67B0F699528834B7,t10_pi_p13_usugar9_animpackage_bp_panda
67BA66ABDB5B065D,iw9_p56_ar_malima_animpackage
67BB2637BDD30487,iw9_p02_ar_kilo53_ubsh
67D36877C05EA8BC,jup_p16_sh_recho870_animpackage_gripergo
67D3C543A67C7A93,sat_dm_samar_bp_panzer
680C23830396EDF1,t10_sn_p24_love96_animpackage_quickbolt
682AA56D0A012157,jup_p14_pi_rsierra12_animpackage_gripvertshort
685A0CEFC7CF4CD6,jup_p28_lm_rpapa20_animpackage_gripang
686BEE554EF1CA63,t10_dm_p01_sroger25_animpackage_bp_drkmagic
686DD2D0B20622DE,sat_sh_akita_animpackage_akimbo_l
686DDCD0B20633DC,sat_sh_akita_animpackage_akimbo_r
686E01BBC25689B0,t10_ar_p22_able18_animpackage
68739C1CE380967E,t10_sn_p24_love96_animpackage_hybrid01
687E6E26184B39D9,iw9_p20_dm_la700_animpackage
688B207C2ED6BCF9,iw9_p52_ar_helima_animpackage_ubgl
6894970B2AE8C47A,jup_p25_ar_talpha95_animpackage
689BE01B8AFE7F62,iw8_eq_semtex_mp_animpackage
689C5D37AF017FFC,jup_p14_pi_rsierra12_animpackage_gripang
68A7551618A5DE5E,sat_ar_condor_bp_actionh
68C3ABEA8EE82AE9,iw9_p13_sh_mviktor_animpackage_stockno
68C821BBDE86A046,sat_sm_zebra_animpackage_xmag
68C8AA5680B94D06,t10_sm_p03_safox_default_animpackage
68CBE36EA2B383F2,iw9_p22_sn_limax_gripvertshort_animpackage
68CC065C27F9CD76,iw9_p12_sh_mike1014_animpackage_guardlgt_gripang
68D51E6F582334A3,iw9_p01_dm_stango25_default_animpackage
68E19CE19EF463CE,t10_sm_p03_safox_animpackage_gripvert
68FEC4D70127ED61,iw9_p01_sm_alpha57_animpackage_gripvertshort
68FF02FEB4CB0EFB,t10_ar_p34_tbaker_default_animpackage
690E806EFDC3B281,iw9_p01_sm_alpha57_animpackage
691A7E47B007395B,t10_dm_p03_sgeorge550_animpackage_barrange
69284E6948CB06A3,sat_sn_caspian_animpackage_fast
693229C811B3E74C,sat_ar_hawk_animpackage_barlong
69345A3A20500F4F,jup_p02_ar_bromeo805_animpackage_ubsh
69459F4558D2521F,t10_sn_p08_ultiger_animpackage_ubgripfocus
6959383A206EF1C6,jup_p02_ar_bromeo805_animpackage_ubfl
695D363A2072D737,jup_p02_ar_bromeo805_animpackage_ubgl
6967E02E3330BA27,iw9_p08_ar_mcbravo_animpackage_gripvert
696A3A3A207D685F,jup_p02_ar_bromeo805_animpackage_ubch
6989118868F69A22,sat_sm_puma_animpackage_refill
698B5DA7DD2A003E,jup_p19_ar_acharlie_animpackage_xmag
698DD9D47C568F63,t10_ar_p34_tbaker_animpackage_hybrid01
6994473E2667E036,iw9_p56_ar_malima_gripang
69B29AD3D3BF6D57,sat_sh_akita_animpackage
69B906DCD6A8BC12,iw8_ar_scharlie_animpackage_carry_hostage
69BA7B0E4FC931F8,jup_p01_sm_pcharlie9_animpackage_laser
69C073265AC6D073,t10_sl_p29_goslo_animpackage_gripang
69C54BB25ED2A39C,jup_p19_ar_acharlie_animpackage_3013_ub
69D88EB06C2CA057,jup_p16_sh_recho870_animpackage_bolthvy
69E04618B2C64012,iw9_p49_pi_tango9_animpackage_gripang_smag
6A008F4AC9FEF86E,t10_lm_p33_uxray_animpackage_hybrid01
6A027EAB1567E66E,iw9_p01_dm_stango25_animpackage_guardlgt
6A1FDE37AD56A11B,t10_lm_p02_puncle21_animpackage_fast01
6A1FDF37AD56A2CE,t10_lm_p02_puncle21_animpackage_fast02
6A3A51BEBD17B5FA,iw9_p20_dm_sa700_animpackage_xmag
6A5AB6F060D22CC5,jup_p01_sm_pcharlie9_animpackage_selectsemi_off
6A6278D0B5271C08,sat_ar_hawk_animpackage_barxlong
6A6C028687F04D29,t10_ar_p22_able18_animpackage_selectsemi_off
6A7EEC04220402D3,iw9_p54_sn_walpha_hybrid01_animpackage
6AA18034A2D4626D,sat_sl_crossbow_animpackage
6AA7080152028521,sat_ar_wren_animpackage_fast01
6ABDCD92DAF91648,sat_dm_scotia_bp_diytech
6ABE6985550D3055,jup_p02_sm_scharlie3_animpackage_selectsemi_on
6AC4C8B8C22632C4,iw9_p14_sh_charlie725_animpackage_gripvert
6ACB30F92A7019E8,sat_ar_wren_bp_smind
6AD76F7D72087311,t10_pi_p42_pyork_animpackage_akimbo_l
6AD7797D7208840F,t10_pi_p42_pyork_animpackage_akimbo_r
6AE82EA5E2D3C983,t10_sm_p03_safox_animpackage_barhical
6AEA87F35414EA91,t10_sm_p52_lisbon_animpackage_gripang
6AF1AAFF0EB85FC2,iw9_p17_lm_ngolf7_animpackage_hybrid03_gripside
6B108987BB84F312,sat_sn_baltic_animpackage
6B31E69646D004A4,t10_ar_p56_milan_animpackage_bp_scarecrow
6B3423D335D6C0D3,t10_sm_p03_safox_animpackage_barrange
6B48353CB1523E15,jup_p19_ar_acharlie_animpackage_ubsh
6B4B33EB990FEAC6,jup_p08_ar_qbravo97_default_animpackage
6B4CE9A754B3EBC5,t10_dm_p02_aeasy_animpackage_ubgl
6B532129ABB255D5,sat_ar_egret_animpackage_fast02
6B545E23AC4D0873,t10_dm_p05_falove_animpackage_barjump
6B5B6527D61E26DD,iw9_p21_sn_mromeo_animpackage
6B5C9F55D51BB41C,iw9_p19_sh_sbeta_default_animpackage
6B6E2B3CB172FC54,jup_p19_ar_acharlie_animpackage_ubfl
6B6F5B2FA081F33D,iw9_p13_sh_mbravo_animpackage_barmini
6B71113CB17505FD,jup_p19_ar_acharlie_animpackage_ubgl
6B7157DBA7C2DB7E,sat_ar_finch_animpackage_gripang
6B7F153CB1814A25,jup_p19_ar_acharlie_animpackage_ubch
6B830B9CA1A931DA,t10_ar_p34_tbaker_animpackage_gripang
6B9306AE3CE067CA,t10_ar_p05_fable_animpackage_hybrid01
6B981B8D0C6920D0,iw9_p02_sm_mpapa5_animpackage_barlong
6BA5178C8A6FC1C8,t10_ar_p45_kent_animpackage_ext02
6BA5188C8A6FC37B,t10_ar_p45_kent_animpackage_ext03
6BA51A8C8A6FC6E1,t10_ar_p45_kent_animpackage_ext01
6BAE153D8FB2A8BE,sat_sm_otter_animpackage_gripvertshort
6BBB54E12A90A087,jup_p02_ar_bromeo2m_animpackage_20rnd
6BD0DACC9FD0492B,t10_sn_p09_droger_default_animpackage
6BD2AF0C2DEAB8CD,jup_p01_dm_slima8_animpackage_gripang
6BDCC8CC85D6A212,sat_ar_condor_animpackage_barjump
6BF7D4112C39526E,t10_ar_p45_kent_animpackage_ub_crossbow_bow
6BFC2CFBB2A797D6,sat_sm_bear_animpackage_akimbo_r_fast
6C099EAA13223236,sat_lm_hades_animpackage_hybrid01
6C1ABCB8A5374FFD,jup_p02_br_bromeo2_animpackage_selectsemi_off
6C207BCECFD3E427,iw9_p04_lm_rkilo_gripang
6C233DD9C43A11C2,sat_sm_bear_animpackage_akimbo_r_ext02_556
6C25385AB5A7E432,t10_ar_p54_aspen_animpackage_bp_mskate
6C28EDAF3E433BD2,jup_p23_me_pdango_default_animpackage
6C38EF8B529821BB,sat_ar_albatross_animpackage_selectsemi_on
6C3F059059EF0507,sat_lm_zeus_animpackage_beltfed
6C3F5553EC4DD376,iw9_p44_sh_tsierra12_animpackage
6C491CCF4C064CC3,t10_ar_p23_love85_animpackage_ub_crossbow_bow
6C4E21EE2DE54C46,iw9_p04_ar_akilo_bipod
6C540613D4D8CE3C,t10_sm_p52_lisbon_default_animpackage
6C5A83107D4B0FE2,t10_ar_p04_clove_animpackage
6C5D490EFE055D33,t10_dm_p09_svalor_animpackage_fast01
6C5D4A0EFE055EE6,t10_dm_p09_svalor_animpackage_fast02
6C640D61C558E80D,t10_ar_p47_gilroy_animpackage_barvelocity
6C7E49EACB4C7D2F,sat_dm_oman_animpackage_smag
6C8462DBC3426179,iw9_p09_sm_mpapa7_default_animpackage
6C89E19D43C3F6B1,iw9_p55_pi_mike2011_animpackage_akimbo_r_xmag_barcomp
6C9E5A1249084180,sat_sh_akita_animpackage_ext01
6C9E5D1249084699,sat_sh_akita_animpackage_ext02
6CBD3F37688A707B,jup_p19_ar_acharlie_animpackage_40rnd
6CC3BDE272EEE4FD,iw9_p04_ar_akilo74_lightshort_laser
6CC630B342EB6F1B,jup_p16_sh_recho870_animpackage_gripang
6CE808B4529FA228,iw9_pi_stimpistol_animpackage
6CF289F1C1C2BB3B,jup_p01_sm_pcharlie9_animpackage_barsil_short_laser
6CF83885FA7BC494,t10_dm_p02_aeasy_animpackage_545_ext01
6D0985E5043E8588,t10_ar_p06_asvalor_animpackage_ub_crossbow
6D0B84D9D45F3F76,jup_p37_dm_kappa98_animpackage_stockprecision
6D20CB5ED53C8269,jup_p02_ar_bromeo2m_animpackage_gripang
6D254AE5DF241C0F,jup_p08_ar_qbravo97_animpackage_gripang
6D2E6E373FA3CFAB,iw9_p26_pi_swhiskey_animpackage_akimbo_l
6D2E7C373FA3E775,iw9_p26_pi_swhiskey_animpackage_akimbo_r
6D4518FC53CC1669,jup_p01_ar_golf36_animpackage_ubgl_launcher
6D670EAC242E8771,iw9_p55_pi_mike2011_animpackage_xmag
6D72CFB617790F34,iw9_p52_ar_helima_hybrid01
6D72D1B61779129A,iw9_p52_ar_helima_hybrid03
6D77413F1F972EEF,t10_lm_p53_mesa_animpackage_gripvert
6D7A772FD281849F,iw9_p02_lm_kilo21_animpackage_gripvert
6D991AF9B127AD2F,t10_pi_p42_pyork_akimbo_l_default_animpackage
6DA8030614BAA0FE,iw9_p12_sh_mike1014_animpackage_tube10
6DAA0A546050C3B8,iw9_p14_sh_charlie725_animpackage_v10_guardtac
6DC97AFF168D7259,t10_sh_p27_jhavana_animpackage_gripvert
6DCCC828BB52702D,sat_ar_macaw_animpackage_ubgl
6DD20D1D8C33F610,t10_sm_p04_chuck9_animpackage_10m
6E042E84D9700FC5,sat_sm_cobra_animpackage
6E24D1EC55DCC2F2,sat_dm_kara_default_animpackage
6E485688338A4188,jup_p08_ar_qbravo95_animpackage_hybrid03
6E485888338A44EE,jup_p08_ar_qbravo95_animpackage_hybrid01
6E4A3193B7CE48CE,t10_sm_p21_pparis90_animpackage_selectsemi_off
6E629A453E3A7603,jup_p41_sm_kpappa50_animpackage_gripvert
6E6396E7158BAA2A,jup_jp04_sm_umike45_animpackage_gripvert
6E7A4FBE10B43C01,jup_p12_pi_mike93_animpackage_drum
6E829F31CE5A5990,t10_sm_p03_safox_animpackage_bp_printer
6E8857F2F71A35C9,iw9_p03_ar_augolf_animpackage_gripang
6E9FE88DAA7A44E3,iw9_p06_ar_fecho_semiselect_off
6EAB939E5071D760,iw9_p08_ar_mcbravo_animpackage_smag
6EC1121350BE6E85,jup_p36_ar_anovember94_animpackage_semiselect_on
6EC607924D7221DF,iw9_p42_ar_ngsierra_animpackage_drum
6ECD719C2AE5A544,sat_sn_coral_animpackage_hybrid01
6ED8708F857F9331,jup_p02_sm_scharlie3_animpackage_selectsemi_off
6EEB7FE353DB0CE3,jup_p20_lm_evictor_default_animpackage
6F1132A163A2C921,sat_ar_hawk_animpackage_barheavy
6F1143836E4E9518,jup_p32_pi_mpapa9_animpackage_hybrid03
6F1145836E4E987E,jup_p32_pi_mpapa9_animpackage_hybrid01
6F1CA1004829E7FB,t10_ar_p54_aspen_animpackage_ext02
6F1CA2004829E9AE,t10_ar_p54_aspen_animpackage_ext01
6F41BCA248A370B0,iw8_sm_augolf_animpackage_carry_hostage
6F46D96EE845EB82,iw9_p07_sm_papa90_animpackage_gripvert
6F495977C058A964,iw9_p02_ar_kilo53_barlight
6F4E8893CB8992D6,jup_p23_me_swhiskey_default_animpackage
6F58384DFAD75AA2,jup_p20_lm_evictor_animpackage_bipod
6F5CCD224A578761,sat_sn_baltic_animpackage_ubcrossbar
6F6F449F741F8A18,t10_sm_p12_roger31_animpackage_hybrid01
6F920A74FB204D19,jup_p01_sm_coscar635_animpackage_100rd_grip
6F98A4C4F4C5434D,iw9_p10_sm_victor_animpackage_gripang
6FA47F8C749E78C8,sat_sm_gecko_animpackage_stock_fold
6FA741C1B6939EB9,jup_p24_pi_glima21_animpackage_akimbo_r
6FA75BC1B693CAE7,jup_p24_pi_glima21_animpackage_akimbo_l
6FAD5D43A2816376,iw9_p19_dm_sbeta_animpackage
6FB2E096FA59EF99,sat_sm_marmot_animpackage_selectsemi_on
6FBFD8D76F4143A4,t10_sm_p52_lisbon_animpackage_gripvert
6FC51BDD45EADED3,jup_p08_ar_qbravo95_animpackage_selectsemi_off
6FCDD43608547E45,jup_p32_pi_mpapa9_akimbo_r_default_animpackage
6FEBDA548576B25A,t10_sm_p12_roger31_default_animpackage
6FF9210C08C79F64,sat_sm_komodo_animpackage_gripang
7000FD011C8D42C1,sat_ar_vulture_animpackage_fast
700E6DB141769B30,iw9_p23_sn_alpha50_guardhvy_animpackage
70222A3CD3CC9668,iw9_p12_sh_mike1014_animpackage_irons
702233D9DFBA9E6A,iw9_p17_lm_ngolf7_animpackage
7028B2D6E349E457,iw9_p18_dm_mike14_animpackage_gripvert
7037DD46EEB507E3,iw9_p52_ar_helima_bipod
703CE338B3A2EE21,t10_ar_p34_tbaker_animpackage_ubcrossbow
703FC6D3CBD963E0,jup_p36_ar_anovember94_animpackage_hybrid01
703FC8D3CBD96746,jup_p36_ar_anovember94_animpackage_hybrid03
704F8DA446275516,jup_p44_ar_stango44_animpackage_selectsemi_on
70531C548AD5FA52,jup_p25_sm_talpha95m_animpackage_50rnd
70535E95B6AAAD8D,iw9_p01_dm_stango25_animpackage_drummag
7054FC0F4CDD8443,t10_dm_p03_sgeorge550_animpackage_ub_crossbow
7066B001FBE9D3FB,sat_sm_bear_animpackage_akimbo_l_ext02
7066B101FBE9D5AE,sat_sm_bear_animpackage_akimbo_l_ext01
706C58EA4B92C573,offhand_2h_armor_box_animpackage
706C77BA162902A1,jup_p01_dm_slima8_animpackage_40rd
707BBFFDBD86DADF,jup_p14_pi_rsierra12_animpackage_gripvert
707E845EF2AF4A5E,iw9_p56_ar_malima_bipod
708A238AFCFE2CD4,sat_pi_atlas_animpackage
708C896B55248A40,jup_p06_lm_pkilop_animpackage
7096EA9712AB6496,jup_p07_pi_uzulum_default_animpackage
709A470C61D5E5E4,iw9_p55_pi_mike2011_animpackage_akimbo_l_xmaglrg_barcomp
709BC9D233AD8501,jup_p36_ar_anovember94_animpackage_semiselect_off
709E59DF6FF95FBD,iw9_p01_dm_msecho_default_animpackage
70AE7B0FCEF93074,iw9_p03_lm_ahotel_animpackage_armag_xmag
70B35F60B8595DE9,jup_cp05_lm_halpha_animpackage
70B6D5C89B55992D,iw9_p16_lm_slima_animpackage_fireselect_off
70BA94D39B411210,t10_sn_p09_droger_animpackage_fullauto
70BEC0523A29A366,jup_p19_br_acharlie450_animpackage_xmagr
70CF79599CD1C21B,sat_sm_bear_animpackage_selectsemi_on
70D2C85F94F15DFB,jup_jp04_sm_umike45_animpackage_gripang
70DC737C2072F3ED,t10_sm_p04_chuck9_animpackage_hybrid01
70DDFC5685359B40,iw9_p02_ar_kilo53_ubgl_launcher
70EEFFACF9AB5277,t10_ar_p04_clove_animpackage_bp_power
70F80B915846B0AB,iw9_p12_sh_mike1014_animpackage_gripang
70F82EDAA88575A4,jup_p19_ar_acharlie_animpackage_ubsh_shotgun
70FD8C93AD54C3DF,iw9_p12_sh_mike1014_animpackage_guardhvy
7115F5331EB15414,t10_sn_p46_hugo_animpackage
711FD534595770DA,jup_cp05_lm_halpha_animpackage_gripang
7128C5A7CD6B2974,iw9_p12_sh_mike1014_animpackage_guardhvy_gripang
712F4DE38E210233,sat_sm_bear_animpackage_akimbo_r_ext01_556
712FCBA4489AA817,iw9_p02_lm_kilo21_animpackage_gripvertshort
7145EE23B22096BF,jup_p40_br_hcharlie36_animpackage_gripvert
7148F18334E9A274,sat_dm_solomon_animpackage_fast01
7148F48334E9A78D,sat_dm_solomon_animpackage_fast02
714FC8751E06E5FE,iw9_p24_pi_romeo18_animpackage
7163A8AE28C58BBB,iw9_p24_pi_golf17_animpackage_xmag
716F3E6FDAD4C2BA,jup_p08_ar_qbravo97_animpackage_gripang_20rnd
7170AE592AF30D6B,jup_p24_pi_glima21_animpackage_stockskel_xmaglrg
71832CD487FA6B8B,iw9_p02_lm_kilo21_animpackage_gripside_hybrid03
71832ED487FA6EF1,iw9_p02_lm_kilo21_animpackage_gripside_hybrid01
718B69244A4971BD,iw9_p04_ar_akilo105_barhvyshort_gripvertpro
718DCDA8BEC737DD,jup_p01_sm_coscar635_animpackage_30rd_hmr9
7192BD92E6A749F0,iw9_p10_sm_victor_animpackage_hybrid03
7192BF92E6A74D56,iw9_p10_sm_victor_animpackage_hybrid01
719B47BD7332FD29,iw9_p03_lm_ahotel_default_animpackage
71A1C0A94FEE7A8A,jup_cp01_sh_aromeo410_animpackage_optics
71BA57E1B315A2CE,sat_ar_eagle_animpackage_selectsemi_on
71CB05A2F1553A5D,sat_ar_kiwi_animpackage
71D0CADFF4A39EDC,t10_p42_pi_pyork_animpackage_fast02_optics
71DCD1F524B51867,misc_vm_armor_plate_default_animpackage
71E30ECFCFCB35EB,iw9_p05_ar_scharlie_mag_v32
71F2B312C9491B13,t10_ar_p23_love85_animpackage_gripvert
72008A041EB78958,iw9_p01_ar_mike16_animpackage_gripang
720C0CFCDD0E646D,jup_jp04_sm_lwhiskey_animpackage_selectsemi_on
721FA3A12C6A500B,t10_sm_p52_lisbon_animpackage_fast02
721FA4A12C6A51BE,t10_sm_p52_lisbon_animpackage_fast01
7220F3A7786BBE37,t10_ar_p05_fable_animpackage_ubgl
72274496F5D8CF7F,iw9_p24_pi_golf18_animpackage_akimbo_r_carry
724021E9152A4352,t10_lm_p02_puncle21_animpackage_beltfed
724FE026CA64CBA2,sat_sh_corso_animpackage_lever
726E351269F9CE55,iw9_p24_pi_romeo18_animpackage_gripang
7275192D998BE3BC,iw9_p02_ar_kilo53_fire_select_on
7288346EBD34923B,iw9_p08_ar_ralpha_animpackage_xmag
7294FEC84F2B3144,iw9_p38_dm_crossbow_animpackage_hybrid03
729500C84F2B34AA,iw9_p38_dm_crossbow_animpackage_hybrid01
72C777404C8F3BC8,sat_sm_hyena_bp_organ
72D2B7B3051DCBD2,sat_ar_vulture_animpackage
72D47A7FB33027CB,jup_jp03_sm_pmike_animpackage_hybrid03
72D47C7FB3302B31,jup_jp03_sm_pmike_animpackage_hybrid01
72D991FC629E73A3,sat_lm_typhon_animpackage
72F6816A59FE1641,offhand_2h_briefcase_bomb_default_animpackage
72FD8EBA41EFE5FF,sat_pi_alcor_animpackage_optics
7305BCA1B3BF32B4,t10_sh_p10_moslo500_animpackage_gripmix
73064B9AE92281D0,offhand_2h_claymore_default_animpackage
7312397DFEA16A34,t10_ar_p05_fable_animpackage_ext02
73123C7DFEA16F4D,t10_ar_p05_fable_animpackage_ext01
7312F013B0AC1919,t10_sh_p25_uncle12_animpackage_gripang
73180F32A1F721CF,iw9_p05_ar_schotel_semiselect_on
733EC02D345ECC6C,jup_vm_cp04_ar_akilo_bolt_action_xmags_animpackage
734DCCE31A1C102D,jup_p06_lm_pkilob_animpackage_150rnd
7361F80C23474D13,sat_sm_marmot_animpackage_ext01
7363C2AB0C8B3EDD,jup_p06_lm_pkilop_animpackage_selectsemi_on
736BC0BD95081AC2,sat_dm_scotia_animpackage_gripvert02
736E2C6939191E4E,iw9_p57_me_kamas_l_animpackage
73A6B591F802C168,t10_ar_p01_coslo723_animpackage_ub_crossbow_bow
73ADA3B236D46277,t10_ar_p05_rmary2_animpackage_ubgl_launcher
73CA3DE1B495C9C4,iw9_p01_sm_alpha57_animpackage_semiselect_on
73D4BE9D5C811F17,jup_p13_sn_svictor_animpackage_hybrid03
73D4C09D5C81227D,jup_p13_sn_svictor_animpackage_hybrid01
73D521392F800BCD,t10_ar_p01_coslo723_animpackage_bp_s3blk
73DEA23A825396AF,iw9_p04_ar_akilo_barhvyshort_gripvertpro_v14
73F2AF6BABC336F8,iw9_p15_lm_mkilo3_animpackage_gripvertshort
73F42E2F3189C000,t10_sm_p52_lisbon_animpackage_bp_celmonster
74083D343ADEF344,iw9_p04_ar_akilo74_default_animpackage
7414333F166EC09E,sat_sl_sargas_animpackage
7432B594865A0D9B,jup_p01_sm_pcharlie9_animpackage_barhvy_laser
7435679E605193C2,iw9_p38_dm_crossbow_animpackage
7435C6CDE50245CF,sat_ar_wren_animpackage
744E98BBF2073ACD,iw9_p04_lm_rkilo_gripvertpro
744F689D1A8B62AA,sat_me_shockbaton_bp_vault
74568C518DA641E6,sat_sn_coral_default_animpackage
7459BED713CE4E1C,iw9_p38_dm_crossbow_animpackage_gripvert
745AB00352239233,iw9_p27_pi_papa220_animpackage_hammer_dak_xmaglrg
7462B0D84FAC580D,t10_ar_p49_fresno_animpackage_ubgl_launcher
747294FC33C6641E,jup_p23_me_shotel_default_animpackage
7483432FAA051F45,t10_lm_p33_uxray_animpackage_beltfed
748455CEA87F0F4C,iw9_p55_pi_mike2011_animpackage_barcomp
74885229EDBAE68A,t10_ar_p56_milan_animpackage_gripang
748926801A994711,jup_p08_ar_qbravo97_animpackage_gripvertshort_60rnd
748A6AE786924C03,t10_dm_p09_svalor_animpackage_ext02
748A6BE786924DB6,t10_dm_p09_svalor_animpackage_ext01
7492DD82EFCEC602,iw9_p03_lm_ahotel_animpackage_xmaglrg
74996E05A6FAC806,jup_p08_br_xmike5_animpackage_gripang
749ECAE9CE1FFBC3,sat_sm_hyena_animpackage
749F0BE2B0AA9DE0,sat_dm_samar_animpackage_gripang
74AE9E7F8A56FC22,jup_p97_sn_plove32_pap_animpackage
74AEA67033BCF832,iw9_p48_me_pickaxe_animpackage_v4002
74B2824D3192DEB1,jup_p20_lm_evictor_animpackage
7512F216393DC16F,jup_p34_ar_balpha27_animpackage_gripvert
7516321FE1CDDC96,jup_p38_sh_spapa12_animpackage_gripvert
751C09DB984121C3,iw9_p01_dm_msecho_animpackage
753078637B76F87A,iw9_p04_sm_aviktor_animpackage_gripvertshort_barlight
753423329C5EBCBF,t10_ar_p22_able18_animpackage_ext01
753424329C5EBE72,t10_ar_p22_able18_animpackage_ext02
753C48193836DDF3,sat_dm_kara_animpackage_gripang
75403949C08DAE9A,iw9_p43_sm_acharlie9_animpackage_smag
7542152DF6F7D724,iw9_p25_pi_decho_akimbo_r_default_animpackage
75495C81405AE445,iw9_p04_ar_akilo74_gripang
7549B13DABB072D5,t10_sm_p03_safox_animpackage_barvelocity
754BFCF0F526247B,iw9_p01_dm_msecho_animpackage_xmag
7562743408B8261C,jup_p12_pi_mike93_animpackage_30rd
756856E1758F18AB,t10_sn_p26_mary82_animpackage_fast02
756857E1758F1A5E,t10_sn_p26_mary82_animpackage_fast01
7573986E4E7E37C8,sat_dm_solomon_animpackage_hybrid01
7576AF8FF7FB4174,sat_sm_bear_animpackage_gripvert
757E2879867E2131,iw9_vm_tablet_remote_hack_animpackage
75830B67B85338B8,sat_lm_typhon_animpackage_gripang
7587DDD05C8922E5,jup_p19_ar_acharlie_animpackage_selectsemi_on
759BB7E222ECA643,t10_ar_p05_fable_animpackage_selectsemi_on
75B2D915BA293AB5,t10_ar_p23_love85_default_animpackage
75B31AE1AD64314C,sat_sm_bear_default_animpackage
75BC5E55327B6731,jup_cp01_sh_aromeo410_animpackage_barshort
75E2B60B83B14211,iw9_p08_ar_mcbravo_default_animpackage
75E56996E85233EA,jup_p38_sh_spapa12_animpackage_selectsemi_stocklight
75FC995BE3D77967,sat_ar_kite_bp_s2blk_drum
760DDD80C69AFE44,jup_vm_cp04_ar_akilo_bolt_action_gripang
7616D3E0291D2B72,iw9_p49_pi_tango9_animpackage
7618FEB0633FBD81,jup_p02_br_bromeo2_animpackage_selectsemi_on
761F4ADBF7604AE7,offhand_2h_throw_star_animpackage
762302E8491C920F,jup_p25_ar_talpha95_animpackage_selectsemi_off
7636D798C2FA1995,sat_lm_hades_animpackage_ubcrossbar
7643C28C67F8C382,iw9_p27_pi_papa220_animpackage_hammer_dak
764E00360549AC55,t10_dm_p50_erie_default_animpackage
7655DA57568ED98C,t10_pi_p13_usugar9_animpackage_akimbo_l
7655F057568EFEEE,t10_pi_p13_usugar9_animpackage_akimbo_r
7656E24E8D2D2549,t10_lm_p02_puncle21_animpackage
76664EDD18840727,iw9_p26_pi_swhiskey_akimbo_r_default_animpackage
7671A84EC18EB0E7,t10_sm_p41_perth_animpackage_ext01
7671A94EC18EB29A,t10_sm_p41_perth_animpackage_ext02
767579B0A34AC07C,jup_cp05_lm_halpha_animpackage_semiselect_on
7677E3BA3C2CFED9,t10_ar_p54_aspen_animpackage
76903CE4E1CE6858,jup_p32_pi_mpapa9_animpackage_xmag
769669CCED67CAFC,iw9_p05_ar_scharlie_ubgl
76A8D0CE9A46A02D,iw9_p04_sm_aviktor_animpackage_semiselect_on
76B101AA04BBA5A0,jup_vm_cp04_ar_akilo_bolt_action_bolt_hvy_amp_animpackage
76B917E562FA0FA1,iw9_p20_dm_la700_animpackage_laser
76BE1BB65B2B96A9,t10_ar_p01_coslo723_animpackage_ubgl
76BE3A4B1B96CC02,iw9_p23_sn_alpha50_xmags_animpackage
76BF461C64C47F90,iw9_p42_ar_ngsierra_default_animpackage
76C4C69C439B091B,t10_ar_p06_asvalor_animpackage_gripang01
76C4C79C439B0ACE,t10_ar_p06_asvalor_animpackage_gripang02
76CB300A2CC57D17,iw9_p21_sn_mromeo_default_animpackage
76D1BD680AE12FCB,iw9_p29_la_juliet_directfire_on
76D1CBA8D5DB1A18,sat_ar_macaw_animpackage_hybrid01
76D78D44FE1C9617,iw9_p04_sm_beta_animpackage_semiselect_off
76DA6DCCEDA19E94,iw9_p05_ar_scharlie_ubsh
76DF8E6E6F853CB9,sat_ar_egret_animpackage_selectsemi_off
76EB67EB6FA135CA,jup_p02_ar_bromeo2m_animpackage_ubsh_shotgun
770BCBAC19AAD1AC,t10_pi_p14_mable_animpackage_optics
7712F4D24347E988,t10_ar_p05_rmary2_animpackage_barvelocity
77160EDE3CC982DF,t10_me_p30_cleaver_animpackage_bp_cartoon
771BF626BF0DE605,iw9_p13_sh_mbravo_animpackage_boltlgt
7720A7CD61E4F43C,jup_p01_sm_pcharlie9_animpackage
7724A89F21F28CFF,iw9_p02_lm_kilo21_animpackage_xmag
772FB22A490CA8E4,sat_pi_timir_default_animpackage
7732FA02F77C3FBB,iw9_p42_ar_ngsierra_animpackage_ubsh
7733612FDB5BD4E3,sat_ar_vulture_animpackage_xmaglrg
77372E8AAF34AC0D,t10_lm_p01_aroger10_animpackage_barmix
77476EDC5012DC03,iw9_p01_ar_mike16_animpackage
774C5F8343D3C191,sat_sm_marmot_animpackage_gripvert01
775540B5F1176920,iw9_p01_lm_foxtrot_animpackage_gripvert
7776DE02F7B5DCF3,iw9_p42_ar_ngsierra_animpackage_ubgl
777D9F59946D0983,iw9_p05_ar_scharlie_animpackage
77815C08ADB1F433,sat_dm_kara_animpackage_extmag
77820744B1E6AE49,sat_sm_bengal_default_animpackage
7788307968F0F9AB,jup_p07_sm_uzulup_animpackage_akimbo_r_v101_xmaglrg
778D9A3CC311EBE5,iw9_p04_sh_vecho_animpackage_barrel_heavy
7792EAFE3C0F3598,iw9_p04_lm_rkilo_mag
7793CF4DC9BD545D,sat_sm_stoat_animpackage
77A0868CFC8E0771,iw9_p22_sn_limax_gripang_animpackage
77AC3D57EB836DB6,misc_vm_laser_pointer_default_animpackage
77B47DA7659171AC,jup_p25_ar_talpha95_animpackage_hybrid03
77B47EA3FF24FC60,sat_sn_aden_animpackage_extmag
77B47FA765917512,jup_p25_ar_talpha95_animpackage_hybrid01
77BDA6EAB3169A22,jup_p24_pi_glima21_bar_convert_animpackage_gripvertshort
77D2D32195C9ADB8,iw9_p04_ar_akilo105_bipod
77DEC9A0CDF0DF1F,iw9_p32_la_mike32_animpackage
77E608997C2CB6AA,t10_sm_p41_perth_default_animpackage
77EA9E1A6F67C042,iw9_p43_sm_acharlie45_animpackage_drum
780179CA47C344F6,iw9_p49_pi_tango9_animpackage_gripang_drum
7804188F863515B5,offhand_2h_frag_grenade_default_animpackage
780EA86F98646A78,sat_sm_bengal_animpackage_selectsemi_off
782F545CD29B20D0,jup_cp04_lm_rkilo_animpackage_gripvertpro
7835B689565498B7,iw9_p25_pi_decho_default_animpackage
7843FAFD44B1A743,iw9_p12_sh_mike1014_animpackage_barhvy_gripvert
784E027D64F17ABC,t10_lm_p01_aroger10_animpackage_fast02
784E057D64F17FD5,t10_lm_p01_aroger10_animpackage_fast01
785C6B791261C180,jup_p01_lm_mgolf36_animpackage_hybrid01
785C6D791261C4E6,jup_p01_lm_mgolf36_animpackage_hybrid03
7865370283836074,jup_vm_cp04_ar_akilo_bolt_action_bipod
786628A5E8063C28,t10_dm_p03_sgeorge550_animpackage_barhcal02
786E8CBBA74BD06F,jup_p08_ar_qbravo95_animpackage_selectsemi_on
7886DA886DF2EDF9,iw9_p49_pi_tango9_animpackage_gripang
789CE90D0E332506,iw9_p18_br_soscar14_animpackage_pistolgrip_r
78AC5FBB208BA660,sat_pi_alcor_animpackage
78BB06EB3DD24E7B,jup_cp26_pi_swhiskey_animpackage
78C95CC9FE6F40D7,iw9_p04_ar_akilo_barhvyshort_gripvertpro
78D4135621B14B26,jup_p37_dm_kappa98_animpackage_stockprecision_hybrid01
78DFDFD47E8EBCF1,sat_sn_caspian_animpackage_ubsh
78E361D19DCA285C,sat_sm_hyena_animpackage_fast02
78E364D19DCA2D75,sat_sm_hyena_animpackage_fast01
78E6A53E042755B5,t10_ar_p01_coslo723_animpackage_barvelocity
78F696BF4C6442D6,jup_p19_br_acharlie450_animpackage
78F703746D9A65AE,sat_dm_oman_animpackage
7907906EA64F8B42,iw9_p20_dm_sa700_animpackage_boltl
79155ACC32D9F473,t10_sm_p28_saug_animpackage_fast02
79155BCC32D9F626,t10_sm_p28_saug_animpackage_fast01
7922B808596C0187,misc_vm_spotter_scope_default_animpackage
792404840CFA073C,t10_ar_p47_gilroy_animpackage_bp_gamer
792F7AAA2B9F9AAA,t10_ar_p22_able18_animpackage_range
79329D5F0186F236,sat_sm_bengal_animpackage_selectsemi_on
793573432395AA27,jup_p34_ar_balpha27_animpackage_v5008
793D05B629C09AE2,sat_sh_corso_animpackage_gripang
7940F2117D146976,jup_p08_ar_qbravo97_animpackage_gripang_60rnd
794D6ED1C4763468,jup_jp04_sm_umike45_animpackage_hybrid01
794D70D1C47637CE,jup_jp04_sm_umike45_animpackage_hybrid03
795CFD09EB3A87A1,iw9_p25_pi_decho_animpackage_xmag
7965588BF10FBEC0,t10_sl_p29_goslo_animpackage
79661D8AA775D238,t10_sn_p24_love96_animpackage_ext02
7966208AA775D751,t10_sn_p24_love96_animpackage_ext01
796AA31316299862,t10_p12_pi_paris30_default_animpackage
79739D59787F4DEC,jup_p01_sm_coscar635_animpackage_50rd
7976E4DA63C38EC4,iw9_p13_sh_mviktor_animpackage_smag
799A61BEE22C3E05,sat_ar_hawk_animpackage_ubgl
799A967E900C5707,iw9_p03_lm_ahotel_animpackage
799FCEEE699AF844,sat_sm_gecko_animpackage_gripvert01
79A92FDCCDB63103,iw9_p24_pi_golf17_animpackage
79B06A52EC3C0202,t10_lm_p53_mesa_animpackage_ubcrossbar
79B073217E738534,iw9_p05_ar_schotel_ubgl_launcher
79BB243A9CA37F01,jup_p12_pi_mike93_animpackage_24rd
79BB6020A5C6D123,sat_ar_heron_animpackage_hybrid01
79CCBFCB66D01FC9,iw9_p02_dm_pgolf1_animpackage_xmaglrg
79D45ACA23791420,jup_p08_lm_qbravo95lsw_animpackage_hybrid01
79D45CCA23791786,jup_p08_lm_qbravo95lsw_animpackage_hybrid03
79E1C2DD83E31DAB,t10_ar_p56_milan_animpackage_ubgl_launcher
79EBF9262AFAB031,sat_ar_macaw_animpackage_selectsemi_off
79F85FEE89C63CB6,jup_p03_br_aromeo200_animpackage_ubgl_launcher
7A006408787D3F50,t10_sm_p02_geasy9_animpackage_fast01
7A006708787D4469,t10_sm_p02_geasy9_animpackage_fast02
7A0151EA1BD6CC3C,iw9_p27_pi_papa220_animpackage_hammer_dak_xmag
7A021956448FE2E6,iw9_p02_lm_kilo21_animpackage_selectsemi_on
7A0BBD62402C7886,offhand_2h_claymore_animpackage
7A160C57F268A958,jup_cp16_lm_slima_animpackage_fireselect_on
7A1A770F965D26BA,iw9_p12_sh_mike1014_default_animpackage
7A27E67F2351364F,sat_sm_marmot_animpackage_gripang
7A289092D3391E79,sat_ar_albatross_animpackage_fast
7A2A9AA42C38F26E,t10_ar_p34_tbaker_animpackage_bp_anime_vtuber
7A4A32E867146F08,jup_p19_ar_acharlie_animpackage_hybrid01
7A4A34E86714726E,jup_p19_ar_acharlie_animpackage_hybrid03
7A696A2AD9FD627C,iw9_p24_pi_golf17_animpackage_stockskel_xmaglrg
7A6D1A3F3B793E47,t10_ar_p05_rmary2_default_animpackage
7A72D50842D63BBF,iw9_p49_pi_tango9_animpackage_akimbo_r
7A72EB0842D66121,iw9_p49_pi_tango9_animpackage_akimbo_l
7A7C37486D77ADD7,iw9_p04_ar_akilo_ubgl_launcher
7A7CDA9614AEDA4F,jup_p24_pi_glima21_animpackage_akimbo_l_xmag
7A7E5A295316D194,t10_lm_p01_aroger10_animpackage_ext01
7A7E5D295316D6AD,t10_lm_p01_aroger10_animpackage_ext02
7A8558F1791A95A5,sat_lm_zeus_animpackage_akimbo_r
7A856AF1791AB43B,sat_lm_zeus_animpackage_akimbo_l
7A8C201B6376021B,jup_p20_lm_evictor_animpackage_v4009
7A9F621D490CA0BE,t10_pi_p13_usugar9_akimbo_l_default_animpackage
7AA12A14C542F2FE,sat_sm_hyena_animpackage_barrange
7AB02B5158186C1F,t10_dm_p02_aeasy_animpackage_ub_crossbow
7AC4B679F19A70C0,sat_sm_komodo_animpackage_drum
7ACA8BFABD82D9B1,sat_ar_eagle_default_animpackage
7AD554D902A87C60,t10_dm_p03_sgeorge550_animpackage_fast01
7AD557D902A88179,t10_dm_p03_sgeorge550_animpackage_fast02
7AE6D7DCD19D7846,jup_p23_me_karambit_animpackage
7AF201D852B779BD,sat_sm_hyena_default_animpackage
7AF7DA5773C01379,t10_ar_p56_milan_animpackage
7AFA80C605D6DFFB,jup_p07_sm_uzulup_animpackage_gripcust1
7AFA81C605D6E1AE,jup_p07_sm_uzulup_animpackage_gripcust2
7AFB906814C8C3FD,sat_ar_eagle_animpackage_ubgl_launcher
7B020ED47CE9A400,iw9_p13_sh_mbravo_animpackage_hybrid01
7B0210D47CE9A766,iw9_p13_sh_mbravo_animpackage_hybrid03
7B195D5C74CBFF0B,t10_lm_p02_puncle21_animpackage_ext02
7B195E5C74CC00BE,t10_lm_p02_puncle21_animpackage_ext01
7B1EDB4CE37966E0,jup_p24_pi_glima21_animpackage
7B51651D2B9DDAC2,sat_ar_albatross_animpackage_hybrid01
7B56E29B3DE43B56,iw9_p01_ar_mike4_animpackage_gripvert
7B5D625FC9A52699,iw9_p56_ar_malima_xmag
7B63EB3A7D800B1B,t10_sn_p09_droger_animpackage_ext02
7B63EC3A7D800CCE,t10_sn_p09_droger_animpackage_ext01
7B7372E674098C20,sat_sn_caspian_animpackage_ubsh_shotgun
7B8009BBF81F2F8A,iw9_p06_ar_fecho_animpackage
7B82FECB47B427F4,jup_p03_br_aromeo200_animpackage_hybrid01
7B8300CB47B42B5A,jup_p03_br_aromeo200_animpackage_hybrid03
7B8319B6B6A08926,t10_ar_p47_gilroy_animpackage_bp_tcard
7B8FC36613191865,t10_ar_p06_asvalor_animpackage_bp_unicorn
7B992D0E14ED195F,t10_sl_p35_blauncher_animpackage_ricochet
7B9AFEDCD7146DC4,t10_ar_p05_fable_default_animpackage
7B9B7A079047EB06,t10_lm_p01_aroger10_animpackage_barvelocity
7BC2D5774956AD28,jup_p24_pi_glima21_animpackage_akimbo_l_drum
7BCC85A5041652CF,iw9_p08_ar_mcbravo_animpackage_gripvertshort
7BCC9F837E704426,jup_p02_ar_bromeo805_animpackage_ubfl_flame
7BCE36A045AA5789,jup_p02_ar_bromeo805_animpackage_ubch_chain
7BDB9EC2D5D6CDC0,iw9_p01_lm_foxtrot_animpackage_hybrid03
7BDBA0C2D5D6D126,iw9_p01_lm_foxtrot_animpackage_hybrid01
7BEAA3C505A0272C,offhand_2h_throw_knife_animpackage
7BF9CDDC336AC09F,iw9_p48_me_pickaxe_default_animpackage
7BFF1C302C9C4A04,jup_p12_pi_romeo93_animpackage_30rd
7BFFED6257F5D16E,iw9_p16_lm_slima_animpackage_xmag_gripside
7C11A93FF37D05CC,sat_sm_marmot_animpackage
7C182E9223A0FAF0,sat_sh_akita_animpackage_fast02
7C18319223A10009,sat_sh_akita_animpackage_fast01
7C1E871DBFEC49C4,t10_ar_p01_coslo723_animpackage_hybrid01
7C2778DA56F4623B,sat_me_maru_default_animpackage
7C2D3669BBDE7F1D,t10_lm_p01_aroger10_default_animpackage
7C2F6AAAF6B78F1F,iw9_p13_sh_mbravo_animpackage_barmini_stockno
7C393D5B1D9CE375,iw9_p43_sm_acharlie45_animpackage_gripvert
7C4417865124BC0D,iw9_p43_sm_acharlie45_animpackage
7C4C377C5B312EA3,sat_ar_hawk_animpackage_extmag
7C57176BB0F2BAAF,t10_ar_p04_clove_animpackage_gripvert01
7C5F5DF463166DDB,jup_p19_ar_acharlie_animpackage_ubch_chain
7C6E373E929809BA,iw9_p55_pi_mike2011_animpackage_akimbo_l_xmag
7C91B7E46716DC96,sat_ar_falcon_default_animpackage
7CA0099B45FDFA7D,t10_sm_p04_chuck9_default_animpackage
7CADDD1A990C1B9C,iw9_p17_lm_ngolf7_animpackage_hybrid03
7CADDF1A990C1F02,iw9_p17_lm_ngolf7_animpackage_hybrid01
7CB129C6A7113E71,iw9_p06_ar_falpha_gl
7CB774F3F0407BA8,iw9_p25_pi_decho_animpackage_xmaglrg
7CC5B6BD586A713F,sat_ar_albatross_animpackage_selectsemi_off
7CC77E55C4C77D80,jup_p06_lm_pkilop_animpackage_hybrid01
7CC78055C4C780E6,jup_p06_lm_pkilop_animpackage_hybrid03
7CD2993BCB696AEF,sat_ar_egret_animpackage_ext01
7CD29A3BCB696CA2,sat_ar_egret_animpackage_ext02
7CE76412A1143280,jup_p25_ar_talpha95_animpackage_bar
7CE8CE5ABB20C97E,sat_ar_vulture_animpackage_ubgl_burst
7CEA10CF0A48E734,jup_jp03_sm_pmike_animpackage_gripang
7D1E70C599B02D3E,t10_ar_p54_aspen_animpackage_ubgl
7D1F3B6CA8C2F42C,t10_dm_p50_erie_animpackage_ext01
7D1F3E6CA8C2F945,t10_dm_p50_erie_animpackage_ext02
7D29DB9616925A80,iw9_p19_dm_sbeta_mp_package_acog
7D7C77ECA3441DC6,sat_lm_hades_animpackage
7D81416E07CF5F46,iw9_p01_dm_stango25_animpackage_ubsh
7D8176F76EB73475,t10_pi_p13_usugar9_animpackage
7D817971306D6D37,iw9_p20_dm_sa700_animpackage_gripang
7D857B4EA735BE15,jup_p20_lm_evictor_animpackage_gripside
7D993BF5218350BD,iw9_p03_sm_apapa_animpackage_vday
7D9A6CF5E7DCDB7C,iw9_p04_ar_akilo105_smag
7DA6A0AC3DB1055F,t10_ar_p05_rmary2_animpackage_barmix
7DAA456E07F26B26,iw9_p01_dm_stango25_animpackage_ubgl
7DB1A4C83A6CE544,sat_sm_bengal_bp_highend
7DB7EAB73D0C0293,iw9_p20_dm_mike24_animpackage
7DB82D79EF53A1CE,iw9_p43_ar_acharlie300_animpackage_gripvert
7DBB0F47C4E0A51B,jup_cp44_sh_tsierra12_animpackage_gripvertshort
7DCB9D0FD1BE40D0,sat_sm_komodo_animpackage_selectsemi_off
7DDCE96CC97B9BB4,iw9_p03_sm_apapa_animpackage
7DE91CF9D163C8A9,sat_ar_heron_animpackage
7DE95D3C8B88C657,sat_ar_falcon_animpackage_long
7DEA68E6BD8B7D1B,t10_ar_p47_gilroy_animpackage_ext01
7DEA69E6BD8B7ECE,t10_ar_p47_gilroy_animpackage_ext02
7DEE696B4AC105EF,iw9_p38_dm_crossbow_animpackage_vday
7DF1D12598CA867F,t10_sm_p57_mpug40_animpackage_fast01
7DF1D22598CA8832,t10_sm_p57_mpug40_animpackage_fast02
7DF56BF0E3A8F62B,t10_pi_p14_mable_animpackage_fast01
7DF56CF0E3A8F7DE,t10_pi_p14_mable_animpackage_fast02
7E243F8D1BD78F77,iw9_p12_sh_mike1014_animpackage_guardhvy_gripvert
7E2688F79756AED0,t10_p42_pi_pyork_animpackage_fast01
7E268BF79756B3E9,t10_p42_pi_pyork_animpackage_fast02
7E36B2FAF166812D,t10_sh_p10_moslo500_animpackage
7E3C2871802641E9,jup_jp04_sm_umike45_animpackage_smag
7E434D644F5E629A,sat_ar_heron_animpackage_gripang
7E4982353D52C575,iw9_p06_ar_falpha_xmag
7E578B6B9B36F5A8,jup_p35_sn_moscar_default_animpackage
7E69D18F6F68D998,iw9_p08_sm_mpapax_animpackage_selectsemi_on
7E6CE2E95835B0CF,jup_p40_br_hcharlie36_animpackage_barsil
7E71DAF57C3B2C16,iw9_p04_sh_vecho_animpackage_ubgl_launcher
7E7D5C67E87B6A56,sat_sh_shepherd_animpackage
7E85B862CECD5050,jup_p01_sm_coscar635_animpackage_20rd_grip
7E87652AEE8A5019,iw9_p01_ar_mike4_animpackage_ubsh
7E8F1BA2EF88121F,iw9_p04_lm_rkilo_barhvy
7E9E0E2334ECD9D8,jup_p44_ar_stango44_animpackage_selectsemi_off
7EA7ED20DB1ED83D,iw9_p04_sh_vecho_animpackage_barrel_long_sport
7EAAA68218E4FB87,jup_p19_dm_sbeta_animpackage_amp
7EAE0F13D606DFBE,offhand_2h_thermite_default_animpackage
7EB7FC1E68F849EE,t10_ar_p45_kent_animpackage
7EB8368B7BB22432,jup_p19_ar_acharlie_animpackage_xxlmag
7EBF1C5750C84B05,sat_sm_hyena_animpackage_barmed
7EBFBD2A53516652,sat_sm_zebra_default_animpackage
7ECAA8DB159E100A,iw9_p05_ar_scharlie_semiselect_on_v32
7ECB692AEEC423B1,iw9_p01_ar_mike4_animpackage_ubgl
7ECD56CBE2DE6313,iw9_p06_ar_falpha_default_animpackage
7ECF82386B4BCD02,t10_me_p30_cleaver_animpackage_bp_bacon
7ED08DBF38F714CC,jup_p02_sm_scharlie3_animpackage_gripvertshort
7ED95BD01727B4C3,jup_p06_lm_pkilob_animpackage_selectsemi_on
7EDC6EC23D36F799,jup_p19_dm_sbeta_akimbo_r_default_animpackage
7EDE935DF21715F6,t10_ar_p56_milan_animpackage_selectsemi_off
7EDF26C31AD8F355,jup_cp01_sh_aromeo410_animpackage_30rnd
7EE57183BAFCE32C,iw9_p21_sn_mromeo_smags_scope_animpackage
7EF232629CCCAA2B,t10_eq_monkey_bomb_animpackage
7EF68B91A386242F,t10_sm_p52_lisbon_animpackage_selectsemi_off
7EF77E36B4CF30A2,iw9_p01_dm_stango25_animpackage_xmag_ubsh
7EFFABFA9123919B,jup_p01_dm_slima8_animpackage_selectsemi_off
7F0E40D76912D02A,jup_p02_ar_bromeo805_animpackage_50rnd
7F0ECA14C6D7C90D,jup_p24_pi_glima21_animpackage_akimbo_r_xmag
7F344C0D6F7F9AD4,iw9_p01_dm_msecho_animpackage_barlong_gripang
7F3AF823AE0997E4,jup_p01_sm_coscar635_default_animpackage
7F3B2F39C72FADC6,iw9_p24_pi_golf17_animpackage_xmaglrg
7F3B7A36B508F6A2,iw9_p01_dm_stango25_animpackage_xmag_ubgl
7F3D7ED19D1A0F88,iw9_vm_killstreak_tablet_tac_nuke_animpackage
7F42D6A957DDB531,t10_ar_p54_aspen_animpackage_gripvert
7F47B664B3FF4DD5,jup_p07_pi_uzulum_animpackage_20rd
7F4C10E2560F8CAD,sat_ar_hawk_animpackage_flipmag
7F4D21A184F16D06,sat_pi_orion_animpackage
7F544B40BA7E9D4B,t10_me_p15_knife_animpackage_bp_steampunk
7F556095938CB715,sat_sm_bear_animpackage_556
7F59FA533CAB6EFC,sat_sm_bear_animpackage_ext02
7F59FD533CAB7415,sat_sm_bear_animpackage_ext01
7F5B47726BFF907B,sat_ar_vulture_animpackage_flipmag
7F70660C93029DFD,iw9_p04_ar_akilo74_smag_stockno
7F74B4CB4B21266A,iw9_p25_pi_dechoauto_animpackage
7F79998D44430215,sat_lm_hildr_bp_gwall
7F853F4D479CAB9E,t10_ar_p05_fable_animpackage_gripang01
7F8949794E0EA5E8,jup_p01_ar_golf36_animpackage_20rd
7FAAC13560503F68,iw9_p04_ar_akilo74_gripvert
7FAF15E5A43E0D07,jup_p19_br_acharlie450_animpackage_smag
7FBD5020FF814E42,sat_ar_macaw_bp_chrome
7FC43ABFD301D56F,iw9_p29_la_juliet_animpackage
7FC9F404D5E53BB5,sat_dm_kara_animpackage_ubgl
7FCEDFD8D2BC0DA1,iw9_p26_pi_swhiskey_akimbo_l_default_animpackage
7FD452CA18BC265E,jup_p07_pi_uzulum_animpackage_stock_20rd
7FD829955F4EC081,t10_ar_p02_aking74_animpackage_barrange
7FF9AAD190E277C6,iw9_p25_pi_decho_akimbo_l_default_animpackage
