hash,name
002C3F3B7F8787C0,Physics_SphereCastEnts
00455C292C412FD7,updateregionclearancepos
004780F3970D1F0C,GetLocalPlayer
005113F7AEED366A,Vehicle_SetAngularVelocity
00744EB6F9BAF860,getmapinfobundle
00790D8A33344CFC,revive_terminate
008FADB224B74D87,unsetperk
009A83A92449D986,setrotorwashenabled
00A2CC0E5673A1A7,setmagicgrenadecollision
00AC0D1D3619DEDF,setvehicleturretmaxrange
00AC467F115F3893,getmovingplatformparent
00ACBB0FBADABD8A,clearcinematicmotionoverride
00B69F7E4E60F302,vehicle_changeseatsnotehandler
00B6C244B17FFA46,getweaponslistoffhands
00B95B005882CDAF,zombieplayleapoutroanim
00C25EBBA43078BA,asmcurrentstatehasaimset
00CAD845ABDE9051,startbeam
00D05ACF16DF79D5,getinairpocket
00D9E61A9CB88F27,setbackupcoverfrompos
010F4F54702C591C,Physics_TakeControl
01104EC8D272B4D4,BotMemoryEvent
0115DC0D231045A7,anglestoright
01210610968CFF13,SetNVGAreaLightEffect
01278ECA14782CF0,vehphys_deactivate
012CAFF5F610D2F9,setfactiondisposition
014FB99E48BCFE9E,Objective_SetShowOnlyInVehicle
01525504128A2362,sethinticon
016DF629861D1395,tablelookupgetnumrows
0174435A9917383F,vehicle_settopspeedreverse
0189906016508608,botfindrandomgoal
01899AAD6A5246B8,SetupMotionWarpAdjustStart
01AC3703E7BC56A8,AISpawnDirectorSetPreferredSpawnArea
01D738BBB4496EFC,clearportableradar
01D870BA31219E81,setintrocameraactive
01DFEB607BCB97E3,HasGrenadeCooldownElapsed
01E4181CCA60B879,setplayersharedprogression
01ECCF4BEA7DE024,getturretcurrentyaw
01EF2126A05EE3A1,animscripted_blendin_isactive
01FC1F3BD0669606,GetCSplinePointTension
01FD789E0E531542,AITruncatePathToDistToGoal
020017EFCCE64DA1,setpulsefx
021A6496309AD0B5,SpawnCustomWeaponScriptable
021AA7260FE00EC7,withattachment
023FE6DAA36757C4,getxcamtime
024019364084B6A8,requestcovernode_init
024187BB613F4B7A,skydive_cutparachuteoff
0242524B1CA734AF,isusinganimtree
0245959CCFB1152B,setpatrolreact
02760807C35AC4C7,vehicledriveto
0277EF9772180804,isuseavailable
0284FE2713CE0368,getxhashhexname
02919CD68D9CA67F,assignweaponprimaryslot
0299ABFA5D1F452F,objective_removeteamfrommask
02B5AAED842DB462,autousescriptableresult
02C88AD0462D6282,SetLightFovRange
02D60F26853BF9F7,ShowHudSplash
02DE9DE5BBE1DDB0,getvehicleturretcamo
02EDAC182960C6EF,IsGlobalClanXPScaleActive
030E8887DA10157E,islookingat
03123E9F6CF97819,isproxyclient
0316B22B7189865D,playerlinkedsetforceparentvisible
032F62F5FEE7C04E,GetFortressListUnused
03326C1623F8D1BA,IsHanging
0333A08591AF6B59,getattachmentsattachmentdata
0346133CD10F2341,hidepart_allinstances
03644C305F202825,cantacticalads
0372AD63C95074DE,axistoangles
03759E26B1B750F5,Objective_SetObjectiveType
0375B89B55978A46,objective_setshowoncompass
037B15C8A299EE27,islookatapproved
0385D82B740322B3,Objective_SetShowPinnedProgressBar
038A2E2BBB042F08,disableexecutionattack
03999CFECB137436,getmuzzleangle
03A1419FC14471AB,Vehicle_EnableClientNotetracks
03A63B70F9A949A4,getweaponbasename
03B9B21F0FE3D2EE,getweaponarrayinradius
03D18E780BB2B451,isentitywithincone
03D3061B4E53671D,FrontEndSceneCameraCharacters
03DA9D2492927AAF,SetSpecialActive
03E2F17D9E256FEA,arraycompare
041641539919596C,destroynavrepulsor3d
041819452B91DD20,getspawnerteamarray
041A0DD05552F353,isenttype
042319057A16481E,aispawndirectorfloodfillshutdown
044DC49C1D4C712C,getscriptableislinked
044EF27F8F8DA39D,finishcoverarrival
045CB231917D086D,turretgetaim
047DE5423150155C,target_offsetlocalspace
048DF2084EACC76A,getaiformationmembers
0493C4BBBBE25A6B,setturretmaxrange
0497FA06A8894EC9,aisetanimknoblimited
04B41CD4478B5B11,assignweaponmeleeslot
04CCD15493246115,clearhanging
04DD324E6782FC73,enableoffhandspecialweapons
04DE5BA677B43A10,Vehicle_SetWorldCollisionCapsule
04F513EB21F6027E,forcehidegrenadehudwarning
050222C003F558A4,setflaggedanimknoball
050723B69FD11B15,objective_setprogress
0515B5F12B1596F9,hudoutlinedisable
0516AB89AF25588E,getnodesonpath3d
0518B134C09D58F8,physics_unregisterforcollisioncallback
052D803037B4ABDB,soundhasfacialanimation
0531D3751ACDF9A4,physicslaunchserveritem
053EA0D6248A4E16,PlayAnimScriptSceneEvent
0540931BD44E5598,zombie_cannonball_update
0561477358009036,AnimScripted_ClearPredictedAnimations
0578F15B0E506E22,AllowWalk
0592C245801DE2EB,shouldstrafestart
059F383566F62BCA,getspawner
05A3C4A09915E304,setyawspeed
05BD94BA03AC8EE7,SetChargeMeleeHudVisible
05BFF66F44C55AFA,weaponvictimweapondeathsoundplayer
05C766D1D0140B86,hasclientomnvar
05DB06436019755D,UpdateSightState
05DD689FC0D9DFB1,GetCalendarEventWithID
05E4C3C687094385,CanSpawnTurret
061D498384A1DF05,setturretaispread
062A80B2E7B57FB8,getnorthyaw
062D332D650D7BE6,getweaponslistexclusives
065DD049ECE71414,setheadiconsizeworld
066D2C77E05584B9,ShootBlank
067FB719932ADE3E,SetDynamicDvar
0693B434AA9ACEB3,coverchangestance_init
06AF28C87392C39E,forceusehintoff
06C8B5F034CB28A1,getvehicleturretavoidplayers
06E856D663173087,setaiformationshouldsetpath
06F5C2F74D066FB8,notifyonplayercommandremove
06F63C6DA44AEAB9,setavoidancemaxangledelta
06F8554E52CE28FC,hastacvis
0726D6019F8A865A,LENGTH
072BD0509DB4D471,soundsubmixexists
073E71261DF30D2E,setheadiconfadefromview
074D6440DCC506E5,enableplayeruseforallplayers
07555CFA16F56E28,resetThreatUpdate
075F0338AE24788A,forceboostonlyjump
0771FB62E0D43AD8,Objective_SetPingLabel
077B4AC4ACE464CA,generateaxisanglesfromforwardvector
077DA97D2807268D,setminimap
0784C271CD8DE0AF,target_isincircle
0789C03F3198FE0F,setanim
0793BC1F91BD8C21,laseraltoff
07964BA91C940EAF,getaitypecount
07A2F256E52489A6,reducetacpointdensity
07AD46E0C9ACDC23,setvehicleturretsticker
07BA9F1A355C7868,coverexpose_terminate
07C20AAC42D83925,easesine
07E4A95B654D9324,getfirstarraykey
07F4FF1181334DC8,fadeoutshellshock
081879F80896B05F,vehicle_getarrayinradius
082E91249F833FC1,isstartstr
082FAA0D0C4B6397,aiconversationstop
08423DFFF083DD37,forceweaponinspect
08578877E2B18639,SetGrappleRoundVolume
085B0ECFB4E91D6B,waittime_update
085C78EA46077DB9,arrayfindvaluesbyfield
085D595E89468F82,checkspecificattacklimit_update
08634A1EC4C54290,GetDebugString
0868FFEE3F82C343,refreshluielems
086DA09F92D74262,scriptmodelsetweapon
088ADF3E8796383C,attackbuttonpressed
089D153940D0B437,reload_init
08AF0B8F18059CD2,Objective_SetPlayRevealAnimInMinimap
08BAD209C1DD9CD6,randomseededint
08BB0113480D8C45,getnormalizedcameramovement
08E3D594952CC14A,StartPathNodes
09142F950EDD0EBA,restoredefaultdroppitch
09239BB4C5FD1791,rusher_updateshootparams
092B193CD3D5A0BC,GetGrapplingHookTarget
092FEB781F39C229,aispawndirectorgetzonesinradius
094040D6424F8823,objective_setplayoutro
0941D5E0A82685DF,givestartammo
094CBF677D1F3BBF,setturretleftarc
0951C84C68DAD89C,motionwarpcancel
096F9A82035B29D2,botsetawareness
097AD23BF8A073EC,getthrusterscharge
097DE4CF9C9D743F,objective_hideprogressforclient
0982069F02DA5580,playergetzoomlevelindex
098B59F9427AEB84,isinexecution
098C1E75382CF7E5,iszombietooclose
09AD33EC20795025,vehicle_dospawntype
09BA64C3C7B30824,bb_newshootparams
09BD0A664EA67FDC,attackkeybindpressed
09C6BF5D30861DB6,withoutcamo
09CF3C90E5A54E67,getGlobalEscalationTotalCombatTime
09D62656670D08DB,BeginRequisitionsStore
09E71E576C68BF0A,getprecalculatedanimalias
09F0F14B8980A5CC,actoraimassistoff
09F15275A3DC7CE6,CanExecuteTarget
09F6DE90E930F700,SetClientExtraSuper
0A2111BBF0649EF4,GetAIEventDataField
0A431727F11A16DC,destroyglass
0A49366A3F53CA0A,setfieldupgradeweapon
0A6CCD0B9EBBB406,isgrapplefiring
0ADD85AECFEC234A,setperk
0ADDF5484DD61D14,aisetspeedscalemode
0ADF6A316690D5E9,transition_blackboarddynamicequal
0AE1463D8117F211,AISpawnDirectorCheckRequestAdditionalValidTag
0AE6D72BF57408E2,getfractionstartammo
0AEDC3AB5CA0B9E9,createnavrepulsor
0AF15EA5567B329E,hunt_shouldinvestigate
0B06C41E6D4ED36C,RemoveFromStreamedGenericBlueprints
0B2AB534731B73E2,kill
0B39B00EB5EA4CA1,SetBoredTimerLimits
0B5D06ECC3A6BFDF,isactivegamemodexpscaleactive
0B83E42FD9A4CA07,weaponinheritsperks
0B87924E1616086C,vehicle_gettopspeedforward
0B87BF08BBABCDAB,itemweapongetweaponinfo
0BAA0997FB04B320,botpinglocation
0BB209E8C8D0D5DF,getonlinematchid
0BCA47DAC6FD8350,AIBudgetMP_RegisterCategories
0BCF2AF5D6BC79A5,reevaluatemultinode
0BD44842623D6E5B,isnodeinbadplace
0BD6DFDF6BE8A293,BlockedByWall
0BEDCB09342B6223,getnextarraykey
0BF7CB2EA2283261,GetCorpsePhysicsOrigin
0C1F7F4086C1B966,getgesturestarttime
0C44D35DDC176279,launch
0C5B621C7A93AB84,asmclearephemeralevents
0C5FD5D0BE50305C,SetStealthIdleNodeInfoEnabled
0C74C33A67926EE0,setdevdvar
0C8141F6D9DDAC15,GetPlayerLightLevel
0C8941CFB94D9877,istouchingpoint
0C9BCB23C70C0C9A,frontendscenecameracinematic
0CA6582F08EB9F54,lightweightcorpsedeleteseat
0CA73EB5E48BDAB1,SetWeaponRelaxedReadyState
0CAF59404500CEC3,sendmeleeattacknotification
0CB371D19A8D1DE8,AISpawnDirectorSetRequestPriorityLevel
0CB6AD108EF472B8,zombie_movetoattractor_update
0CCACC3FD2C146E8,Vehicle_SetCanBoost
0CE4AEF4F5F176AF,getclosestenemy
0CFDA20A8EB520CC,withchroma
0D123B661444B586,BeginLocationSelection
0D1B0B0E7EDCCD3E,hideshadow
0D28E55C9CD2D1AB,isnodelmgmountable
0D2DB513E6D31FE8,setbestplayintro
0D3004DA619E9D79,setmovingplatformtrigger
0D30223DF6B6F3C5,allowoffhandshieldweapons
0D311BF8364D81E4,SetPlayerAscenderDetachAnim
0D54C136E8356B14,longdeathkillme
0D5A3EA6AAFEA056,weaponexists
0D60D2638884E3A7,isactor
0D8515D9148D4388,Objective_SetShowNewnessIndicatorInTacMap
0D8BDB57FC3C94F2,setdriftoffset
0DB7886EAB4FEDB9,invisiblenotsolid
0DD22F2682FD92FB,covershouldexpose
0DD8036D3C66A69C,vehphys_getwheelcount
0DF9F501A2A0CBF4,getclosestpointonnavmesh
0DFCB366392F92CE,BB_SetInVehicle
0DFE190C406F6EF5,allowspectateteam
0DFECC0B725642ED,aispawndirectorsetdynamicspawnpoint
0E01686C679AA93F,conversationstart
0E16BD94874DC258,connectnode
0E2478B29BB68048,vectorfromlinetopoint
0E30BA9EA6603CB1,asmgeteventdata
0E40C64E0215E3A8,canattackenemynodefromexposed
0E447217F4FA7F49,enableweaponswitch
0E4988EF718541B3,destroynavrepulsor
0E5B205BE6FA4E02,setviewmodelblendtoscene
0E5BEBD669FB66A6,setturretrightarc
0E7842EAF92FBF7F,IsUnderWaterSwimWeapon
0E7D19D7E4403C48,getparticipatingincinematics
0E8D7F39A5478703,IsBoosting
0EC5E321FE43D2FC,WeaponGetShouldAnnihilate
0ED4053308C2BF9F,CanMantle
0ED716950B73B430,revive
0EDEBE93B0F2F68D,Physics_VolumeSetAsDirectionalForce
0EE46E1323F9337C,Physics_SetBodyLinAngVel
0EE553CE543771E1,IsCalendarEventsScheduleDownloaded
0EEEF785FA4D0F52,playannouncersound
0F29C9B5E11B055B,arraycontainsdefined
0F2DF0257C63F229,clearaiblackboarddynamic
0F2E54A7DF4BF586,setturretsuppressiontime
0F5BA27E34117952,choosedirectionalpainanim_exposedstand
0F6973E5A4AE5C5A,zombie_knockdown_playanim
0F706CE8EDB63993,hidemayhem
0F7D02F6742720E8,reload_update
0FBB6728F9A44BE1,setheadicondrawthroughgeo
0FDD6E9AB83AFDE9,FrontEndSceneUnpausePlayerControl
0FE1D70A07D74725,setpronedirection
0FF87E5D4DCD5B73,setturretburstpausetimemin
0FFD11AF32D25797,setheadiconfriendlyimage
0FFEA772B10AEE38,asmhasstate
10006C8216AD87FD,SetComponentSpecName
1003326DC7EC1524,vehicle_gettopspeedrotational
1005FD953BF73999,drone_investigate_react_terminate
1019492796527FDB,SetEngagementMinDist
101B945D4DF3D38D,setturretburstpausetimemax
102C8FEF298A99AB,Path_GetCurrentNode
10382BC45DC21D6F,buildweaponinternal
10392A0D3005A35C,killfx
104792C32A3102F2,allowdoublejump
10495C413ADEA755,SetFacialIndexFromASM
104DF4FCD5ADB088,isonground
107B85959E730945,processcivevent
109FF578D981BBDB,playerunlinkvelocity
10A84122A845E3BB,GetAbsBoundsHalfSize
10A8AA42933B1C8D,motionblurhqenable
10AB8C33AFD68432,lerpfov
10B7C72103C12D13,PlayerLinkWeaponViewToDelta
10D0D9D970D25DBB,CanAiFormationFitDownPath
10EC3343B5BD433B,randomintrange
1100B7C10133DED9,disableoffhandprimaryweapons
1102885D01E4B19B,getinteractionscriptablepartname
11036FA551043B4C,botfirstavailablegrenade
113DFC7B481558BF,sendplayersharedprogression
1155F0082697CD0A,setautorotationdelay
115CFD8DF974ADF6,sendctgstrace
11646E992E10FA95,SetGrenadeOverrideTargetPosFunction
11710D5CAF82EC45,ambushcheckpath
1184AD51ABBAF892,enterprone
119A42B6886EC654,setweaponhudiconoverrideammo
11ACD08BA443438C,setturrettargetlocalangles
11B84FFEB1694BD3,setaiformationshouldsetgoal
11BA82227D4E41F8,hidecinematicletterboxing
11CBB31553D5872A,getclientomnvarbits
11CF642482E762BC,getweapondeployablebounds
11D1451480B85D27,SetInPlaneInfill
11ED448EB491C2AB,disableoffhandweapons
11F4DA6E246E3498,CanGrapplingHookTargetPointOnEdge
12125DD37D87181C,reacquire_charge_init
1214E2757C54C1C2,target_drawcornersonly
1218BE182E0B5CA8,setentitytarget
1237343F6E1BBD59,clearvehiclecamo
123D52FFAA7F3288,weaponlocknoclearance
12678D926F0BB0A6,haslostoenemy
1275E85F4F7802B0,GetPlaylistVersion
1287B57F3A9A74CC,disconnectpaths
12880D4DDC71672A,btregistertreeinstance
128B8C752BADAC23,facemotionandoriented
12B78B7D02B9237E,setanimtime
12BAAACBE83C8B53,getattachmentslotpriority
12BCFBC858165895,objective_addteamtomask
12D18124C1DC9F4C,dospawnaitype
1316A52EFC290B9E,disableheatmapradar
131ABFD60C41AC4D,setstrafereverse
1322B37F9B72EC05,combat_getbsmstate
13445EE74CF145D4,GetInteractionScriptLinkTo
134CD2C60D3A7EDF,SetEnableMeatShieldVictim
134F014B9B5850DD,isenemywithinyaw_update
13726D344F1BAB1E,GetMotionTrackerVisible
138265C7D2A2DA20,dvarChecksum
13A19BB674A8AA90,leagueplayclearplayerladderpenalties
13A54A9957D0011F,setlightintensityuber
13A61377E568D700,UpdateMovableFxBetweenPoints
13B1699B9D8D85C4,getmeleeattackisalternate
13B7C51F1944ADFA,ishelicoptercrashing
13C842A7E0D8FF64,ispapcamoenabled
13CE8D74C484FD89,getturrettoparc
13F0E0D249EE16EB,botclearscriptgoal
13F994CDA06BE4BB,objective_sethighvalue
14070F881CDD2345,getlootscriptablearrayinareaswap
1410A6EFA12B8FAD,levelsoundfade
141A0B921CD37703,vehicle_isreverse
141B4327EBEB048A,issighted
1424D4F7FF5404C5,earthquakeforplayeradvanced
142ABD3F260E33ED,hascomponent
143D256D36B9B51D,vehicle_removecollmap
14481C5CC24994B0,sendkillcamreaction
1467EB5CC4102BF4,getinteractionscriptmodelanims
14693E9534D3F077,Physics_SetBodyAngVel
14849FF49F9E2F52,weaponoffhandclass
1492235B4EB6E229,stopanimscripted
1497A041C2C33585,GetCSplinePointTangent
14CB9A2BFE54A2EA,getangledelta3d
14D4D9D1C8939D53,setmoverweapon
14F7E51EB46B01B1,isRemoteControlling
1538316BF27349E1,ispathdirect_update
153FE8760FAEA78E,TacPointExposedToSky
1546C2B60BAB0175,coverexposenoenemy_terminate
155DA573D4CC1419,lwagentuseinteract
15701C060002A36D,setminimapforplayer
157288D202D81ED8,getnodesintrigger
158AE6499EEFEEAE,isplayerscoutinvisible
159337E15121B82E,GetCornerCheckTypeEnabled
15946A2DA7A99093,GetLightShadowState
15A0FB69A0C74776,GetFootstepEventVariableRadius
15A5BBAFD4A4BB67,scriptabledoorsinradius
15A92E2402929479,isSolo
15AD230E6853C9FC,objective_onentity
15C9F696B302CB13,IsArmorPlateAutoApplyOncePerLifeEnabled
15D833EDC621F776,leaveaiformation
15F29908A6FED8CD,Objective_SetObjectiveProgressCount
16044F0FDA07AFB0,SetNextCharacterModelFromArray
1610D1A6BC993F8A,Objective_DisablePing
1610DB0BAFB9FDEF,IsAutoPickUpSelfReviveShotEnabled
16179CA98CD6FB1D,usearmorplate
163686D9AC041497,isdroppingweapon
163C5FEEF8EA3532,isindoorroom
16410B68F883657E,weaponmaxammo
16495E02AFF8EE53,hasloadedoperatorcustomizationviewmodels
16826B6EC0A0DD90,thirdpersonrequestcameratype
16831FCCD1B9BB44,ignoreweaponarchetypes
168D8ACB61F4DDD8,RegisterJailer
169966C73D178993,iswithinscriptgoalradius
16A35496BAEC1F90,postplayerdamage
16ABC2483AD14958,DLog_RecordEvent
16ABEC81E3374046,choosepainanim_faceplayer
16BD1266420AB821,setcharacter
16D70291D0387206,DisableFortressesWithinArea
16E31F47893F90E7,stopforcedfire
16EDE83265750FCB,WeaponClassIsRestricted
170D3D8B516B85D9,switchtooffhand
170D6D0AB8DB6DEE,GetVehicleCamo
1743167CF709C188,CalloutMarkerPing_GetActiveOfCategory
1748725651C5F5E9,asmeventfired
1754C44C3889E278,StopMusicExcept
176AE9BA12543764,Spline_GetApproxLength
179CE2E5EBD24DF9,detach
17A00C00777B7699,setmovertransparentvolume
17A4855DBA3FC496,anglestoup
17B759D756F45B4E,setpriorityclienttriggeraudiozonepartial
17BBB7BF0DAB18D0,AIBudgetMP_RegisterPOICategory
17BEA18A89E6C8A2,structcopy
17DC4477E6858F59,getanimrate
17EE483EB76A9759,AISpawnDirectorCancelSpawnRequest
17FDC69F02DA1F1D,playerGetADSZoomFOVType
180338516801F577,isparachutedeployed
1809094E3AFD9F12,GetVehicleNode
181659E73E97EED7,flagteleport
181B28818ECC4BF1,SetAiDormantInfo
18515EE28D8A2422,updateeveryframe_global
1858540F474CD878,asmgeteventtime
18672B813838E94F,setdvarifuninitialized
18690320BDF00B62,BotSetScriptEnemy
1884583496489965,setparachute
188718242AE3C942,ScriptModelJoinInteractionById
18A4CB5507DEF460,AIBudgetMP_AddAgentToCategory
18B0F15520EED6F1,setgoalnode
18BC3D96C9819047,setplayermusicstate
18EC2D729E0B4E95,weaponisbeam
1901DFBCC97D1B40,hasgrenades
190813D1134CB7B5,gettacpointuniqueindex
190B2E3379F9A500,VisionSetPulseEvent_DamageDistortion
1916C4A6EC1F58FD,target_drawonradar
192B2C88AF1D2A2B,getzonecount
192BD5EBF26B9860,GetInvertedFlashEnabled
1957721F68FFAB81,getturretbottomarc
1959955E682690EE,getlastarraykey
195D62E346D13F13,AltWeaponSharesAmmo
19690941593523B4,getstairsstateatdist
197169875FC7285F,GetAllPartyMembersOfFamily
197EF48187159D23,Skydive_AutoDeployOn
1984B449042336EF,hasgrappletargetposition
199A82475624981A,vignettegetparams
199FC17D3D7683B8,cloneagent
19C09F0BEA8723F3,canshoot
19E2BEAB469C788E,Vehicle_GetVelocityLastCollision
19FE2181CD49D197,EndPlayerASMRootMotion
1A05F53262E50EA7,SetGrapplePointVolume
1A21B266E96936C5,NudgeMusicState
1A316A206351A99D,objective_setneutrallabel
1A3CBB1604EB81E5,conversationstop
1A4624510E98DE85,setusewhenhandsoccupied
1A5EC9906ADF7CFA,getaiblackboarddynamic
1A662391D9783B59,itemweaponsetammo
1A9D724A960FA19D,AISpawnDirectorSetRequestAdditionalValidTag
1AB2513194695007,movetovehicle_terminate
1AB440016073A85E,allowmeleestomp
1AC40732E3EE1DA9,bbprint
1ADA91BD6E407F6F,AISpawnDirectorSelectDynamicAmbientLocation
1AEA9A279D56C9E3,setlookatcone
1B072158F294351F,chooseanim_exposedreload
1B41EA5D31767756,IsTacMapActive
1B44A8BEF83E8E02,removeendstr
1B4C437A6367712B,ShouldIgnorePain
1B56282784C08A82,GetFireteamMembers
1B574B1811B6A35E,setcovermultinodetype
1B5A4BA6EEB47949,soundsettimescalefactorfromtable
1B5EE52957258E00,setisoutlined
1B70A1189474618E,GetGlass
1B85550AEF30C475,isteammateoutlineenabled
1B871EC4FBB571ED,AIRegisterToStealthCompass
1B900F8F8B28D016,getturretburstroundmin
1B95E1D0CBE5EBAD,VehPhys_GetWheelTimeInAir
1B976F2912023556,getomnvarrange
1B9D04E4F44929EC,setflaggedanimknobrestart
1B9ED26F397FC237,HasLastGroundOrigin
1BB4018F8B512C04,getturretburstroundmax
1BD90D9B56142114,GetGrenadeFuseTime
1BE884A54C0BB52C,SetUAVJammed
1BF7D71A1EB944CB,isluielemopenforplayer
1C01F095D5026A92,setcodcasterstat
1C044CE4A990C76B,rotatepointaroundvector
1C25BDDDD9D07936,startbarrelspin
1C30354B58994E5E,animscriptentervehicle
1C3865EB1A413B5A,SetOnWallAnimConditional
1C3D5CC5DB2F1981,getduplicateanimentity
1C4C091C580FDD7D,advanceontarget_terminate
1C4C7EF874191BE2,AISpawnDirectorAddObjectiveLocation
1C56E9B7946C1DCB,SetLWAgentRoutineName
1C5DBB62D5D691B1,formationupdatememberpath
1C66BC497C3EC90E,isspawner
1C6D288085BE8E40,GetSprintMeterMaxValue
1C6F699B1942A380,spawndronecode
1C76F938BA4F3DFC,aisettargetspeed
1C7A41C505C9C17A,FTUESetClientPlayedMatchCount
1C973DBC0A587018,isinhunt
1CAE4597CDBE2A64,SetBountyCount
1CC39906975D7EFE,StopMusicState
1CD7D9F75AC6271F,GetFortressListAll
1CDAB64F1FAA25C7,getboundsmidpoint
1D17B8B3750D9CD9,startscriptedanim
1D1C78A63F9758E0,frontendscenecamerafov
1D22A934AFF41A20,setheadiconteam
1D263162F04803EC,israrityindexcustom
1D5453A0507B54E1,startliveragdollfromimpact
1D590F73878C0A31,ClearEngagementMaxShootDist
1D60D86DB3A5DB43,setbobrate
1D62D063974CCC3F,addclienttotargetmarkergroupmask
1D775BAAE7738674,btterminatetreeinstance
1DAA160DE48A96F2,Vehicle_AllowPlayerStandOn
1DC2590EFD745AAC,Skydive_BeginFreefall
1DCC762CE2A70EF2,GetLiveRagdollCapsuleAngles
1DCD1EDBAD560A45,vehphys_getwheelincontactcount
1DD77549FDA16BB3,SetCanJoinAggressiveReacquire
1DEBCC88F79567A5,target_setradarcenter
1E0928819B6020D7,UndockMovingPlatform
1E3405889FF75671,israisingweapon
1E4D00E12C1FA78E,objective_setownerclient
1E51224BFE293339,getCurrentOffhand
1E7B05AEE4B81C2C,setstealthcoreeventhandlingenabled
1E87EDD13E64FDCF,lookatkiller
1E996B6F6AC607A4,issentient
1EA59633649AE3DD,isdualwieldingweapon
1EB69BE33E506343,advanceontarget_update
1EBCA2077ACB6E35,vignettescriptdisable
1EC9BE168FB1CA4F,skydive_cutautodeployoff
1ED3587931AF9D35,setvehiclesticker
1EE3B6C488A6BDFB,angleclamp180
1F018EE50B2A87AA,iscontrolsfrozen
1F118D62255D38A2,MakeVehicleSolidCapsule
1F120A425B7ADDBB,stopexploder
1F13C2EB85124ADB,IsAutoPickUpFieldUpgradesEnabled
1F175BFDC2E99ACE,objective_showprogressforteam
1F2C23A3CA0DB232,SetCornerCheckTypeEnabled
1F2C374CA7A03139,isfiringvehicleturret
1F3678EDAB5FE4D6,localtoworldcoords
1F5BF4C386171AE7,setTimer
1F71BFB888FFE5BA,isGuest
1F7761513B1A2D9F,getscaledpitchmove
1F7F05A0AB9F6C7B,ispredictedstreamposready
1F93BAFF34558FF0,canmeatshieldtakedamage
1FAA0170D43691AD,atdangerousnode
1FB839E25A7E4F84,getweaponobjfromscriptable
1FC5FC2A3E46C041,cos
1FCA3A43AA63C0BC,loghuntedenemy
1FEED28A15953A5D,aigetanimweight
1FFBD86463E22920,UpdateCorpseSight
200A549B600A9E38,emissiveblend
200AB9C4891B4ABC,doesnodeallowstance
200EE1D736DFAE25,getlookatenabled
202E1DA19FCDF995,playerforcedeathanim
203C60B1E5C3E21E,setweaponammostock
2046EE7C8FE23281,isanimscripted
205C290D87FBA4AB,zombie_moveawaytether
206392EAC2CA1834,GetStairsExitDist
207334934650660F,SetAvoidanceReciprocity
20736EDAD8DF8063,disabletargetmarks
20933B262C3A000C,screenshake
2094A181956C5F3A,setfacialindex
209B928E3F16FC8F,removescriptablesinareaswap
209D1F955AD4EBBF,buddyrevivingdoneanimevent
20A7DD2EB5CAAA66,setmovingplatformdef
20B1CEDC121E5EE3,settryopendoor
20B7CC92633BA308,setclock
20CC866395DEBB87,registerciv
21244A4B3ABFC835,setthrustersenabled
21399855891D4E7F,disableweapons
2171F08B5BDAAE71,SendStructToCode
217C1FE852491B23,UpdateProne
219428EF27CF009C,isExecutionVictim
219773419E833525,setshocked
21994002EAE3DED9,getweaponcamoname
219D15A005C86E20,objective_showprogressforclient
21A45EB333976DCF,getturretmaxrange
21B185AB7F48A522,arraycopy
21DE5AADD2856AA7,disableforcethirdpersonwhenspectating
21E5FDDF66A91FAD,allowadsresumable
21E9A60184CABABD,setturretbottomarc
21F67750A760231C,sethudtutorialmessage
21F85E149B075471,zombieorienttoattack_update
2216630ACC277A90,calloutmarkerping_getent
22202C030FBB7718,enableoffhandprimaryweapons
2234A8F34E043DAA,zombieorienttoattackbasedonnearbyplayers_update
22457C3A737DE406,IsSplinePathUsingTraversalLink
224C211AAF967682,issprinting
224D6ED7168CA53B,isinareaswap
225F7CBBD7743819,getvalidcoverpeekouts
226D85BC914662F0,playerlinkedturretanglesdisable
226E17A139D12B4A,isjumping
228A96A77F68EC40,aigetanimtime
22AC3D8DC167687A,bb_shootparams_empty
22C5893CCD962D26,LinkToPlayerViewFollowRemoteEyes
22CAA937E5712556,GetAnglesToLikelyEnemyPath
22CF5F7728855634,getturret
22D83FAF1F21A727,isMeatShieldAttacker
22E3C2ECE4D638A1,scriptabledoorisclosed
22F39AC501A73D8D,Skydive_SetForceThirdPersonStatus
22F8C0E3986C213A,shellshock
2300B76FAA50EAF2,CreateNavModifier
2314A9A81968E683,setusehideprogressbar
231813C4DA3405A8,ResetMissTime
2327BC1AB9A39199,SetSticker
233500A06D59906A,SetCarryObject
235966F19E759592,iprintln
2369D424DF7C795D,getmaxdamage
23706E1FDE827271,lookatplayer_init
23741795E43FC95C,SetPerfectAwarenessZoneVolume
23AFA48B06B3B413,GetGametypeVIP
23B333075796ECCF,pausexcam
23BCD0222F58B059,getcamerathirdpersonorigin
23D2846267ED1433,SetCivPerceptionCommonSettings
23EACC0A7DE0CDFF,choosepainanim_covercrouchlean
23F7AFFCF2E2B6C7,enablemeleeweaponswitch
24031C013CE5B999,zombietritonplayleapoutroblendpsace
241194DE5153EFA2,disablegrenadetouchdamage
2418CAEA3719A7C0,setsentryowner
242C719C9DAF066D,removeinteractionsearchheight
24316E925848248E,setadrenalinestimactive
24344C3D2A5E327B,revive_init
24480FAEC9995BF1,setcivstate
244BC16B40C5BA1C,getlightradius
2454E34C076BA3BD,getgestureviewmodel
24643A1C77F19947,objective_icon
246BA832AA2F57D8,useanimtree
246EA7DD07E4AE2F,getisattachmentupgraded
247212A35CF7818B,animrelative
2479114E5EE014DC,AISpawnDirectorNotifyRegisteredVehicleUnloaded
248F51F28AF6DD75,AIBehaviorToken_TokenExists
2493181260630645,unlink
24AF687A8B7297F6,AddToStreamedGenericBlueprints
24BCC144EDF26E3A,sethidenameplatehealthbar
24E10BF6894FA869,GetConfigValueByComponentKeyName
24ED3E3FBDBFE18D,getnodeleanaimyawoffset
24EDB8A97F6832F0,Objective_UseFadingWhenParachuting
24F59E208B0CFEC9,ForceUseLastMeleeAttackVariant
2512FC0BBDDFE197,getnumvehicles
2534A85EBA6B0E0B,setalertlevelandupdateeventhandling
254D75A66BFD3818,setclienttriggeraudiozonepartialwithfade
2563CEC2DD3A7000,updateeveryframe_noncombat
257110CA506CF32D,isscriptable
25848108F633EABF,isplayingxcam
259F0F4C0C5028B2,isadditionalstreamposready
25AF1328B3E8DA54,GetTacticalADSState
25B753274212D4FC,stricmp
25BAC356AC7E02E7,soundgetdistmax
25BF663E4DA08CE9,getweaponammopoolname
25CB024CD49198DE,getplaylistoperatorxpscale
25D24C21DEF5AEAA,withinfov2d
25DB307FA029B3D6,cameradefault
2605C0FF532B8951,GetManeuverAroundTargetAbortReason
2605FA8BFD8DB104,throwgrenade
261098A8F2659544,glanceatentity
26148207F48112CA,IsDashing
2639653E24C5F442,objective_ping
265BF714EEF2B2A5,istouchingwithcustombounds
269E478337A3A5B1,getdemeanor
26A0581646746BDE,setddosjammed
26A6C8CB862C750F,tablelookupbyrow
26AD66BD9CCD7ACB,easeelastic
26B822BE32680143,setvehiclelookattext
26CF75203075ECB5,getweaponslistitems
26DC5C4441D99F30,resumespeed
26EDB53D9555BBD4,zombie_movetobrainrotowner
26F15305592482D7,setturretowner
270290A172B9C73C,GetModeVotingOptions
272B0BE3269613F8,sendentityhitevent
272F3E14E66DD581,player_recoilscaleoff
2734DE68336B0CFE,SetAvoidanceRadius
2735E38F58370A0F,setmoveristrain
2763395F82772AA8,hidelegsandshadow
276F74BD2068ECCD,aisetanim
27714D830591CC56,AISpawnDirectorGenerateSafeDespawnLocation
27723D27894BF7B2,cleargoalvolume
27809F8FAC5AC475,recordnodestarttime
278F1D2EF9886D91,botgetrankandprestige
2792DECE9BF7D433,MeleeWeaponInCarousel
27C26D84605A81EB,badplace_cylinder
27C39E5C0DF05645,getswimspeedscale
27CE8C59191FAC10,withoutchroma
27E1ECE50B75DA75,botgetscriptgoaltype
27E8B9E4C9CA9C4C,animmode
27F42DDC14AF9007,Skydive_AutoDeployOff
27FB22822F8F40EC,getmovingplatformvelocity
280504CBD8C20012,entityhasmark
280DD200E9074861,clearoffhandprimary
2819D7D6C12E0624,aimayshoot
281B229396D4DFEB,orienttotarget_init
281DD32F86BD8F8C,setlwagentsplineid
28204572961676B2,BotPredictEnemyCampSpots
283B3BD75E6F81A4,rusher_notargetfound_init
284C569723782234,getaistealthcantraceignoreents
2853F344511EEE27,ScriptMoverDistanceFade
2877482329162E5F,playanim_shootidle_cleanup
28856DA8CBD7E3D9,ScriptMoverThermal
28871A179B58CFD2,getexecutionpartner
288CF897973C9F9D,ifshouldstopandengage
289836EAD823FEC6,resumepath
28B54D425EE6F778,SetLookFocusSourcesState
28B873E4B5A44EDA,getgoalentity
28B93EFF8D8750D9,getturretaispread
28CD6F7304AE5FC7,setstealthidlenodeinfo
28CE5F44A5393018,GetTimeSinceLastPacketReceived
28E6DB29ED75C40F,aispawndirectorgetsubzone
28E7B5A1CE147243,reacquire_step_terminate
28F3E2C289F970C7,SetPerkIcon
28FE15D9E2BFAB0D,AISpawnDirectorClearPreferredSpawnArea
28FEFD636E94348C,entitymarkfilteredin
2907AA812EDA8A21,IsRoofExitTransitionActive
29137E613A12A41F,setplayerangles
291BBC5A598F1C18,withoutattachments
291E7FE5F644559C,weaponswitchbuttonpressed
292C0071EB8273D5,setplayerusingdrone
2938687B7CF2650C,getweaponattachments
29389B671AABDE75,setconvergenceheightpercent
293BD8B542202836,shoulddisableskydivevfx
295A1C07A475A8E4,Vehicle_GetSpawnerArray
2963216A080552B3,playerlinkedturretanglesenable
296A988FC885113E,GetJukeCooldownTimeLeftMS
2978B954A0618868,calloutmarkerping_show
297D91B9711BF459,getdemeanorviewmodel
2990CDD31FA5CCFF,shouldcautiousstrafe
299AFE75670BF9C8,UseTriggerRequireLookAt
29ADDD15F754E5AD,vehicle_dospawn
29AE5D37634C4F21,removeclientfromtargetmarkergroupmask
29B30B7A923A8DF7,zombietritonleapattackoutroblendspace_update
29CE8F3D1F41FE0F,getmeleeattackvariant
29E5A164A795CBD8,setusefov
2A0DD2CEDB16CD0A,setteamfortrigger
2A3BBF432E87D61C,setthreatbiasignoreall
2A483001C285E4E8,isthermalattachment
2A5648980366A25B,SetNextExposedAtCoverUpdateTime
2A80023A7E4477F5,getthrowbackweapon
2A814D41EC6B9609,aispawndirectorsetzonetag
2A84C3EE0EE33BAF,requeststopweapon
2AA241F8E6DA85CC,enableweaponfireunderwater
2AA35C6AF3A02A5A,chooseanim_weaponclass_reload
2ACD609507A7B005,enablescriptablepartplayeruse
2AD7C199D91CF769,setgeartype
2ADE69D0D0500C96,setclientmatchdata
2AE46A09D3466569,setturretholdstill
2AE60DE493545B0F,getanimweight
2AF4E2A40FAC933A,vehicle_setheldweaponvisibility
2B04CAD4310868B9,NewAiFormation
2B230C05F501BA10,ClearEngagementDist
2B2423DD1157E43D,canusearmorplate
2B441168B3089CA4,IsStanceInAllowedStances
2B797C24938CAE8B,hasattachment
2B8832FA718F177B,HudOutlineDisableForClient
2B89F74D0162941F,getperkvariation
2B8AEFBB2703630C,removeteamfromheadiconmask
2B8E3D3AE2A6414A,Objective_SetHideOnMinimap
2B98A038EE41A48F,checkgrenadelaunch
2BA046A673E088B8,getoffhandsecondaryclass
2BA2CC67DE912BC3,setoperatorcustomization
2BB28CCF461C72CE,setcivcontrolmode
2BE2F1AE4CEABF1F,rotatevectorinverted
2BEB78B24A300170,setclienttriggeraudiozonelerp
2BF2352736FC6AC8,Spline_EvaluatePosition
2BFE538C6F6BB43A,setallowshooting
2C0DA0C059EA3998,hudoutlineviewmodelenable
2C12BB2C33B2FD19,Turret_SetHeatDissipationPerSecond
2C283A6D801DD2F3,vehicle_helisetai
2C28E7684376DCC6,VisionSetPulseEvent_DamageColor
2C3059F29AD78787,getBaseWeapon
2C3772B08D72413E,GetNumOfAvailableAiSplines
2C59342485677AFD,clearvehiclestickers
2C595EBF111EADC0,playermount
2C69543FE93742CC,getnegotiationendnode
2C796B5CBE343DF3,UnmarkAllPlayerCompassOriginsToClient
2C809DBEA97C1579,setvehiclelookatent
2C8FE52FD4CCD617,getsubstr
2C8FF5FF5A72F6D0,deactivateworldevent
2C90310C45A524F4,lmgplaytransitiontoexposedanim
2CE5B5E8965907A4,ClearCustomization
2CE9558D679A85FF,botgetscriptgoaltacpoint
2D1EBAE13FD5C511,firedeployweapon
2D2025B9DBBB9DA6,isworldmodelloaded
2D2A27E056C7C38B,setstrafeblocked
2D2A60FE66C2F47B,coverexposenoenemy_update
2D36690F37308598,nightvisiongogglesforceoff
2D370B41557C283D,aiplaygesture
2D43EB70EB14EB17,getairburstdistance
2D56EEDFB69BCE02,hastacgraph
2D690CC6E3E92D8A,GetReactiveStageSetDefIndex
2D70617AE21E763A,coverissuppressed
2D81053FA0E481A3,rcplane_settopspeedboost
2D87B166C96434AE,objective_setprogressclient
2D90D227720B1701,NavAllowPathingInWater
2D9BBA8C06BF8700,enableinvulnerability
2DB3A8FB18E5D1A2,allowdashfromstagger
2DBD81DE86155E41,hassquadbehavior
2DD3743313B8418C,freezelookcontrols
2DF83B89128EAAD8,meleebuttonpressed
2E027CC9D341BBC5,shoulddoarrival
2E0469E0CC47B8CA,actorcalcstopdata
2E3D06B9A00ABE91,actorgetgroundslope
2E41F639064CFC91,solid
2E45314624FDFDB8,ReportChallengeUserSerializedDictEvent
2E4C26B468C76E8B,getturretleftarc
2E4E35DE116CB2DF,springcamenabled
2E50BDD9495D2B8C,GetBSEQUserTag
2E5E844F5F8173BC,ScriptableSetParentEntity
2E5E949E448E3B4F,frontendscenecamerafade
2E63BC7B268E577F,setturningability
2E6AA6C89A28B620,getWeaponViewmodel
2E6AB3E160325E06,chooseanim_weaponswitch
2E78671819DC435E,setriotshieldstate
2E92CF6D14142FE4,Vehicle_GetDefaultHealth
2E9BEABA6EAC5E15,missile_cleartarget
2EAD0CE2DD134003,setAirResistance
2EB07B36CAC6ED3B,turretfireenable
2EBB683130FD4CD2,setknocktoproneimmune
2EBE5F47995C9811,calculatephysicaldepthoffieldonclient
2EC4F85FD361A42D,isplayeractivecamo
2EDFDD35A16BB863,setnondeletable
2EF3B7AF74B1FC80,playerlinktodelta
2EF9EB3349906D00,setengagementmaxshootdist
2F1B5865710C877C,IsTacPoint
2F274D4ED477542E,scalevolume
2F302AA4E25E2996,getaimangle
2F43738DACE48089,updatewhizby
2F54B45B6609127E,CanResetTacticalADSUponDeath
2F744704905C246C,getvehicleanimationset
2F7CE52BCC9ECEF9,setareaswapstate
2F8386BECDD34D7E,setspecificattacklimit_update
2FAACB918CE90061,ScriptableClearParentEntity
2FB669DFF8012710,clearwristwatchtime
2FC424070EE1794C,initvehiclejumpexit
2FD0949FB61920F9,AIUpdateStealthCompassValue
2FE7F5F2543AB506,playerlinkedoffsetenable
2FF09A16C42BCAE1,unlinkfromplayerview
3014939149AC4C69,GetCSplinePointId
301C7561EFB157CE,setadditiveposture
3030EB21902DCD90,SendRequestGamerProfileCmd
303A03738221FABE,clampint
30421DE15AF574F3,aisetriotshieldweapon
308CDA583B222719,objective_setlocation
309A635CB679A8F7,spawnvehicle
30C25BEA1909556F,createnavbadplacebyboundsignoreteams
30C3DD3F21BAA322,hasperk
30CDD28FBB86B183,removeteamfromtargetmarkergroupmask
30D27B1FE57675A4,vehiclesetseatoccupancy
30DC1EFDAFE7681E,enablenavlink
30FC5DE1BB4DE283,Objective_SetTint
30FE6601DD22584F,shouldreload
31049502B79C76B7,isscriptablemaskset
310DB1DCA96CC9ED,getactivegamemodeweaponxpscale
311699CBCDC2932B,vehicle_gettopspeedreverse
3117CB0345A4A525,setflaggedanimknob
311DE6D4E9D65F74,getclienttriggeruuid
311F630B52D525CA,round
3131BD052160CA01,BlocksIncomingPings
3161539E0A96D772,getactivemapinfobundle
3181733C19782BCC,SetEnableMeatShieldAttacker
31824B229C97C3D7,enableforceviewmodeldof
31A5979FA4F6239A,isscriptabledefined
31B072F06DF7BB76,SetLookAtBoneWeightsEnumOverride
31F441235EC5E473,MakeAiDormant
31F7D1D725A1DBA1,magicgrenade
32170169D3070E18,waittime_init
321D4A590D4B3E83,setgoalvolume
32260ACEBCED62E7,getplaylistbattlepassxpscale
322635F31E0CF293,SetThirdPersonCamVehicle
322822D47D3845AB,playerlinkedoffsetdisable
324F6FD90B5B9DC1,zombie_idle_init
325682E4DDDAC927,IsLeanOutTransitionActive
32577397EAF5B5DE,isskydiving
325A34972C399274,dontinterpolate
326D19F438CA10A7,callreinforcements_terminate
3275D64CA1D17BD5,disableemptyclipweaponswitch
327F043811E08F3E,vehicle_makeportableradar
328584D1FE07B2F9,registerkillstreakweapon
32A3B815AA496FCC,LongDeathIsEnemyInGeneralDirection
32A61F2D28FB282C,setpriorityclienttriggeraudiozonepartialwithfade
32A97889C3D6A37D,setgoalpos
32AE1D869638127A,missilehidetrail
32C1CCFE09636874,removeaieventlistener
32F6EB8F9D15D78B,BotNodeScoreMultiple
33140F851525DDD7,assignweaponoffhandtaunt
3324C95090FD3ABC,getsightedplayers
333D9CB29C9ABB4F,CalloutMarkerPing_IsScriptablePingedByPlayer
33467E1A42FBB87D,setareaswaphint
33533C85D5AB4231,zombie_movetopileup
3353B5081B08A9A8,istargetgoalent
336CE26DA921EFA9,getmissileowner
339DC976F96DBD5D,SetAllStreamLoadDist
33AC7A5B912348EC,zombie_movetoenemy_update
33B4E1F503CC0382,chooseanimbyaliasconditions
33B5924441A0A1EE,enableclimbweapon
340B540EF46ABEC7,withrandomreticle
3413937278423A7A,objective_setspecialobjectivedisplay
3419770993273169,hasenemy
34498C9D6355A1C6,objective_setplayintro
345811BC47F1E96D,isskibraking
345A84832CA8CC35,enablephysicaldepthoffieldscripting
345D8C1B8A88B1AA,aiclearperks
346010A50DC8E76E,stopbarrelspin
3471C05C4C68480A,isknownenemyinvolume
34949A2D0F7FB0AC,BotSetShortTermGoal
349C58FD504B3E0A,stopac130
349EE393EA6DBA7E,botsetprofilesetting
34AB50D56A58883A,playtransitiontoexposedanim
34B3FCE2D809FF07,scriptablemaskallowed
34CEB0029338EF8D,stoppath
34D4B1EAA329C882,path_getcurrentnodetime
34FBA1774235E806,zombiemelee_notehandler
350053F4198ECEBB,aispawndirectorconvertaitoambient
35031D9B290DDFC1,enableheatmapradar
35100DDF92A0AE02,PlayerGetSupportWeaponZoomFOV
351ED26C1511BB4F,GetAnimSetFromAIAnimSettings
3544D10AE25437FA,getattachmentbasetype
3559CD3457802E82,SetImpactFx
35609129BF505EA1,copyloadoutbuttonpressed
356DA25F8BB93C82,animsetgetanimfromindex
356E06BD01FF57E0,AISpawnDirectorHasVehicleSpawnPoint
35895904BC852398,setteammode
358AADC8B351D490,asmephemeraleventfired
3595C9B1481C556D,getcodcasterteam
359F3065FAC385F3,clearpath_update
35A69EFBDB3B8D79,updateentitywithweapons
35AE25E55AC63135,linktomoveoffset
35C82B48EB8ECAF5,unequipskis
35CF9CA7D89677CF,GetPlayerIntelIsFound
35D2F2E48A062059,vehphys_forcekeyframedmotion
35D45993C544928D,getplayersinradius
35E2D212155BE527,reloadbuttonpressed
35E79EEE7EC9957C,SpawnCoverWall
35EAE4413DA56A84,attachpath
360BA3ABB35D239A,worldpointinreticle_circle
360DF9B45921825C,RecordBreadcrumbDataForPlayer
361DBEB559975407,setsightconfigtemplateoverride
36201E78E9D3D0A6,SetCorpseForceRemoveTimer
3643FC0B0F0CFD51,choosecoverlongdeathanims
3669E28C0476C024,getplayerunoid
366DB8273327AD25,setsafeguardent
36710ED0B2AAD43D,TrajectoryComputeDeltaHeightAtTime
3689E1B62C64B089,bttick
3695BAD93DE89A4B,activateworldevent
36E36AEC41EF29B6,isonornearstairs
3707EAA2BDE14448,stopandengage_init
37097BBE1BCA8F6C,setentitymarkoriginstatus
37139983AD505869,Missile_SetPhaseState
373D3F639D56E3E7,playXcam
37490E78EF28D565,setlookatstate
375E0D1F1562C608,PlayerGetSupportWeaponThermalToggledOn
376A21F399D1D788,ispointonnavmesh3d
377F02D332FF8DA6,reacquire_flagenemyunattackable
3788EF223D750C8D,clearcap
37A9A9FC1FEDA157,physics_registerforcollisioncallback
37BEA690CA7F846D,isorigininareaswap
37CEF0997258AC79,drawfacingentity
37D9E592A64FF596,IsMemberClanActive
37E24B733DB13CA0,Objective_GetTacmapVisibility
37EC9E48497CC825,setslowmotion
37EE4AF04167F7E6,aispawndirectorsetdynamicpatrolpoint
3800ED77B1B69DE1,vehphys_parkingbrake
38187EF7C844FB3A,targetmarkergroupsetentitystateflag
381C0630C76F40F5,CanGrapplingHookTargetEntity
382097D8732A0C41,Objective_SetPlayRevealAnimInTacMap
3820E2ED8BEB36E0,setdronegoalent
383640B174F48973,setplayerrevealed
386E3B6D2BF76F25,setheadiconfadeincenter
387789233CED65A8,SetNextKillstreakCost
387BBF731F6E5C95,getglobalweaponxpscale
387D64F51978D1AA,ActivateNightVisionBlind
3882ADBF14E4BD2D,getturretcurrentpitch
389098105AC4BE68,setbagtype
3895C5AC6C1F5F17,GetPlaylistName
389A4F515C2668D4,arrayfindvaluebyfield
38AD9544612BFE77,scriptedanimfinished
38B84CB3D4357DD7,Objective_RemoveAllClientsFromMask
38BC136CA0EED214,RefreshCommandInputRepetitiveTime
38C7EE988508ACFA,weaponinventorytype
38C992E07C477802,Objective_SetRotateOnMinimapAlways
38E832130F637C5B,getxhash32
3908DFE028792F4D,AnimScripted_SetPredictedAnimations
391134B7FAB79784,PristineTire
391D392EBEFAF20A,ismeleeing
3924796B07A3FFC5,objective_lock
392E125E9B31286F,isspawnedcovernode
393344BC33D7BB69,botcanseeentity
39389F6A1A887AE6,getnearbynegotiationinfo
3939A0D3F0AFA560,enableequipdeployvfx
39425BF653A282A4,ClearAdvanceOnTargetRequest
39708FB53EE09C3C,IsPointIndoors
3996CF2C8D4762A3,getplayerangles
39A16AD0016A4EF0,getweaponhudiconoverrideammo
39A92F19D1928037,zombie_movewander_init
39AC4B9935D8A4C9,codemoveanimrate
39BEE915E2DBCE95,LogMatchDataDeath
39C283CC7D634651,maymovefrompointtopoint
39C28A518AE1315A,ScriptMoverClearDistanceFade
39E15F31CA87FF65,vehphys_impulse
39F0A25964E0152C,enablebreaching
3A1F2B3F3FFB0BCB,botgetpersonality
3A35CD6127A20063,stoploopsound
3A4525281CF413A2,setentitymarkorigin
3A59B1430ED51A61,aiclearvehicledoorstates
3A7598D6982EB648,botsetscriptedmode
3A77B852F0B4B49E,getlightvolumetric
3A7B2BA6307E8C74,spawncovernode
3A7D5CA324A411CA,setjitterparams
3A8137B2111328BA,vehicle_invoketriggers
3A8921C4F763879E,isleaning
3A95BB1A6EBED8F6,setaiformationmulticolumn
3AA163F5E1423D22,ItemWeaponGetLootItem
3AAEB35EF52E9026,getkeybinding
3AF4ED2D369FD6C6,getweaponmeleeslot
3AF65FF34ED36712,EnablePlayerGlobalSoundFutzMode
3AFBAF172AD4ADA3,isclientpaused
3B080600B38DC10E,setanimknoball
3B2957F0D5F9EB4A,AISpawnDirectorRegisterVehicle
3B2EB4C3DD93D0A1,objective_removeclientfrommask
3B3C639FB415B2DD,setmode
3B71AA1BFAB81002,AIBudgetMP_GetAgentsInCategory
3B9780522C29B61A,getattachmentreticles
3BB774CFBBDC9E84,ClearPerks
3BCAC6F17E0BDF49,weapongetdamagelocationmodifier
3BE2C8AF3D880218,setlookatblocked
3BEB9D29C606DA17,SetGametypeVIP
3BF09E4ABA10B0FB,VehPhys_SetMaxInertiaTensor
3BF3E3F7E44F0B53,setisinfilskydive
3BFD6CE20E8F483C,giveandfireoffhand
3C050D13E1A21C81,Objective_SetNoFadeInGas
3C07C53FCA7EB889,withcharm
3C23BAAAAD4A0695,setspreadoverride
3C555747056E0D65,setsafeguardrange
3C68071310D8587B,switchtoweapon
3C8FDC115F7429A3,StreamSetMaterialTouchUntilLoaded
3C9108A9017FAF59,setinairpocket
3CA2255F1B26C10D,getscriptedmeleetarget
3CC85233AE904F46,setwaitspeed
3CD42138B977397D,settraversalattributes
3CFF797EAC1FFA62,questcirclefadeout
3D19A57585A5F491,scriptablecanbepinged
3D283528E5A23F67,SetHasC4ChargeOut
3D2874EDEDC5B56A,prokillstreakisrestricted
3D5BCE391BA01F72,isfunction
3D653C10296F0B1B,aispawndirectorgetrequestarray
3D6EE91A38F3062C,vehicle_setspeed
3DC3ED38C2C726FB,disableweaponfireunderwater
3DC4041A0729B423,UnregisterJailer
3DCC86BF878342AD,makeentitynomeleetarget
3DF472A923BF1CEA,laseraltviewoff
3DF746FC27C4C9CB,GetLookAheadTime
3E109EC15A9A3E21,getnoentvolumenumber
3E127F58236F25A7,target_setcolor
3E1AFF8691A46595,zombie_checkladderreachable_update
3E2A277D8E0AE36D,createentitytypemask
3E35D42CC05B0324,getenabledtraversals
3E3BDB7FE0CB3E8D,AISpawnDirectorCheckSubZoneTag
3E3C358EAB9D4806,isbotreachgoal
3E41733C0784F891,weapongetdamagemin
3E64853C07AB67DF,weapongetdamagemax
3E8A974F7819AD3E,abs
3EA0FA1A78932FE8,BotClearButton
3EA5778743C3652F,weaponisboltaction
3EB84B0E0BD75FF9,endatakinputmode
3ED695B06E55904A,setmoveravatar
3EED4661988E7C92,getonascender
3EF2F5A77E50CBED,createnavbadplacebyshape
3EFE38905A871FEC,startliveragdollprojectile
3F148667E2289988,getscriptablelootiscustomweapon
3F1A6A0AE5901866,Objective_SetHovercardIndex
3F2FD97267DC8B53,setchokepointgroup
3F30C865EEA2B620,findrandomtacpoint
3F4C4A69158AFB68,validatelootitemquantity
3F51B3CA732AC5D4,length2d
3F7094F6EB8242C0,allowledgehang
3F7BA775D748EEE5,strjoin
3F7D6844DD3F31FE,zombie_moveawayenemytounreachableattack_update
3F88F030CAC9AA4B,settopdowncamerayawflipped
3F8D87152665936C,vehicle_teleport
3F97CA34AD34E8C9,HudOutlineEnableForClients
3FA25DBFB13E3723,Lerp
3FA85D4D14E5C452,getclothtype
4010B85D9127DB6F,enableautoreload
402743018EEE4A97,calloutmarkerping_getcategory
403190BDF322E3A8,EnableFollowingAiFormationLeader
4042D2FBE6237835,FeaturePlanning_FailsForUnplannedUsage_RexOrLater
404AFB72DD8C344B,openluielem
4056A4F9E16B463C,withinfov
406F6377E8BC2D2E,getplaylistxpscale
4074017B81F32B27,teleportworldupreferenceangles
4083F16CD7787990,laseron
40902F5090610065,setscriptmoverkillcam
40C0C4FC593C5D28,calculatestartorientation
40C175BEC04EBC83,GetLightShadowBias
40CA40A8B6646EC0,doflee_terminate
40CA7BAF1F59AC8F,setlookatclampoverride
40D6D04DFB6D8075,shouldseekpickupitem
40FCD839C3045ED3,GetWeaponFlashTagName
4100CC9C7E94BEE8,weaponattackerkillsound
411339555D851029,stopbeam
412B7A2B207F7AEA,isriotshieldreactionenabled
41360F0BCFC012AA,isgrappling
413A92383B3F82BC,AIDoesVehicleHaveDefinedDoorStates
4145156A803806C0,updatelaserstatus
41545111C3F7CB5D,stopusevehicleturret
417418FBE704C382,getplaylistclanxpscale
41797A7AAD14E175,frontendscenesetxcam
419676B37327C834,enableexecutionheavymeleeattack
41B4C9264AA6EEDE,LogClientMatchDataDeath
41BEC0232E24EE41,removestartstr
41BFE14190CA96E7,EdgeQueryIsPointNearLadder
41C0EA74D4E31B37,StartLiveRagdoll
41D9B8754A37A071,isvalidoperatorcustomization
41DAAF5F227B3E05,GetMissileVelocity
41ED97865A384E7D,weaponfirstraisetime
420A5A495129133C,enablesquadbehaviors
42180147F2899A20,cameralinkto
421B7C022CD56027,getweaponmodel
423DB5A303AC4D11,isinfrontend
424B8A2268CE1010,isoffhandweaponreadytothrow
42595E768EF81766,DoEntitiesShareHierarchy
42631B60DBD2008F,CanPlayerPlaceSentry
4281DA5FCC8AD9AC,VehPhys_BlendLinear
4285C3113313536A,botsetobjectiveradius
42897B1BF9F25C0E,botgetpath
4296F3A638C463B8,connectpaths
429A27FF306F2454,vectordot
42B993396C9C3B50,GetPlayers
42CA83289E883F89,getnodesfromvalues
42DB8AE1FB3E0AD9,aisetanimknob
42EAAF903746CB1B,setaitimestamp
42F14DDD60A54C33,RecordEventForSREParser
42FB082149A626EB,hasattachmenthash
42FF094416E3CF7B,SetLookAtClampLopsidedOverride
4309B5830B5AF884,setrightarc
4313FF99F6D0A290,worldpointinreticle_rect
432458E83A394206,commitstats
432A28F6E5136553,skydive_setbasejumpingstatus
433110FCBD10128C,isai
43362CB8941CC909,starttraversearrival
4377CE06875B6711,clearentitytarget
4380969309573A3A,setnorthyawforplayer
438CD0BAE06D7CC5,rusher_reattachknifeforcombat
439821F7C1510694,aispawndirectorgetzones
43A6C6EF47B8B126,animscripted_blendin
43B69B5E5FB69205,soundexists
43B6FC8C30A6C268,coverexposenoenemy_init
43BAFE42515ED669,setconcussed
43C87F41D02D3870,laserspecialuseoff
43E86DBCAC3DA1E0,hudoutlineenable
43F4BC8FF857E68E,VehPhys_GetWaterDepth
440783DD06D11B57,AISpawnDirectorGetEncounterCenter
441450DEAC2D722F,vectorcross
441785E702B2C2E8,clearladderstate
4418CB773ED81157,setblackboarddynamic
441F9C4FD2C3435B,stopandengage_update
442B8BB8A5353A73,GetClosestPointOnNavmesh3d
4464DEA6E3AB3F41,rcplane_setminspeed
44775172D6DD7E71,weaponcandrop
447D8547C5A8E518,setnextbalconydeathtime
449B4794029D59BB,setsentrycarrier
449CEA91173BEDD9,stopviewmodelanim
44A344C68A68F28D,Objective_SetHideOnMinimapWhenClipped
44B048B160743CB1,aimedataimtarget
44B0A5E181EA83D8,refreshsprinttime
44C6F243CD64D166,hasseenenemywithintime_update
44E25DA2D51A2988,anglestoforward
44E5FD7B420E1153,getrandomcharactername
4507AD9329A4813E,setclothtype
450DAB4C402FCE3D,hideallparts
450FB1AF0BA1C05D,Vehicle_IsOnGround
4532BEF9F8F7E171,reacquire_charge_terminate
4533968DDB670768,chooseanim_exposedidle_newenemyreaction
453D44811D0047CE,usehintsinvehicle
455FE4EF79D43ED1,launchgrenade
45620799FE2B84D1,AddInfluenceObjectAtPosition
4566123DF6367581,shouldpaincoverfaceplayer
45B03574D580B257,absangleclamp180
45C212DCE7227AA7,isusableenabled
45D2D1C66809E8B9,getpronedirection
45EC22FA7B0CE831,setheadiconneutralimage
45FDEB14DF65661B,isvehiclebodyid
45FE43B7EAA4C2A7,zombierangedattack_notehandler
46010C38B3198EA7,setvehweaponspinning
4606504606C25E36,isgrapplepulling
461834C350793158,Objective_SetPingAvailableWhenInvisible
461DC0438F85CF1D,setbtgoalstationary
46275FF0A8901FCA,getgesturenotetracktimes
46413C7AA4EC2D23,cansuppressenemyfromexposed
465BC075F810C70C,VehPhys_IsBoatAnchored
465F674722F8D216,GetGasExclusionZoneDimensions
4673BFD81575676B,ShouldReactToNewEnemy
4681791B26B7F6A5,isfiring
46A40C9AA2665DB9,deregisterdvar
46D759803FD0ADF6,InitPlayerArrayData
46D79ABFDB16CC1A,AISpawnDirectorCheckRequestTag
46E038B772228297,PhysicsLaunchClient
46F18B0C2FA9221F,objective_state
46F77961308B0949,dropscavengerbag
46F9072493651DC9,arrayremovenotalive
4708C4F24C5AD5A2,sethintdisplayfov
472153CA8AB6AC91,AISpawnDirectorRemoveRegisteredVehicle
47423C004BB45680,enemyinlowcoversetgoal
47444AE39AAE992B,startragdollfromimpact
47457B9EC007482E,setclientomnvarbits
474BCBB86B733BEF,SetReplicatedTeamValue
4761030D42768C05,settraversaloption
4768C4CA5F21AAD6,nightvisiongogglesforceon
476F046D7CEE7DDE,cleartrajectory
4774857DF2244F1A,allowswimming
4780EF7C124CAEFB,getlinkedparent
4781FE89370913CF,canberevived
47A7D42914CF3B4A,notsolid
47AB5540D03C581A,drone_investigate_move_init
47CD3F6D418DBC36,getattachmentsubstitution
47D6359CF7FDA05F,getlightintensity
47DD3263F5EA2597,islinked
47DD5BF09FF6AE64,arraycopyinplace
4809D328CE63BE66,VignetteSetParams
48520B2EA46F0D07,setascenderignorecollision
485D00DD7D226B78,calcscriptablepayloadgravityarc
487E038E594E0C31,aispawndirectorresetallambientai
4884B5BE535991E5,getscriptablelootweaponmaphandle
488AB73180869B6E,setuserange
489F17E5A9FE932A,togglevehicleleanout
48B272C5C37CBBFC,sethintstringparams
48CBEBBF2007BFD1,physics_getentityaabb
48DB20D73CD0497D,getscriptablepartstate
48DC22150BCBC477,Physics_ApplyImpulse
48DDAC5E07A59E52,GetManeuverAroundTargetState
48EE055540A7F69D,disableforceplayerviewwhenspectating
490EBDCA1DE69EFC,enablerotorwashvfx
4925679368869B06,threatsightsetforcevisible
4936E2E9AC3C9825,setweaponmotionenabled
49409CE6EE45F0A0,setcurrenttimeanimentity
4951DE6FEF532028,getscriptablepartuseposition
4957884B403AAEDE,DecStringToHexString
495CEBBD01DAFA59,enablemissilestick
49660D486881C38B,getshieldmaxenergy
496A619057824304,autoboltmissileeffects
499719607D7F364C,fixlinktointerpolationbug
499BED17A0485FB9,trajectoryupdateoriginandangles
49A94F037E7ECD61,tablelookupistringbyrow
49AFFF92EA15BD63,getgrappletargetentity
49BD5A75657F6ADC,getskiinair
49BDD1291F4756CA,ValidateLootItemIDsOwnership
49D3154C50A04D58,clearstealthidlenodeinfo
49DAA55D713FA879,jailernotifydamage
49DAA96E8184CC9D,stopfiring
49F768931CAC7E4F,resetsunlightforplayer
4A22A3E34E8FA4A9,getscriptedmeleetargetvalid
4A27553075BE5CC0,setturretconvergencetime
4A4A3ABDC931F1B7,FindClosestMostExposedTacPointInRoom
4A7D64BDFAAEF57F,killexploder
4A982264B67C1076,GetVehAmmoInClip
4A9E7CCB9B263EE2,forceteleport
4AAD6F4431433793,getlastgroundorigin
4AB6DBC3A211DE09,getuseholdkbmprofile
4ABB26B271676888,stopfx
4AC3EE22C6BF2703,setcustomdamagecallback
4AD19F30D1B3AE5E,setgoalentity
4AF0B444E167186D,getweaponreticlename
4B0E8DE33252A7DA,clearvehicleturretsticker
4B1F968F287ABC09,SetCivilianFocus
4B6B10419BE69EA5,iscodcasterspectatingplayer
4B6BD48D8161E44F,forceendquickdraw
4B88314415F22AA7,setphysicalviewmodeldepthoffield
4B9F24C7BDAFA698,HudOutlineDisableForClients
4BA7CD6CC05BE0A3,physicslaunchserver
4BBC5B259F2DD62C,activerollreducedamage
4BDF2FA26C2D815D,ResetGrenadeThrowbackState
4BEED7B1F20D5C3D,GetProgressionData
4C06B5D5CB180470,coordtransformtranspose
4C079B2D92032D88,allowmeleegrapple
4C16C1C64F0418D3,println
4C1F807275728CFD,scriptabledodamage
4C2C9EB8C921744B,setanimlimited
4C2D9E09183DBDD9,setrotorsactive
4C47EDC38F90B814,setthirdpersonadsoverride
4C49C544A691BE9E,allowreload
4C4A9B955C83E523,updatelastcovertime
4C7892F6805737BB,turretcantarget
4C871EEC1CA1279B,findsplinepath
4C9C9B74D0969C89,SetEngagementMaxDist
4C9EAA14722ABBE8,setlwagentonspawnnode
4CA22A9CA6844ADF,SetLaserFlag
4CCDF74DE7E61152,forcemantle
4CCF2548376945D3,fadevolmodsounds
4CDF64616B0258A3,Physics_VolumeAffectCharacters
4CECA6E901A12EE7,AISpawnDirectorGetLocationSpawnsInZone
4D115C0D46BFABAD,isbotdisabledorfrozen
4D372858D6C72CD0,lookfordoorsalongpath_update
4D407CEE1F119EDC,choosearrivaltype
4D40D7FE1505B50E,sethoverparams
4D5329CEA2EAB731,Objective_SetMinimapFloor
4D5BF5EAE7BE6180,aieventlistenerevent
4D62439976D46C3C,rusher_checkrangedattack
4D62BA549713ADF9,setswimspeedscale
4D83FCD27937D7C9,laserforceoff
4DA5A1737DF0D8D3,IsMayhem
4DAAE137C098C6B8,ReportChallengeUserSerializedEvent
4DC10059A7FAACA8,willneverchange
4DCD94D9C04EE9A4,setuseholdduration
4DF9147A4E9483E6,BotNodePick
4E015B78613CD69D,rusher_stopforreload
4E2DEE4D92E70FA8,SetCodcasterGametypeStat
4E33916A6E91B561,IsGunBlockedByWall
4E3E2F2F07477DF2,opendoorscriptable_update
4E50FA3B59BA9C4F,SetXCam_CamNum
4E68BB64422DACE1,isdismembermentenabled
4E7F094146634897,drone_investigate_react_update
4E8BA4C3C46C6CB1,isautoskipkillcam
4E8F6498518C46CC,aisetanimtime
4E982CCCB0FCB931,setautopickup
4EA1B74352EE149D,playerendmatch
4EB0DFADEC031286,isbotneartargetentity
4EBA4FA4FA79F645,SEtMoverBehavior
4ED84667467C57E3,weaponvictimmeleedeathsound
4EF0512A5688B80F,aisetanimrate
4EF19F2C6161B719,thermalvisionfofoverlayon
4EFFDAD40704B4C5,GetAttachmentsPerksIncluded
4F0FA34331757625,Water_SetDisplacementScale
4F15BAB86C35BBB6,gethighpriorityweapon
4F30C28BF69218C2,getalltraversals
4F4B8A425A6F9FBF,coverexpose_init
4F4E3354D6089D6D,actorgetgroundnormal
4F5087EF1A3099AB,getplayerdata
4F5E8EFD59F8EB0F,isdefaultspeedlessthan
4F61CE875F8C395C,getcsplineidarray
4F6F504106E6AAF6,reloadvehweapon
4F727C303695D749,setotherent
4F77D8CA136C3126,isconsoleplayer
4F79C45E0FD47B7F,scriptabledoorislocked
4F9CB08DE659B43B,lerpfovscalefactor
4FA186003FA95C75,archetypegetaliases
4FB4C5050E5EB18E,getvehicleoccupantmoveendposition
4FD3F430406963F3,PrecacheNightvisionCodeAssets
4FEF323983910A71,allowairdash
501782D2596F4016,NavAllowRestrictedAreaAccess
503F38275B3C7254,assignweaponoffhandspecial
503F9A7FD00943C7,isplayer
503FACC418361168,createnavobstaclebyentforlayer
5042C0A0456D155E,isnonentspawner
50439FEF4931350D,aisetdesiredspeed
506330B81D3103D8,SetAIStealthCanTraceIgnoreEnts
5084C5425CD8BF13,playerunlinkblend
5085D94DB3E705A4,tablelookup
508AD01646CAFBDE,CalcCSplineClosestPoint
508EB9EB08B5B55A,getgroundenttype
5095605290ABB854,moveovertime
50A0D372D7F22869,setwaypoint
50A206509DE28A4E,getshootatpos
50AA77AB56B7FADA,disablemissilestick
50B79F4D4032E234,isscriptablehiddenfromplayer
50D4ABE1ACBEBDFC,shouldplaymeleedeathanim
50DDCB729A6C2820,scriptabledoorclosedcenter
50E7B30B0B9B48F3,getmid2damage
50E963C13FDE11FE,lookforbettercover
50EE0432D3DA51B0,getactivegamemodebattlepassxpscale
510A5E63A13DA56D,setturretdismountorg
510CADA4AD34CEF6,SetCivPerceptionTestSettings
514745BA27DCAC82,getaimtarget
514DDC93ACECF3F1,getprojectilespeedup
51631EA7D587647D,hascapasm
51642706ADDA1176,updatenavrepulsor
51924E883717AA00,getsystemtimeinmicroseconds
51B8CE76EB43AED5,getplayersandaisincylinder
51CAA5FE662A1F34,SetScale
51D4A57CF1DDE916,setcustomattackanimpitch
51D4F5D91FA66086,ismeatshieldactive
5205832D0AEB27D1,SetLipFlapAnimType
52294C8FD3BB1380,getviewmodel
522AFA6C255C6CBC,animscriptexitvehicle
523D6BF9068F1735,startpath
5240CA87211D537E,ScriptMoverClearThermal
52464F29DB7F5D53,choosecrawlingpaintransitionanim
52515B4BE7FFA98B,processunderwater
5255D85CAF38B6EB,geteye
525BE03E2B97ECE1,hudoutlineviewmodeldisable
5286291DDB533247,isSpectatingPlayer
528724E17BC13944,clearadditionalstreampos
5297E95CAF8175E7,getent
52AF4BDF96523E46,setweaponammoclip
52D4872AE95D8BB7,isalive
52D90627E8B4ECA0,AIBudgetMP_GetNumDormantsInCategory
52F40A2AF37B43BA,clearavoidanceignoreent
52F6E3AE185D4603,CalloutMarkerPing_IsEntityPingedByPlayer
52FEAC3F0C434B65,setcustomturnrate
52FF09BA22610367,Objective_SetPingAvailableForMaskedClients
53029E2CD1E4B809,shouldstrafe
530F5BA1EAB90986,SetIsRadarBlocked
53253E8EA222ED60,Spline_BuildCatmullRom
5326242D9DC65AED,EnableLootAndAutoLoot
53339120640D4B67,SetLightShadowBias
533D1EA1BC485146,airesetplayertracker
53510B1DA83172CE,aigettargetspeedraw
5358FB8166009A49,archetypegetalias
53599E4EFC90B08B,islastpatrolreactiontype
53697FD5A1BF4025,getthreatsightflag
536EDB64C5A120BA,setplayerghost
536F8624346A747B,setcustomattackanimyaw
5377F7DDDB937663,physics_aabbbroadphasequery
53943923C5440B31,isinvehicleleanout
53D446E6E6A7F1AC,setcyberrevivedead
53E820EBB3D84C8D,getgeartype
53F0C6F2C9394CAD,iswallrunning
53F4A5CC15E9B11D,aisetisonladder
53F9D21BC8754697,GetPlayerRollVelocity
5425BEF6B808A163,OverrideInteractionSearchEnt
5426AB0ABE3E55B5,getmaxnumvehicles
542961E059126494,aihasperk
542E40D9761834FE,isknownenemyinradius
54306FBE3C2F799B,aiissniper
5434B325C0B26EBC,objective_setenemylabel
5454DB5840AB7741,isquickdrawactive
5455E01817C50DDD,bulletspread
5461F51E4F059A48,getfortresssubareas
54C4AD7B7154888B,disableplayermarks
54C8CB2626412569,Vehicle_CreateCollMap
54CBA32E5F1BC379,Objective_RemoveAllTeamsFromMask
54CE8310F5E13E80,VehPhys_SetPITEnabled
54D3D4CEB3D0BC90,clearsafeguardent
54EA3F3FA2C73A8A,SetMeatShieldCanGiveUp
54EFF3FA1CAD1199,ForceDeathCameraEntity
550533486A1D757B,cleargenericblueprint
55225C92CA957274,clearplayerhintlock
5526D9EA02A5B6CF,zombieorienttoattack
553E60B1E243B0F8,coverchangestance
555CF4A166C934A2,SetHeadIconMaxDistance
558E9A7DB646ABFA,getskislope
55905DDC764801EA,aiphysicstracepassed
55AC21D5A4F54604,GetServerHostName
55E3F2582AD44BC9,weaponclipsize
56063B1401B23270,LeaguePlayGetCurrentLeagueSeason
5616AA6E4686FAE5,isplayercookinggrenade
563E1A266696135A,cameraunlink
564239C43431FD52,setTimerUp
56444BE7A6BD8A17,setentitysoundcontext
564775EB2ACF5E3F,getmotionwarptarget
564956B14C831611,disablescriptedmeleetarget
5650190C0059A137,lengthsquared
566DAB32D49A6BFA,melee
566F2C23944237FF,enableteamwalking
56A604BA6FE7C2E8,CanPlayerPlaceTank
56AE797C6FDFD315,coordtransform
56D1F269587FFC64,AIBudgetMP_RegisterCategory
56F573A744786D31,isdoingambush
5701D8A9DC15CC2F,GetGoalVolume
5713D46873B29625,arrayremoveundefined
5739B70CA7F87424,getskimaxvelocity
57413EEEF54CB2CD,istargetacquisitionoutlineenabled
5767D9E679D76202,setclienttriggeraudiozonepartial
577114D28B8A8948,iscovervalidagainstenemy
5777E2CF26388D15,Skydive_CutParachute
578C8264A51E84E1,scriptabledoorunlock
578D50D999D25ED0,vectornormalize
579832A62F01EDA2,remotecontrolvehicletarget
57CC0FAE95E2C4F4,destroynavobstacle
57D0332CBA28C5ED,animsetgetallanimindicesforalias
57DEA7EF97E2E7C8,tokenrequest_sentienttargetent
57F8E816E780D266,targetmarkergroupgetentitystateflag
5814D2F8B6A43513,SetLightShadowNearPlaneBias
5824CD07DEBBBA4F,VehiclePinOnMiniMap
582BEBD23753D1CB,BotSetPathingStyle
583244D99471DEE3,isenemyteam
583655FEC965A154,findoverridearchetype
584298E29544CAD6,setcustomdeathcallback
5843BA372B5CCE33,SetCameraThirdPerson
5863705CD00A36B4,setnorthyaw
5866063FB64CF1A9,aispawndirectorsetsubzonetag
58736CE92359FA07,isarray
58862C7748475D32,vehicleturretcontroloff
5889F8F8D72B3236,addteamtoheadiconmask
589A003355E81196,getstairsenterdist
589DF9C1869FCEE4,setparticipatingincinematics
58AA28771908B11B,setvehicleteam
58AF9F09AEFFCB06,setheadiconhideinworld
58CC7F75189143AB,earthquakeforplayer
58CEBC6D1B4FC3BC,isammosharingdisabled
58D993E7AB4E3689,GetScriptableLootCacheContents
58DC67C4BCFA1EF3,settoggleablelaseractive
58ED9D419A0CA72B,setoffhandspecialclass
58FD304C602BD772,weaponvictimdamagesound
591C1799A6B3167F,easeexponential
591DDB99BCCD3CDB,rusher_beginreload
5963F28672143C79,missile_settargetent
5965E9773D59CF39,enablemousesteer
596AFC9906D76EF8,getclientcharacterindex
59966D05B2C774E7,isxhash32
599699F695591103,getinteractionscriptmodelbonename
59B972AC4477F673,AISpawnDirectorGetLocationSpawnsInRadius
59C0225769AB6F9B,blockadvanceontarget
59C2C5D8363FBEA0,Objective_SetShowDirectionIndicatorInTacMap
59EE84212930CB0F,normalizeworldupreferenceangles
59F8D554835CA840,stoplookat
5A15B3BAF50BC587,disableforcedads
5A1F9B4D7DE0B23B,Objective_SetSortAbove
5A2752C7A09E227A,botclearscriptflag
5A298DACC0EE9C39,UnmarkKeyframedMover
5A35D5AFA3BCC0EB,IsAlternateMode
5A400349DB7A1BEA,getplayerip
5A5762C782008A30,getturretworldangles
5A577F4E6E89A130,findexposedtacpointwithvisinradius
5A650A7B37CF7585,SetScriptablePartZeroState_Hack
5A88A0BA41AFD4F7,IsNativeConsolePlayer
5A902D8F29D73877,PerkIsRestricted
5AA6763DDA3AAD84,getentarray
5AAA78CF2035AA3A,getrallyingcryduration
5AABA54765F808C9,getgoalpos
5AC8D85DDE1A5C8A,laseroff
5AD9D2A434BA0556,EQS_CoverFindQuery
5AF41AB24783BAE5,setturrettoparc
5B0653BE99F5E37C,forceplaygestureviewmodel
5B0FAD762AF73189,GetPlayerSetting
5B26A31C630F21F1,usebuttonpressed
5B33C3B5A8EB8124,aibehaviortoken_gettokenid
5B3D07AD769E8D62,playerhideenemymappings
5B555C24264875E9,tan
5B559EE032D5A74D,calloutmarkerping_private_create
5B57E19C893B2B7E,playfx
5B599D26469DA4D0,sortbydistance
5B795AEDE36CB824,physics_getcharactercollisioncapsule
5B7C47DFBA370707,setTenthsTimer
5B7F0B1B39B242E3,arraycombineunique
5B81C9390BB7FB43,setmodel
5B891FAB6D467E8A,getactiveclientcount
5B894F84AD4D36FA,getvehicleleanoutheightoffset
5B9F194D09967AA7,isintraverse
5BA794915107AAF1,ShowOnlyToPlayer
5BA9F6826D11778E,enableforcedads
5BB9CF5D151BE12C,switchtoweaponimmediate
5BC050048520CB26,PlayAnimScriptEvent
5BCADC7363FAF452,isxhashasset
5BDF68D74370A375,GetLightDistanceFalloff
5BE051D8F7A7F05E,SetGrappleActor
5BEDF82A43B54BB6,GetCSplinePointDistToNextPoint
5BF8FEDFF42637E2,vehicle_isamphibious
5BFC7F6B3C959530,MapToMap_GetSpawnId
5C213BF3A7FF6F6B,dodgevehicle_init
5C25C75941C4DC8B,AISpawnDirectorFloodFillSpawn
5C418F65DB2E25E8,spawnstruct
5C4C966C3BA2B726,disableplayeruse
5C50B48C0C81D566,SetDoorCheckTypeAllowed
5C73A3716D3CF7D0,notifyonplayercommand
5C75E70669BC836F,aigetworldweaponoffset
5C764E554642CF04,cancelgrappleimmediate
5C7C32DACDB66FE6,setanimrestart
5C8D67DE275A7B84,AISpawnDirectorSetEncountersEnabled
5CAD257F99F9521C,structcombine
5CC101312FA3D590,getmodifierlocationbetween
5CCBE77C076DFA87,setundeletable
5CE8C8E4B2D4A34B,LoadWeaponsForPlayer
5CEE13E51D853611,isskiing
5D044133536D0766,strjoinarray
5D1F7CC0B3C22614,isplaylistxpscaleactive
5D2D0996F970216B,maymovetopoint
5D30B7704F1063F5,setsentrypitch
5D32055DA4025670,WeaponAmmoClass
5D4A3CB9DA12098E,isswimsprinting
5D9B66D08AFB99E3,setplayerinfullleanout
5D9F62A39197AD07,AnyClanMemberInParty
5DA2ED83B3625043,setplayerusingspykit
5DA53CA5DA911D75,isexecutionvictimstance
5DC32609CAE9B3D3,setcharactermodelfromarray
5DD647BF875159D9,SetDoorCheckRequireDoor
5DD77B4262FA9B04,setbrcircleents
5E27576DBF49B7EF,exitvehicle
5E27B08D49A6AB06,vectornormalize2
5E2BFCF25A66770A,isswitchingweapon
5E3D4215E59B4473,allowswimsprint
5E47F0E855CA4C2D,allowcrouch
5E625C7B14D50B01,getownedvehicle
5E7185FE4C9DD707,aispawndirectorgetalllocationspawns
5E794DAA5F628300,setsafemodel
5E8D45DCA6CD800F,isswitchplayer
5EA635ECA864B992,isemergencyreloading
5EA9EB329BF9D239,setworlduptrigger
5EAE6FD266B10631,initplayerloadoutnames
5EDA0274294A421A,weaponlocktargettooclose
5EDECF7D66703DE8,SetEntityIsProp
5EE57F35DFD23EEC,SendChallengeCompletedTestLuaEvent
5F2F6AD7E7D5FB71,VehPrevSeatButtonPressed
5F6F003106F2D9B7,SetGlobalEscalationCallback
5F9372A358C40A6D,getplayersharedprogression
5FBB364A716A6530,haswalldived
5FC0598975F5AA7A,clearsoundsubmix
5FC5A4AADEF4D64F,getplayermovementstate
5FC6208AE437947B,SetMotionWarpTarget
5FCBA45467E14100,vehicle_allowplayeruse
5FE24F97C8C119A5,assignweaponoffhandprimary
5FE8A09CDC71CF8A,getgrenadetossvel
5FEBEF3F90F0B127,SpawnRagdollConstraint
6007768DC77F4F9F,setcanradiusdamage
604255F312E3443E,DisableLootButAutoLoot
60468163012A0C7B,IsPosReachable
60638C1FC1B84AED,settenthstimerstatic
608A1A36DEAF23E0,zombie_movetopileup_init
60A349BA7EA53E7C,clearvehiclesticker
60AB44DF77792B6E,CalcCSplineTangent
60AEA64C1686109E,allowmovement
60B875C3AF4A6FE9,KillstreakIsRestricted
60DE2AC49449BC2B,showlegsandshadow
60E112D2E106B00A,disableWeaponInspect
60E6D02905E450A8,allowforwarddash
60EEB6154229E2DA,findbestcovernode
61089C118E376955,ForceHideSlingBones
6113853A877D5460,showscriptabletoplayer
61449B96376B23D9,Turret_GetHeatAccumulationPerShot
614E8E89A695B45B,isgrenadepossafe
61531EDD9BB8E475,getzoneindexforzonenode
61605E76866FDA08,zombie_meleedoor_terminate
616378D7E5B22EFB,bobbing
61655F0F57CA09FF,getweaponmeleeswipedef
617C44E6DA718493,rusher_meleecharge
61C64E634D222999,setoverridearchetype
61E8D806F020BA15,setlookatheadoffset
6206A68CA7790AD1,snaptotargetentity
62182C1B83F838CF,vehicleshowonminimapforclient
6218699F877C7BB9,requestcoverfind
62249079D17AE229,disableoffhandthrowback
62406346967C3C82,playerforcesprint
6242FDD376BFFE4F,isint
625BBBD8C4EA55D3,hidefromplayer
628BAC9FAA9D1E86,sortbydistance2d
629B8F20FB8747E7,despawncovernode
62E84BB4A37831A8,autospotoverlayoff
62F360B3F4DB487B,SetGrappleVolume
62F5B4458ED27BA5,setlookatplayer
62FA47D0063B34E0,zombie_meleedoor_update
630EAC6FD6900A61,setsightconfigoverride
6358B452AFCA6512,getnearnodelistforspawncheck
636484ABE298F802,visionsetkillstreakforplayer
63733800C9E4E971,target_setjavelinonly
63755CEDDFFA8366,chooseanimdemeanor
6382F336B5E5CDCA,getturretbarrelorigin
6383664BEE04B248,setnavlayer
638EC1C1169ABE9B,aispawndirectorspawnrequest
6394AA4F6AC7F4A7,Physics_GetClosestPoint
63A2EF74EBCC6413,absangleclamp360
63A439ABED9B0AB9,entitymarkfilteredout
63A48F1D8623032B,GetSpectatedPlayerClientNum
63A9B3A7ABC6B8AB,clearvehicleturretstickers
63B7FD9A386F1454,isOnZipline
63DBAB978B5F6290,BotTacPointPickMultiple
63DFF568639061D2,path_getcurrenttime
63E03B79899E41D1,getplaylistid
63E1553D84AA78E9,isCharacter
63F86B500F939605,InGasMaskAutoSwapMode
63FF7A549217E753,int
640EED49E718161C,BrExclusionZoneMoveTo
64144D3177C6BCCE,getweaponreticledata
643370F9309144FB,getskisangle
6433FA8EA1CE8DA0,AISpawnDirectorGetEncounterRadius
6453E7E5F2BB50D5,Target_Alloc
646CC662DB6A3FE0,AddScriptableLootWeaponMapHandle
646DFC2F36AD7B0B,spawnsighttrace
6479AFDFAF3E028E,anglestoaxis
64853EED50187AC2,getbasearchetype
6486508D9E197673,RemoveInteractionSearchEnt
64AB5F1E56656DF3,easeback
64AC8C4E752F4DCA,aispawndirectorallowspawnrequestdespawn
64B12A822251572F,fadeovertime
64BC6C7B620B4E1A,shouldlookforbettercover
64D538E6F1CD1965,physics_getclosestpointtocharacter
64E5DFD9F7DF18BC,dodgevehicle_update
64F1800C957CF63C,StopSliding
6508EA83B85B9AE5,AISpawnDirectorSetAmbientsEnabled
6517BF430421B6A1,getscriptableisreserved
65267A768CED48A0,IsBreathingDisabledBySwimming
65381BDD292BF2AB,objective_current
65505A893D800EDD,damageconetrace
6564CBA097A019C3,setnavspace
6575994E0B3DCC16,createnavobstaclebybounds
6580C4FFC0C44E7B,allowsprint
6586005E75B47708,pow
65878C1477EC4031,SetMatchClientIP
65897EACDAD7038A,fireweaponfrombarrel
6593030EA8446F2C,isladdersliding
659B8ED6A9E925ED,sethybridscopestate
65BAE60255D4C6E1,getaccuracyfraction
65C063DE25DBCE56,getstance
65C51095AB7F2BBF,AddFaction
65CB7B84D9F14D00,zombie_cannonball_terminate
65D32D544D2AFD15,setClockUp
65DC0E2CE675B239,GetFortressListActivity
65F62764F4C82FE5,VehPhys_BlendAngularStop
65F7615D516ED543,navavoiddangeroustraversals
65FB96F68432DFFE,scriptabledoorfreeze
660917C370713AAD,spawnfxforclient
66279973AAF51BA6,clearanim
6651117E6A64F616,endminigameinput
6652826F66803E63,hornbuttonpressed
6658E57B2CBC63D3,isswimunderwater
6668D484C1D7A9D1,isatvalidlongdeathspot
666BB31CFDA16556,isbnetigrplayer
66885AC3D1665C9B,cleargoalyaw
66896029F36DAE93,IsSplitScreenPlayer
669A2F1799F2FA7B,IsRoofExitPossible
669E7BF696A1CBF2,shootparamschanged
66BB215BC614D6EB,StealthForceEnemyAIProxPing
66BC1696AFE391CE,setturrettargetent
66CFE6A3550B5CB9,leagueplayonplayerconnect
66DC8B6AE969F66D,sethideoncompass
66E59BF4BD9DEDC7,getinteractionid
6709AF1262493063,linktoignorerotation
6715F0DC96E7E278,setvehicleanimationset
675EFD3A31956D70,vehicle_settopspeedforward
6768C7394F47F84F,setturretlockedon
67768A27A6DE2BF7,WeaponGetBlueprintDisableAnnihilation
678DBDD3A6177532,setlightvolumetric
6799DCAFAE8389FA,getxhash
679CAEF0D4D6E044,findnearestplayer
67B1F33D88DE6886,RemoveAllInteractionTags
67B5BF41B5022DE7,AISetSniperAccuracySettings
67B78AF3C33AC9A8,calcscriptablepayloadscale
67BBD17D3958A9E2,BotNodePickMultiple
67C8EB8480801905,getscriptableparthasstate
67DD5C866AE20238,getbarrelspinrate
67FFFA425EFA4919,zombie_movetoinvestigate_update
680211DA8C06BA7A,withoutreticle
683796DE72A7DBF6,chooseexposedlongdeathanims
68423562909FC763,stopuseturret
684AD5C041F6C5DE,getvehicleturretlockonduration
685A9BCAD6010717,stunplayer
68622C52AF1AF216,SetLongPathThresholdDist
68A05EB0C1B31AAE,setheadiconmaxdistanceenemy
68AE4797EE6C5C29,deletetargetmarkergroup
68B1E030E357FF87,SetGlobalEscalationCombatPercentageThreshold
68D0F034C2D1F36E,hasweapon
68D2A8F678004FBC,SetPlayerSuperMeterProgress
68E32167EA79EB48,usecovernodeifpossible
68F2F6FD8A4FFCAE,aisetcustomanimindex
691B97D1FB65B151,isinexecutionvictim
69250F2FC4BFB924,rusher_updatemovespeed
693614048320BA35,GetRandomNavPoints
694BAFF5E636C8D3,GetModeVotedByPlayer
695B8E1B655C2796,SetPrecalculatedAnimAlias
695C3CD22E4B9930,aiclearanim
6964CF29CC187092,GetWeaponToProjectMap
696EB88A835D6B23,physics_raycast
696EC0BD1B5F3F40,isinscriptedstate
6978793539FF1CB4,aispawndirectorgetsubzones
6990C1F6EF50D492,BotSetAttacker
69B4F4154B4136D3,show
69D039546F85381E,withreticle
69D089914C13DC3A,getanimlocaltag
69D7C13A4ACE991A,SetHUDDynLight
69D958105455C232,botgetpathdist
69E9DA44C1582766,getwartrackpassengerenabled
69EF8222CE51FD4B,EndRequisitionsStore
69F703883F6CA000,setdefaultdroppitch
6A351158320BE7EA,springcamdisabled
6A5EF3F0BFDA9F86,SetRallyingCryMovementBuffStart
6A692E23D9CC6FD4,BotIsDoingTraversal
6A8A62F55D2C9B1A,clearoverridearchetype
6A8B42DC7B0F5726,reacquire_clear
6AA4B618A0544D38,setdoghandler
6AB09D0C58E92C8F,magicgrenademanual
6AB5A177D3830581,cancelmount
6AB73A4BAE25D953,disablescriptableplayeruse
6ADA9262C29DB2A9,shouldreacquire
6ADB21A1EFF7ABC7,setavoidanceignoreent
6AEB2E58B0FF12C6,SetCoverState
6AF2D51E2F2B6967,SetPlayerIsUsingPersonalRedeployDrone
6AF484C18F98020B,allowswimjump
6AFAC5038AE745F4,drone_investigate_react_init
6B1BD1045F2C4DF5,SetAimSpreadMovementScale
6B2465A9A3A21953,playanim_stairs_code
6B3644165A072576,arraycontainsundefined
6B44F0E207E5CE69,GetActivePathActionData
6B4A4D9442841301,getattachmentbasename
6B60C87E2345761E,chooseanim_precalculatedanimalias
6B7D9E7D3F94FD19,getnodesonpath
6B9EB00E5E216CD6,invertangles
6BA877F4DDCCDD97,getturretburstpausetimemin
6BB4FE624D472BF3,aispawndirectorsetparachuting
6BB5C1272E7A2EB1,objective_removeallfrommask
6BBBD0DE64500D92,canceljumpscripted
6BC5572D85C7DD4B,allowdash
6BCB729218C08D7D,aisetanimlimited
6BCB85F4DDF34419,getturretburstpausetimemax
6BD797CD07BC0046,vehphys_setconveyorbelt
6BFD7FE9A2652F52,vehicle_breakglass
6BFD959F3FDA4BA7,SetMainStreamLoadDist
6C056857DF2E5ACC,floor
6C1B5DDC7507A382,isscriptedmeleetargetenabled
6C24F47B0A66DEFF,shoulddodgevehicle
6C316257DF5EB400,float
6C3AD272698E3E5E,SetPlayerAdvancedUAVDot
6C49C9E0AEAE6CFE,vectortopitch
6C4B439F0905532A,getgroundposition
6C82BD79FD6311F3,getxmodelaliasmodels
6C8AEF79707075FC,objective_setprogressteam
6C8E1135C28125D0,AIBudgetMP_GetNumAgentsInCategory
6CC6C35F3656F467,CanMeatShieldAbsorbBullet
6CD0B14BB4DE1DEC,shootstopsound
6CD7D5AFA3D33D9A,GetPrivatePartySize
6CD9640D721A1C0D,setfacialvariantindex
6D1AAEB5024664F0,map_restart
6D2D203A546C0A3F,LeaguePlayIsPlayerAddedToLadder
6D4D9BED05F4A44E,RemoveInfluenceObject
6D6771C853F91B5E,SetAnimKnobLimitedRestart
6D7C57C4F04D35B2,getturrettargetent
6D7D30E1AB2DEDBA,assignweaponheavyslot
6D950100AEC1D712,objective_setalpha
6D9719E209464891,getothersplitscreenplayer
6D9E0C58D4B77DF7,makeunusable
6DA1E1D9331E8926,rusher_canarrive
6DDE6D8A9C8392DF,IsGlobalOperatorXPScaleActive
6DDFE348E3DE8AD1,vehicleidle_terminate
6DE1F5137A111FBC,usearmorplate_init
6DF9D7494DF45778,GetAnimIKWeights
6E020A28A8F34E1D,addaieventlistener
6E11593CFA2360B6,getweaponhudiconoverride
6E2280125AAA4FB0,getpartname
6E2D7021BD002CB4,setmeatshieldvictim
6E5A3E150C380A02,clearbtgoal
6E5C1CDAFDAD9BDF,asminstantiate
6E6A47D4E0CA4576,isOnAscender
6E70F41F9D96BFB5,requestcovernode_terminate
6E851ADCA5DE2449,getnegotiationstartnode
6E8526B0EC373745,SetPathfindParallelGoalDistMultiplier
6E8A0E7A0F464C13,chooseanim_burstcount
6E998899533DF3CF,poiseDamage
6EB93CC85323E580,DestroyAllDamageParts
6EC0B37A18A65561,asmgetcurrentstate
6EC184181ABFDAC8,objective_unpinforclient
6ECAE54580D8F0AA,triggeradditivepain
6ED8BD6694D84E1E,havemapentseffects
6EDB2482FEC4DBC7,aisetarmorplatedamagethreshold
6F1212DD795965A3,isnoentvolumekey
6F13F0407B69D7DD,SetupMotionWarpForSharpTurn
6F228C2B5F3CA274,GetBCCharacterNames
6F284255115E9453,isanimlooping
6F2CC70C375F2617,Objective_SetProximityRevealEnabled
6F305E973AF9D018,spawnmayhem
6F48ECBBBCDD4A0A,getmeatshieldpartner
6F566651CE130F1B,getheldoffhand
6F6A2D52E0827735,canceloffhands
6F6A501E6C1CCB77,getbobrate
6F7387DD2CDAAFBD,zombiemanglerrangedattack_notehandler
6F82D1D969E96044,setsightstate
6F9FE501B8F84C7A,disableoffhandspecialweapons
6FAF8E603242F894,sethintonobstruction
6FBFE82892EAB250,GetRoomNodeForIndex
6FCB27AE3CDEBE5B,cleardooropen
6FD4FEFF61DBE476,SetLightIRIntensity
6FDE12B889A1F3F8,ForceUseHintButtonOn
6FEE40056F368C6E,SetNoJIPScore
701260700F093F3E,triggerdisable
7013FCAE2370DD95,getvehiclenodesfromvalues
7027AE3AEF001C0F,ismovingplatform
7048DAB4E4115D4A,isknocktoproneimmune
705176E68AB831F1,target_setshader
70576DBAB4F88E19,SetEntitySoundNamedVariable
7062A9AE37EF4C8B,Spline_EvaluateAngles
70645ED294E955C5,rusherdetachknife
706F6395A53CDC33,distance2d
70842DB754DE6C8F,physics_getentitycenterofmass
708A8F32B0021B12,setscriptedmeleeactive
709CC358C725F922,AddBot
70A266F73434CE6D,FTUESetClientContextualTipsCompleted
70A5AFF51732C1F8,SetAiFormationSpacing
70B01FBB65341AA5,laseralton
70C471B56770053D,weaponattackerkillsoundplayer
70C76CC879029A44,isspectatinganyone
70CF1AD7A4853399,SetDeceleration
70F47477A6B1E602,ScriptableDoorPeekDisable
70FE9FC796B94A64,DisableWeaponImpactOverride
71067F44758C6B8C,RemoteControlVehicleOff
710F713E0B6C9630,GetDamagePartHealth
71238CDB23642661,setmlgcameradefaults
7142EBE3A040CDE9,objective_sethideelevation
714341C51423832D,PointToLineSegmentDistSquared
714A4D138FF028BF,ispainweaponsizelarge
714C4AE7EAAD823D,initriotshieldhealth
714FD08FBE7051EA,objective_setbackground
7159C2ED57F309B2,getkillcamentity
715E8B27564EEECE,liveragdollongroundrecovery
71799CE2C69CE5A9,AISpawnDirectorRemoveObjectiveLocation
718E8B0D01DDBAF0,animcustom
7190F0018CB4B709,controlslinkto
71A544AB1DC574C3,getscriptableisusableonanypart
71B4559392710392,ClearSticker
71B6CD2658D98377,isposreachablefrompos
71B99FED77AF9BE5,isxbplayer
71C7C5BE98D11198,pingplayerforteams
71E4A66A2AFD5D72,isscriptedai
71E535B42E9898B3,setwaypointedgestyle_rotatingicon
7207895B28C71C79,ForceLinkToUpdateLate
7239E2E16C61FB97,haswalljumped
7251AE4F0B47C7E5,PlayFleshImpactEffect
72872EB0CC8220CF,overridevehicleseatanimconditionals
72AA03ADDEFA52BE,setheadiconzoffset
72B79C1501FF9C8F,checkgrenadelaunchpos
72BA87775A27EF70,SetLWAgentOnWander
72C086F9B72E6EED,maxint
72CF2EEE8E035013,hwconfiguratorremoveclientasset
72D74D716C5C1890,CanScriptPushMover
72E205354AEE271A,target_drawsingle
72F2FFF97DA0CCF1,getglobalxpscale
733653ADBC772ABA,LockDeathCamera
734E2C4FCEF703EC,setlaststandreviving
736513948F96F9F9,usevehicleturret
736DE938E91C0056,AISpawnDirectorSetSubZoneCharacterList
7370D9A73CF2338A,SetLookAtSpeedEnumOverride
73735BCB4B67ADE4,setviewmodel
7383977C89D2EC19,ThirdPerson_ForceInteriorCamera
73867B4F369B65EE,CalcCSplinePosition
73949B073ED661D1,isinexecutionattack
73B55EEE421E20F6,getturretheat
73BD34667D92C5F9,iscovervalid
73C53620C1742749,visionsetthermalforplayer
73CE988EE1229E9D,aiupdatestumble
73D17C0E992D1A45,thermalvisiononshadowoff
73D7BD8292AEFD52,LookupTableBasedSoundLength
73E4EB8C6C69B45B,IsLeftTriggerAltFiring
73EC9E5782CF4860,isentityprop
73F28BA3CF65DC19,setoperatorvoicecustomization
7416BA1B194568F9,getactivemapinfobundlename
7418DF28D631C0B0,setbtgoalstationary
744EC8023439271F,startportableradar
746505AFA2E50BC6,clearlookatent
7465EE15A69AC351,setclientdvars
746869CD1314CCE8,zombie_movewander_update
746DB57BC1051159,canshootenemy
748C1D3F0CCB3D75,wildcardisrestricted
74AB97C7348EE9BA,getturretrightarc
74ABC5C338D34B0B,LongDeathIsAimedSomewhatAtEnemy
74B305F055E8341D,SetSurfaceType
74C9F71831698B7B,finishagentdamage
74CC5E5BD46CF030,setmoveroptimized
74D47014651BE882,setplayerlookatstate
74DA129DC851B671,GetPlayerDataArraySize
74ED9BACE619B2C4,conversationcontinue
74F0AE1322DC96E4,SetWorldUpReference
7512E0B0F6708CE4,setmeatshieldallowairrelease
7521470E5B92B387,SetScriptableDamageOwner
752E1D7876E31E26,motionwarp
7537B7737B866F75,forcequeuedamage
7555D0F6EF1562A9,setscriptablepartstate
755D395CF1C20CB5,objective_position
7564437AE55059D2,getattachsize
75713F0BDCDC1F33,weaponfiretime
75794C5DDFF5C061,botsetscriptgoal
757B845FD0DB14A7,SetRadarStrength
75973F2790B87AE9,SetAvoidanceBounds
7597ED8238357D1E,cancelmeatshield
759BC001889BDC01,scriptableisdoor
75C4ABB80B93EF76,setcustomnodegameparameter
75D286D26A0381A9,getclosestreachablepointonnavmesh
75D8C1CA8251360B,removesubstr
75E236F14B35D8C8,clearviewmodeladdons
75E492A644DC58B9,vehicle_setstowedweaponvisibility
75E921DB923E099F,asmfireevent
76025BF1685180E2,masknpr
760BA895FB7902F9,MapFloatPiecewiseLinear
760CEC80E21B3AA3,allowads
76397514125A5EEB,setreviveroverride
764725998AD94FC3,getweaponslistprimaries
764E610B8936ABFA,aispawndirectorclearplayerarray
7653C765B6C7B815,disablescriptableplayeruseforall
766996C7E11BE03E,reacttoriotshield
76780BE6BF0498E0,setentitysoundsubmix
768E7142F48E0374,HideWeaponMiniProp
769D9928E26BE748,GetSlopeViewHeightOffset
76A459401878CADC,DisableSlowAim
76A9233685C24F79,Physics_VolumeEnable
76B74AF0FB2556A5,registerParty
76B77BBEB04335E6,usehintsonturret
76C1B48ED33A0DF0,disablescriptablepartplayeruse
76E47EE7FB41E133,AngleLerpQuatFrac
76E6638BC42F4F5A,getgroundentity
76F74CBFB545352C,isdvardefined
770A9D842E5EF52B,getnodeleanaimpitch
772B26A6787A4C74,settimescalefactorfromtable
772CDDD93E792253,vehicle_modelname
77362A28D3B8AF86,Objective_SetWidget
773F4C0F78EA7823,showviewmodel
778AC10A05982EFF,SetCornerCheckTypeAllowed
7799095B4617E222,RotateOverTime
7799D8DAAEBF36D8,anglesdelta
77B63323B4DEA1CF,getboundshalfsize
77B8881D5D9B6E08,LeaguePlayGetCurrentLeagueID
77BBFCCA6435AE5B,TableLookupGetNumCols
77C32018F8B488D3,SetAiFormationCustomOffset
7801D05A86B06144,findtacpointsinradiussorted
780CA9B5A05DE0C7,Objective_SetSortBelow
781CCDEFAA253BAF,target_drawrotated
7821EE309990E603,zombieleapattackintro_update
783297AC26AB1DB4,dropitem
785C7E8BECA39717,botsetscriptflag
7860496EEDDBF5BE,pausefornewenemy_update
786BB6AA1B76C7EE,SetAIBlackboardDynamic
787B88BD6601EC4A,ispsplayer
7898E9BDA2E21FF9,stopxcam
78A8BBD6805E6296,setcustomobstacleflag
78B4FDC7EC96384F,MissileDontTrackKillCam
78C2E7C4A70A2205,civusingfullcurious
78D3B97CD8640677,changeaiformationtype
78E30ABE4CBB0585,nodeisdisconnected
78E613E9FF4B6050,IsJumpFollower
78EF342224C2F53E,DisablePASpeaker
78FD833E3178E9B6,vehicle_isboosting
79022BA7779B277D,setflowvelocityscale
7902B2B159053F24,setareaswapstatebyindex
79238CE290176A95,objective_pinforteam
7924A38B0BE8C8BB,hasloadedviewweapons
793EF7E253521EAC,UpdateNavBadplaceByEnt
79425128A4B03DFE,blocksystemiccoverfind
79538365E79ADC67,zombie_cannonball_init
796744C1A3D270BE,isfireteamleader
79A301D66F656FBA,enableoffhandthrowback
79BA985C3A2C6D8A,isscriptableinstance
79E48DC016AAA726,bb_shootparamsvalid
79F05FB236825F4D,setduplicateanimentity
79F2CB464E7901EF,setnormalhealth
7A0C0E911D04FEA7,showtoplayer
7A0F9B9376DCCD19,getzonesnearest
7A1D1A16870841A7,getfixednodesafevolume
7A3D4348B3110C54,isonepartyplaylist
7A74499844BFF31C,isenemywithindist_update
7A7B08667020BFDE,AIBehaviorToken_UpdateToken
7A92B3BA0272AAAF,getomnvartimelastmodified
7A92CF7EAB4EB72B,glanceatpos
7AA8541EA2A59F02,settargetyaw
7AB51C63C11C0BA9,objective_hideprogressforteam
7AB6EB51372D189D,togglespecialattack
7AC57D418AB5CAA3,zombiemelee_update
7AF8021394BA9170,SetEntityHudOutlineData
7B390192EAA5C283,GetRateGestureViewmodel
7B4BFBF85FEC8EAD,createnavbadplacebyent
7B4F73A93178F87D,setplayercompassoriginstoteams
7B5A9B0B56517E88,objective_objectiveid
7B5CF1FCEABABA33,calloutmarkerping_getgscobjectiveindex
7B64D5C773BA25FD,calloutmarkerping_getorigin
7B66DC1F34A5EDFF,getapproxeyepos
7B6A25B56288319A,cloneplayer
7B6E347F2193570A,playershow
7B8E15259DD6711E,shouldpainfaceplayer
7BB4F0B9F2700738,setthermalbodymaterial
7BCC0DCD4D7EE24F,getscriptablereservedremaining
7BDA3FA245F5E773,laststandrevive
7BE918981ED92593,getthreatbias
7C113BACA7AE0FF6,animscripted_disablecollision
7C31E59853A53F72,removeclientfromheadiconmask
7C320131BD49BB18,getscriptablepartnames
7C45093ACCA31CC4,Target_GetTargetAtIndex
7C693FEED94A23ED,givemaxammo
7C6C98875D256012,soundgetsubtitlecharacter
7C6F694D8DD4C77B,getscriptabledamageowner
7C791AB9646D3767,LogMatchDataLife
7C7F41D3FD5028A5,AIBudgetMP_GetNumAgentsAndDormantsInCategory
7C95DE7D181D749F,setplayerjammerhidden
7C96293DF7137311,enableexecutionattack
7C96A887D50E11DB,enemyinlowcover_update
7CB2216493BDB145,linktoblendtotag
7CC4E445CCA9566F,isturretready
7CC68C385DB22D5B,leagueplayendmatch
7CC893EBE37F811A,getlasertogglestate
7CCD98E1A387648E,sendClientNetworkTelemetry
7CFABDE7DB10F010,getnumparts
7D09FFB6F1906C93,EnableScriptPushMover
7D0CF9AFEAC11569,viewkick
7D1A50702C523B66,playersprintingatme
7D1EBE7DF118AD03,stoprumble
7D220D829898300C,scriptabledoorisdouble
7D3A5E400AC4C25B,getnormalhealth
7D4896B01BEF3FAB,shouldaimdown
7D4B99C67F530193,weaponburstcount
7D4BEA2CBB2ECE27,sre_test
7D4E091BE39F0A40,getaimatpos
7D541FE6516A452C,GetClosestPointDirectionOnPath
7D6C548616E54EF4,physicstrace
7D708524AFD2DFA6,physics_spherecast
7D73D6786E51AE1F,enableWeaponInspect
7D7765BE2A16E785,getcivstate
7D9030F26F9E9820,IsMissilePredictionImpactLocationValid
7D9F109338409783,IsOffhandFiringNow
7DAA0A3AE0FFC8A1,hasammo
7DD9CBF07587AC0D,laserforceon
7DE1D92731C88659,zombieleapattack_terminate
7DE252B8C994CC3A,ispcplayer
7DF877BB51B9E18B,GetActiveThreatCount
7E270A5E5961388A,getnodesnapyawoffset
7E6350A3B82BD634,target_setoffscreenshader
7E865CC5C077F099,asin
7EA3C3DD6FE08234,getammotype
7EAD521500ED5ED8,clearpath
7EB607E54BB5422F,reacquire_charge_update
7ECE8000DB0801FC,botsetarmorplatedata
7EE0C52E959088F3,gettoparc
7EE822E93093763E,AISpawnDirectorVerifyTag
7EF90005D0CE185A,movetovehicle_init
7F28EB955092F50B,getboundscorners
7F29F44A1C8BEBD0,GetAttachmentAEBit
7F3B6B1C7ED5EF8D,getgoalnode
7F573F6597FCEB36,clearplayermusicstate
7F58C2F00BB83254,objective_setpulsate
7F6C18BB105E8057,freescriptable
7F831C4A1E766B8E,getxhashasset
7F8988CE63C1623D,SetAIOrPlayerCollisionEnabled
7F9A94922FCD8D91,isbotpathdone
7FA3118221E27A41,getaiblackboard
7FA38F23F9084514,botgetdifficultysetting
7FAB20FF1EFB077A,allowsupersprint
7FABCF0AFB534C89,getsafeguardent
7FEE4596177B23FA,doclearcoordinatedgoal
7FF8F8BC484A1286,reload_cheatammo
7FFEBF24F77CCA27,BeginExecution
801F1F2C5F789AE1,IncreaseDurationOfActiveShellshock
8021745BD57229AA,generateaxisanglesfromupvector
8042B0A09DDAC2ED,ThirdPersonSetShoulderSide
804B8DBD5B4E619E,getmuzzledir
805CA5E408D630C0,AnimsetCalculateAliasFromSelectorTable
806EDD4E8C928B0B,setlightintensity
807DBEFAB19C719A,isplayerweaponoverheated
808B24AD26334DDE,chooseanim_weaponclass
809C148B0E8B87D3,clearstickers
80AC4CB4E9C055DC,withattachments
80B108539DE05965,createheadicon
80B54B145BBBCA7E,throw
80BBFBE3999458DE,getmapcorners
80C37C715FC1F432,isPlayerGhost
80C5A0B59E30C76A,vehicle_canturrettargetpoint
80DD173DFB5F1065,AddOnToViewModel
80FD6D5EAF6AE38A,zombie_moveawayenemytounreachableattack_terminate
811189F5EAA3A426,vehicle_getangularvelocity
8115F608589C7632,FindClosestTacPointInSight
812FCE60DCA19E14,GetIString
8151CF0F7A8A13F8,controlturreton
8152580717233487,flagenemyunattackable
815E978748E52D97,IsGlobalXPScaleActive
8171CED4F1962472,cantracetoai
817D5E68525E082D,target_setscaledrendermode
819F1B0E0880A05E,ShouldSwitchWeapons
81A43860919E8F4C,hasfemalecustomizationmodel
81B935D669FD68A8,setplayerissuperactivating
81C78063188123FE,createnavrepulsor3d
81EB0C2B7973F83D,calloutmarkerping_getactive
82096A9EBE88E2E1,takeallweapons
820A32D71B618D4B,isaitypenamevalid
8234856093B76105,spawnlwagent
82680923A320D0AF,Objective_AddAllTeamsToMask
827F7777E53946EC,ReferenceFrame_SetGlobal
82940AB77128FAA1,aisetcovertag
829FA99C5516CD97,getlinkedscriptableinstance
82BCFFD59D3FB411,setlightintensitylumens
82C8F2E9BAD861BC,setinfiniteammo
82D97B0F8341F9FE,SetLightFovCollimation
82DA749F961CCE62,nightvisionviewoff
82EAB2746E8D6040,disableautoreload
82EE7AA3083307A7,IsAlliedSentient
8307243F1F46F698,getturretweapon
830C3231D23983D5,setanimset
831C1BAFD2AB9329,beginatakinputmode
832BC99C65BAA47A,aiformationlockmember
833D9FB17742B565,aiconversationstart
8344B3D269ACEA79,getPath
8347CDAFD5DE6714,getdvarvector
834F84029B3A3F60,skydive_cutparachuteon
83614AECE85DC658,vehicle_cleardrivingstate
836E5097511790F1,clonebrushmodeltoscriptmodel
836F1742FDB79A14,VehPhys_EnableCollisionCallback
83761E0B59AA9607,isdeployequipvalid
83794EA4D75B34CB,enablemovingplatformpull
839F58D356EEC391,usearmorplate_terminate
83A9C331B4A3FDC5,vehphys_crash
83BF4B34FBBE124B,gettime
83C38AA252F99F37,isfiringturret
83CBE6C21B6CA7DB,playerlinkeduselinkedvelocity
83CD6143DB46EFB1,getplayerssightingme
83E84918AE1F68B1,SetAnimKnobAllRestart
83F8378487858012,MarkKeyframedMover
83F92B0D77ECFCD3,findtacpointsinradiussortedandspaced
841F8CCA911565AD,GetLightBulbLength
842EE62DB2471767,minint
843BD52DD6753C79,disableentitymarks
8440C8D69E44D3B5,allowthrowweapon
8445CE3D302E3693,getarraykeys
8477ABFAFBF21906,iscovermultinode
8491AF8B4069D52C,GetNodeAimPitchOffset
84AA4655F24918A0,tablelookuprownum
84AD2F70189EE7C3,getscriptablerootpartname
84B0A0E79E66A53A,GetLightIRIntensity
84BC15D5EC7B3B85,getnumoffsetparts
84D144A593E19A2F,lookupsoundlength
84D5D22D28C303A5,ItemWeaponGetAmmo
85043F320BE08B24,ForceDeathFall
850A3EA8E6E67641,setallowhybridlens
8513AFB07D02BFBD,zombie_isattackpointwithindist
8516571B290545E2,physics_querypoint
8525884D995B1906,setmoverlaserweapon
852E6A9E7A4416D3,scriptablegetmidpoint
85540EF6A89C23C6,setstealthstate
8565F344A559D378,canaimwhilemoving_code
85694E289861240B,weaponvictimdamagesoundplayer
8569CE18E2C588E2,issilencedattachment
8572FFC73C89FA1E,CanSpawnBotOrTestClient
857DF31CBDAF5355,setturretanim
85812B3A5A94E280,Physics_GetPlayerGroundLinVel
858E4D19C2817326,InitVehicleRoofExit
859973FFE3B7D35E,vehiclecanshoot
85A1D86F5EDFBB78,SetClosePathfindDistanceThreshold
85A2E2BDC99D5C81,openmenu
85A7E40574233262,isweapondetonationtimed
85A99EE8DA60FCAA,sethighpriorityweapon
85AAB3016EDE4B26,GetCSplineLength
85ADFA4D5A411E29,target_isinrect
85B88200235683A1,stopgestureviewmodel
85BB3D4FC4FF21BC,setuptraversaltransitioncheck
85C28EBF8918783C,GetAttachmentPerksIncluded
85CDDACE8BEBDBA5,clearphysicaldepthoffieldtargetforclient
85CF0ED953ED080D,setcandamage
85D8AE274D592506,fireweapon
85D9448EB6672159,DestroyNavLink
85E2AF162590D852,getDebugEye
85E76EF5947F6DA8,nearnode
85F2ABC1AA558CC4,SetUseInteractionsTimeLimit
85F71A972A388E94,setvehicleturretcamo
85FFE3DFCE53821A,asmgetanim
860AC46B8B41C045,precacheturret
86100669E031C4A1,asmdodeathtransition
86151535D771DAAC,SetDamagePartHealth
861CA80FC5EB1628,showHud
862CBB140D2007AC,choosestumblingpainanim
8630A81A78E13AF7,DeleteGlass
86439E43EC5A2D03,clearvehicleturretcamo
8646B6BBCBEC5172,VehPhys_MakeBuoyant
8647C0232D842F4D,demeanoroverride
864D94034CBE9F0A,vehicle_getvelocity
865B4F10067EC83E,setdevdvarifuninitialized
8663DEC0D6C19679,getentarraybytype
8679256C2773359D,playfxontag
8691BFD0779EA2AF,broadcastconfiggetplayername
86B131D7756ED71C,pathsighttestfast
86BF2B609ECFB0AC,setvehgoalpos
86CCECBE35C4321A,zombie_isattackpointwithinnonfloatingdist
86E497F28508C2A8,allowfrontkick
86ED482450424A47,aigetlocalgravityscale
870EACF3CB3309AE,findclosesttacpoint
87239A5C48299B13,getnodenumber
874CB5A131709245,setomnvar
875234BCBECD52D7,vehicle_turnengineoff
8778B3E022646172,AIBehaviorToken_ReleaseToken
87974AC3D30C1770,laseraltviewon
87B3A47E6F432BC3,setactionfsmstate
87B499247F2DB1F3,SetGlobalEscalationTotalCombatTime
87C3530D6DCD1EC7,getmapvotingoptions
87CEFDE6BA75DB64,setwatersheeting
87DDEBFCF3EF15CD,GetJukeCooldownMaxTimeMS
87F5779F096160FE,clearscriptedmount
87F5BA010FC2E55B,setlwagentposition
87FBE1A1C72BCA1A,setheadicondrawinmap
880261CE60D8A415,getvehicleturretlockondelay
880B7F22845B6A7F,allowladder
880E9254BB9D32AD,SetShowDistanceOnTargetMarkerGroup
8810AC5FACD0314A,createheadiconatorigin
8822A3C78C5C4A11,makeportableradar
8826B2684E273914,zombieplayleaploopanim
884711FC94B10261,AIIncNumGrenadesInProgressVsPlayer
8853DAE8990D54BE,spottedbyenemyradar
8858A9D048A5E131,SetLightBulbLength
8860DDAAC4015267,EnablePhysicsMoverPUsh
8869202D43F9F72C,actorcalcsharpturnanim
887AB70184CA7B6E,withserial
888926828D4B3F26,GetMLGSelectedCamera
889D56BD1E8182A5,AISpawnDirectorCanDespawnAI
88A3D7D103E68843,VehPhys_GetTimeSinceLanded
88A6736AC53D2A25,AIDecNumGrenadesInProgressVsPlayer
88C48745837F41F4,enablelinkto
88D2C65D5EED0E87,aigetlocalgravity
88E25A3520BAB461,highestallowedstance
88F0DC2FCD791414,getskiairtime
8904F4E297C1A725,getsprintmeterfraction
892B317853C7329A,getentbynum
8932F943398F4FC0,MissileOutline
8933D92685AC7912,isusingmatchrulesdata
89353523460A3B1E,aispawndirectorsetoobtriggers
89395BD97D0A056A,isusable
8950E9B2C7320797,frontendscenegetactivesection
895629DC2757D1A8,IsAutoGrabWeaponsIfNotStarterEnabled
895B16B8FCD857BA,JoinInteractionById
8994C58A19529431,IsViewModelAnimPlaying
899B46FBFB779E3B,setcollectedloot
89A8AD6A0670BC00,vehicle_settopspeedrotational
89AE4C5CFA2FEB00,AISpawnDirectorSetSubZoneEnabled
89DD23D9A9F07734,SetAiFormationLeaderFollowDistance
89EF0C592E0B67C6,InParachuteCamForFirstPersonMode
8A10A521DCAF2DA6,SetVehicleHornSound
8A3B6B7A5B33D05D,BotTacPointScoreMultiple
8A3D046E4EB7EACB,playrumbleonentity
8A4F55CAD2293038,AnyEntityInFOVHasMark
8A57F1D7290BE610,getlinkednodes
8A62E6B4360988CD,setTimerStatic
8A6F97815D0E4A18,changefontscaleovertime
8A80EDD2F9063289,LimitedMovement
8A8397B14B37E063,objective_pinforclient
8ABA3440AAB2AF6B,forceupdategoalpos
8ABC035C30340C12,RemoveFaction
8ACD5B86B7878839,calloutmarkerping_hide
8AD7C8A11EDEC9F3,getscriptableisloot
8AE0100702399AC3,IsAutoPickUpGasMaskEnabled
8AE317EDEE80C5E5,vehicle_getthrottle
8AECF128792E4E46,isriotshieldobstructing
8AFCE813ADEBF82D,GetLightShadowSoftnessLow
8B0F7838C8D25C74,remotecontrolturretoff
8B21128B036FBC0E,setmoveanimknob
8B219048B65039FA,enabletargetmarks
8B3116C6C0CABAE2,isplayersightingme
8B39727DD02BE0E6,vehicle_setvelocity
8B4403EFEA67129E,Vehicle_GetArray
8B67C830E6A7E5F6,gettagangles
8B6CDF337C46498A,AIBudgetMP_RemoveAgentFromPOICategory
8B8285AB7B39F102,issquadfillenabled
8BB186113CFFDCF6,distancesquared
8BB694ABBE150671,getweaponvariantindex
8BBA979198C9EDD5,objective_delete
8BC60184964417DC,ClosestApproachOfTwoSegments
8BCB3F6125423BB9,SetAllowFireDuringHeavyMeleeLoop
8BE73949BA9E5D75,isactorspawner
8BF6C5FE849106C4,createnavobstaclebyshape
8C0F37FCF6C395DF,zombie_isoutsidetether
8C1FEFF42189FF3D,physics_getclosestpointtocapsule
8C38E643D8A74764,zombie_knockdown_update
8C3D3E01E103358C,CanGrabDroppedLMG
8C4D092479C8D615,setplayeractivecamo
8C4E878AA4FB65DB,isholdingbreath
8C64F71738A17713,createnavbadplacebyshapeignoreteams
8C769C52F08B4D8B,pathdisttogoal
8C9085147EFE96FD,setplayernamestring
8C9568FE86B9C28A,scriptedanimstarted
8C989B28139EE084,EnterLastStand
8CB712E08D513B01,playtransitiontoexposedanimanglefixup
8CB79298089E518D,spawn
8CC549D92D18D4C7,getlinkedtagindex
8CDEEDB9F79D30CE,SetUseCommand
8CE7B588A93E962C,PushPlayerVector
8CF75AF7DF64A256,ismovementfromgamepad
8CF78E961033C2DF,setturrettargettag
8D1306D3E61EE07A,getdoorchecktypeallowed
8D26A135D8E7542C,startragdollfromvehiclehit
8D2E862A34930F5F,istouching
8D2F2233C7378C87,chooseanimlongdeath
8D327206611FF293,AIGetVehicleDoorStateOpenREQUESTED
8D35635FA0F5F852,getmatchrulesdata
8D4E4E79E08B06EC,LerpFOVByPreset
8D5325AA418CFD1B,DamageDamagePart
8D5E756E5CD572AE,getconfigvaluebypropertyname
8D67FEF45F1F7B88,canattackenemynode
8D7148A21622C111,setlookatenabled
8D774F7B3DFEDBDD,isturretoverheated
8D78CAE9473CB6A6,AISetPlayerMaxSniperBurstDelayTime
8D8F0117929B81C4,makeusable
8D981E203A84BC94,setpatrolstylebase
8DBCB445CA6C4BF1,shouldstripanims
8DD80E7E7B8CC69C,sendclientmatchdata
8DD95F95956B3B60,aispawndirectorgetsavedaicountinradius
8DF058566695894B,cameraset
8E13A9B4ACFB1EB7,GetCSplinePointPosition
8E192748E01ECA2E,WeaponClass
8E1E031E66CFE2C6,averagenormal
8E1E03C1D34D8AC1,rusher_checkfornoncombat
8E6D6D99DBE52AF1,strtok
8E758AA38263A4DB,setturretignoresmoke
8E8B213809F3C0EF,AIBudgetMP_GetAgentsAndDormantsInCategory
8E9B5CE04C2EAC34,weaponvictimheadshotdeathsoundplayer
8E9C2D71BBB4F338,updateweapon
8EAB38514B79538D,Objective_SetStopSnapDistance
8EB1B5D840AAC85D,isweaponautoswitch
8EB82C3BBAFEB4E9,IsAutoPickUpKillstreaksEnabled
8EDAEC6AADF30459,activateclientexploder
8EF5C41129AFBBA5,maketurretinoperable
8EF5E488F792A67C,getweaponattachmentdisplayname
8F039C70F1308223,chaseenemy
8F57751BC1B28779,Vehicle_SetCanJump
8F5D374C2E4C65B9,getentarrayinradius
8F78218D9160CB4D,spawnonmovingplatform
8F7BECEA39B29B05,getcorpseentity
8F9857B6DC38ADB5,rusher_checkoutofbounds
8F9FC5B803FCAF04,DoShootingAndDrivingControls
8FA50D69ECD50FC0,releaseclaimedtrigger
8FB6DFFB4A67C2A6,AIBudgetMP_RemoveAgentFromCategory
8FCD9C4DC13EBC85,smokecloudtrace
8FCDD4B536475976,issupinesliding
8FCE1EF1F9AA52A6,aispawndirectorsetplayersquad
8FDC3A1F0A1F0B48,isvalidmissile
8FE600D8AE7F8F66,kc_regweaponforfxremoval
8FF2A1F769A522AA,enableweapons
903E912D1AD9A18D,getattachmenthasperk
9061A7F687E276C6,UpdatePlayerSightAccuracy
9065BCBC61EFDCBC,setcustomnodegameparameterbyte
90690EF42343D0CC,GetMapVotedByPlayer
906F4C75BE23FF6C,findentitiesinfov
9098CF8BBB726155,getvalidcovermultinodetypes
90A7A0E6B30DE7B9,Objective_SetHideForCodcaster
90AF0FAED53AC993,isusingoffhandshield
90B3ED62E6D125E9,settraversalpenalty
90D47BA774738084,coverchangestance_terminate
90DBA7A4752AA5B7,SetLightShadowState
90DD560E86FB2F45,VehPhys_BlendAngular
90DD70A2F84070A9,aiunsetperk
90F71263A5AE4ECB,GetInteractionSyncObjectEnt
90FE8B15E6A5AFD9,stopskiing
910068BC98FD33F9,GetPlayerWeaponHeat
911D951C462CBB93,SetHideNameplate
912074A2FA665101,forceplayerviewwhenspectating
91213D661A6B53AB,getrealtime
9131DBDC56590C15,Objective_GetMinimapFloor
914FC3D336E37124,GetPlayerInfluenceAtPosition
916745A48717ACC5,asmgetnotehandler
917871199A623FC0,shouldadvanceontarget
9179DA2A3A57FEC0,ShouldAttachNoteTurnOnFlashlight
918216A34B974826,aispawndirectorgetsubzonesinbounds
91831FA0D58DD2B4,Skydive_SetForceThirdPersonFreeLookStatus
919251F94ACDBA96,AISpawnDirectorSetRequestTag
91A09B8DC16141A2,IsForcingSpecificLongDeath
91AB20FF4406378A,getanimtime
91BAE863CE90A60D,AISpawnDirectorLookupAllSpawnRequests
91BF2BDE3F39C9EB,vehicleclearseatoccupancy
91C83AE42459D121,rusher_terminatereload
91E1EF228D7D7124,allowwallrun
91ED89CCEEBB0A03,setfixednodesafevolume
920AC430E8AFEF2F,ScriptableSetPartReplicatedPayload
9223FF45A0D86984,gethintdisplayrange
92291C9A8F734D9A,Physics_SetBodyLinVel
92305205D36AA2E1,SetJumpHeightScale
9236F72B4983B65A,sethintrequiresmashing
923B484E721087B1,playfxontagforteam
925153C12B463C6E,GetCSplinePointTargetname
925AB1C5682FF554,AIBudgetMP_GetCategoriesNamesForPOI
927819067B39A501,setmoveset
9299511877AC7219,dropoffascender
92AA889290B10FF1,setavoidancelookaheadtime
92B2C5EABBA31EB0,setwearinggasmask
92C3475491840FC7,getdvarxhashasset
92C396C56756AB0B,GetMapsForActiveGameMode
92DBCBDA33BF29F8,botgetdifficulty
92DC1EE50C0965B3,hasloadedcustomizationviewmodels
92E333EF50FF2C83,VehPhys_EnableScriptControl
92EB43DAC6444FD3,playerads
92EC957F136BE734,dockmovingplatform
9306EDBCDE58C64B,zombieorienttoattack_playanim
93123E73FBEACC36,setbasearchetype
93146F3410474F7B,issupersprinting
931F9FA96D8A96E0,equipskis
93200CAF62D696D0,canmelee
93240747A1CB691E,loadmatchdatadef
933C180DC723EFC9,getvehiclesticker
9341329A23BA05AB,playgestureviewmodel
934BCE44B11115BF,allowwalljump
934E8EB991A95EBB,VehPhys_SetGravityFactor
937C3C41C638F604,getentitynumber
9399ECA43E1BE3F5,PrecacheMinimapSentryCodeAssets
939EB64ACCD1E612,getclientomnvar
93AAB681F9DC603B,skydive_end
93B6D3E8B4C58539,CalculateTacPointExposurePercentage
93C626F0D446B575,aispawndirectorgetzoneindex
93CFF1D8FF04C60F,setlookatapproved
93D320CA26D12780,settargetentity
94058260469A28EE,setmovervehiclegunner
941C6EA640F77EB7,zombie_movetoinvestigate_terminate
942C707DA596674D,objective_sethot
94663004267CA0D9,getglobaloperatorxpscale
9477035928EB21FD,setdemeanorviewmodel
94977075C79F3BB5,getnotetracktimes
94A430FE6B264FB9,SetEyesOnUplinkEnabled
94B051E431039401,getlightshadowsoftnesshigh
94B6C9362DF90AE1,easepower
94CA7B87080CF22F,setactivegrenadetimer
94CEDAAC4572406A,getscriptablehaspart
94D8556593F6F4FF,setgenericblueprintmodel
94EFD426FB923BDB,LoadCustomization
9505080A915AD840,playerlinkedangleslocked
950874ED917EEAC5,Objective_SetParentObjective
950C410D472460EC,isplayerweightnormal
951C358824E30157,shouldreacttoriotshield
951CC2FAA0F3007C,AISetLastLethalGrenadeLandTime
952087B806F1D0FC,IsGoreAllowedInRegion
95297605AC2302E4,isvehicleactive
9533EEA8F8618323,rusher_canmelee
953694D5D41FCE58,requestvehicleseatchange
9538DAF6421E1353,ScriptableHasPayloadType
954301780E6300D0,GetattachmentSlotsBlocked
95437B3E5726AD89,FrontEndSceneEnablePlayerControl
95587A3D8701D86F,SetLookAheadTime
955AE470FFA76C73,cover_isatnodeortacpoint
957A727ADE8E2011,setplayeriszombie
959CDFCAD61F0B85,player_recoilscaleon
95AB2472411DDCDB,aiformationmoveto
95AC53CF8EA497E0,SetGunAdditive
95AF82DDE0C9A911,SetVehicleDef
95C77469BAAD8B7D,Objective_SetFriendlyHovercardIndex
95D2B2038D60B1F8,applydroneimpulsevelocity
95DAE5076A637CB1,setlookatpercentoverride
95E538E1F602B947,arrayremove
95E7968AE3294F91,setcinematicmotionoverride
95FBDF7D96F682B0,setlookat
9629774F2A278DB4,objective_setpinned
9643C8E75962440A,GetNodeIndex
965C9F54F2D670E9,CheckDodge
966398AB935EFE12,getmid1damage
968033F087D8DD8E,setwatercurrent
9688C100CFEC01C6,rotatevector
968E4BEF92F91D1A,Objective_SetEnemyHovercardIndex
96A9DFCCF59ADA29,SupportsComponent
96B3C6BBC0CAE6DC,ishintinoperable
96D9FF0BE6D1F810,objective_isvalid
96E745FA1AAEE213,zombie_setattackpointtoattractor_update
970946CC75E015F5,iprintlnbold
973F1EBCE8999DD7,getoffhandspecialclass
9747D6EBEF2EBC79,setuseprioritymax
975DDFC51760E5C8,acos
97653B787E4A90FD,enableaimassist
977ED8A8CCB23C0D,chooseanim_flashed
978521C3884F8821,InitDamageParts
978FFD9566C7439E,setclientomnvar
97A9712D0B90AAE9,_aisetlightweight
97A98916DD84606D,ProjectileIntercept
97B54C84EE295CBB,SetNightVisionBlindWeight
97B841DD9F368488,clearfixednodesafevolume
97CC06B2FAFE3C7D,setleftarc
97CC4FBD2B32B59B,hidelegs
97D082FF51A39067,easelogarithmic
97D69394EA455846,getvehiclebsmstate
9803C8D9E5EF4560,HudOutlineEnableForClient
9836A4609440B13E,thermalvisionoff
985124B0E1E74F2E,isInspectingWeapon
985A80734A98D286,resetspreadoverride
98774932156134A2,getscriptableinstanceindex
987F05C69396B6BE,setfiretimescaleon
9889E703B1751178,isps4player
9894103DE5EF89D7,getscriptableindex
98A9854A1818B872,enabletraversals
98AACAC99283C282,arraycontains
98AC53340703457D,intersectsegmentorientedbox
98DA92CE43869535,distance
98F003E17A902BC0,orienttotarget
98FC66CA5BA6189F,physics_getclosestpointtosphere
9922B1D39DD0034B,isent
99408DE602FFA24C,GetattachmentsBlocked
9947E2BC273E51F2,vehicle_getsteering
9950E9BEBA96C6EB,AISetAnimBlendCurve
997E289DB35EE483,choosepainanim_groundturret
998134A9757A01F6,iscastshadows
99871A905AD268B4,isusingonlinedataoffline
9992D271741F2BDF,isactorcorpse
99A5F7BFB440CB49,aispawndirectorgetsubzonesinradius
99B0A4A47F333E42,SetAnimKnobRestart
99B76D1936888C64,getplayercameraangles
99C776BE39A53706,playerlinkto
99D41C02CB024E48,turretfiredisable
99E216FF52BEBD9D,ismeatshieldqueued
99EE3CF75E2291A6,hashcat
99F2094B6FBFBF8A,ishighjumping
9A006D4712E62931,mayhemsetscale
9A0D5F1068BBA8AB,getweaponattachmentworldmodels
9A2C947412386798,filterinplayermarks
9A41D688666AE7BD,spawnifevaluate
9A45101961B13620,setquestcircleindex
9A90FB2965CE6438,canplacedeployweapon
9AB04EAAEEA05314,issprintsliding
9AB5D479F2DB02E2,EnableWorldUp
9AB76F1B8CC6B9F1,getlightcolor
9AB89894F4BCC56C,soundchannelexists
9ACF7A20A30174B9,aistealthseteventoverrideflag
9AD7279EE518D022,GetClosestReachable3DPointOnNavmesh
9ADB3D48FF709CCA,transfermarkstonewscriptmodel
9AE34BAF48BE36C5,ischaracterfemale
9AE4DAA2A11C58BD,scriptabledoorclosedangles
9AF53217F6EBD241,AISpawnDirectorLookupSpawnRequest
9AF600B2D94D8F4D,enableavoidance
9B03DB5C10EDFB76,ShootCustomWeapon
9B0703F9F3BE8EB2,SetGoalPath
9B13DF8D1D2AE3A9,SetFlaggedAnimLimited
9B17524926263186,VehPhys_SetDeactivatedOnIntegrityFailure
9B1905FDA878F847,getoffsetpartname
9B20990CCF052BAF,disttotargetislessthan
9B296EF0467412E4,setoffhandprimaryclass
9B4409C8B1D71840,GetRestedTime
9B467A2A1BC354FB,getindexforluincstring
9B4D59C6A67288F3,SetUseQuickFirstRaiseOnWeapon
9B571F99F8A37E57,choosedirectionalpainanim_coverstand
9B59AC15E1DFC468,isistring
9B649316ADCCCBAA,aispawndirectorgetrequestdata
9B7B5B6197B8C073,playrumbleonposition
9B8EBB0683B902AD,playerlinkedsetviewznear
9B9172ABDE88119E,threatbiasgroupexists
9BBBB957FBF8847E,JoinClosestInteractionOfTag
9BE81355285CF768,terminate_transitiontoexposedanim
9BE9FB7CEE869223,GetAttachPos
9BEE3F0EF32B20F9,AISpawnDirectorOverlapsObjectiveLocation
9BEFE55095128E84,StealthClearTrackedCorpse
9BF29B0AFDA2F65F,target_setmaxsize
9BFC8D9D52132F25,maymovecheckfriendlyfire
9C1822AF4BEAA820,AddAiSubclassForEmergenceSpawn
9C23B13B9989C882,tablelookupistring
9C3633153D976290,setlookatheadoffsetenum
9C40CFAD7093F8E4,setmusicstateonent
9C44EFB8A46F71CD,objective_setfriendlylabel
9C6091C690EA2CA3,startimpulsemotion
9C6277F3D28901D5,scriptablehasflag
9C6B868CB9F8A373,istopdowncamerayawflipped
9C6C41C71C965FDC,updatepainmeter
9C7A194ECE7D8CBF,capturnrate
9CA8B830D0F56CA5,clamp
9CB6771F73A97B01,setfactionthreatmultiplier
9CBBA1AE667C3483,physics_getentitymass
9CD430B77C27EB1B,getturretoccupant
9CD5D66AE45E614A,getturretsuppressiontime
9CEE41015B147E23,OBJECTIVE_disablesnaptoscreenedges
9CEED265E939EE2E,clearenemy
9D016AEFA227961B,setbtgoalnode
9D112C9A4EF70E58,forcereloading
9D3445509394AA6D,playerlinkedviewfraction
9D35BDA59D2A81BD,isanyenttype
9D3648191FFD3685,joltbody
9D6E9BE47C52F06E,gethintdisplayfov
9D6F2B21977B2818,vehicleattackbuttonpressed
9D78E72BF14F67BC,doflee
9D89E685E8A7AB3E,missile_settargetpos
9D8AE655EB80459C,enabledeathshield
9D8CEA261C7D9A60,drone_idle_terminate
9D8FEFB12CDB497C,forceenableoffhandsprays
9DA2453B2F6432C6,mod
9DA605E21296DA98,getlwagentinfo
9DAB4B3B2F6E5EA6,Min
9DB87B4D7700AB50,disableaimassist
9DCE5D3B2F94CDF4,MAX
9DD2AB67D1A87A77,btenablelogic
9DE3A28715811DDB,visiblesolid
9DECFBAA189F0BE8,restartanim
9DF762CBDC629F17,Vehicle_GetAmphibiousMode
9DFCFC6E680AF2DB,botsetflag
9DFF45034D4BEEE7,objective_hidefromplayersinmask
9E0431EF866E0C89,setprogressiondata
9E287F1B74140531,GetMode
9E53876A4EBFB627,ControlsUnlink
9E5AE2A48D53F411,gethybridscopestate
9E623437C9C521D7,setnvgdisabled
9E6CC9D212E76903,leaveinteraction
9E6DCE8F55A09FF0,Physics_VolumeSetAsGravityScalar
9E895D61A3F70630,SetPotentialThreat
9E94BEC33F8AC5AA,isscriptedmeleeactive
9E9726F3E3C3FB1F,Objective_SetEntityTag
9EA21A743BA51D5D,disableexecutionheavymeleeattack
9EA458AC05B42D6E,getaiknowneventname
9EA613810A8347BD,isConnected
9EC83556F23E3D98,candoretreat
9EC8B5D8F9EC4B57,physics_createinstance
9ED57B4B1E9EA092,firingrangepanelpressed
9F01F78AF23EA628,setthreatsightstate
9F084E640ABF4C9A,ClearLipFlapAnimType
9F1B479683A74219,GetStairsExitDistUp
9F213E1011A18A22,getmodifierlocationonpath
9F2AC922A6CA86B9,delete
9F2CA3B67C0F1FE5,GetTraversalJumpDirection
9F30212275828D56,tagexists
9F3A37EB7B4CA06F,ClearPerfectAwarenessZone
9F4683A5A5C200FA,actoraimassiston
9F67F52D477CB343,setuseanimgoalweight
9F6834CDC0C1BECC,FrontEndSceneDisablePlayerControl
9F6D574C59CEDD68,getglobalbattlepassxpscale
9F6ED6CC21E516EB,ischaseenemyunreachable
9F6EFF9C1DDD8433,IsGlobalWeaponXPScaleActive
9F7E9F18CA0D8382,isendstr
9FA48124ABB16725,startfiring
9FD03C6D9422BAE6,GetMapNamesForGameMode
9FD2D36C7D3D5B02,chooseanim_exposed_weaponclassprepended
9FE00B5D64148AF7,stopplayermusicstate
A007BC26F5EA43FB,objective_showtoplayersinmask
A034A927128ADA11,findtacpointsinradius
A03C28C47BBE8DB6,setupnotetrackdata_playanim_patrolreact
A0604AADC8C0D082,zombie_meleeattackpoint_update
A07190C26292D02F,getmovedelta
A0AA30CDD7EB6E29,tacpointsvisible
A0B33C2503D805D5,setconfigvaluebyconfigkey
A0D3D838694FE8E1,aimtovector
A0F876F63749F85B,LeaguePlayHasPlayerMatchData
A0FB4892E6086158,getnearestnode
A121A18D08AC46A0,jumpscripted
A13F3EED4685E579,mit_getalltraversals
A14A7BB2D84794BC,NearClaimNode
A1513C1D2DE192CE,isactivegamemodebattlepassxpscaleactive
A154B5184D7B9ECA,setdriftvelocity
A16EB985AEF759C8,asmterminate
A176070C70B75053,freezecontrols
A17CC2B9B1E191BD,lookfordoorsalongpath
A1C0B6A1E0296142,QualifiesForSonyBonusWeaponXP
A1C6BF004F42B4DB,botgetscriptgoalradius
A1D0FCF3B3E624B7,setanimknoblimited
A1D9F17C755938C7,EnablePASpeaker
A1E86BF67C3F780C,enableentitymarks
A202225661B51F7B,soundfade
A20E1D6530E9F7A5,nodeisactivated
A21F42524BB90B0F,getclosestnodeinsight
A22757DA12CE35A5,hidetargetmarkergroupfromplayersinmask
A227728F297B8669,aifreemeleeinstance
A235849342EED773,setbottomarc
A25ACB62DDAB20E2,aispawndirectorsetglobaltag
A25D25191A61883C,getxuid
A268AC9485CD2707,EquipmentIsRestricted
A27A80D92B4E57B9,isinvulnerable
A2A31932E0F7CC6E,isinfreefall
A2A4A1CFD5C7F272,archetypeassetloaded
A2A602C42853CFFC,getnoaltweapon
A2B79FEB4144B717,ForceProcessQueuedDamages
A2BB1000BB138AFF,setusableenabled
A2C5401A2305B00E,detonate
A2DC8E29134063AC,enableusabilityandloot
A2E197366FF01E1A,AttachmentIsRestricted
A3143B51E6A92B58,PhysicsWarpTo
A31C333E503A3FB0,istringtostring
A31CB4DEAB1D4EC7,drone_investigate_move_terminate
A35192E6C4B9EAA6,setlongdeathblocked
A36B0DAE4827C279,missile_setflightmodedirect
A38D48DA4F37779B,fireprdprojectile
A396909F63BBA023,vehphys_disablecrashing
A397D3BA0870FF1F,setweaponmodelcamo
A3A6FAD121BBF7D3,setplayerintelfound
A3AD4171C5AA3497,AISetVehicleDoorStateOpenREQUESTED
A3BF97BC2ABA939B,choosepainanim_coverstand
A3D3C0070F72E1DF,rusherattachknife
A3EC8DD3B5122D54,enablescriptedmeleetarget
A400AEC55AAF8950,objective_setlabel
A408092FF1BD3F6C,checkGrenadeThrow
A413C0C1FFE63C83,aiunregisterfromstealthcompass
A413E91BA3513105,botaddattackerdata
A42C7F81D7D87120,zombie_isinattractorattackangle_update
A42EF0AF8DFFD1B1,target_istarget
A434036DFA83B5EE,getlastimpactscale
A46980D46CAAED63,botsetutilitytime
A46A1628F420E158,clearscriptabledamageowner
A47253874DA73280,overrideinteractionsearchorigin
A4781EF9AC85706E,WEAPONTYPE
A48B6CF7A55945A9,setMapCenter
A4A0660084B84DEF,FindClosestTacPointWithNavLOS
A4A162676C6AB812,setvolumeupvector
A4A572D8D09B0F46,clearmovingplatformparent
A4BEA1048E19F984,getrandomnavpoint
A4C183D03CF24C6C,archetypegetrandomalias
A4C8B0F6CF33E203,playsoundtoplayer
A4CB275D513C0521,getfortresslistmain
A4DACCCFC139CFCA,playlocalsound
A4EE04C53E06D567,covershouldexposelostenemy
A4EE69A3E4D47264,hasfemalevoice
A4F068798D87B7EA,GetWeaponNthPrimarySlot
A50725C23CDDBF00,Objective_SetFadingHeight
A508A08653DF6BCC,SetSlayerMovementBuff
A50EFC8750DFBC7F,RemoteControlVehicle
A51ADE0F6AF078EB,WeaponIsRestricted
A53150D11790D590,jumpbuttonpressed
A532D05CFF3CBD78,BotSetDifficultySetting
A540D95A95948200,islookatblocked
A544338816001600,setorigin
A54D5A6EA0435BFC,objective_reset_objectiveid
A565DAFAC620D68E,hwconfiguratoraddclientasset
A579515A4B3E9D2B,setanimknob
A57FDB7088F6DFE6,sethintstring
A59A05F858FA3088,aipointinfov
A5B1F8E082E3FBAA,getattachtagname
A5B689D70BF2AEE1,clearallsoundsubmixes
A5C07B0322BCC310,setflaggedanimrestart
A5C1175D3EA3C25A,ArrayRemoveKeepKeys
A5CB24BCE058B3AE,disableforceviewmodeldof
A5D42FEDA6699278,AIGetLastLethalGrenadeLandTime
A5D9E2F7641D3039,SetSprintMeterFraction
A5E8E7234F718EAA,getbrushmodelcenter
A5F08A96E5B2BEF8,getweaponloottable
A5F16B9E67155BBD,reset
A61053C7E05EB211,arrayremoveduplicates
A61CE1EA87B54D24,ForceUseHintOn
A62D6FC00D9D45FF,canaimonpath
A64CDFFB497019D2,dodamage
A664B3EB3BCB4E15,AIBudgetMP_GetAgentsAndDormantsInPOICategory
A685CF5D2FEE4083,shouldstopaimdown
A68AB200E4B8A8C5,getaltweapon
A693B54FE104E74D,isscriptedagent
A6ABD7D6BAF85A52,getarraykey
A6B2DE15A1C25D03,aiclearscriptdesiredspeed
A6B3BBD0C6C366DC,mayhemsetanimationtime
A6D285C122D6432A,allowactiveroll
A6D6987298FB8F4A,canuseattachment
A6D700F2335EDC93,IsOffhandGestureWeaponPuttingAwayOrUsing
A6D79799BB932140,gettraversaldata
A6DEB51EBBE50479,canuseturret
A6EEA2C0E9886261,getlocalgravity
A6FB48FD99C2F336,LogPingHistogram
A701EEC044A19590,getallvehiclenodes
A7074E5ABEEFAC18,SetEntitySoundBlendFutzOverride
A7283C26E80CD423,animisleaf
A72D6B8834A2A31D,vibrate
A7378C4908103226,isturretonlyvehicle
A739199D6256759B,clearentitysoundsubmix
A74128D6D6484839,clientclaimtrigger
A76FDF4E079AF7BE,ReleaseScriptableLootWeaponMapHandle
A783689F7E8E7CD1,isgestureplaying
A7905E09ABB76FBE,SetStreamInteriorVelocityEnabled
A795389146361A90,setplayerareadenialreveal
A7993F7833316B7A,isingoal
A7AE4BD0ADE542D4,GetTargetEntity
A7B0B6C4891C6510,playersetgroundreferenceent
A7B42EA70B9F4837,ScriptMoverClearOutline
A7BD968152DF51AF,getmeleedamage
A7EF321168907608,Objective_SetVisibleOnlyForEngineerEnemies
A805442A733C54DB,weaponhasthermalscope
A815D3D00FFD86C4,playerdisabletriggers
A81FA39FB30E7900,setthrusterscharge
A83BCDBFB44E95C8,requestdeferredreload
A83F7FCB7B07947B,setdesiredgunpose
A860399691B71D22,Physics_VolumeSetAsFocalForce
A88BCCBB98CF096C,ConnectNodePair
A89DE2688F3397D5,getascenderfraction
A89EF2593DC77226,beginminigameinput
A8A0CD39F29D8E91,teleport
A8B8D5262304CF92,GetGrenadeFuseTimeAI
A8C06F79B101D933,setplayercorpsedone
A8C0CB82C403560C,leagueplayinitializematch
A8C6FDF60C035008,getfractionmaxammo
A8C7910253BB1F28,AISpawnDirectorSetSpawnRequestInactive
A8C8D5C5DEFC1F8C,atan
A8CBEBE05DF1C18A,weaponaltweaponname
A8E73E08CA53DD90,destroy
A8FE8D86843B9CEE,setcustomanimpitch
A8FEB10BEF6AD941,startragdollfromvehicleimpact
A902D4F872255A2C,usecovernode
A9133C8D2C5AEC60,iscovervalidforlmg
A913C3914A2565F9,setthreatbiasagainstall
A9397EF504A37375,GetWeaponSingleFireRepeaterDelay
A942012F2FC410BF,IsLeftTriggerAltFireCharging
A9499C58596F9C78,getweaponfromhandle
A97D0A3CEE944CB6,checkGrenadeThrowPos
A98369F0E44F4385,playrumbleonpositionforclient
A9A3158A4DC4A91B,Objective_SetMiniIconZoom
A9A8165656E26139,setomnvarbits
A9C8EA63C69E7EB4,aisetarmorplatecooldown
A9EF63F45DA052D4,isfloat
A9F1F2181A8593BF,setshader
A9F494A0CC187DB4,sethintlockplayermovement
AA02E4E571581B06,GetJoinType
AA0C301F825122FF,closeluielem
AA407DC4C571D4A4,getturretweaponinfo
AA5893E7A2A29959,aligntag
AA6016B531DC444D,getlocalplayers
AA6C765C03D0B1C8,IsCODCaster
AA816ED702E5243B,BotSetScriptMove
AA8AC009EDDE3F04,showallparts
AAAD5AE04C1E5224,botgetflagvalue
AAD284E84684141F,target_setdelay
AAD3CAD3ABF3C14F,isbot
AAE2D9726156F28B,Physics_VolumeSetAsGravityVector
AB02FA5175791FD8,DestroyDamagePart
AB04EC96269D0651,setturrettargetvec
AB0D40B26D4EC155,addteamtotargetmarkergroupmask
AB14A4E8572B7EA3,setturretminimapvisible
AB4C8625BA741F68,physics_charactercast
AB5E85E425825C6A,clearthreatsightplayerstate
AB60C6B563088B74,Vehicle_ApplyMTX
AB6BA0538C113C49,setpatrolstyle
AB91CE22BE3DEA43,finishtraverse
AB9CB51DD9B9192C,AISpawnDirectorSetRandomSpawnZClamp
AB9D72EF37B8C7F8,angleclamp
ABA0CCA397D5E65B,GetArmorMaxDamageShelfClamp
ABA9AC6F872DC502,botpressbutton
ABC7AC7F8FA0E92C,zombie_isattackpointwithinyaw
ABD1A501C0438A5B,Vehicle_GetCompConfigKey
ABD5345647466E7E,getcentroid
ABE32F1B36DE3660,setcustomshootfunction
ABEAB80C50527884,IsAutoPickUpLethalEnabled
ABF66D2F44DB2C72,Objective_SetFilterIconZoom
AC22ADC2E7EAAB08,targetmarkergroupaddentity
AC22E4121B65E7EA,botwaittime_terminate
AC2467F386D24F69,generateintkey
AC4EA0F26948D341,togglevehicletrick
AC5A4B1107BEF0DC,SuperIsRestricted
AC6BAF713FBAB5AD,Objective_SetNeutralHovercardIndex
AC9886E0E2860E18,Objective_SetFadingDistance
ACBC36C4C1F8AA74,stopsoundchannel
ACBF60CA18B9864B,isintopdowncamera
ACD4AEF4677E0CE9,isskisequipped
ACE86BB6096A3AD1,TableLookupRowNum_StartFromRow
ACEAB4A3F47447AE,getnavbounds
ACFAB4296DCF20F8,sendupdategamerprofilecmd
AD05AED95A44741E,DLog_RecordEvent2
AD0FE36C88C3FC3E,disableweaponswitch
AD2DBACEEDAEE40C,strtoksubstr
AD40144BADB4EF0A,setswitchnode
AD5A1B6F5F3CBFC2,CopyPlayerData
AD61715DC65D0445,stopallrumbles
AD66FCF699DAFA46,entitymarkfilterindistance
AD68C3A1A9CBC9C8,EnableQuickWeaponSwitch
AD771C843FE2B588,weaponstartammo
AD7812E81749ED3A,playxcamontag
AD7C1BC87EFCAFC8,VehPhys_IsBuoyant
AD85ECC3923456F4,overrideinteractionsearchradius
ADD1031FC144E974,gettagorigin
ADD4AFD56C2FFEB0,getlightfovouter
ADD82FAB85582546,badplace_delete
ADF019D98B2970E1,requestthrowgrenade
ADF2B44057AF1C64,SetWorldUpReferenceAngles
ADFCC0CBA9237ACF,isonladder
AE0684736E3F228C,orienttotarget_terminate
AE142D8F4028A82F,getcorpseanim
AE163AFA79A54DF6,canusecover
AE16C79F700A359B,ResetEmotionAnimType
AE177C58724E1F7F,terminatediveanim
AE25258BD3B2A348,vehicle_allowcorpselink
AE30C62E0E3051F1,GetBoredOfCoverInterval
AE3E68D3A09516C0,freezeproxyclient
AE555AFE1EAF9236,setoverridesightconfig
AE6225D4730CC0E8,objective_unsetlocation
AE6DA2AB89DFCE0B,getPartyID
AE7FA6281D548D9A,aiphysicstrace
AE82C1262EAE3C69,releaseoffhand
AE8E9D98029DEA54,SetLookAtPercentEnumOverride
AE8F3F15D184EF77,choosepainanim_run
AE9C361B565D9A9A,setconvergencetime
AEA016C7CBA2F806,aicalcsuppressspot
AED80CEF9BB3E7BB,setbtgoalpos
AEE9D22208466EDF,hasloadedcustomizationplayerworld
AF1E93BDBBE9CDBE,AISpawnDirectorCheckGlobalTag
AF251BF95D0F667F,cleartargetent
AF4B4EC1B9D7BD0B,getweaponarray
AF4D3546AE38B106,playcontextsoundtoplayer
AF7012F0E3E1EEC8,enemyinlowcover_init
AF745891525215DF,donotify_update
AF78EDEC6597752E,EnableCollisionNotifies
AF79CE8D7DD29CDF,ZombieGetPotentialAttractors
AF812788F860FC29,selfrevivingdoneanimevent
AF914B35B8AA9BC9,cancelreload
AF99635258E79543,setcustomanimyaw
AFCB1BBF5AAB8E9D,botgetscriptgoal
AFD3519E8509120A,SetEMPJammed
AFDE8D36B5A7E87F,getcorpsearray
AFE7D331282F0A09,getnodehideyaw
AFF91168EDFC5B57,zombie_isbrainrotownerwithindist
B01080C02C7C8041,SetConfigValue
B015BA7CAABCA33D,isbuiltinfunction
B021AD3CB639FB89,setanimblendcurve
B048D87660CF7488,turretoverheatdisable
B06FF71AB4DBB06C,perlinnoise2d
B09498345FDBE6BE,SetHasRadar
B0A0E7AF9D7151FD,getfakeactorfields
B0A1AF7CA08CB931,getxcamangles
B0B72D20769D0233,IsTriggerEnabled
B0B91E44777338BC,targetmarkergroupgetentitystate
B0CDA4F57C717F39,isusingspecialattack
B0E4A4EA1EBC571D,cantracecentroidtoenemycentroid
B0EEE18C546C688D,navisstraightlinereachable3d
B100A7701A3CA96F,allowvehicleleanout
B104E7E458957E7A,getuserange
B1085B959EC0CDFB,setupforcethrowvsriotshield
B119805C3FD254F9,SetLiveRagdollRecoveryAnim
B120FDD6FFCF8F36,ismantling
B12A283C24919EFC,chooseanimdiverecovery
B159AA3C3E8151E5,SetTeamInHudData
B15A7A26A88FCC36,setstowedweaponvisibility
B165CBAB275DE984,ChooseShootPosAndObjective
B1767279E92A092C,chooseanim_exposedidle
B1803C6EEEF44155,getshootfrompos
B1A718F496B16EB9,promotelwagentimmediate
B1B2DC280FAEDFA0,Vehicle_GetInputValue
B1B96F0F3FF4AE2B,ambushgetnextambushnode
B1C32ABE6DA15ABC,stopvehiclewartracks
B1C97A0CD77B02E7,animscripted_enablecollision
B1D03083558257C9,pausefornewenemy_init
B1E8B512AA1C39BF,PlayViewModelAnim
B1FAF224C042C566,Target_Flush
B1FCFC3CC2092665,avoidtargetentity
B20C65C46755E7CD,getturrettargetvec
B20ED534A5F3A9C0,getinteractionscriptableendstatename
B211ADA3191209FB,chooserevivelongdeathanims
B217CCC053191D61,botlookatpoint
B21BEA486698EE6E,poiseknockdown
B22FF208D30B3FE7,bb_updateshootparams
B24AA8CBD6986035,isactiverolling
B24BB8A9E05F54BC,setoriginonmovingplatform
B2502A8E8DFFE263,getweaponhidetags
B2546E65A57FC504,sethintinoperable
B25817CAE82671D3,roundint
B2583B3D2410B72F,objective_setlockstatus
B261B7658E3B143D,Turret_SetHeatAccumulationPerShot
B269F38966AEE73C,setgoalyaw
B26F6C697C8C4E3C,AIBudgetMP_AddAgentToPOICategory
B271D932C78BFB4F,killmayhem
B2BD5FE736569777,getgoalspeedmph
B2DA8A89042639FD,zombieleapchooseanim
B3043F2D34450DCF,objective_setpingsforteam
B30B2AD2F5E5678E,isufo
B329D822D2D2556B,setpresencejoin
B3311F25C7475A2C,sin
B33C28F4C194745F,getscriptablearrayinareaswap
B34FEF03169E38AD,isincover
B36E64F2E6E8941B,VisionSetPulseEvent_Whizby
B388E4E50ED100B6,isenemyoutside
B389A72141B859B0,clearcoveranimstate
B38FD8A205A885AA,iswingsuitdeployed
B39497B0A9AA018A,FTUESetClientStepID
B398682B38F521F5,MarkScriptMoverIgnoreVehicle
B3A69F4B27F9BC27,reacquire_suspend
B3C3716E2FEDEE4B,aimagicgrenade
B3C7E2997459C33C,vehphys_enablecrashing
B3E2308B09434F05,setwristwatchtime
B3EA1E6CC89E8011,allowstand
B3F7C8E924B2D9D4,SetBeingRevived
B413557ED93D136F,aispawndirectorgetzone
B417A9D813542C31,aispawndirectorsetplayerarray
B42BDD181C44C755,BotClearScriptEnemy
B43716082F77E5E5,aispawndirectorconverttoambient
B43ED67E9E75A4ED,enablegrenadetouchdamage
B44214E8487E4A6B,isnearanyplayer
B44D633992D92D84,SetAvoidanceMinRadiusToAvoid
B4501A4B9351B2F5,averagepoint
B45C90362A1394A4,SetGlareGrimeMaterial
B45D7CC91040F5D3,setdvar
B471D1E6B7F239E5,isUseInProgress
B4757AB4FEA104A5,getviewkickscale
B47DDEB9B1E18296,arrayintersection
B486D879DE33BB51,SetVehicleWartracksState
B494C017A7BDDA7B,soundsettimescalefactor
B4AA8B260CDC357C,forcethreatupdate
B4B0C0CB1AC2B968,getdvarint
B4C327916CC28D78,AIBehaviorToken_AddToken
B4E8447B083AFC1B,isgodmode
B4E9FF6D61D4AB91,getprojectilespeedforward
B502B19B197CF4B7,isdiving
B5117472398445F6,hashelicoptercrashlanded
B52010DA577712BE,SetScriptableBeamLength
B52496840A3096BD,ProcessShieldStagger
B52AE56993E9CC76,findpath
B53AED5AF0D1A072,setTenthsTimerUp
B551F943D9516DAC,zombie_react_updateanim
B57DCB79E0B62BB5,disableusabilitybutloot
B57E44CE9D93BE80,AISpawnDirectorDespawnZoneAmbients
B5C1FC387EC53658,activatekeypressed
B5C3023DFFEEDE79,updatenavobstaclebyent
B5D3D5CB99A45C6E,getmeleeattacktype
B5E43A3A548D047A,sendleveldata
B5F9A21FA8DF9405,waittime_terminate
B5FD808E69FE01F8,setpropplayerflag
B604FCE0D7EAAC26,SetViewLinkedAngleOffset
B60B0A1561914998,physics_capsulecast
B6111BEEA27EA691,startskiing
B616395DDFBD7861,shouldpainruntostrafereverse
B61D02621FD0A2D8,setplayeradvanceduavarrow
B628F3A02E5332E6,setgravityscale
B6389ED7C58C3A1C,getshieldcurrentenergy
B63E3C462F2E452B,SetPropCameraOffset
B648BC160DC2A62B,setluielemdata
B67782E6E1B4C453,vectortoyaw
B67BF8A76E649311,AddNewInteractionTag
B67DEF3FB7BA8435,randomfloat
B6A0353A84D2938B,getspawnerarray
B6A3FECB01F18167,setphysicaldepthoffield
B6A8A9A45D1A5738,IsSurfaceWaterSwimWeapon
B6AFDE03055AF4C6,castshadows
B6B4E1AB88C19C8A,setyawspeedbyname
B6BEF087ED388677,issilenced
B6BFE3BFB01673D5,isvector
B6CEE937AD0428D1,addweaponammoclip
B6D0425DDB61065C,clearturrettarget
B6E3657B0992FEE2,updateexposedatnodestate
B6F5A8B96AC3F994,asmhaspainstate
B70AC9E03075A74E,setcontrail
B7122F0C6E28A307,getfiretimescale
B72DE6BF16D79F96,AnimScripted_GetTransformAtTime
B73CD91DD5DB66FE,mapfloat
B744B0F8CB76793C,chooseanim_issuppressed
B798B5CAB476BCDC,StopUseAnimTree
B7A8293960F46A04,lerpviewangleclamp
B7B82E7D21A2B326,setproneanimnodes
B7CB4BB80C276C6D,weaponisauto
B7E58EC807B956F6,choosepainanimbyconditions
B7E9F86625349199,vehphys_force
B817056342553271,target_getarray
B82B86A30D32C1A7,botgetbdperformance
B8308C5BE1AE9E56,SetBallPassAllowed
B85067B843FB97CD,setdiffractionparams
B8555486D792873F,stopliveragdoll
B85A52F990EC95EA,StartPathFind
B85EFAAAF4FC6E95,length2dsquared
B86B22E4F34C24EC,botsetdifficulty
B8743B17CA9189D4,PhysicsStopServer
B87481D26EB6FD83,isnoclip
B892C8EDCE6EE0E9,setpupildiameter
B89E905A4F97253F,vehiclecanjump
B8B53BA5A1ACD5C3,AngleLerpQuat
B8BC274F61D073E9,PlayerUnlinkOnJump
B8C64A85961372CB,playsoundtoteam
B8C86AD277C5D2F1,AISpawnDirectorIsRequestIDValid
B8D0D56DE24F8ED7,Skydive_SetDeploymentStatus
B8D549B1770BCD49,vehicle_setspeedimmediate
B8FC2F46E1282E8E,brcirclemoveto
B906DB019ACA9A8C,IsMeatShieldVictim
B9142E9874EC1BE9,setsuncolorandintensityforplayer
B9314593A6B39E7D,clearenemy
B9342FC2FCC98906,aispawndirectorgetclosestlocationspawn
B934EEC0321F1471,updateinfluenceobject
B93A5EA643456F57,hasgrappletargetentity
B93E0028338D4F7A,aibehaviortoken_init
B943A6DEAA36B6C0,detachall
B958C630C5A6A72E,setturretplayerspread
B96D172E7A303DA1,clearpath
B977114AE2BBD815,isincombat
B97AC5B7245D9EE4,startcameratween
B994D10AA8270313,scriptableislootcache
B9AD89FB41344736,codemoverequested
B9B3FB8F813CC373,GetCornerCheckTypeAllowed
B9BF88D2AC127FF9,filteroutplayermarks
B9CBE4C041E6BC11,Physics_VolumeSetActivator
B9D6942ADCFE2799,getdvarxhash
B9E02807788B70AC,stoplocalsound
B9F2D25082351152,hasmeatshieldgrenade
BA0413BDE317F07F,objective_setstate
BA04F68D67EA66AB,CivUseAltWalk
BA08A9B9E24049BB,isthreaded
BA1582400100E1CC,thermaldrawenable
BA29BE362595C4D3,GetSpecialActive
BA419FE161986766,chooseanim_strafearrival_code
BA48CFA27567909E,RefreshCommandInputStaleTime
BA5334B674DFB9D0,setcustomattackanimdist
BA55BCE1D76015C5,GetPlayersAndAIArrayInRadius
BA821A96D0AF754D,isinvisible
BA8B16DA87122FDA,setplayerweighttolight
BA9581D480E05E9D,shoot
BA9CCE90F5487EF8,getrightarc
BA9D68B0B7A16F5B,ClearPotentialThreat
BAD4C2CA593CD136,disableplayeruseforallplayers
BAD8552AFAEB33FD,findtacpointsinvolume
BAE3683B8B39A171,weaponisvalidattachment
BB06ED781FA6CCDE,botwaittime_update
BB22CF581DA23562,getweaponammostock
BB29831046B0183D,enableweaponpickup
BB418A20C52E4988,vehicle_getspeed
BB500B6E8E608EFC,AddComponent
BB68A13849A5EA67,setmoverantilagged
BB923103FFC22F74,getturretconvergencetime
BB96EEB1B100645A,hasloadedcustomizationworldmodels
BB9FA78DF245F7E0,getturrettargetlocalangles
BBAE77B513197B80,objective_setshowprogress
BBD192652D1A9E18,AISpawnDirectorSetFloodFillMaxAliveCount
BBDF7051907F2C0D,drone_hunt_move_terminate
BBE7EBC1ADA5CE34,BotPathExists
BC1431649CB41567,setenemymodel
BC1614CAE226C06E,GetWeaponSlot
BC3720CAA2DE0C20,easebounce
BC5E980CF2ED6DDF,weaponmaxshootdist
BC69725F1B4E735C,zombie_meleeenemy_terminate
BCA7BB81211D4529,getweaponclipmodel
BCBA1A77881C0B70,getsentientlimits
BCBFE6DEF38D5898,SetLightRadius
BCDC5E5E1B329AB4,setentityowner
BD088C5D2AD270F8,clearaiblackboard
BD09B1925B669B50,clearpriorityclienttriggeraudiozone
BD1ED8A9C5AA4D26,spectateClientnum
BD28453DB20720FF,SetViewAngleResistance
BD2DDB7632B7CDB9,getvehicleowner
BD38731A677F1172,setupflee
BD3E29B9B539C8E9,knockback
BD8B063AF7032DA2,lookatplayer
BDAF4B4D45CE0E92,prdquickdrop
BDB033038EDE75BF,screenpostoworldpoint
BDC17D0EECEACDE9,iscoverinvalidagainstenemy
BDD78A61F942FEB7,SetLightBulbRadius
BDDC4B01D91E703E,Physics_VolumeCreate
BDF9852CB3D69EDE,mayhemsetplaybackrate
BDFFE56BC3090265,vehphys_launch
BE0458211844649D,SetVolumeSnapEnabled
BE05DC69FC95D610,terminate_newenemyreaction
BE3CA81961B87558,AssignLeaderOfAiFormation
BE3D67EFD25A33A5,poisestagger
BE4318402C9C1594,GetClosestInboundPoint
BE51496D6C4A5DF1,getplayeruseentity
BE5BEF241F04A296,aiprecalcshouldstartarrival
BE693ACE624E3E07,getbottomarc
BE79A504751C1AE1,SetHeadIconNaturalDistance
BE942762DA93FB19,scriptabledoorhide
BEA567AA23F49B05,objective_setminimapiconsize
BEA7641C10B9C0BB,forcenetfieldhighlod
BEAB44DD408B7BB4,createnavobstaclebyshapeforlayer
BEB43E427A2E263D,SetLocalPlayerProfileData
BEB96B20F4F9FF64,Objective_SetMinimapAlphaFromEntity
BEBD773A38F1F18C,scriptabledoorangle
BEC184A45B40CDBC,disableusability
BEC27D012076BF7B,enemyinlowcovercheck
BECE775663E54D92,botnormalaidisabled
BEEFF8972A0E6DB3,getturretowner
BEF25D9DB2BBFA58,asmtick
BF085CC76F15E71F,setflaggedanimknoballrestart
BF0A36D5DE9DC458,issuppressed
BF18256000B15828,setGameEndTime
BF275E94DACF9279,forcedeploysendnotify
BF2EF1E1AD5590EB,getmindamage
BF3596440617D1AA,getreacquirestate
BF49725FBC36C108,player_getrecoilscale
BF7EA17760ACA8F9,chooseanim_random
BF83E68130D6183D,getposoutsidebadplace
BF8442666113A707,isknockeddown
BF9A019361B1F5A4,setbtgoalheight
BFA62615B456A8C7,aigetiscorneranimating
BFA6FB93CC750DD5,rusher_notargetfound
BFAAF9B43819D218,stopanimscriptsceneevent
BFB4489D1A9961E1,chooseanim_burning
BFC1A05B9953F09A,getnegotiationendpos
BFDAC10796BEAD2C,scriptmoverplane
BFEE7E8581B88C0E,SetMLGDominationPoint
BFFB10951D6B69D3,LeaguePlayApplyLadderDelta
C006E7800B2A0589,allowmelee
C0093AF7054DDB28,objective_contextualicon
C00D97E23604D3B0,drone_hunt_move_init
C066435B5D2462FF,isInBadPlace
C066665C21F14098,lookat
C0749D0056E065DB,getprevarraykey
C0A4DABBFAE4A8B5,AIGetVehicleDoorStateOpen
C0B0E9DE84E8FBC7,cancallreinforcements
C0B173704A4E859F,ClearPrecalculatedAnimAlias
C0C2E4E0B391F58D,AIBudgetMP_GetCategoriesNames
C0C45783D07DF34C,ConstrainToScriptGoalRadius
C0EA482D4BE64428,target_remove
C1008542ADE1F979,hangblendtoedge
C10F30EB098BE2CC,isbuiltinmethod
C116BD42E7E2175C,GetNavSpaceEnt
C12711F98A6B614E,getpointinbounds
C1366F75F1B55F37,GetNodeOffset_Code
C13D387A49514F29,setwaypointedgestyle_secondaryarrow
C14B349706B01C1B,isoffhandgestureweaponreadytothrow
C155BC3D3D18948A,vehicle_isphysveh
C17FD2E68E1B4D2D,SetDroneTurnParams
C18A5EEE4BCE5E44,skydive_deployparachute
C1901E75F3D98AA9,AddDamagePart
C194D3F50B35709A,transition_istimepasttimestamp
C19EFF870CEBFE89,getomnvar
C1A95965DB286AD9,IsInRagdollState
C1BFB212E250538A,SetMotionTrackerVisible
C1C47E356AEA1F73,choosediveanim
C1C4EA1D0F476912,getweaponslistmodelonly
C1D45ED8527CA93E,getvehicleturretavoidplayersdistance
C1E1008D1B31886C,archetypehasstate
C21696E62A2E6998,targetmarkergroupsetentitystate
C21D39B1929F7CB1,VehPhys_AnchorBoat
C21DB2C242F433CF,BotPredictSeePoint
C2208187D51164B3,getmotionangle
C2464AC1C1BC44DE,iftargethasriotshield
C254FD0C87064C8F,scriptabledoorclose
C25FDF0CB25E09B3,SetNodeAllowLookPeek
C2613A20DAE966E3,IsPlaylistVetoVotingType
C263E67F8D9FE588,SetTacticalADSState
C2680C052A8E328C,SetFlaggedAnimKnobLimitedRestart
C27FE17B16235EC0,zombie_shouldrangedattackenemy_update
C28B1028E7B04DB3,pingplayerforplayer
C28D16DA4CCC2E0F,allowprone
C2CF30A1737F4A2F,pushplayer
C30C0E4A0EA5459E,setreactiveslotvalue
C3499B4674F9BF1A,FindBestCoverList
C34D046D55BB419F,GetGrenadeDamageRadius
C36BAB5440BFDDDE,isstanceallowed
C3957B4886753704,calloutmarkerping_getcreatedtime
C39C02DD1B7AAC5F,stopplayermusicexcept
C3AD48F5E79BDAE2,aistealthcleareventoverrideflag
C3AF6E927AD7172F,targetmarkergroupremoveentity
C3C96304553F034E,GetAITypeDefFields
C3EE7B04384B0ED8,getanimname
C3FD96C6AC9B6B9D,GetConfigValue
C402DD944441D2DE,AIBehaviorToken_CooldownToken
C418BBC62BF5558E,scriptabledoorlock
C42B378A4A57CEB7,getscriptablepartcount
C42CA13D3B100D11,setpriorityclienttriggeraudiozone
C4369471555C876D,getvieworigin
C456BEDB87D318C2,lookatplayer_terminate
C46FDD3A1F5097D5,IsMoveSuppressed
C487B57F5A7954C5,thermaldrawdisable
C4A88AA819762836,movingplatformforcescriptcontrol
C4B4977F794F8884,setheadiconenemyimage
C4BA558EEA7AF08F,GetArmorDamageShelfClamp
C4DCF1CF93EE158A,spline_gettotalduration
C4EFDBFAF988B0C5,assignweaponoffhandsecondary
C505198907E0D306,AISpawnDirectorSetPreferredSpawnEnt
C51A13DA85D726A9,aispawndirectorgetfloodfillmaxaicount
C51A7FBCFE4C8F58,TrajectoryCalculateInitialVelocity
C5483365580DBDC8,addtointeraction
C54C914E39AD2B69,getthirdpersoncrosshairoffset
C54FEA69E24B693E,GetScaledYawMove
C567BE82A9099E1F,resetcarryobject
C56C831FAF775B9C,arraycombine
C58395191DD90226,suicide
C598D80EEF0B4166,playkillcamsound
C5A506DC6361ACF6,IsGlobalBattlePassXPScaleActive
C5A78F81FF231618,dointeraction_terminate
C5B1AE4FE23EE569,SetLightShadowSoftnessLow
C5B34251E0B8F992,samplevectorfields
C5C7B7507CB3BFB3,showcinematicletterboxing
C5CB9EE04701C381,sethinttag
C5E1C92848368859,ClearWeaponLoadRequestsForPlayer
C5EBAB44C4611DA6,reacquire_resume
C5F825CBC19FA639,setflaggedanim
C607805E62AD17AF,gettimesincetargetsunreachable
C613CC9550148C41,EnableAnimState
C6260B92A47BF449,shouldpausefornewenemy
C628BEEC842D0A97,setthreatbias
C62BC037B0DD3B43,LoadCustomizationPlayerView
C65DFE6B01088898,SetPowerProgress
C6629BCA3A60E957,setplayerbobaactive
C67C92094AE6CCF7,stopportableradar
C68299B5337693E3,missile_setflightmodetop
C696741B8C495B16,setheadiconimage
C69C568E54AC55BB,AISetMinSniperBurstDelayTime
C6BBEB2D58EFB718,clearclienttriggeraudiozone
C6C06162C8E6AE75,arraycombinekeepkeys
C6E7A1BD45D7AC59,aisetbounds
C6EAAFA5447970FF,Vehicle_IsCar
C7034822BEC42F71,getsticksconfig
C75226E65CDB5D07,SetMeatShieldCanRelease
C754A60B34F131ED,objective_getlocation
C767538247C859CA,lwagentusecover
C789F1D74CC26E16,deleteheadicon
C78FB781FBF94E99,SetVolumeGrappleDisable
C7AE01968233FFCE,createnavobstaclebyboundsforlayer
C7B40B335E0F950E,arrayfindvalues
C7D09DDCA5E6E88B,anyammoforweaponmodes
C7EC8DAB2214B9DD,setcursorhint
C7FA8EC6E5F9702B,EnableAudioPortal
C81F30692EEE4BF7,useturret
C829E80A0BCFF2B3,transformmove
C830B2907604EE04,getpathfixednodecount
C8345AD7D674D07A,callreinforcements_init
C84497E19E255191,enableexecutionvictim
C84E390AE1D5102C,isanimation
C85B5EACE2575499,SpawnScriptItem
C865F1D40DBA73A3,getweaponclassint
C8661270973A8E60,vehicle_applyblueprint
C86CC2F725B5699C,GetHintOnObstructionSetting
C8848463116F57AF,isautosprinting
C88A392097577C43,Objective_SetHideOnObstruction
C89FAA2A409EABD4,zombie_knockdown_terminate
C8B727F2F142ED6F,AnimScriptSetInputParamReplicationStatus
C8C2706E67DE0747,getpointafternegotiation
C8CD51BAA14C4D30,GetDesiredScaledSpeedForPosAlongPath
C8DBEACC32EDE645,getomnvarbits
C8E5A36CD759FB41,setviewkickscale
C8E5DA34533CA403,ThirdPerson_ForceShoulderBashCamera
C8F26DEC346B81F8,vehicleturretcontrolon
C8F2DD7DCD2CC37F,getnormalizedanimtime
C907E7918BBB4606,target_startreticlelockon
C9208E95E58A2A3D,SetPowerAmmo
C93D36BFC11B89DF,pausepath
C949F46C364464A8,playermounttype
C95EA4BD6B949C23,choosepainanim_covercrouch
C96735B095FC54B4,MarkPlayerCompassOriginToAllClients
C97F0BAA8BA1CCC6,Objective_SetForegroundIcon
C99E4C467F6F826F,target_setAttackMode
C9A703233BCCF46C,getmotionangle3d
C9C159A5EC30375C,ismovingonascender
C9E9F31A566AA90A,createthreatbiasgroup
C9F10019B1433A78,dosquadbehavior
C9F7C4D2A30BB797,getrequiredattachments
C9FC84318A3E39A1,iscurrentenemyvalid
CA08CE40900187E6,motionblurhqdisable
CA114F22DE75C908,asmsetstate
CA1904A5DD87FD53,getweaponswitchingto
CA1CC2938B2B4271,Objective_EnableTriggerOnMinimap
CA30BE9F04600A82,Objective_DisableTriggerOnMinimap
CA357AC097EAC131,target_clearreticlelockon
CA51D7AD16E76269,savegame
CA53D1EA9A094775,aispawndirectorclearplayersquad
CA5B467FC63E424A,SetJumpFollowerStatus
CA5D26D0A4B51858,Objective_SetScreenOffsetY
CA6D088D56FF4993,setalternatemode
CA78AF7616AA45AB,linkto
CA8BBEE41E1719A9,setturretteam
CA90C530DDA99A02,GetCSplinePointLabel
CA946F20ADA846D4,arraydifference
CAAC29D8E42951FB,SetPlayerAscenderRaiseAnim
CAAF4DC13B656242,GetXModelBoundsMidpoint
CAB040FE4549A850,shouldgrappleexitvehicle
CAB65A43BAE2DF33,GetZoneNodeForZoneIndex
CAB70747169A67F1,skydive_interrupt
CACDDCBF1E88CDEC,getorigin
CAF8888068CCDD2A,combineanglesinverted
CB0500CE4E3A2B70,CancelGrenadeArcDraw
CB0C0AFEEBEED635,playrumblelooponentity
CB0D368FA87A2B78,botclearscriptgoal
CB0D36A41074ADDB,GetGUID
CB24D8F5B0091BF8,addclienttoheadiconmask
CB35081D3EAC4337,RemoveEntityEventListener
CB499B80CA6CFC47,movetovehicle
CB4E806CB337836F,settoparc
CB51238D01A4B9E9,BlowUpTire
CB51F1DAD47742ED,isplayerweightlight
CB5FBB1F5EE5BEB0,setpropentity
CB8DF376B3E57420,frontendsceneupdateactiveplayerdata
CB8EB68F3CF12D3C,setaimstate
CB9640AA0DBF3A74,vehicle_getCanBoost
CB9AAE716C27F503,forcethirdpersonwhenspectating
CBC7A1C20227AF29,AISpawnDirectorProcessDynamicData
CBCABC88D34292EF,AIInitVehicleDoorState
CBCBF7B6CDD6B8B7,leagueplaybeginmatch
CBCCA5F2A3CA454A,getplayerprogression
CBD6E7716F0CEFA5,setusepriority
CBDA1E7BF1EE76A3,getammocount
CBDF4AC5EBBEBEC0,setcodcaster
CBE4C099169B3C5C,getistouchingentities
CBEA89BE1A14E2CB,setdetonatorenabled
CBEB80A2CE7A81DF,GetMuzzleSideOffsetPos
CC061924596F95A3,beginatakequipped
CC1A60E664265BB3,LinkToPlayerView
CC21B2BBDC7772F0,target_set
CC3104FBC8530BD8,setturretscanspeedscalar
CC46803C7FB4EA84,isplayershouldercharging
CC6D8E547793427A,WeaponGetStepDamageRangeDistances
CC7FDCB43A803DD9,getleftarc
CC81B4113086CD32,startac130
CC85BDF1FDE23F1B,motionwarpwithanim
CCAE604510E3D8AC,aibehaviortoken_query
CCB49ECD414A562A,setlookatpos
CCB66DF954071AE7,playerhide
CCBC9302B48B024E,rotatevelocity
CCBE70925FB2C444,TrajectoryCalculateMinimumVelocity
CCC4F538C25731E2,GetLightFovCollimation
CCD2DB7743C9759C,getinfluencedistanceatposition
CCEAEBCE9694F8A8,getnodeleanaimpitchoffset
CCEF24D09B411AFA,setplayersilentkill
CCF7EAAE4AF540D9,zombie_movetoenemywithindist_update
CD00C7EF86CFC2F5,disableinvulnerability
CD03020D3996C818,setclientdvar
CD13A7D9389FC669,IsAutoGrabWeaponsIfEmptySlotEnabled
CD4110611D2AC42A,shouldupdateexposedidleanim
CD433EA66275C856,ZeroGrav
CD4E36C96335B50C,ispathdirect
CD544E0986D17334,safeteleport
CD914FDBF4BD0FFB,getanimlength
CDAD98D7F15AFF10,isininvestigate
CDBCA598B04B425B,GetActiveXCam
CDC2E9355247A2A1,findpath3d
CDC669DBC8EA2101,arrayrekey
CDC84F434AC492D9,hidepartandchildren_allinstances
CDCB7106F20EAC70,zombie_movewander_terminate
CDD2EFF6BD3DB2C1,aigetdesiredspeed
CDDA485E021AA1A4,getplayerclientnum
CDDAC612DFDBF3F2,getposonpath
CDEDF99D435FD6B0,getaitypenames
CE1DC5DF01C87513,isShooting
CE21F4102D5D17F6,SetMoverTransientAvatar
CE522B443E1A6056,SetMaxREVRPM
CE54C9E9EB6E5DBE,setlensprofiledistort
CE671EB591621BA6,getjuggdefaultmusicenabled
CEB009F1387928FA,activatepotganimevent
CEB954994E3B72FF,string
CEBC740971454534,getgestureanimlength
CED0CB60F8A65DB4,IsArmorPlateApplyAllAvailableEnabled
CEDF61B0DFAFFB1E,requestrunadvanceontarget
CEFB887833DE06B7,setupdooropen
CF03664D60BA97A7,remotecontrolturret
CF1241C266463447,getdvar
CF126898DF7F747E,setturretmodechangewait
CF2CE63CB86E3F29,ClearEntitySoundBlendFutzOverride
CF3B88BAA5A200EA,LogStatMatchGUID
CF3BF3F907E806D2,weaponispreferreddrop
CF3C821CA9E94761,getcandamage
CF47C04B810CD4F7,getentityarrayinareaswap
CF4F7340C6EFC863,resetglass
CF605887ED29BE9C,GetCasualKillerNewEnemyReactionTime
CF627E910F9A27A4,SetAiFormationTargetRadius
CF6E36B738D0B077,NavTrace3D
CF75760216078B47,drone_idle_init
CF7D0C6AA2D8AAB1,getairburststate
CF98A32F2BCFC7DD,allowreloadwhenclipfull
CFB41015962E8D0C,sqrt
CFC82469CC424810,HWConfiguratorLerpClientAsset
CFDAE880C294A12E,setcanusecover
CFE33B72F3A07B83,PlayRumbleLoopOnPositionForClient
CFE7B37EC74E086C,vectorlerp
CFEBF1A31085D52B,isstruct
CFF8A8C6926FED5D,zombie_movetopileup_terminate
D034462AA1C0EA89,drone_investigate_move_update
D04BDFE5EC68610B,isnavmeshloaded
D06F792369620E8D,nodetoentitysighttest
D08B75B6D9763296,Objective_ClearParentObjective
D0975DC701681915,clearhudtutorialmessage
D09A0F3679B22C52,ClearWalkAndTalkConversation
D0AD972AE4AC8352,stopsounds
D0CAD0A99E09E08F,shouldpainrunfaceplayer
D104417851D6BFB6,setscanspeedscalar
D115D9398073878D,iscoverwall
D13850FA31AA1875,cleartargetyaw
D140607EC2E5BDDF,dlog_recordplayerevent
D140EE369DB7A1C6,physics_shapecast
D143FF6924ADC05F,setturretdisabledfiring
D146515BE59E544C,SetAIShootStyleOverrideForDistance
D16A5D9E693FBE1A,SetEmotionAnimType
D18C9E6954C94F23,sethintlootindex
D19C616A0724E0A1,SetCorpseFalling
D19C98808093B502,AISetSniperAccuracy
D1B35A6C7B46FFCD,UpdateMLGAmmoInfo
D1C18EF325D6C73C,forcehelmetwhenspectating
D1CC549D9902A8B1,isragdoll
D1DE9ABCDB537A1F,getmuzzlepos
D1E0A24160ADB65F,getattachmentsubcategory
D1F5683BC057754E,WeaponGetMaxImpaledCharacters
D212ACDCD306119C,GetDvarValue
D21FAF3AA46750F5,setadsphysicaldepthoffield
D221C7E6B8013C13,ceil
D2652CAC900CB980,getinkillcam
D275DBC5CDDAA6F0,SetCornerCheckAutoDecelerateAllowed
D279AC0195DCA2AB,btgoalvalid
D294B125D0714FED,prefireturret
D297DFA6D116274F,modelexists
D2AAF46AF6F013AB,IsAutoPickUpArmorSatchelEnabled
D2B8EE2E1275DAAF,VehPhys_SetNoclip
D2BB195EFA939EA6,interactioncleargoalpos
D2C8CA5AEF32FDAA,TableExists
D2E61510E823401B,getcurrentprimaryweapon
D2F8A57519E83A5C,setoffhandsecondaryclass
D2F9F0194FFEC5FC,getentityspawncallstack
D2FB105F172C1333,setheadiconuimemberindex
D306C99284BE4142,ishighpriorityweapon
D3141CD74EE3581A,enableturretdismount
D31BE6BFA66004DA,startcoverarrival
D31D7ED453D514C8,ClearUInt64Bit
D3244B9694ABBD57,setflashbanged
D33F602FF6CE5B03,choosetransitiontoexposedanim
D347818D09951231,startragdoll
D34826FC19390CFE,AnimScripted_AnalyzeCollision
D34E072914699632,getstanceblocked
D35B7B585D7FC266,MarkAllPlayerCompassOriginsToClient
D35DE91A14FA01E8,setheadiconowner
D377F08BA081C942,getturretplayerspread
D38D384F0155B9F4,log
D396E3986BACE4EE,AIBudgetMP_GetDormantsInCategory
D39E285511C2F984,getmid3damage
D3A6978C083F50A4,isladdermoving
D3A8F1B930B2AB57,GetGlassArray
D3B30092CFAC20F4,isusingturret
D3B86B024FD7A27C,BotTacPointPick
D3B9062B19A5A613,forcemeatshieldexecution
D3BA3AF6BBA8AF7D,overrideinteractionsearchheight
D3C4772C9876759C,turretisoverheatdisabled
D3E0D9364E4846B8,CalloutMarkerPing_GetLootID
D3E751B3B5BFD732,withoutserial
D3F8FD78E3CCB01F,painvisionoff
D408375F234D67F1,setsoundsubmix
D40E36D7DA436498,rcplane_settopspeed
D41EAB393E8F9D61,cleartargetentity
D4289EB9B5B93EB3,setnonstick
D433993DC5131A02,setvehammoinclip
D437D5A70F28655B,targetmarkergroupgetextrastate
D4623C519F8B97F5,IsArmorPlateAutoApplyEnabled
D4813FA37C19D595,setanimrate
D486A7FF96311535,Objective_SetPlayerCreated
D48B9796F28AA05F,startforcedfire
D4AB4827E93ED978,drone_idle_update
D4AE9DC77D0F0DA9,getactivegamemodexpscale
D4B37BE81FE8ABBF,MagazineDropClipOnReload
D4C5523A3A80A15A,botinitconstants
D4CFFE93F1BCB189,GetCSplinePointCorridorDims
D4DA00C745E88C18,getglobalescalation
D4E6E753326686AD,findpathcustom
D4F9351D324A4D29,GetLocalPlayerProfileData
D4FD99AEAFC9CB19,setcalloutcharacter
D505F743C28F3545,setcapasm
D51CA5709183C041,AISetVehicleDoorStateOpen
D51EEB25D8A70BB1,GetLastPathPointWithinGoal
D52D94097AACE75B,objective_addclienttomask
D532DD345F1A5B4B,clearhighpriorityweapon
D5572DF8A8B36612,setattackerdistance
D55EE66C1CD85EE2,Physics_VolumeAffectMissiles
D5818DECD5BA4B00,getnavposition
D5CE995001328296,adsbuttonpressed
D5DC5A71DCE958BE,playerlinkedsetusebaseangleforviewclamp
D5DD650FD35CEAFB,IsInNegotiationState
D5E40E88A4AC1386,ZombieCheckProjectileTrajectory
D5E94F964770454D,sprayevent
D61A49ED7F3A4D23,objective_setpings
D639109AE86592E2,SetAnimLimitedRestart
D63FE6A4C08BA6F5,getplayersincylinder
D63FF868D2B88CFB,squared
D642494F42AAC3CA,arrayinsert
D64A0FA86C9F62B3,issplitscreenplayerprimary
D6792B40EF13825F,getplayernetworkping
D67B4246B5FA5DC6,setacceleration
D68A061580D864B6,RemoveInteractionTag
D6A3A5D0C1B04597,chooselongdeathdeathanim
D6A7B7EF13A57F38,hidescriptablefromplayer
D6B2F057D015CEC1,zombie_isattackpointclosesthumannavmeshreachable
D6CDB29E72D3AC5F,spawnturret
D6ECF7204EAD8427,SetCanJoinLKPSquad
D6F1F9BBEBDF41A2,setneargoalnotifydist
D7331CD5562C928E,clientreleasetrigger
D73CF210CEDA92AC,CanResetTacticalADS
D75CE563894A118B,weaponlockstart
D79646D3876AC6C7,setshowcontrail
D79865F6334EE321,GetNodeAimYawOffset
D7B93393E5E703B2,resetcustomturnrate
D7B97956AF63F752,getentityweapons
D7CEAB7545F0AABE,BlendLinkToPlayerViewMotion
D7D6915942FA25CF,knockdowntoprone
D7EAEC12FE0DD6A1,isautograbweaponsenabled
D7F4F12FB2C20FAC,physics_getentitydynamicmass
D81A65611F6E91F8,asmevalpaintransition
D81BE4E116A14351,remotecamerasoundscapeon
D84882CC619A02D4,SetPlayerInEnemyJammer
D87D097D8A13E330,DisconnectNodePair
D87D2A9911934C77,GetNonStick
D87D52401E0F68C2,enableplayermarks
D894DE1A65E65A48,clearoffhandspecial
D896885E5225191D,AIGetLastLethalGrenadeThrowTime
D8978A2A5C9699C4,isxb3player
D8A8C316C2436B4B,loadoperatorcustomization
D8BF95C0FD92B626,zombie_isenemywithinmeleerange_update
D8E6FE9E857EFC08,nightvisionviewon
D9033E72A0C972AB,isplayerusingspykit
D9183A4DA5468267,clearmusicstate
D927C319D51F5BAF,setbattlechatterflag
D92F27D85136E512,ScaleEntitySoundSubmix
D933D0AEDD3C1256,objective_unpinforteam
D93DC0E30142BC0A,FrontEndScenePausePlayerControl
D948F8BD0DB756D0,getXuidHigh
D94AAD2CBEDBDFC3,CalcCSplineCorridor
D9677314B2B32D34,AISetPlayerMinSniperBurstDelayTime
D9799FBAEBA5F35A,enablehealthshield
D9BFC24ECBBF2B24,ScriptMoverOutline
D9C41783A16C116F,isautouselootenabled
D9F061188AD7D440,NavIsTacPointReachable
DA08F5660FDD84A1,getconfigvaluebyconfigkey
DA16955E4D70733F,SetLookAtBoneWeightsOverride
DA26E38F24F90F2F,AISpawnDirectorGetEncounterAICount
DA31F505273C1D71,getvelocity
DA3BDBE814B866EA,CalloutMarkerPing_Private_DeleteForScriptable
DA4DAE900D3A0972,showvehicledamageindicators
DA61CF78CA344734,LeaguePlayGetTop250Placement
DABB2CA682780CDC,objective_setownerteam
DABCD951EC63264E,EdgeQueryIsPointNearAscender
DABF98356D840A64,getnodeforwardangles3d
DAC5A0EB14EE3CB9,vehicleshouldturntoenemy
DAC6A6386B120A85,playerlinktoblend
DACAB85C937113EC,getturretscanpausetime
DB0AF26426FB2B7D,hidevehicledamageindicators
DB2B6092D519E001,isvalidcustomization
DB3C4E3F2727B55B,getsightconfigtemplateoverride
DB3C7751F712A103,getattachignorecollision
DB42E2F3851E22EB,modelhastag
DB481D524B87D7EB,vehphys_isgroundvehicle
DB587FF245DCA98E,reacquireclear
DB5BC8A0800427EC,stopmeatshield
DB64D0194AF3E439,SetClientWeaponInfo
DB65FF68532C64CF,botsetpersonality
DB7C34BE87ACBB42,gethighestnodestance
DB97A9BA538A65D3,dontcastshadows
DBB6F7ADBAEB1040,setclientgender
DBBD65946EFE93B4,setnextmodelfromalias
DBC6B42586432647,ScaleSoundSubmix
DBDB45AE04D252B6,teleportentity
DBDC6CC441CF4FC4,disableexecutionvictim
DBE29C75FDEA0051,target_drawsquare
DC09FE1814A1DF2A,getsecondarytargets
DC3D6F0E95F3E0BA,anglestoleft
DC3EF2D20CA8422B,getlightfovinner
DC470469167281B0,AnimScriptExitParachuteState
DC50AF44405C4BC9,requestcovernode
DC5239F8F8F06225,vehicle_clearportableradar
DC5B2C2533B97D7F,GetCSplineId
DC61B81EC6B63CC4,setnograpple
DC687AC632F02272,enableturretscan
DC6D1931148169ED,CinematicsApplyTimeOffsetOnClients
DC7F1DA5622BF85D,getcurrentusereloadconfig
DCA9B0E67C6372DD,setclienttriggeraudiozone
DCAA0F812DB5FC7D,allowjog
DCC93329A7D5ED23,cancelgrapple
DCCEDC2A7BDA3299,AISpawnDirectorAddDynamicInteraction
DCE61EE02351D0E2,getfortressprops
DCF11ACCB68F4D0A,GetMapInfoAssetNamesForGameMode
DD0A94BFAE13686D,conversationpause
DD1F4889C422B4F1,setignoremegroup
DD258A3DA9A2B4A1,SetCorpseCanRemoveTimer
DD2719F96C62CEE9,callreinforcements_update
DD31EBE361CA1538,arrayremovenotalivekeepkeys
DD3B2DE3B28EA995,SetBTGoalVolume
DD49C6109EF8CC93,getattachmodelname
DD49E16362D4FBDD,worldpointtoscreenpos
DDB6768BF418AAA6,FindLastPointOnPathWithinVolume
DDC730B3ECD86042,Objective_SetMarked
DDE2D0D487F3B5D3,weaponlockfinalize
DDEB045725C4E617,chooseanim_grappled
DDF25D6E639A4468,sethintdisplayrange
DDF7CE47CF111DBD,botclearlookatpoint
DE02167CF0A369E1,disableturretdismount
DE08222D440A002C,aisetperk
DE09DDE74591FCC4,IsEnemyAware
DE0EC7F52C8250BD,aimagicgrenademanual
DE1210B4A704F790,anyentityhasmark
DE1A2B1BAF91078A,showheadicontoplayersinmask
DE284A0228A3400E,randomint
DE3308F8F8188C85,isreloading
DE3DD3D9DB338EC6,rusher_returntodefense
DE4866729F37F5D2,setclientcharactervisible
DE589774876DC0F6,hideheadiconfromplayersinmask
DE59629178892F18,disablephysicaldepthoffieldscripting
DE5C6E908421595D,hasomnvar
DE7788E44E24A2C9,setturretscriptcontrolled
DE833AA04CB46C43,getdvarfloat
DE88DA88056134CE,zombieplayleapintroanim
DE8D60E46DE9DDDF,weaponisimpaling
DEA965D4F90C833A,isUsingRemoteTurret
DECB653C5689E4CA,GetXModelBoundsHalfSize
DECEC93AD1A9456E,getXuidLow
DED143F7DC802A80,advanceontarget_init
DEF8CCFCDB80D35D,isincoverprone
DF01D8CF3A161F13,vehicle_turnengineon
DF28B29745A5D2F9,createnavbadplacebybounds
DF63E3C9842E8497,ischaracterasset
DF701883D0C331E3,GetRandomBCSoundAliasesList
DF7F0F91C21DC096,getnodehideyawoffset
DF84C23B1E53FF82,VehPhys_SetKeyframeTransform
DF87E73BCEB9FAD2,stopshellshock
DFB86502A36A7F2F,TrajectoryEstimateDesiredInAirTime
DFBD98EBF88D8B61,disablebreaching
DFD37F9B04E9D5A4,removeinteractionsearchradius
DFF4153F7E1868C9,clearbtgoal_update
E00F522B371CD46D,TurretSetBarrelSpinEnabled
E01CF4F8DC4D9DC8,setaimassistdisabled
E02978580DEB4430,sethintoffset
E033AD2A8C4F285F,vehicleClearAnims
E038053365ACB66A,getplaylistweaponxpscale
E03B52EB41AA9E51,asmgetstatetransitioningfrom
E042B035924DEB06,isparachuting
E04F06ED63A4D7C7,scaleovertime
E0574B99A7ACEA79,QuestCircleResetFade
E059045208CFAEE9,botwaittime_init
E07378E7A17DE171,islaststandinvulnerable
E07BAAE1CF526A03,isxhashdvar
E07BC19B8A0FFF33,endatakequipped
E084F9801BCFAB99,enableusability
E08AF7C0301EA7DB,GetGrenadeThrowOffset
E08FD44C519B6EEB,calcscriptablepayloadascenderscale
E0A56C05DAAF1F25,setpitchorient
E0A5CFF8BFB64E89,ispointinvolume
E0B4C9FFF8058223,Objective_GetProximityRevealEnabled
E0BCC766AC74EF0B,allowswimmingunderwater
E0EC7BE2258A54CC,soundgetintensity
E0FDABBC38D26482,gethighestthreatsightplayer
E105A0EFDEA095AE,Physics_AABBQuery
E1197B29FB821650,isturretrotating
E1330E7CBFAF14E5,enableMissedBulletClientOnly
E13598B59EF60D4B,setlookatentity
E154A53B19A9AAB7,playeradsnotreloading
E15EED5DDEE1A4BE,ismlgfreecamenabled
E1898F4F5AA170A9,weaponvictimheadshotdeathsound
E19C082F6D87B115,EnableSlowAim
E19CCF4DA1A61BA7,PredictStreamPosWithAutoTimeout
E1BABD392393239D,getshootpos
E1E31E6513E72097,hidepart
E1FD1567E23D7454,objective_setshowtimer
E203BBA36CFB19D0,enablescriptableplayeruseforall
E231563F612F89F7,AISpawnDirectorOutOfBoundsInit
E26A84A793D59538,GetClosestDoorwayNode
E277518068267B6C,setkillcamentisturret
E28EE52AEBD8B962,VehPhys_SetThrottleTargetSpeed
E2939BFA2E5A9527,GetMatchmakerCurrentLobbySize
E2952BB17F46A796,SetAgentAsBoss
E2B0EC1521A5C4DA,setlaststandselfreviving
E2C9F0614AC0FEAE,isbasejumpavailable
E2E5FFA12AFEFDF6,SetMissileImpactMinimapIcon
E30DB38A958FBA25,SetNoJIPTime
E318B510BD46791B,tokenclear
E335F46AD73FB53F,areanynavvolumesloaded
E338113F9BE8939E,getweaponreloadtime
E34292D2348E79D8,enableoffhandweapons
E3641FEBB177D776,endlocationselection
E38E9678844C5AA5,target_setminsize
E3A199D78607605E,reacquire_step_init
E3B3CC459CC1F25B,getcurrentweapon
E3B5055F7AF99793,objective_geticon
E3BD2207E31C8C6A,zombie_movetoinvestigate_init
E3C14ADAC1179608,ClearDamageIndicators
E3D7CD3167BDCDEF,setlwagentincombat
E3DF59ACFE4D1418,GetWheelSurface
E3FCDE595DA2CA5F,forceusescriptable
E3FF38681C0F262A,isnode
E406C4F6F75968C9,choosedirectionalfullpainanim_exposedstand
E409293BA920E252,weaponvictimmeleedeathsoundplayer
E4203CF1BF414650,setheadiconsize
E4214E6CCB90B5AC,stopclientexploder
E4248BB249A8A2EF,arrayreverse
E42BFF8D49573355,IsGlassDestroyed
E44C4B30D4BE97F6,itemweaponsetlootitem
E450EE879D140601,GetAdjustedExitDirection
E45B1E2106A2E439,aisetlastlethalgrenadethrowtime
E45C9CCB86DDF5A2,scalepitch
E466E51D78D60B24,settargetent
E46A5D842BA448EF,findtacpointsinradiusspaced
E46C3145A894ABA3,AIBudgetMP_GetNumAgentsAndDormantsInPOICategory
E4850F7996D65F64,stealth_clearreaction
E486FBDCE5C2CB97,Objective_SetPinnedProgressBarText
E489EDFD0BD27C05,magicbullet
E4A314EAD67FFB55,forcecalcaimangles
E4A5269876F92DCF,shootturret
E4AD31E3995533AE,isplayerweightheavy
E4C70DF6DDFF5C2D,Vehicle_GetControlMode
E4D513A3431C7854,setplayerpersonalweapons
E4E11CBE904E34F5,IsXPScaleCapEnabled
E4E1818321F5F3DA,LinkWaypointToTargetWithOffset
E4F66B83C155C102,ScriptableDoorIsPeekDisabled
E4F755335EF1EFCB,showtargetmarkergrouptoplayersinmask
E50A4C015224C4EB,getroofexitposition
E51B38B47B6BC5AE,setmusicstate
E51CF96E212075A5,chooseanim
E53E9107CB055DE3,dropweapon
E54463D3A022E8CB,isthirdpersoncamvehicle
E553FC78B623EB5F,Objective_GetMiniIconZoom
E5730C3487FE2940,setheadicontint
E57B5D1ACF5F26F1,setvehweapon
E5AA367AE9C7BD70,setcoverselectionfocusent
E5AB5088CC09B666,setplayerscoutinvisible
E5B0339883B15401,forcesinglefire
E5B799DDDE9D6E47,SetCornerCheckBehaviorSpecName
E5CF4A49FFC3E120,navtrace
E5E01501F475D845,SetFlaggedAnimKnobLimited
E5E0CCAC34247797,HasEnemyBeenSeen
E5EA22FEEA936E1A,scriptabledoorisowned
E5F6D22597762F98,allowslide
E5F83BF33CA29242,ShouldPatrolReact
E5FFF09457A75C37,getvehicleturretsticker
E6000B6973B8DAB7,getLobbyID
E6041D36D91CE843,setadditionalstreamposuntilcleared
E60C1AFBAEB54DA6,ismlgaerialcamenabled
E62B5221CA91CD3B,isnondeletable
E646F7290A4FE809,getweaponammodisplayname
E65A2F152A6B9C20,assert
E666C0966D09C210,setplayerspread
E66964C66B106436,getnodeyawoffset
E678A204C480AD6D,remotecamerasoundscapeoff
E67FCAC592358B7B,dropweaponnovelocity
E6870D40AEA48827,leavevehicle
E68B3EAB6410BCBF,isclosestreachablepointtoenemywithindist_update
E6AE8FC8B97FBC27,setlookattext
E6B922A34162EDC2,randomfloatrange
E6D4D745C30EC95B,reacquire_step
E6E5958407370DC4,asmfireephemeralevent
E6EA1AF08F14AF51,IsWalking
E6F29757FEA7A208,distance2dsquared
E7100CDB7D8C590E,SetAnimTreeFromAnimSet
E721A28BC91A80D6,asmeventfiredwithin
E73CFDD8DD21882D,ScriptableDoorOpen
E74264C77762394B,isturretinoperable
E74B28DB80881244,getxhashsourcename
E74EDF669E1DDCEB,SetUInt64Bit
E752DEFB274A1C23,SetAdditionalStreamLoadDist
E754FD23EB9C4B7C,setmovespeedscale
E7561FBBA4F30D67,allowspectateallteams
E75A7BDABF12019B,weaponusesenergybullets
E76D5B54DAD1A42D,GetCSplinePointTarget
E7777181BF5E901B,setplayerastopplayer
E77B6690545570D2,getgroundnormal
E79AD5F5FB225E7C,Objective_SetTacmapVisibility
E7A0392F78729955,enemyinlowcover_terminate
E7B0C0C56217A9D5,stopandengage_terminate
E7B6029898FA8C51,choosecrawllongdeathanims
E7BBA780254DA962,setvehiclecamo
E7DD6442AA6D8B80,chooseanim_exposedcrouch
E7E25C06B8CFCE7B,getvehicleturretmaxrange
E7F164CD46A07420,AIStealthSetCurrentHandledEvent
E7F9484DA4B873AC,reload
E803EA48832D3652,isturretactive
E8064DD7FED363F5,getfactiondisposition
E8071B44904933B7,setvalue
E82A5C37846D0C52,vectordot2
E860F2074F941BC0,coverexpose_update
E8653D9A87FEA503,setplayeradvanceduavhidden
E86BC6DCE8D00217,entervehicle
E8726D980FA12944,visiblenotsolid
E87E88BC27C020B3,objective_setzoffset
E885C7BB61B04474,cqbpointofinterestupdated
E88E05A24B0F3EC0,SetFlaggedAnimLimitedRestart
E8E020C80D8F741F,setmlgselectedcameraicon
E8E2F0130161930F,HasPlayerData
E8EC19E4F9654A4C,asmgetfacialstate
E8EF06466922A859,SetKillcamEntSticksToLookAtEnt
E8F0149D8D8E76DE,UpdateSwimBreathState
E901142F713CB803,getweaponslist
E9156E1CFE45ABFC,disconnectnode
E9158A09F6AC87B0,NudgePlayerMusicState
E92674E28FC72534,objective_setfadedisabled
E932F2AA37F3247D,AISpawnDirectorCheckZoneTag
E95B686829B831ED,setlightcolor
E96893CCDA7E3898,ShouldBeInLMGCover
E985265531A62D3C,TrajectoryCalculateExitAngle
E98FF5328E142FAA,weaponvictimdeathsoundplayer
E99F687085EF0A95,clearpredictedstreampos
E9A15BCED81432C9,UnmarkPlayerCompassOriginToAllClients
E9BA6DCB70DE642D,getanimassettype
E9BE81B0FC6E1041,isdualwielding
E9C7C74EF3113E43,showshadow
E9CC3962D77FCD7D,objective_addalltomask
E9F7073565AE6E49,botresetattackerdata
EA023E456339D630,removeinteractionsearchorigin
EA03A0ECCCC133DE,IsGestureLooped
EA09123B6D966DAA,zombie_movetoenemywithinmeleerange_update
EA1530E8878E997E,Objective_SetIsOptional
EA1C30D42BD9C659,AIGetNumGrenadesInProgressVsPlayer
EA447FF111C363C2,disableweaponpickup
EA456A23D24B86F9,clearoffhandsecondary
EA45C5113233340A,getxcamposition
EA53F26977DFB05A,setturretburstroundmin
EA572AB73D87A720,getshieldblastprotection
EA67BC1670A60147,vehiclehasanim
EA76DC697805C7B0,setturretburstroundmax
EA7DBBDC2BDE24C8,GetLobbySquadIndex
EA9EEBC080D4235D,getturrettarget
EAA231E9CB3A1458,GetGlassOrigin
EAA6ABE6017B549D,playerenabletriggers
EAB6A1EF4C367E4B,aispawndirectorgetsavedagentindex
EAC092BC49B2BE4D,activeExecutionIsMeleeTakedown
EAC420680F26673B,cleargoalentity
EACE7299F07C66C1,playergetzoomfov
EB00542899B022BF,SetIsInGunship
EB0E3C561102033C,getlinkedchildren
EB2556DF05FC8235,vehicleplayanim
EB437FA9D3F6A423,requestfireweapon
EB4429EB389B3C4A,pausefornewenemy_terminate
EB443E0F012A8511,IsAutoPickUpTacticalEnabled
EB4A44D16D2ADF9B,chooseanim_weaponclassprepended
EB58721AB7DBFD8F,setspawnerteam
EB791B05B58AD6EC,addweatherdynamicmask
EB84B89809F9463B,WeaponVictimDeathSound
EB88C4E66EDBC855,SetConfigValueByComponentKeyName
EB926B58A84EA6FB,playanim_strafestart_notehandler
EBD71B44B1839E3A,calloutmarkerping_private_delete
EC04263FA4F47F78,setforcereveal
EC0913BDE21D8CE1,GetClientType
EC095C4067F1EDBA,maketurretoperable
EC0F1A236143B982,NotifyOnPlayerUpdate
EC18379D05690ABF,allownightvisiontoggle
EC230BD50BDBA27C,SetPlayerForceQueuedSlide
EC2CCB9242D33EA9,zombie_investigate_updateeveryframe
EC3C9DC9F908B664,VehPhys_BlendLinearStop
EC3F14E333085DBF,cancelmantle
EC4D076040701130,aisetanimknobrestart
EC4F6755740A4205,playmayhem
EC6410816DC113FC,vehicleidle_init
EC90E5AB74CD9EE0,Vehicle_GetCompConfigKeyArrayNames
EC9291BB5B9A57C3,vehicle_setspeedcontextual
ECA0162064733E98,AIBudgetMP_DoesPOIContainCategory
ECA1BC6CF38A0669,AnimScripted_ArePredictedAnimationsSet
ECAE7F12B2A3D705,isenemyvisiblefromexposed
ECD277935DC4225F,enableplayerbreathsystem
ECD2F14BBBEA51AE,SetPlayerCompassOriginsToClient
ECDCFAEEF749B2A4,GetWindForceAtPos
ECEEF703BE8D89C3,SetAdditionalStreamPosWithAutoTimeout
ECFB16A0C8384DE3,asmcurrentstatehasflag
ED1058CD4BC1C1A3,physics_setbodycenterofmassnormal
ED18A63291AD5BC0,GetProjectName
ED18C0A8C046F4A9,setscriptablemask
ED24309EC468327D,getgametypeattachment
ED24C261136E3033,isswimming
ED28580B8FD6B4A8,getoffhandprimaryclass
ED43D0F767C7F26B,getgrappletargetposition
ED8238AD2859574F,GetLightShadowNearPlaneBias
ED97BEA701E4161A,MakeVehicleSolidSphere
EDC739D578E6F79B,painvisionon
EDC98FA7C1061E87,getcamerathirdperson
EDCB5D0610E69DC5,setlightshadowsoftnesshigh
EDD2EEF844684E76,showmayhem
EDDED489F1B8F29E,setscriptableuselargerbounds
EDF0686124B08329,setbtgoalradius
EDF2DC54CCEB2085,markforeyeson
EDF9809B831E4CFF,getplayermarks
EE0165A8D4B68DBF,setcorpsemodel
EE023AA649F3DE46,autospotoverlayon
EE1C16D57DB89F98,setplayerassistedtargeting
EE4D1E1F0D867E1C,hideviewmodel
EE5F6B0ABF40A6D5,soundislooping
EE8085025885838B,isagent
EE8D3BD191C6979B,makeFakeAI
EE934FC72A9EFD11,isnightvisionon
EEB44E7E1581A907,ContainsInteractionTag
EEB8B3FF6212643B,setdeffile
EEB8E24B192849AC,objective_setdescription
EEC24C38A4E4F923,objective_setrotateonminimap
EEC9FE6E894070F3,setlwagentonvehicle
EEE61178C299A21A,vehicle_getbodyvelocity
EEF5F2CB8EB03F3D,endlobby
EF091E7F0E4F2619,setscriptedmount
EF0E0A826EB3F388,setdefaultaimlimits
EF13330991DB30E8,exitprone
EF2934519DB9043B,ResetScriptableReservedDynents
EF43E97F91F2635C,covershouldexposenoenemy
EF43FD0A946E1594,getscriptableisrootpartinusablestate
EF57F478F96B050C,AISpawnDirectorEnableSpawnRequest
EF5B600468B2398B,SetLeastUsedCharacterModelFromArray
EF8AF48D79D46963,IsDefaultFollowJumpLeader
EF8B718949835548,animhasnotetrack
EF9E67032C9FC86E,botpursuingscriptgoal
EFA6F9F9AB8D2157,ScriptableJoinInteractionById
EFADBA251A9B3E7A,linktoplayerviewignoreparentrot
EFCA42FA40C46120,covercanusearmorplate
EFDE9463142994EC,zombie_meleeenemy_update
EFDFD1B992B7E104,orientmode
EFE38A5AECE1FE83,SetModelCollisionWithPlayerOrAI
EFE9DF67E2E6D202,tablesort
F017E352A29A57A1,GetEnemyPlayersAndAIArrayInRadius
F02C63B99C9614C9,arrayfindvalue
F045D4B830701ABD,zombieleapattackloop_update
F05BC0DF46279746,isxhash
F080CA75AC31AAF3,SetCustomization
F09CB58BDDF9A7EA,AISpawnDirectorAddDynamicEncounterVolume
F09FB85610D87275,triggerenable
F0A330E630B7E3E7,getxuidint64
F0A427A9E3BC5C69,seerecently
F0A901C6849DD732,setweaponhudiconoverride
F0BBAED4C4A4C870,reload_terminate
F0C5A207D8B821D5,Turret_GetHeatDissipationPerSecond
F0DACD0A7D827332,controlturretoff
F0FE1421247755DF,targetmarkergroupsetextrastate
F11BDDEBBB9D709A,setstance
F15D1A9F267B43B0,setactionslot
F16617D6531B64B1,GetAnimset
F16F902E10100BB5,getnodebyindex
F1A5D89558B6FBDD,isautopilot
F1D5BBB785956C5C,GetServerTime
F1DEB1697A77E6E9,bothasscriptgoal
F1E00486D7E5C730,isladderstationary
F1E5B8331B86E4E5,playexploder
F1F8A8F5F26409B5,CalculateTacPointExposureForLeastExposedSector
F2053EB04E7626D2,getweaponcanlockon
F20800B12E131138,vectortoangles
F20826A3E52AA5CF,isstring
F21882353B5A1F0A,navisstraightlinereachable
F229FE12296485FA,showlegs
F24E0DF9EA7129A6,asmgetephemeraleventdata
F25217B3C53501A8,getturretscanningmode
F29CA6F7ABD44965,GetCSplinePointString
F29D8DBCD44C0773,drone_hunt_move_update
F2AFAFBC948DC10F,botsetoverrideresult
F2C5A19A0241C3C9,botsetstance
F2CED9FE34DC86F2,setheadiconsnaptoedges
F2D025C338C06FA7,playerlinktoabsolute
F2DE158A6DF697A0,botgetscriptgoalyaw
F2FDF8EF124744E8,SetBTGoalEnt
F32AB0573FB8D9FB,weaponissemiauto
F34320D8AF8CCAF7,cancelreloading
F3487A4F1D0EAECE,CastSpotShadows
F34C5469C11188D8,AnimScriptSetParachuteState
F352146C33D86EA4,SetAnimKnobAllLimited
F36EF6EE14BEBAD3,SetDroneGoalPos
F370FDE76F29975C,target_getindexoftarget
F398D739DC0CD5C3,GetAiSubclassesThatCanEmergenceSpawn
F39F9472D6F70AE4,ModifyBaseFOV
F3A62A81E367EF8C,getyawmove
F3A6772C8B060A41,Water_SetRaiseOffset
F3B0093C76656597,scriptabledoorbashopen
F3F05A362D4B7712,SetPlayerBaseFovTargetScaled
F415665B14798CA0,sighttracepassed
F4173260BD0EE0B4,aicleargesture
F41CDB6DB0C43DAF,choosedirectionalpainanim_covercrouch
F41CE08B9C18176D,targetmarkergroupremoveentitynum
F435D2826A9C46C9,GetIsThreatSeen
F4383C3966FB254A,GetSystemTime
F45BF6BBC1189224,zombieleapattackoutro_update
F470DAC2408978F1,GetHeldWorldModelAttachment
F47CFDDF080EAB1A,getcorpsearrayinradius
F49014B9AC83C18B,GetLightBulbRadius
F492BD47DED17A78,getgunangles
F49372D3F6FE9725,playanim_shootfire_cleanup
F4980246226778D7,MakeCollideWithItemClip
F4A7CB3EF1827D46,setplayerprogression
F4B8E94000E3853E,hide
F4D78F6F93224944,thermalvisionon
F4EDB173E7E8435F,setspectatedefaults
F50211489581136F,usevehicle
F51629C9283EC6E4,isdrivingvmvehicle
F5325C2C21230591,SetSpawnWeapon
F536D02F48B0CE40,SpawnBotOrTestClient
F542BF4D0769AC8C,aibehaviortoken_getcontrolparameter
F54A698A24FA1ACD,getareaswapstate
F54F634CAE9E63DA,getnodeleanaimyaw
F59F5A018ADAD306,DisableFortressesOutsideArea
F5A169A388FDAC8B,combineangles
F5BB12B063CC95CD,lerpfovgetpreset
F5BD933209412A98,aiupdatecoverexposetype
F5BED501D0539E38,setareaswaphintbyindex
F5CF62556B39017A,getoffhandslot
F5D063AD17F8DA90,rusher_shouldabortmelee
F5DD5B7D34734BFB,withoutattachment
F5EA8D97BDA0FE89,setplayerdragpair
F5ED5BB6944D6BC0,setfiretimescaleoff
F5FA5B0304BBA901,SetCornerCheckAutoDecelerateEnabled
F608408D925BB5BE,targetmarklimits
F62EF2BAAF9AF0DB,camoselectoroverride
F6436A6D47EE7606,hastarget
F64497359B565D83,attach
F644F0F3CAD640E7,ispointonnavmesh
F65C0FA1E3CF89DC,checkprone
F6619DBB01647CF9,pointonsegmentnearesttopoint
F66DF56892A997B8,GetCSplineTargetname
F67E9E773AAB19B3,soundgetsubtitle
F6A1001CEBA084F4,getsentientcounts
F6A973F873A142A9,SetLightDistanceFalloff
F6B38B7A36161F97,SetClientLoadoutInfo
F6B4D1849D98C555,animscripted
F6BBF56AC6E9B022,spline_destroy
F6D274B38F3C3F6D,pausemayhem
F6D2DBD3AC10D2D5,isinvehicleroofexit
F6D8EDCFDAE414C3,hideHud
F6DF6266030AA00F,botapplyoverrideresult
F6E554DC3EC06227,isenemywithinnonfloatingdist_update
F6EBF139F3238E96,Objective_GetFilterIconZoom
F6F882D216184B83,TableLookupRowNum_ReverseFromRow
F70CFF28A343B6D2,SetPredictedStreamLoadDist
F727C0DFFCD1D194,useby
F7689BF3BE0D6339,aigetequipmentmovetype
F769C3E8187AB387,GetScriptWeaponClassHash
F78BE860973600B3,getvehiclenodearray
F79C85974572851D,SetWalkAndTalkConversation
F7A278BF9190464F,SetCodcasterStatusEffect
F7AF0B7931559A0D,AISetMaxSniperBurstDelayTime
F7B0F41519CE22FD,getangledelta
F7C6E2C9B7D358F6,getisattachmentakimbo
F7D11617D071E038,createnavobstaclebyent
F7FC5C1BB1B7DE0F,cansee
F8009E0620B386D7,animscripted_setisdynamic
F80E60CDD07B8D8E,setplayerstateisinkillcam
F816FC52E185BC40,pickupgrenade
F81736B1649EC387,enableplayeruse
F8198B6753A47A04,startmeatshield
F81A3B81DFA141E2,GetClientMatchData
F81B9C6FEE4742BE,clearpitchorient
F81D9224892FD006,getvehiclenodeindex
F82027B2486AB15F,remotecontrolvehicletargetoff
F8284195FC415CFD,usebuttondone
F83320B6E3FA15D9,resetnodestarttime
F843C1A74B66AD1A,GetAiFormationLeader
F84C2E2D315AE335,allowdive
F8981DCC109099C9,FinishPlayerDamage
F89E63BF4762E0B0,gethighestthreatsightent
F8CD17E8A18EC04E,getentityvelocity
F8D29C08EFCE8EC3,joinaiformation
F8D6F557D39821FB,allowedstances
F90A9BF2CA30FDEA,SetAimFocusSourcesState
F911103FC8A0B6E7,getscriptablelinkedentity
F92267986B091BA3,aispawndirectorgetrequesttags
F92BC141529CCDA0,StairsWithinDistance
F930FC7A157424FA,getweaponammoclip
F943BEF551FF028C,arrayremoveundefinedkeepkeys
F955946904715208,GetBeingRevived
F984F1A9594064D7,isinidle
F98522888759E9FB,GetCSplinePointCount
F9C80C5C0B6F0190,GetWorldUpReferenceAngles
F9CAD4AC1E9B18AB,isnumber
F9CB803216C37761,setmaxpitchroll
FA0CCD6D13222597,PredictStreamPosUntilCleared
FA12B82454202B8B,issubstr
FA1443329395568F,aiformationexists
FA1AA534D378A79D,sightconetrace
FA262429127609CE,EnableMissileHint
FA2DEEAA008AB91F,SetAnimKnobAllLimitedRestart
FA32376AAA88A7A2,SetPerfectAwarenessZoneCircle
FA43159CABCD180C,HasAreaSwap
FA51B1F4B7A829FE,GetRemainingBurstDelayTime
FA556F93B6558924,playanim_strafestart_code
FA5A567CF35CE6B2,vehswitchseatbuttonpressed
FA5C3FBFB8B4B8C0,Objective_SetClientForSquadCustomColor
FA6B0C8095271B78,GetLeftStickY
FA6B0D8095271DAB,GetLeftStickX
FA75521E23985AEC,isnograpple
FA865DE91F9B687C,StartPlayerASMRootMotion
FA9FD5CF61790039,getglobalclanxpscale
FAB12FFDA1EF8558,disableforcehelmetwhenspectating
FABBD557B3FC109D,vehicle_finishdamage
FAD6AFC58F75272A,DeleteAiFormation
FAE0085ED443216D,isturrettargetvalid
FB1905F4EBF9177F,ASMIsInStartState
FB1C747B5C64934E,showpart
FB4E65964B284AF9,offhandstopclienteffects
FB590EF594D7A51C,cleardemeanoroverride
FB683771461397B9,getcsplinecount
FB70506C6466FC89,physics_raycastents
FB75B884D498153F,setwaypointiconoffscreenonly
FBAEE6C1B42F6C29,rusher_notargetfound_terminate
FBB6ADBC1A89658A,isweaponcliponly
FBC51288B8FB0E44,rundronepostspawn
FBCB6956CF8D9420,createtargetmarkergroup
FBCFEACE1EE7CC25,setlookatent
FBE9BB47EDBE2D7C,AISpawnDirectorStartSpawning
FBEB25FF8A04EF39,clearaishootstyleoverride
FBF06F80548D841D,isswimmingonsurface
FC059C46B62A3347,SetPlayerData
FC08227330530FCB,getweaponinspectenabled
FC0C14405BA19DD5,loadclientmatchdatadef
FC192168841A5E30,Objective_SetIsZone
FC3088D19FE4E4FA,enablescriptableplayeruse
FC36489AEB136977,createnavlink
FC3877374164093B,setasgametypeobjective
FC4553736947A9B7,weaponlockfree
FC86ECD417EF7E84,aiformationaddmember
FC8D00DFF1E134C2,setgenericblueprint
FC99A15837A9700D,removecomponent
FC9E51B226974575,MissileThermal
FCA3A9A4835B5E40,nearclaimnodeandangle
FCA511FC8697DF89,ForceViewmodelAnimation
FCC7B38D1F035C44,hasloadedcustomizationplayerview
FCCB987D125B6653,arethrustersenabled
FCE9611B286AB958,aigettargetspeed
FD0A7D75C84DF67C,SetTurretCanOnlySeeTargetHead
FD1BBDBCDA3F3B59,SetThreatSightFlag
FD2AE4D38E8C2518,objective_setshowdistance
FD42A18087BA5271,PlayRumbleLoopOnPosition
FD468492549334BA,SetHoneypotActive
FD4791D3C25107F8,setgoalvolumeauto
FD519EEAD9BC613F,makescrambler
FD58AB25F90409A5,playerphysicstrace
FD721B9E2718F0C1,setplayerspyactive
FD72FAF54F2F4969,IsLookControlsFrozen
FD9A9E57A01036CA,SetNextPossibleBlindfireTime
FD9ED552C76D6299,Objective_AddAllClientsToMask
FDB5807913FDD6FE,GetWarpDownNotetrackTime
FDC11AFAEC03DBF7,setblur
FDED26B79123C286,setrimlighting
FE031355F04437FC,setusefovtoplayer
FE036FCBC0D0FE9B,GetCoverTacPoint
FE05EA7FE66FDC95,vehicleshowonminimap
FE1216AE315D24AB,skydive_cutautodeployon
FE160AD0D2E0725C,getuseholddurationms
FE1BD817F76D7787,aispawndirectorinitialized
FE388D93C6BAB151,AIBehaviorToken_GetToken
FE41463CC1BD4899,SetSeatedAnimConditional
FE4339EA0FB9B258,UpdateCurrentWeapon
FE45B14CFD480933,SetAiFormationSlotAimDir
FE4DA282E31F64CA,cleartuning
FE5A200509CDB610,GetRightStickX
FE5A210509CDB843,GetRightStickY
FE5B956E462C925E,setnodeploy
FE5E4D07CCDB879B,setblurforplayer
FE62855AFD67A81B,GetLiveRagdollRecoverySide
FE658B35749516FB,setaimangles
FE92D91942AC123E,clearscrambler
FE93107785C08402,withcamo
FEA4779DCCD3C278,closer
FEB5ADC6CC96E97B,vehicle_rotateyaw
FECE2E54F76C2761,getrarityindexfromattachmentcount
FF1257D38BFB17B2,getreactiveslotvalue
FF2C3CD0E770CE5D,vehicleidle
FF2D6A57A048D3D5,vehphys_setdefaultmotion
FF32EA59B2119107,setaimandturnlimits
FF364161D2DFDDBB,isactivegamemodeweaponxpscaleactive
FF3AFB8687DB2EB9,setstealthfunction
FF3B7D9A2A0CB0D5,thermalvisionfofoverlayoff
FF549845D0DFA2AF,requestlookatpoi
FF81D97F0B04DD98,disablemovingplatformpull
FF9261104E9BD136,getweaponslistall
FFAC0E3695449345,exp
FFC1B32CE8E1D9F4,SetClientOwner
FFD4A8346A530948,hasmeatshieldweapon
FFD8E8EFA7000ED5,getnegotiationstartpos
FFFBD405B1911268,HexStringToDecString
