hash,name
00095B9C5F842EE7,REX_attachments/rex_pgrip_snp
000CB22FA9BECA35,rex_attachments/rex_choke_g
000EB641C8C9A031,WZ_FUNCTIONALS/THROWING_KNIFE
000F141EF270D4C3,LUA_MENU/CREATE_CUSTOM_MODE
001D1EE678564E0D,vehicles/default
001DA55B0527A982,MENU/go_to_main_menu
0027DB6601A79CF3,LUA_MENU/RESERVED
0028D7D01D7DBA21,MP_PING_INGAME/MSG_SQUAD_PINGED_LOCATION
0030D88832027C96,MENU/FLIP_TRIGGERS_WITH_BUMPERS_PROMPT
00348EB91B67573E,killstreaks/daisy_cutter_offline
0045FC007971955F,rex_attachments/rex_stock_kilo2
0051414C113CD0E8,killstreaks/jugg_cannot_be_picked_up
0056BC4C37828315,SPLASHES/CASH_BANKED
0071079E5823A96C,mp/spawn_revive_wait_bleedout
0074CCED533F59E4,lua_menu/select_build
0083070E18580C8C,equipment/flash_br
009C4FCBB9BD3E10,options/minimal_option
00B0C80D332E78CC,MP_BR_INGAME/DOWNED
00B487F56F3DDD8F,LUA_MENU/LAST_PLAYED
00D7581F540A2ACD,rex_attachments/rex_rec_tango73
00D96402736F9ABB,lua_menu_mp/pos_arena
00D9F42C2EA48F8D,LUA_MENU/BONUS_REWARDS
00DABF05EF69DA8E,rex_attachments/rex_mag_decho_desc
00DB2AF043ADD2AA,mp/round_loss
00E6D2F8BAECFC3B,AAR/OPERATOR
00ED64D342D55B79,LUA_MENU/BOTS_elite
00F19832AF36E171,KILLSTREAKS_HINTS/INSTRUCTION_HORN
00F87101E2724E77,mp/press_to_use_nvg
00FBCEEADD4CA156,MPUI/round
00FCB597FF62D389,MENU/returns
0102E1DFF111C5D6,CAS/lvl
010508C2E38C54A7,MENU/SEND_REPORT
010ABB13E093071A,LUA_MENU/BUY_NOW
01114A9C4125DB26,WZ_FUNCTIONALS/SNAPSHOT_GRENADE
0114C8422915B2CE,mp_dmz_missions/geiger_search_gc_cache_err
0119F465A5EEE4C6,rex_attachments/rex_xmag_desc
011AA32E5B8BB448,lua_menu/mapname_mp_rex_action_park
01233710DBA353EC,MENU/1_Hour
0125DE62F695E3FF,rex_attachments/rex_stockno_spier9
012CD2A260B30FA2,menu/join
012DDF43CC169088,cp_ally_names/deltasquad_follow
01342FE4F9E43BE6,MENU/ACCEPT
013736AAC9E59A32,options/mode_fullscreen
0139E7EF3A1CBB83,TOURNAMENT/ROUND_RESULTS
0144D0A09D8E2673,LUA_MENU/FINAL_TIME
014679E28EDDD7C3,CODCASTER/USE_CUSTOM_SUBSTITUTE
01470BDB2A92343B,MP_EMBLEM_EDITOR/ENTER_NAME
0149E793B13D387B,PATCH_MENU/OPEN
01508755DEC59441,MP_INGAME_ONLY/HQ_REINFORCEMENTS_IN
01528B4A2895554B,MENU/PASSWORD
0158AFA64B0A1D4B,rex_attachments/rex_stock_kilo437
01656A088EA7139C,splashes/emp_planted_enemy
016A1E0472F816C2,BATTLEPASS/BATTLE_PASS_complete
01758493A4A4DC78,rex_weapon/rex_lm_minigun
0175D6A90DCE6A21,KILLSTREAKS/IMS
017D1A477B21E7B5,killstreaks/chopper_gunner
018C13932EFC5020,SPLASHES/COMBO
018CCE90FC50127D,MP_REX_MOBILITY_COURSE/Good
018FE3C5A5AA4699,lua_menu_mp/deathmatch_recipe_desc
0192F718A9896804,LUA_MENU/AND
01933D1B734ADF48,equipment_hints/self_revive_box_use
0198F318A98DCCE6,lua_menu/all
019F50F69E65FC10,menu/rename
01A0B5194EB0CD55,MENU/zoom
01A1C2F3C5777897,mp_rex_tumen/callout_controlroom
01AB62F562E3A6E6,rex_attachments/rex_bar_lgt_limax
01B15899B7634AAF,rex_attachments/rex_ammo_300blk_fr_desc
01B64975E103EB47,LUA_MENU_MP/DAILY_LOGIN_TITLE
01B8748F8B7F5B59,rex_attachments/rex_audio_sierrax_acv
01BC7000344A28C9,AAR/RETICLE
01C96E60E52CCDBA,options/subtitles
01EF6C8FB27D35AC,rex_attachments/rex_mag_tango73_desc
01F68F1EC1B98E32,dmz/inactive_uav_tower
01FC6D14B7543D06,aar/milestone_reached
01FD132C02388A1E,levels/border_location
0207EC579715A807,rex_attachments/rex_xmag_xar1_desc
020A89D315E87338,lua_menu/rarity
020F69E1A288ABBA,mp_dmz_locks/cache_locked_delta_cityhall
0215E11AF00106AF,MENU/tap
0222E742587CD7E3,rex_attachments/rex_stocksaw_sierrax
0225B84728B02035,loot_mp/weapon
022CBF22460B5259,MENU/killcam
022EF89983555CA0,LUA_MENU_MP/lockout
022F8B7AA5753414,mp/autobalance_next_round
0236705A588D2EDA,CAS/MOD_SLOTS_FULL
023E7641308235CA,LUA_MENU/next
023FAA79D39A7B49,MPUI/TRIAL_REWARD_TITLE
024605C34A3E6169,rex_attachments/rex_pgrip_kilo437
024D61C2FE923EFF,MP_BR_INGAME/DOLLAR_VAL
024FB8361FF45290,rex_attachments/rex_gripside_vert
024FBC96BFAE283D,LUA_MENU/RECHARGE_RATE
0251E1B8893A2B4D,HUD/BRADLEY_DRIVER_LABEL
025388FF62F0C09F,MP_BR_INGAME/PLUNDER_LOSS_DESC
02540815425900C9,platform/bumper_jumper
0254EC8535856DFD,MP_PING_INGAME/defend
02757586AC2199FD,BATTLEPASS/HIDE_REWARD_DETAILS
0278779ACCD02A09,aar/event_complete
027A7DAE84E10372,lua_menu/empty_value
027C01A2F44B771B,options/quality_high
0282298C58389CE6,OBJECTIVES/OB
028E35DE6845378D,rex_gametypes/inflation_hvt
029409EFF9E33C29,LUA_MENU/general
0297F1406E104710,lua_menu_mp/cyber_desc
029A408C584D55DC,OBJECTIVES/Hq
02A14B8C5853873B,OBJECTIVES/FR
02A22EC20DFED24B,LOOT_MP/Loot
02A34221DB4E085D,rex_attachments/rex_bar_golf28
02A50AA8BC7DDF7C,rex_attachments/rex_irons_bar_sht_bmike3
02A8982E27AD4E75,objectives/dd_attacker_hint
02AD9AD8679FA6AB,MPUI/RETURN_TO_COMBAT_AREA
02AE438C585E03FF,OBJECTIVES/BR
02B22D102C109313,rank/lt_full
02C60DCDBA2C90CB,LUA_MENU/CONFIRM_BREAK_PARTY_WITH_SPLITSCREEN_WARNING
02C6EF18071EB3A4,rex_attachments/rex_barsil_kilo2
02CAB5F0843EB18C,options/privacy_choices_desc
02CE8B8E7A8BFDEA,rex_attachments/rex_ammo_9m_desc
02D5D2A6466E90BD,rex_attachments/rex_mag_sierrax
02D9791C56BDFDE8,MP_BR_INGAME/MSG_MISSION_MISSION_COMPLETE
02E1418C58895A32,OBJECTIVES/SR
02E14B8C58896B30,OBJECTIVES/SD
02ECEE4D05E9D2D4,options/gr_veh_next_seat
02EFC51478847A40,killstreaks/vehicle_refund_killstreak
02F8A846B6C19B77,MENU/Popular
02F94632582B443E,SPLASHES/BR_GULAG_start
02F9ED1EB0722AE4,LUA_MENU/NOT_AVAILABLE_OFFLINE
02FB4491F78ED450,rex_attachments/rex_laserads_pstl02_desc
02FEF3488BA327B0,presence/mp_rex_rooftops
0302164E5038464D,cas/orion
0303DC5A680748A0,rex_attachments/rex_rail_asierra12_desc
0313D9D066EA6A52,weapon/lm_kilo121
031D2022A9BA4E6C,mp_br_ingame/bunker_access_door_inactive
031E664F86C1B930,mp_dmz_locks/cache_locked_police_locker
0328BC46D8B5028E,platform/bumper_ping
032C16B3440BCAC9,rex_attachments/rex_smag_kilo437_desc
03319185F90EAF06,script/door_hint_use
034721BDA5D3E8BF,MP_INGAME_ONLY/DZ_AVAILABLE_IN
0347E58FAAFEC1DF,rex_attachments/rex_cal_tuning_mike4_burst_desc
03490FEF765F8638,rex_attachments/rex_selectsemi_golf28_auto
035049D7CA55F88C,lua_menu_mp/cyber_hc
03508B49E95AEF0F,lua_menu/other
03611923C185D815,MP_BR_INGAME/SKIP_TO_GULAG_INPUT_PROMPT
03674D0BD9564AA4,xboxlive/kick
03741B369F9D1568,LUA_MENU/PREV_PAGE
037555F13ABABDE0,KILLSTREAKS/BUTTON_AIM
03797A8902181446,BATTLEPASS/UPGRADE_UNLOCKED
037C2063BE5A3104,codcaster/follow
03812983F8210789,rex_attachments/rex_mag_xar1_desc
038B376E5E727042,rex_attachments/rex_stock_hvy_golf28
0392194CA384CE6F,options/long
03944B16E4E63A9C,BATTLEPASS/REWARD_ERROR_MESSAGE
0395C68256810ADE,OBJECTIVES/AUGMENT
03A06A444C59CDD3,splashes/br_vehicle_purchased
03AEA609FA7EB8F8,SPLASHES/BM_OVERTIME_DOUBLE_CASH_2x
03BA32C11270FC39,equipment/intel
03BC89191C402BA8,rex_attachments/rex_bar_kilo2
03BC90191C40378D,rex_attachments/rex_bar_kilo5
03C2D327BFFA7629,LUA_MENU/MUTE_UNMUTE
03C396A3455A335A,rex_attachments/rex_stock_mpapa7
03C6A78D54D57571,MP_BR_INGAME/REDEPLOY_token
03C8618EEAF74AA1,LUA_MENU/ATTACHMENT_removed
03CB5D7C3DDF9699,mp_br_ingame/ping
03D55227F00E2EAB,lua_menu/battle_pass
03D6A1D0AE06ED73,rex_attachments/rex_stock_tac_akilo
03DA9D3149944C6A,rex_attachments/rex_bar_sht_decho
03DDA5F3D5703475,options/mix_preset
03E9E3379D61207E,menu/multiplayer
03EF4B8BEAA79A4D,splashes/overtime
03F694B3C502D1D4,LUA_MENU/STATS_KD
03F772C08EF87594,options/ucpa_name
03F89231DEF8F276,LUA_MENU_MP/Dmz
04027E7CBAE51151,LUA_MENU/ROUND_BASED
040944477F7011C9,rex_vehicles/suvrus_enter
0414148E7BAD9802,lua_menu_mp/infect
04171D39EA822E1E,rex_loot/nvg
041A720379BFC82C,CHALLENGE/jup_daily_ch_p1_test2
041A730379BFC9DF,CHALLENGE/jup_daily_ch_p1_test3
041A750379BFCD45,CHALLENGE/JUP_DAILY_CH_P1_TEST1
04240E2967FB0EA7,TRIALEVENT/LEADERBOARD_TITLE
0430DE888C3B409E,mp_dmz_locks/cache_locked_hallway_locker
043347DA75453979,MENU/Sticker
0435DDD8AAD68437,rex_attachments/rex_pgrip_bmike3_desc
0437D84990884DC1,lua_menu/current_selection
043A35FA3D3BB40A,lua_menu_mp/resurgence_desc
0442274CCC2D1E77,rex_attachments/rex_stock_hvy
04529C1A6BFC744B,TOURNAMENT/MAP_ROUND
0453A3EFB3387D3D,MENU/quit
0454B5E086B11703,lua_menu_mp/hide
045C970F3F5AC020,splashes/bm_your_squad_wiped_desc
0468E991E7BC2344,menu/patrol
047685B5AFCE82D9,weapon/ar_mike4
047FC8E6C69F09E8,LUA_MENU/Next_Reward
048376A9A3301E20,MENU/smaa_1x
049A680BC667DF1C,mp_rex_tumen/callout_cyclosa_cosmetics_storage
04A15892668F108B,mp/waiting_for_hq
04BF6D965BB04A0F,mp_rex_tumen/callout_space_ease_admin_office
04D39FC1F9FC3F7D,PRESENCE/CLUTCH
04DC8587E54D89F2,splashes/br_enemy_eliminated
04E2362A95B31320,RANK/PFC_full
04E76830223A336F,lua_menu/quit_desktop
04EA5ED921723797,rex_attachments/rex_selectsemi_kilo2_desc
04F923CA0AC5289A,KILLSTREAKS/warning_critical_damage
04FEC0CF379C6A74,LUA_MENU/TUT_PRACTICE
04FF17A4054D7AD4,MENU/BRMAP
0503E1367893F77C,lua_menu/start_mission
0508B459BE6F8185,rex_attachments/rex_pgrip_ske_limax
050D5B5A038166D3,mp_rex_mobility_course/tut_prone_objective_kbm
051758309B1C6673,MP/FIRST_KILL
0520579644D37CDE,BR_GAMETYPE_BONGO/ACTIVITY_CRATE_DROP_CAPTURE_STRING
0531A5DD7B913619,rex_attachments/rex_ammo_762r_he
0531B2DD7B914C30,rex_attachments/rex_ammo_762r_hv
0531B8DD7B915662,rex_attachments/rex_ammo_762r_hp
0535D5B243EE2FA5,mp/cannot_use_gas_can_in_palfa
0538F6D4B76126A6,info_popups/gas_desc
053BCADD7B99C97D,rex_attachments/rex_ammo_762r_op
05414E2B2D9CA3F5,rex_attachments/rex_cal_tuning_mike4_burst
0543384CFCE4BD08,LUA_MENU_MP/BMO_VIP3_DESC
054724EF641A95F4,PATCH_MENU/CDL_RULES
054BCE8FAD8DD421,rex_attachments/rex_ammo_4x30_desc
054DE3AC1A9CD724,jup_ob_sticker_book/prestige_p7_nuke_n_clear_desc
0550AEDD7BABF5F3,rex_attachments/rex_ammo_762r_ap
055242E24988D45D,LUA_MENU/BARRACKS_CHALLENGES_DESC
0553B6DD7BAE3962,rex_attachments/rex_ammo_762r_fr
0561819F5DB294EB,LUA_MENU/PREMIUM_UPGRADE
0562EF23527E2D53,loot_mp/reticle
056343DBC1B1F2D0,lua_menu_mp/sd_hc
05697A9175B26F79,LUA_MENU/TITLE_TACTICAL
056E8281D22CA697,REX_TRAITS/WORKBENCH_CRAFTING_EQUIPMENT
056ECD1CD964F55B,INTEL_MP/KILLS_SHORT_DESC
057B72B78A480AAB,lua_menu/killstreak_equipped
057D5849CFF962CA,MPUI/DEFEND
0586684C18398EC8,lua_menu_mp/war_recipe_name
05932332E9ECE709,challenge/gunsmith
059922C649BA04D6,LUA_MENU/WAVE_1_TIME
059CB5C5133527B5,lua_menu_mp/pos_desc
059D37A566916641,rex_attachments/rex_grip_bipod01
059F31B76DE98948,MENU/LOSING
05A2CCD3D89CD241,BATTLEPASS/THANK_YOU_GIFT
05A64B7099EB6A67,loot_mp/emblem
05AA7DFE3C09EEA6,lua_menu_mp/show
05ABC5CA7061352F,mp/cannot_deposit_cash_heli_full
05AFE58AE6DAEE6D,rex_attachments/rex_flash_decho_desc
05B827D13F4B20F9,lua_menu_mp/arena_health
05BDA22A6DB10EE7,options/use_equipment
05C3F2055655BE19,MP_BR_INGAME/ITEM_TYPE_DEFAULT
05C88E9CFD05E789,rex_attachments/rex_ironsdefault_tango73
05C91E0091394586,MP_DMZ_MISSIONS/LOOT_SAFE
05CFCD6EC77D844C,battlepass/boost_active
05DC846844C64F5D,null/empty
05E3DC6D80CE678D,WZ_FUNCTIONALS/DECOY
05E45874F30991CA,killstreaks/max_friendly_counter_uav
05E5C9D59715DCF8,rex_attachments/rex_comp_bal_decho
05E7EB53E0BA5621,TRIALEVENT/LEADERBOARD_NO_DATA
05EDEF2250A03A8B,menu/nomad_tactical
05F0FD8513ED4137,MENU/SYSTEM
05F4312710D50260,rex_attachments/rex_sil_lgt_h
05F4322710D50413,rex_attachments/rex_sil_lgt_i
05F43A2710D511AB,rex_attachments/rex_sil_lgt_a
05F43B2710D5135E,rex_attachments/rex_sil_lgt_b
05F43C2710D51511,rex_attachments/rex_sil_lgt_c
05F43F2710D51A2A,rex_attachments/rex_sil_lgt_f
05F4402710D51BDD,rex_attachments/rex_sil_lgt_g
05F7FB4D50073C07,LUA_MENU/17TH
0603F9BE97FE95E1,TOURNAMENT/LEAVE_TOURNAMENT
0607CCF0D72B7883,mp_rex_tumen/callout_dalee_imports
060C2855D91E3FCC,LUA_MENU/YOU_P1
060C2B55D91E44E5,LUA_MENU/YOU_P2
0615818FA1777D06,mp/player_already_being_revived
061A831A176803F8,MENU/modifiers
061E4FFA0FB52B03,seasonal_event/top_3
0625CC7D16DBB060,LUA_MENU_CP/ACTIVATED_BY
062A7DAFA9A09AF6,mp/br_equip_deny_no_room
062A8BE5758D44C3,rex_attachments/rex_ammo_762n_op_desc
0637DA6E406878A8,weapon/akimbo_blades
063E066DAC62F8A2,MENU/ADS_Weapon_Depth_of_Field
0645BE63F9B6543E,LUA_MENU/HOURS_MINUTES_SECONDS
0646641B1F12F4C1,SOCIAL/PLATFORM
064881FAA669C0A8,EQUIPMENT/gas
064FDA464571D722,AAR/PLACEMENT
0653E8B3CAAB5368,MENU/plants
06577F4510C4076F,MP_BR_INGAME/respawn
0662C0232F142B6A,LUA_MENU/SCROLL
06641465DC87499D,lua_menu/goals
06698EFDD1228DDE,ONBOARDING/PLUNDER_INTRO_POPUP_DESC_1
0669A0D844E00423,ONLINE/ONLINE_SERVICES_ERROR
06707F7FB64CCE53,lua_menu_mp/arena_recipe_desc
068D245CA8A7C4C6,rex_attachments/rex_sil_sierrax_desc
068F7528F7ECAFC7,CAS/NEXT_UNLOCKS
069E8C151351D76F,weapon/pi_stimpistol
06A15536053866B2,options/default
06A9CF84D5FBBC2B,INPUT/DPAD_RIGHT
06AD7B9CCDAFC81F,rex_attachments/rex_ub_sh_kilo5
06B5759C1C8EEFB3,rex_attachments/rex_ammo_762r_he_desc
06C0BBAD06166ED1,MENU/BENCHMARK_PERCENTAGE_UNIT
06C1236D15BFF574,rex_attachments/rex_comb_amo_bmike3
06CA65EF69E13E63,rex_attachments/rex_pgrip_kilo437_desc
06CCDDB753118D1E,REX_VEHICLES/ACV
06D49B0EEE8FBA74,MP_INGAME_ONLY/REFILL_SNOWBALL
06D74D3CC12D0C4B,rex_attachments/rex_ironsdefault_hotel45
06DBBE61D9F3103D,vehicles/open_trunk
06E182DA38F29BB0,OBJECTIVES/Payback
06ED43EEF15EE89B,lua_MENU/RANK_value
06EDCB743CA4F0C8,options/use
070EA8C7CB094779,LOOT_MP/xp
0710645D29A0E79B,rex_attachments/rex_ammo_5x21_hp_desc
071BE4136446D65F,rex_weapon/rex_sm_xsm1
0721237F3EAAEED6,rex_attachments/rex_guard_lgt_bmike3
0725A05C37931910,PLATFORM/SCORE
0730D8A54700B5E6,rex_attachments/rex_bar_lgtsht_akilo
0735DB3EE34A5151,LUA_MENU/CLAIMED_TERRITORIES
0737E24E3BF3DC99,rank/2ndlt_full
07438CA24E761F3E,rex_attachments/rex_mag_decho
075294D77CB30D9A,options/mantle
07529706F5AEA204,lua_menu_mp/grind_recipe_name
0752CA7422883D9C,LUA_MENU/Gun_screen_equipped
0755CD1A6D722982,mp_br_ingame/emped_deployable_kiosk
075665707758E564,mp_rex_tumen/callout_bubun_yard
075B6C3893C58E42,MP/SQUAD_MATE_IN_RALLY_POINT_FULL
0763BEC7CB51ACDA,LOOT_MP/CP
076ABFDFACA89D19,LUA_MENU/ACHIEVEMENTS_DESC
077BA84E50C3319E,mp_rex_tumen/callout_shorelinepier
07821163FBA9DC9A,dmz/health_item
0784F196818B9775,rex_gametypes/gungame_dropped_gun_rank
0786782A09387798,mp_rex_tumen/callout_tankroom
078AFFE83EA952E7,MP_PING_INGAME/go
079230BA2A8AACB6,mp/br_ammo_shotgun
0792A1FF5C9CE7CF,MENU/2x_TXAA
0792EF3EB557EEF9,options/cpa_name
0799DA388D2EBD73,INPUT/primary
07B3FDDB661C4686,lua_menu/redeploys
07B935D636CE4D03,LUA_MENU/Filtering
07B93BE87021F6F0,MP_BR_INGAME/MENU_MAP_GULAG_DESC
07BB0EAEE96E00C0,rex_attachments/rex_rec_sierrax
07BDD01FD77F4F19,PRESENCE/CYBERATTACK
07C10998A112B013,rex_attachments/rex_ammo_68spc_hv_desc
07C65E38BE8395F4,BATTLEPASS/TIER_VALUE
07C7A6701AAD4EE0,CODACCOUNT/SUMMARY
07C7B952F20E9568,game/hold
07D48BEBBF605E6E,CODACCOUNT/CHANGE_NAME
07D9DC9E3291E103,lua_menu/select
07DBE8FDA17EF228,rex_attachments/rex_anims_iw9m4
07ECB2E3CD6EF6D2,MENU/voice_chat_real_time_processing
0800785CB7103D79,mp_rex_tumen/callout_entertainmentdistrict
0800F50542104D0D,rex_attachments/rex_grip_vert_broken_desc
08093D4584B386AD,STORE/Owned
080C03F1E66A4137,LUA_MENU/toggle
0821FAC05C54DDCA,LUA_MENU_MP/SERVER_QUEUE_MSG
082955B8ECC8D571,MPUI/NEW_PATCH_AVAILABLE
082ABE573994381E,rex_attachments/rex_pgrip_akilo_desc
08308FD0B8A721E1,options/gameplay
08359F1173833B87,LUA_MENU/PATCH_FAILED_DESC
08443DD05A12A02D,rex_attachments/rex_rec_decho_desc
08529F266B115A63,MP_BR_INGAME/LOOTCARD_SUBTITLE_TOTAL
086336D7CEC593FE,LUA_MENU/LEGAL_COPYRIGHT
0865C9E78CBDBAE1,challenge/daily_bonus
0866B8B5C0F5D5B6,LUA_MENU_MP/BR_CREDITS_MEMORIAM
086C64F48EEEBCB6,mp/ascender_blocked
086D4CBC63B9359B,splashes/first_survivor
0874F5AE9BEDC263,lua_menu_mp/grind
0877C7CD00C0800D,lua_menu/swapped
0887CE32613EA54C,LUA_MENU_MP/REMOVE_MODES_CONTINUE
088994B3B5F8D1E9,CODACCOUNT/LOGIN_ERROR_TITLE
088E747DE3AE5415,MP_PATCH/USING
0894F428657B5CDD,CAS/CHOOSE_APPEARANCE_NO_PROMPT
08A05C50184508CF,mp/lethals_unavailable_for_n
08A0AC62E1942C91,rex_attachments/rex_bar_hvylng_decho
08A297A214083E2D,rex_weapon/rex_sm_pmike63
08A6F3EFEEEDD3F7,LUA_MENU/CashBanked
08ADAB69DB69E43C,lua_MENU/NEW_class
08B3CC3695B929C2,rex_traits/workbench_crafting_random
08B4CDCAD263A249,MENU/LOAD_LAST_SAVE
08B6EC24B5D640A1,MENU/STORE_CAT_EVENTS_TWO
08C2D49BD36E5055,dmz/ready
08D26D1B2525089D,mp_rex_tumen/callout_southkorea_wildernessone
08E3B6BA9C7BFD74,lua_menu/swap_attachment
08E6A16F96ABB232,rex_attachments/rex_mag_kilo2_desc
08E9AA6CF0C8EBFE,CODCASTER/SERVER
08FD275D8C289F4C,mp/doublexp_crate_capture
08FE17FDC9613362,rex_attachments/rex_ironsdefault_kilo437_stocksaw_og
0905134E658B9400,mp_rex_mobility_course/tut_sprint_slide_objective_ctrl
090C831620FD9939,MP_BR_ingame/gulag_TIMER
0919D73A3B30A790,seasonal_event/ranking
091CEB6DB5A795ED,killstreaks/directional_uav
091ED588EF107518,LUA_MENU/HEALED
0920F2B9BE50B356,rex_attachments/rex_cal_tuning_mike4_pdw
092201A6C094E0FD,LUA_MENU/MATCH_TIME_LABEL
0926698055381F5E,rex_gametypes/payback_scoreboard_extrascore1
09266A8055382111,rex_gametypes/payback_scoreboard_extrascore0
0926C5E28CCC15FC,KILLSTREAKS/supply_sweep_assist
092AFBB2ADDF88C0,CHALLENGE/WEAPON
092CFA8262C51A3B,lua_menu_mp/frontline_recipe_name
092D918ED7C82279,lua_menu_mp/trial
0930CC02A698A95C,rex_attachments/rex_bar_lgt_hotel45
0934BF1499C71BC6,lua_menu/footer_tooltip_dismiss_game
094604D00570E22D,menu/nomad
0949B3C71026BF32,battlepass/next_sector
094FB5CF007873C0,OPTIONS/XBOX_ONE_UNINSTALL_DLC_5
094FB6CF00787573,OPTIONS/XBOX_ONE_UNINSTALL_DLC_4
094FB8CF007878D9,OPTIONS/XBOX_ONE_UNINSTALL_DLC_6
094FB9CF00787A8C,OPTIONS/XBOX_ONE_UNINSTALL_DLC_1
094FBBCF00787DF2,OPTIONS/XBOX_ONE_UNINSTALL_DLC_3
094FBCCF00787FA5,OPTIONS/XBOX_ONE_UNINSTALL_DLC_2
09556FFB02683F86,aar/stats
095780581C1E19F1,MENU/SERVER_NAME
0958C56D5C638314,rex_weapon/rex_pi_swhiskey_desc
096A1525FC559F9F,BATTLEPASS/auto_on
0972169BDD5AF725,MP_BR_INGAME/SKIP_TO_redeploy_INPUT_PROMPT
0975CF2E987A6772,sat_ob/prestige_1_unlock_tease
097687F5935BAA82,rex_attachments/rex_breach_hotel45
097BA7BFB0FBF7F9,mp/br_plunder_cash
0981216F1C6AA1BC,MENU/Retry
0982709A6D298B9D,MP_BR_INGAME/PLUNDER_WIN_TITLE
098D9867C19E9508,lua_menu_mp/cyber
098F82965E9032C8,codcaster/minimap
099D9EF614F0198E,MENU/stick
09A72770F1F386F8,LUA_MENU/BR_DUO_DESC
09A7F5409B4666E3,lua_menu/disabled
09AA4078976D246A,lua_menu_mp/killteam_desc
09B6E75BEB978087,rex_attachments/rex_pgrip_xsm1
09B71BE558A2A576,rex_attachments/rex_ironsdefault_kilo5
09B71EE558A2AA8F,rex_attachments/rex_ironsdefault_kilo2
09C0281AFA6B571A,weapon/sn_limax
09C90EF219D953AC,MENU/sliding
09E0F4E3B99F0A1F,mp/missing_gulag_key
09EEFA8D879786E1,LUA_MENU/RULES_NONE
0A06F4130890F949,LUA_MENU/RESTART_NOW
0A08DAF0D1BB4830,LUA_MENU/MAPS_CAPS
0A10C3DA123AD9EC,rex_attachments/rex_lasercant_lrg06
0A23AF0F02C5D72B,PATCH_MENU/CLOSED
0A2503EB3399B952,rex_weapon/rex_la_juliet_desc
0A308D10CF80D8FD,LUA_menu/rotate_right
0A344FED747D3C65,challenge/daily
0A39959C65B818B4,REX_attachments/rex_pgrip_tac
0A460FD029D2503C,BATTLEPASS/map
0A59279C00EAF469,presence/mp_rex_action_park
0A72BF8C8E025436,rex_attachments/rex_anims_hotel45_nyc_desc
0A7679F7CDA7BDF4,rex_attachments/rex_flastlgt_pstl01_kilo5
0A7DC63D9B6A7FC6,SOCIAL/Recents
0A7EBA3D5928ED68,rex_attachments/rex_ammo_762t_hp_desc
0A7F31EB22EA1B08,T10_HINTS/CONTROL_PANEL_LOCKED
0A8BAFEF69D83622,rex_attachments/rex_selectsemi_xar1
0A93AD801A47ED61,LUA_MENU/MOTD_CAPS
0A96C89EB8FA0201,CAS/OF_Y
0A9FBE1EE8F73601,LUA_MENU/PURCHASED_TITLE
0AA49A6EBBE183DA,mp/br_recondrone
0AA93C8A28CD37F8,splashes/bm_your_squad_wiped
0AAAE50D815484B5,SPLASHES/denied
0AB267309E023698,rex_attachments/rex_ammo_762r_hv_desc
0AB5D4B96AC87A65,options/audio
0ABA230AC3DC3311,KILLSTREAKS_HINTS/INSTRUCTION_pulse
0ABF7C8EF3063D51,LUA_MENU/unequipped
0AC620ECA76C4324,MP_BR_INGAME/VEHICLES
0AC62F7407CBC83F,MP/GRABBING_FLAG
0AC6361530CFD5A1,CAS/BUTTON_NEXT_UNLOCKS_KBM
0AC67FE42F000F20,MENU/go_to
0ADA36DD0307DB22,LUA_MENU/OPERATOR_SKIN_PREVIEW
0ADB77E2B0261AC1,MENU/10_Minutes
0ADF0001EECC7DBF,mp/door_barricade_cant_use
0AE2C064B2B4E01D,TOURNAMENT/REGISTRATION_CUTOFF
0AE70BC9AD7A94F7,rex_attachments/rex_rec_tango73_desc
0AEF4C7C55A98F3E,mp/deny_use_carry
0B011DA6FD85733E,social/empty_party_friends
0B0ACB7FDE859D76,rex_attachments/rex_ironsdefault_spier9
0B10AE6A7FA4E0F9,splashes/havoc_headshot_only
0B13579D9894ACBE,codcaster/team2_settings_desc
0B1E25B79F6BF1A3,autosave/autosave
0B1E329B5D7934C3,input/select
0B292B57A6A40D28,splashes/havoc_ai_invasion
0B2B73EE24DC14EF,lua_menu_mp/frontal
0B2D8623D13E0C03,TRIALEVENT/LEADERBOARD_DESCRIPTION
0B2E23008B120414,LUA_MENU_MP/ALREADY_OWN_ITEM
0B3C3C47516B9952,MP_BR_INGAME/SIDEOP_GEIGER_SEARCH
0B3FA26ED25119D4,rex_attachments/rex_guard_pmike63
0B54B79334B4672C,rex_attachments/rex_breach_a_DESC
0B5908C4D6F950A5,MENU/can_not_change_settings
0B6DB5103ADD6FF9,XBOXLIVE/SIGNEDOUTOFLIVE
0B76FB875B3AE959,MP_BR_INGAME/shop
0B7C88DEC051EEE5,options/gr_veh_ads
0B7DFBABB358841E,weapon/gunless
0B7F84DB891A6EE0,rex_attachments/rex_breach
0B80F5ACD893E537,rex_attachments/rex_pgrip_tac_golf28
0B820D2B22554657,rex_attachments/rex_bar_lng_mike4
0B8636F97D2EE2C5,KOREAN_LEGAL/KOREAN_PI_DECLINE_DESCRIPTION
0B875D99EDBC9475,LUA_MENU/rewards
0B8A3D92CA2FFF9B,rex_attachments/rex_laserads_pstl01_desc
0B95846EFC5864B6,HUD/BRADLEY_AMMO_EMPTY
0B9DFD41DCCA5443,vehicles/c130
0BA5B0AF3FA491F7,MENU/HARD
0BA90B89BE2A1077,LUA_MENU/LAP_NUM
0BAE97D6A505D625,CODCASTER/Capture
0BB329938FAACBC7,CAS/WEAPON_AND_LEVEL
0BB372A15608EBB5,rex_attachments/rex_irons_bar_sht_akilo
0BB67054446760C2,menu/inventory
0BBB1C13D620FE64,MENU/Waves
0BC648B46E46FE9C,rex_attachments/rex_bar_hotel45
0BCD246DE7D99A23,weapon/ar_schotel
0BD31B3A2C2BC809,mp_rex_tumen/callout_lion_stadium
0BD72839AC663B35,LUA_MENU_MP/confirm
0BDACF3799E677B8,TOURNAMENT/CANCEL_MESSAGE
0BF50201EC6DCD3F,mp_rex_tumen/callout_jeongloadingdock
0BFA40E6C9D89276,mp_rex_tumen/callout_northfork
0BFCBC07702C9C88,lua_menu/enabled
0BFCFFE35E367D57,MP_FRONTEND_ONLY/CLASSIC_WEAPON_UNLOCK_FAILURE
0C00FE4C9F0E99AB,lua_menu_mp/infect_recipe_desc
0C0DB54AD72ECA0B,AAR/WEAPON
0C12FC991A1D95F3,mp/placeholder_cannot_deposit_leaving
0C1829F82DCFC5F3,CODHQ/files
0C1BF29B0BCC2DC2,vehicles/train
0C205D577659E210,battlepass/rewards_earned
0C20771FC6458C5F,mp_rex_tumen/callout_city_hall_utility_east_wing
0C2A2165189D0FD0,rex_attachments/rex_bipod_barhvy_kilo437_desc
0C337B4EE4222962,MENU/Date
0C388D11664BCC9B,mp_rex_mobility_course/tut_sprint_slide_objective_kbm
0C3AC07CD0B37F9B,MENU/Juliett
0C42838893E462E7,weapon/sh_mike1014
0C4746DBA497226F,rex_attachments/rex_ammo_4x30
0C531C4306912F59,codcaster/spectating
0C550F05C6D398D0,rex_attachments/rex_mag_limax_lrgstock_sp_desc
0C56744F967D3760,mp_rex_mobility_course/current_best_time_leading_zero
0C58C4F3307DF2A1,rex_attachments/rex_rec_akilo_545_desc
0C596D4EE442E0D5,MENU/DAYS
0C71805C88D5C1A4,PERKS/PERK_PACKAGES
0C73D248EB2D61BC,rex_attachments/rex_rec_xar1
0C827F5BA56FD7BC,mp_rex_tumen/callout_skpass
0C854A1F6AC364A5,MENU/SOUND
0C8669FFA73D0E02,LUA_MENU/FILL
0C897C2CE835FE35,MENU/Charm
0C995725935A13E1,OBJECTIVES/COUNTER
0C9F1D131B9610C5,splashes/frontal_cranked_uav_active
0CA07A93FADF9E95,lua_menu/equip
0CB38F1F4337570F,OBJECTIVES/ESCORT
0CB5D61E812C0A29,MP_BR_INGAME/MISSION_REWARD_CASH
0CBC727F143A9751,lua_menu/right_arrow
0CC1993F10DDFFBB,rex_weapon/rex_br_uxray
0CD7AFBCCB8D1148,mp_rex_mobility_course/tut_ladder_slide_objective_ctrl
0CD850654D9372AC,LUA_MENU/WEAPON_SELECT
0CDA7BB19198846C,CHALLENGE/season_ends
0CDE2BDC7B79A6D7,MENU/FREE_TRIAL
0CE67E962E90BBCC,LUA_MENU_MP/custom_weapon_options
0CEC1DDC1AFD0644,BR_RUMBLE/SQUADSCORES
0CF13FDACF722B67,lua_menu_mp/sprint
0CF6DDF3DB94C3C8,MENU/MIL_SIM
0D0282EAD151F3C5,rex_attachments/rex_grip_vert_broken_kilo2
0D063374566C30B8,lua_menu/games_played
0D0A7389F715C4ED,OBJECTIVES/TAG_TRAP
0D0BB73B7E6F3805,options/installed
0D1A9F1B54CF32AA,MP_BR_INGAME/TEAM_WIPED
0D28F1D327CE55CC,cas/edit
0D329D7CBDF5A7C8,store/asset_count
0D33D64BFD26D098,MENU/CDKEY
0D36B70C7093703B,LUA_MENU/DAMAGE_FIVE_GAMES
0D38211C17A14B64,jup_weapon/jup_jp01_ar_golf36
0D3F5257F71E42FF,lua_menu/season1_desc
0D3F6511515E6AAA,LUA_MENU/DUOS
0D40064D53C2F20A,LUA_MENU/14th
0D42FFCB3A404A96,rex_attachments/rex_tacstance_mike4_desc
0D474F5E0798553D,LUA_MENU/SPECTATING_CAPS
0D513AB5CEE549F1,MENU/RANDOM
0D5A463527FE8D00,lua_menu/empty_string
0D5BABDCF6213148,mp_br_ingame/plunder_held_limit_reached
0D60D3CE1C97AE24,MENU/Players
0D66247804F94109,MENU/COLLECTED
0D6858734989F902,REX_GAMETYPES/COUNTEROP_equipment
0D697C0621EA0C74,loot_mp/watch
0D764E3C76FA9B1A,BATTLEPASS/OWNERS
0D7A948FA98DD8F2,LUA_MENU_MP/Create_New
0D86E3E1D4709826,MP_BR_INGAME/WAITING_FOR_DEPLOYMENT
0D8D8C2C4DC568DE,MENU/spanish
0D9D1AF2EE83EA1F,lua_menu/x_and_y
0DA2D81D1CE39064,LUA_MENU/ONE_ATTEMPT_REMAINING
0DB111809289EBB3,LUA_MENU/TASKS
0DB8B9046A80A413,CHALLENGE/COMPLETE
0DC2FD76310B8FC4,KILLSTREAKS_HINTS/INSTRUCTION_sprint
0DC3211635A2FD62,vehicles/hummer
0DC71CC5ED36D9A9,script/door_hint_locked
0DCC31059441BEE8,rex_attachments/rex_bar_lgt_kilo2
0DCC38059441CACD,rex_attachments/rex_bar_lgt_kilo5
0DD3EBBE0FD9B28F,options/motion_reduction_desc
0DDE4665B73B2BF9,mp/waiting_to_spawn
0DE4D3C92D5E76E0,MP/ROUND_KILLCAM
0DE7B3C94B0B0F67,lua_menu/options
0DF4656DB2A92D65,codaccount/login
0DF64161541AE12D,LUA_MENU/COST_FREE
0E0141F987ED7237,PERKS/c4
0E049C40DC850A03,LUA_MENU/UNINSTALL_DLC_DESC
0E12AF477B2C44DE,rex_attachments/rex_drum_spier9
0E1B5C32FCC55A7F,rex_gametypes/counterop_request
0E1CBCAB7DEBB1D6,mp_rex_mobility_course/times_fell
0E227D3B9571EDF5,CODACCOUNT/LOGGING_IN
0E251AC0B0AC7C9B,mp/autobalance_seconds
0E2AA23307CDF629,loot_mp/satchel
0E2E782ED8561FBF,lua_menu/item_favorited
0E31267B9A79176A,LUA_MENU/IDENTITY_EDIT_DESC
0E32DB290C56CCDD,mp_rex_mobility_course/tut_swim_objective_kbm
0E34622811D5D3B8,LUA_MENU/X_OF_Y_XP
0E34AAFEE54B8144,rex_attachments/rex_selectsemi_mpapa7_desc
0E3783E73E700D07,CAS/ATTACHMENT_CHALLENGE
0E37C852D115B419,killstreaks/air_space_too_crowded_area_time
0E3B9446CAF5C3E5,mp/br_loot_cache_locked
0E3BD7321120DFD7,rex_attachments/rex_gripside_ang_desc
0E3CDF48EF3C5DD7,mp_rex_mobility_course/tut_pipe_slide_objective_kbm
0E3D3BEBE41A074C,LUA_MENU/COMBAT_RECORD_TACTICALS
0E3FAE556B2C91EA,rex_attachments/broken_silencer_a
0E48CBDC29D899EF,WZ_FUNCTIONALS/molotov
0E4C007E8C0FAF97,t10_training_course/meatshield_desc
0E755B3F390AE9F8,LUA_MENU/ANNOUNCER_PURCHASE_DESC
0E7631DAE6B7764B,REX_VEHICLES/BOAT_RHIB_ENTER
0E7CD730726E1456,mp_rex_mobility_course/tut_jump_objective
0E8919B5253EFF51,rex_attachments/rex_ammo_556n_hp_desc
0E90EF4C2069CF9D,mp_ingame_only/ammo_restock_on_cooldown
0E99981A968303D0,LUA_MENU/MUNITION_SELECTION_COST_LABEL
0E9B5BF2CFC45559,menu/rules
0EA60C1927B81E6B,lua_menu/stop_text
0EAEE8C30311D67A,mp_ingame_only/last_chance
0EB0E1D79F062A4E,MP_BR_INGAME/JAILBREAK_IMMINENT_DESC
0EB292592353CB38,AAR/ATTACHMENT_UNLOCK_INFO
0EB373F4E4162A47,BATTLEPASS/COMPLETE_ADJACENT_SECTOR
0EB37F313CB9A9B8,rex_attachments/rex_stock_golf28_desc
0EB6F334F97892F7,MP_BR_INGAME/GULAG
0EB7369411036A03,wz_functionals/recon_drone
0EB9014FF3671898,rex_attachments/rex_dmscope02_broken
0EC125040F4F4C6D,lua_menu/leave_party
0EDA0C4D5DCE7AAD,mp_dmz_locks/cache_locked_delta_sewers
0EDEA32199A29F9D,MENU/BENCHMARK
0EE0054A1D72F8F4,MPUI/DEFUSE
0EE374437573B085,MP_BR_INGAME/information
0EEA5CE064375519,LUA_MENU/BLOODTYPE_ANEG
0EF494F5D6AEE95C,OBJECTIVES/bounty
0F03BBAEDACC95AA,rex_attachments/rex_pgrip_mike4
0F10440F479BFD13,rex_gametypes/counterop_decho
0F285A248265B233,rex_attachments/rex_bar_lgt_akilo
0F2C36B15C28DF55,rex_attachments/rex_bar_lng_xar1
0F2C7F1B409FCDAD,MENU/DEV
0F3100175228ABD3,mp/vs
0F35B2D9988F87F2,mp/br_ammo_deny_no_room
0F462069240A8F85,lua_menu/battle_xptoken_equipped
0F485CDE0DA22A94,rex_attachments/rex_stockno_psierra41
0F487A326D92DF30,MP_BR_INGAME/SQUAD_BUYBACK_PROMPT
0F4A64B7780B20E9,rex_attachments/rex_bar_xar1
0F507DEE1C8EA01D,rex_attachments/rex_bar_hvylng_psierra41
0F5FE9E017A9532E,rex_attachments/rex_dynamic_null
0F635E25722D1A9F,LUA_MENU/VIEW_ACHIEVEMENTS
0F66BD93737A0AA6,LUA_MENU/COMMENDATIONS
0F69D046090AA75C,MP/BR_UTILITYBOX
0F6E75EF2396BE8B,rex_attachments/rex_selectsemi_xsm1
0F6EC08DBA2AF010,LUA_MENU/WARZONE_PLAYLIST
0F715907B9936071,sat_ob/prestige_2_unlock_tease
0F734001B1629731,rex_attachments/rex_ammo_68spc_hp_desc
0F77DB2BE6F7AE35,ELDER_PROGRESSION/EMBLEM_CHALLENGE_UPDATE
0F7B43A2030C1CB4,BATTLEPASS/active
0F8619175271164D,MP/OR
0F9191860E8CCAA0,OBJECTIVES/SLASH
0F92006C53084877,LUA_MENU/LAST_5_GAMES
0F9628158CB0EF87,super_mp/tactical_camera_max_team_num
0F997B4BA1C79692,LUA_MENU/WAVE_RATIO
0FA6F5BDC1C9341E,levels/strike_location
0FABCF9C0148EA59,lua_menu/empty_slot
0FBB03F2C6F6A42E,lua_menu/stats
0FC55240978A3F28,equipment/improvised_mine_pickup
0FD8E2E00296DA2E,cas/gold
0FD99BCF7C7EFE06,lua_menu/pause_game
0FDB5829B7D60F73,MP_INGAME_ONLY/LOW_BATTERY
0FE3D8AEA4402420,rex_hints/underhand_hint
0FE725977334F69D,BATTLEPASS/CLAIM_NOW
0FF82291C143375F,GAME/warning
0FFB0AB5E81ABF0E,rex_attachments/rex_stock_hvy_sierrax
10029ED19F213FF3,rex_attachments/rex_selectsemi_uxray
1009D78C4EB7D99C,PLATFORM/RANK
10149C5E2E077A89,loot_mp/ammomod
1016443B6516B451,jup_ob_objectives/leave_warning_1_desc
10171CD192946291,BR_GAMETYPE_BONGO/Timer
1019FFCA317E5F83,objectives/koth_hint
101BB364F8B5B3A8,LUA_MENU/LEAVE_WITH_PARTY
10220E678336A577,rex_attachments/rex_stock_psierra41
102879443C888184,rex_attachments/rex_bolt_hvy
1030D0C14EEA8478,rex_attachments/rex_irons_bar_sht_findia
1033671A148C7C21,AAR/CONTRACT_BONUS
10375E788A1221AE,rex_attachments/rex_ammo_545m_hv_desc
103CDD33EE51A5E5,rex_attachments/rex_nvgads_disable_desc
1052EECFD628C5EC,MENU/create_server
10586375886159FF,rex_attachments/rex_guard_tac_bmike3
105B538031580B6D,INPUT/ALT1
106C57CD256F8AF0,rex_attachments/rex_ironsdefault_akilo
1073DA739DFE019A,clans/edit_clan_tag
107591E9A0F610D2,rex_attachments/rex_stock_ass_akilo
1076346F230816F7,MENU/VERIFY
107CB1E906F3FA05,rex_attachments/rex_bipod_tango73_desc
10878B026F0D51D9,rex_attachments/rex_stock_xsm1
1088492FC5A41F16,KILLSTREAKS_HINTS/INSTRUCTION_DESCEND
108C378F1EEA4B41,rex_attachments/rex_grip_vert
108F445064B4D177,MENU/STANDARD
1091A26780F5DC47,splashes/havoc_third_person
10A1756A1DA98D5D,rex_attachments/rex_bar_hvylng_kilo2
10A2159140EAF2EB,lua_menu_mp/deathmatch_recipe_name
10A23DC5FC381E49,menu/dpad_desc
10B13F66BD43D858,lua_menu_zm/play_audio
10B589E3B49B077C,options/gr_veh_auto_forward_desc
10BD2DE9862EDD6C,codcaster/caps
10C38F1747508A42,LUA_MENU/9TH
10CA66F929CC4E73,CHALLENGE/RECRUIT_A_FRIEND
10CCB9EBF662E2F9,challenge/community
10CDF60C5187C4A7,rex_attachments/rex_xmag_sierrax
10D20F7F8474B198,mp_rex_mobility_course/callout_overlook
10D379CBA7A841F0,mp/br_quantity_dollar_prefix
10DD84C2DC1EB2F0,mp_br_ingame/interrogation_in_progress
10DF24FDAC82B9AC,LUA_MENU/cdl_channel
10EFE1D919AD5F9F,rex_vehicles/sedan2009_enter
10F1070C57B49736,mp/br_gasmask
10FCD2A96BF91CA5,jup_ob_objectives/leave_warning_5_desc
10FD719A3471E712,lua_menu/5
110BD84E0A5921C2,MENU/change
110C568B4198708A,TOURNAMENT/SEMI_FINALISTS
1112E5BE288D44D3,mp_patch/destroy_ti
1117BE8AEDDBCA0F,mp/charging
1117FC6EFF4AA99F,lua_menu_mp/siege_recipe_desc
1119D1D8BAD3123B,lua_menu/weaptype_single_dmr
111A42B3B7868280,LUA_MENU/Unequip
1121DFC69982E77C,lua_menu/deaths
112B5093D2AFAA44,options/minimal
112DEB1F24BFDD13,pmc_s4/place_ir_beacon
11390E77D24A3FA6,TRIALEVENT/SILVER_CAPS
1143D47442F9568F,options/tou
1145194B22DD96E7,options/hdr_desc
114AD4C64EFB6CA8,platform_ui/fov_desc
114CE3EC6F27DC0F,LUA_MENU/SPLITSCREEN_PARTY_NOTALLOWED_WARNING
1150D3C0BD887D51,rank/wof_full
115E011502E9810D,BATTLEPASS/OPERATOR_CHALLENGE_UNLOCK_MESSAGE
116210CB566BBBCB,mp/win_by_two
11629578A8B80F00,objectives/havoc_hint
116D9D5DBBA2EF91,ONLINE/EXIT_PARTY_CROSSPLAY_DISABLED
1170EE506B8B94F7,options/input
117390A91D4C6D66,mp/br_new_circle
117BA3515F26299E,LUA_MENU_MP/REALISM_GAME_TYPE
1187DBB10749A5BA,rex_weapon/rex_pi_decho
118BF2DCDE262262,LUA_MENU_MP/DAILY_LOGIN_BONUS
11938572DB5DFF58,mp/ascender_blocked_jugg
11A59CC1F0C077E3,LUA_MENU/Details
11AA4EFB9600ADE0,PERKS/semtex
11AAC069485E4D1D,mp/br_bunkerbuster
11B737718629AE74,BATTLEPASS/BATTLE_PASS_OWNER
11BA17C2DAB34C3B,mp/final_round
11BDB2D0E9134AC9,splashes/br_airdrop_incoming
11BEF259C3F6382F,MP_BR_INGAME/INFIL_CONTROLS_SKYDIVE_DETATCHED_DEPLOY_CHUTE
11C787D2D1286084,mp_rex_tumen/callout_ando_wharf
11CD52C6AC32CFA8,LUA_MENU/TIMER
11CE72CB90AD14D9,AAR/MATCH_XP
11D12FA5CAD40B8A,LUA_MENU/KILLCAM_CAPS
11D242A4AE58CC0F,splashes/havoc_lucky_killstreak
11DBFE5C82E14885,mp/br_flash
11DEFA37B5ABC0F1,rex_attachments/rex_bar_akilo_broken
11DF6CA4CCD1B164,LUA_MENU_MP/APACHE_TIME_REMAINING
11E29F8E7F9FBF42,rex_attachments/rex_bar_tango73
11E8F1942651E2D2,BATTLEPASS/battle_pass_token
11ED143947CE721B,CAS/Swap
11F2F03F1A8F022D,mp_rex_tumen/callout_deadtown
11FF59F5E6C06E28,GAME/VOTE_MAP
12066980E92AAF37,LUA_MENU/DESC_OPTIONS
1206F5C3E365E011,LUA_MENU/REDEPLOY
120A54C20885C9D1,lua_menu_mp/cyber_recipe_desc
123389F25998168A,lua_menu/plunder_training_desc
123E28830BF0BFB7,battlepass/inactive
1243D72EEEA5B522,splashes/br_fulton_device_placed
124519E7D78C6D3A,KOREAN_LEGAL/KOREAN_PIO_DECLINE_TITLE
12470BBD77476021,vehicles/train_box_car
124B8BCA2589CDED,rex_attachments/rex_snscope01_desc
124BCFE54E7D7054,dmz/recruit
125130F90790CF8E,rex_attachments/rex_stock_hvy_akilo
125392D059DDD28F,MENU/Total_Time_Spent
12567E6A6F5075A4,lua_menu/private_match
1258032827AF331C,VEHICLES/LOW_BATTERY
1261CA534215E819,mp_rex_tumen/callout_mainroom
126B2D5D08F1F708,rex_attachments/rex_cal_tuning_pump_bmike3_desc
126BF320687DE694,VEHICLES/TOGGLE_OFF_TRACK_NAME
1276F40C3478A9E1,lua_menu/exclusive
1279F8AB362B7A3C,CODACCOUNT/TFA_HAVING_ISSUES
127A1303280AED77,rex_attachments/rex_scope_reload_moscar
1281C590C551B663,HUD/Live_Ping
12888D50560A9844,challenge/reticle
128DC84FB0382495,mp_br_ingame/circle_peek_limit
1294A0C7E32DD42E,LUA_MENU/BLOODTYPE_BPOS
1295178790E21C0D,coop_game_play/cant_drop_weapon_while_swimming
129554D48B4F3368,codaccount/signup_for_emails
129C4D80D7BBF29D,options/ping_wheel
129FFF9134B776BB,mp_dmz_locks/cache_locked_delta_oldmuseum
12AE79034A1206D8,LUA_MENU/DAYS_HOURS_MINUTES_SECONDS
12B0610023C2813C,rex_attachments/rex_pgrip_aim_akilo
12B1397A08DF460F,LUA_MENU/STREAK_REPLACE_TITLE
12BE8E4B5D46A8D0,menu/social_whisper
12C0D9C28085D168,equipment/frag_br
12C7FFED561A3140,rex_killstreaks/air_lockdown
12E008C6FA38BCEC,shared_hintstrings/hint_buy
12E4744EECF267F8,NETWORK/DCQOSFAILEDWARNING
12E5F78BE849D833,weapon/lm_slima
12E658FFE1E60573,rex_attachments/rex_stock_xsm1_desc
12EF723C8B943F91,WEAPON/FHR
12F20EE7E35B5200,rex_attachments/rex_flash_sierrax
13086ED04CF00FF9,CODACCOUNT/ACTIVISION_ID
1309F51CB186611F,presence/lp_koth
130BDAFE605FFDFA,LUA_MENU/SCORE_WITH_VALUE
1310168B16787E3B,mp/round_winning
1314888B45894EB4,MENU/LAST_PLAYED
1314EF228082CD33,MP_BR_INGAME/KIOSK_ITEM_REDEPLOY_DESC
131827F993B6D2B8,lua_menu_mp/hq_desc
131A3CFF3FD21DD8,rex_attachments/rex_gripside_vert_tango73
131C1BD9047BCAF9,lua_menu/weaptype_single_smg
134103B09BED0E3B,mp/hostile_soldier
1342C51C2A467B51,LUA_MENU/PROMOTE
134520B8196A1651,rex_attachments/rex_minireddot01_desc
13455DEA2773C070,menu/delta
1348297C0594D430,rex_attachments/rex_ironsdefault_mike4
134B8FD21F1E39AC,challenge/operator
13521CD8E264F8B7,splashes/emp_defused_desc
135E6BA9C30688A0,weapon/sh_mbravo
1365EF9264A8CC0B,rex_attachments/rex_ammo_762r_desc
136E9A2A6F720D65,mp_rex_tumen/callout_southeastfork
1370B9CEE8DE9341,MENU/CONGRATULATIONS
137E43BC1B3C6039,rex_weapon/rex_lm_sierrax
1385A677DF8A0AC1,killstreaks/cannot_be_placed
138CC733B70E7B5E,AAR/CHALLENGE_reward
13905569C565CB4B,rex_attachments/rex_xmag_spier9
13928F1ECE535E5F,STORE/COD_MERCH_SHOP
13956F54E845F7DE,menu/exit
139720E403E0F4F2,mp/br_weapon_deny_already_have
139ACAF2CA804B4D,lua_menu/accept_localized
139C8F1911966AFD,zodiac_gameplay/use_lift
139E1498BF5C7916,weapon/fists
13A18FF2DA2AAA82,CHALLENGE/crouch
13AB1488AA2C51BF,rex_attachments/rex_ammo_762n_desc
13AB30066D397C0E,codcaster/team2_settings
13B0B0EE8C5857D3,rex_attachments/rex_sil_hvy_decho
13B0F2DF71DC34BF,rex_attachments/rex_mag_mike4_pdw
13BAEE7B02821674,challenge/seasonal
13BE1AC726163DAC,lua_menu_mp/hardpoint_hc
13CE52D72A3F209B,LUA_MENU/GAMEMODE_PLUNDER
13D5430221F50DA8,rex_attachments/rex_dmscope_therm01_desc
13DE7DE0C6E455AF,LUA_MENU/FIELD_UPGRADES
13E2BA5E33C48623,sp_rex_meltdown/platform_jump
13E7849F7739664F,HUD/West
13EE665E759BF27D,killstreaks/destroyed_abv
13F1854F06AFC504,lua_menu/keyboard_and_mouse
13F884854D3D32B9,BATTLEPASS/COMPLETE
13FA21BFA8C3D554,LUA_MENU/TITLE_EQUIPMENT
13FDB70668AFDB5E,lua_menu/equipped
14001E7BD10C7068,operators/operator_selected
1400D6E6DDB13E4D,OBJECTIVES/trial
140569BDC0B15C00,lua_menu/not_enough_space
1406C197CAC2DE8B,OBJECTIVES/Refill
1410CEAE1C183C95,BATTLEPASS/FREE_gun
1423B8E9DCC1C010,vehicles/cannot_exit
142D68DBE1354228,challenge/warzone
1435331AFA7F06BD,MENU/RED
14418BF52814C8A6,rex_attachments/rex_ammo_762n_hp_desc
144D727F537098E9,rex_attachments/rex_rec_kilo437_desc
14519D96787418BD,menu/mode
1452304581F9C807,rex_attachments/rex_stock_hvy_limax
14556F93AA0105DA,options/video_mode
1456E76CF77BAF2D,LUA_MENU/Unblock
14593AD69F0CB5CA,LUA_MENU_MP/COUNTDOWN
145BD21AA3598194,lua_menu/store_desc
145E91DFF8972654,SPLASHES/cranked
1462DBBDCC4B2DE4,lua_menu_mp/days
147399967890F857,MENU/more
1480A996789B9DE3,MENU/Move
149597CF5947EAB7,playlist/counter
14A02B9B9A7379FB,VEHICLES_HINTS/FORKLIFT_ENTER
14A6BE149BD57838,codcaster/stats_objective
14A70C4F34DB2962,loot_mp/decal
14AC83036B9B75CB,AAR/combat
14AEEC1760768689,mp_dmz_missions/pick_lock
14BAA1E37966FBE4,mpui/none
14BE314D57AC6DDD,LUA_MENU/15TH
14C6109AE207E768,lua_menu_mp/pos_counter
14C8873A4FBC399B,LUA_MENU/KILL_COUNT
14C9B44CC1F1C2BE,rex_weapon/rex_br_asierra12
14CF72F5F7C87DBF,CODCASTER/SECURING
14D18BFB42FE1F34,rex_gametypes/counterop_xar1
14D662D9786A1946,MPUI/ping
14D7D734729CB22F,KILLSTREAKS_HINTS/INSTRUCTION_LEAN_out
14D86D47C3AC1383,MP_BR_INGAME/KEYPAD_CONTROL_NAVIGATE
14DB99A9A3969F45,equipment_hints/support_box_use
14DDDF8602A2217C,REX_attachments/rex_sil_tac
14E2BDF5E157DD2F,rex_vehicles/boat_armor_enter
14E35C523FAC993F,lua_menu/none_caps
14E82F4987CEB860,mp_rex_mobility_course/tut_ladder_objective_01
14F3612C6BA90102,SOCIAL/PARTY_CODE
14FD028AEC9A72A4,objectives/koth_score
1500C06435D55D5A,rex_attachments/rex_bolt_svictor98
1505F7E8B037D8A2,jup_ob_objectives/leave_warning_2_desc
15073E676CDC1575,rex_attachments/rex_pgrip_akilo_545
1507F290B0E39B95,script/door_hint_close
150A115D57C5C7E2,mp/br_equip_deny_plate_carrier_less
150F5D8016331A32,MENU/Unlock
15161F4BE47C0DC2,splashes/br_pe_choppers_start
151F6BA802A6C864,LUA_MENU/PLAY_TUTORIAL
152C1C8B1EA6F1FD,LUA_MENU/RESULTS_CAPS
1537E73C0E29F7A3,killstreaks/jugg_cannot_become
154DEFB452672EF9,HUD/SOUTH
1554143102C277AC,mp_rex_mobility_course/tut_pipe_slide_objective_ctrl
155D3BCDCC0F11ED,rex_attachments/rex_pgrip_tango73_desc
156198EFCE8DC785,rex_attachments/rex_drum_kilo437_desc
1563A1C6F227C4B6,lua_menu/september
156610DF75B058F6,rex_attachments/rex_selectsemi_asierra12_desc
156BD7DFC98196F3,mp/team_7_name
156D679648ECD670,LUA_MENU_MP/PLAY_AGAIN_SQUAD_CONFIRM_MESSAGE
157523A8F68C1831,MENU/Tm
157711F150B03201,MP_INGAME_ONLY/DZ_NEXT_IN
157C60F953BF28AF,rank/cwo3_full
157E8674006E0A06,LUA_MENU_MP/ASSAULT
1582E0831BC08C41,mp/change_class_next_spawn
158334A8F6987270,MENU/PB
158B246F7CFDAFFC,TOURNAMENT/MAX_PARTY_WARNING
159192A44399DCB4,LUA_MENU/NEXT_PAGE
159DBD3145D4489D,lua_menu/modes
15AA4A185820057D,TRIALEVENT/PREVIEW_REWARD
15B4E579A6A4E3BD,LUA_MENU/CINEMATICS
15BA65FB6319FB3D,killstreaks/ready
15C021A8F6CC0045,MENU/no
15C2E89BEAEC8F2A,lua_menu/social_lowercase
15C33DA8F6CE65B0,MENU/OK
15C342A8F6CE6E2F,menu/on
15C83A2C30D22FE7,PLATFORM/RIGHT_STICK
15C8C445E2B1CD06,lua_menu_mp/playlist_select
15C8C9CEB5140A3E,social/inspect
15CAE135DAB79378,menu/report_exploiting
15CEE78B87F68DA9,rex_attachments/rex_scope_reload_moscar_desc
15D0551508536D7C,MENU/YOUR_RANK
15DFC0C9FB29B58E,mp/spawn_flag_wait
15E30559895BF321,BATTLEPASS/PREVIEW_PROMPT
15E7F73ED6B5FDBB,rex_attachments/rex_bar_mike4
15EBBEB3527500C9,options/ping_wheel_delay
1600A52FB88734EA,mp_rex_mobility_course/tut_supine_slide_objective_ctrl
1607A82D35DD16A0,LUA_MENU/BIO_toggle
1609F3B145C26DE2,CGAME/VICTIM
160B3ED2DFBBBBBB,LUA_MENU/UNINSTALL_PACK_DESC
160D01E08E207896,loot_mp/placeholder
160D2DDB42BC6F9F,rex_attachments/rex_pgrip_hotel45_desc
16137ED3B231490D,rex_attachments/rex_stock_ass_kilo437
161EAC419EE7A3DA,rex_attachments/rex_rec_golf28_auto
1621353DCC658965,PATCH_MENU/MATCHRULES_DEFAULT
162DACD290BFDC52,lua_menu_mp/grind_recipe_desc
163322DD94B2E2EE,MENU/END_GAME
16377B51CEFBBD2F,PLATFORM/MELEE_EXECUTION
16431650AC4D90E4,PLATFORM/FOLLOW_LOADING
164332C6C0339C56,battlepass/rewards_count
164878DA91C0745E,MPUI/WINNING_CAPS
164E6E0E7ACCF493,aar/max
164F36A8F745DC3A,MENU/4X
165632A8F74BF41C,MENU/2x
1656EE04FAFFD06D,br_elite_broken_arrow/locate_tri
165CD1B328527CC8,cp_intel_iw9/pickup_intel
166EB4A9BF3CF758,PERKS/FOCUS
1672BD0E79605097,vehicles/seat_switch_occupied
16753DCC06189C29,rex_attachments/rex_ironsdefault_xsm1
167CB6079B5693E7,rex_attachments/rex_mag_mike4_desc
168EC0EF5EAAC32B,CODACCOUNT/MARKETING_OPT_IN_ALT_DE_PT
1690D53D83513305,options/auto_mount_toggle
169616E058817D85,CAS/CAMO_UNLOCK
169863EE11DF2F17,rex_attachments/rex_rec_findia
1699F346DA4C2DB4,REX_VEHICLES/JLTV
16AB3D175C68B265,rex_attachments/rex_rec_limax
16AE4D90B1E61731,rex_attachments/rex_flash
16AFDD35CDA63CEF,cas/unique
16BC5035A04C6B7C,cas/cosmetics
16C0E65B93C23960,LEVELS_JUP/SP_JUP_SURGE
16C33BD302681FB3,TOURNAMENT/SIGN_UP_NO_COST
16D4A4F29DF53857,GAME/dead
16DB996280EA33E8,TOURNAMENT/MATCHMAKING_STARTS_IN
16DE5F8F5E8916DB,rex_attachments/rex_ironsdefault_moscar
16DF1B80819040FB,PERKS/TAC_RESIST
16E24F47B69C1763,MENU/SECONDS
16F1150CEA645E38,rex_attachments/rex_trig_kilo5
16F14D32D0B5B4D2,BATTLEPASS/SEASON_X_BATTLEPASS
16FB144FA8CC763C,SPLASHES/Defuse
16FC14FAC28D0AE4,rex_attachments/rex_xmag_decho_desc
1701C39B1498BB22,rex_attachments/rex_ub_sh_std
170BBB4ED68B6981,options/ads_plus_melee
171EFF6EFB4E1D58,MP_BR_INGAME/RESPAWN_PLUNDER_SPLASH_DESC
171FB8FDC76E6E46,menu/party_privacy_closed
17319FE70C971938,ELDER_PROGRESSION/PROGRESS
1739D4B43A946F1F,TRIALEVENT/MAIN_MENU_BUTTON_DESC
173A3F944C6698D0,AAR/UNLOCKS
174675F6AD8BFDEE,MP_BR_INGAME/ITEM_TYPE_valuable
175111A5F923EF25,MENU/Wicked
175C1132B9A92894,MENU/Vote_No
17607C7E51E1262F,menu/current
17718E5D38D6C38B,battlepass/last_chance
17751701080C9EAB,BATTLEPASS/ITEM_NOT_AVAILABLE
1779E87D17DDE4C9,game/get_to_cover
1782E20CE9BE21D1,lua_menu/theater_title
178E2270F1E6F3EE,mp/door_barricade_already_locked
178FAB0FA0A30D80,options/press
17941898FAA4D89C,splashes/havoc_equip_mayhem
1797D507580CE9EB,battlepass/battlepass_premium
179D6CD33FE93F09,killstreaks_hints/rcd_radar
17A0F2C7119FDDDE,LUA_MENU/UPSELL_PURCHASE_DISBAND_DISCLAIMER
17A67E8FF9040296,mp_rex_mobility_course/tut_dolphin_dive_objective_kbm
17A772F94A848182,attachments/empty
17AA379A8C09739A,PRESENCE/WAR
17AB2B3A5EB34484,LUA_MENU/DONT_FILL
17AB85FAF0361940,CODACCOUNT/PRIVACY_POLICY_LINK
17AC84B2739A2083,rex_attachments/rex_smag_psierra41
17B142FC886DCFD5,lua_menu_mobile/customize_name
17B3078AB2D9778D,splashes/br_pe_jailbreak_incoming
17B9493AC9A3F2B4,mp_br_ingame/reward_icon_name_recon
17BC55CB89088758,MENU/your_network_settings
17C945F5D4525377,rex_attachments/rex_selectsemi_psierra41_desc
17CCE42F67A0E038,mp/br_pickup_item_max_limit
17D456822F28EEF2,BATTLEPASS/blueprints
17DAD38031A04387,channels/loading_hint
17DAECB1192128C0,rex_attachments/rex_bar_lng_xsm1
17EF6082ED2EDAB8,MENU/MARKSMAN
17F70EADAB325C12,cp_zmb/ping_trap
180895DD1249A12D,lua_menu_zm/play_text
180EE50D369E454E,codcaster/playernameplates
1818D5FCF1D99F66,AAR/support
181C437A2FBDF05B,MENU/in_view
1820A413662601D8,lua_menu/korea_over_indulgence_description
1824C515A87D8267,MP_BR_INGAME/REDEPLOYMENT
1826AAE6DBBBF202,sat_killstreaks/directional_uav
1828A9DF2842C2DD,LUA_MENU_MP/SPLITSCREEN_MULTIPLE_UNSUPPORTED_MODES
182F550D14AAB62D,mp_br_ingame/eliminated
183015C6936E32D2,rex_attachments/rex_bar_bmike3
1830B89156ABF32F,mp_rex_mobility_course/tut_combat_roll_objective_kbm
1844F4DFB58429C3,CAS/PRO
1846774FC7C36C1F,SCRIPT/MG_50CAL_EXIT
1849FAB020048647,rex_attachments/rex_flash_e_desc
186921F46663C429,LUA_MENU/PURCHASE_MW
186929D0FF4B6624,BATTLEPASS/LOCKED_INCOMPLETE_WITH_BATTLEPASS
18698DDAA8D01301,options/fl_veh_move_backward_desc
186BCE0CFE5E21D0,BATTLEPASS/VIP_REWARD_2
186BD10CFE5E26E9,BATTLEPASS/VIP_REWARD_1
186D08A376B84D92,rex_attachments/rex_rec_xar1_auto
187CE45EEFAFD65D,rex_attachments/rex_rec_tango73_topload
188502323E413078,CHALLENGE/activate_mission
1885A57997891E44,seasonal_event/unit_count
18898C7E87CA9430,MENU/NEAR
188A1B8DA8C19C83,MENU/Range
1894B8E372E10D6A,EQUIPMENT/EQUIPPED
189BFC60015A9D00,br_gametype_gun_game/togo_0
189CDDA8D229F1F2,killstreaks/uav
18A5901AC74F83FD,MENU/MISSION_SELECT
18A8147686499119,rex_attachments/rex_pgrip_xsm1_desc
18B5F429940BDB55,rex_attachments/rex_pgrip_aim_limax
18B7B351C491EE0D,CODCASTER/Fixed
18BFF450EAD4F613,PLATFORM_UI/SHADER_FRONTEND_PRELOAD_SKIP
18C1C8EAD865D7D9,rex_attachments/rex_rec_pmike63_desc
18C4068EACBDE6B6,mp/br_plate_carrier_3
18C4078EACBDE869,mp/br_plate_carrier_2
18C7C4FAC146E020,lua_menu/edit_operator
18CA2F369A1D0587,rex_attachments/rex_stockr_bmike3
18D632592DA7DDC8,LUA_MENU/KD_RATIO
18E03D62EA759715,vehicles/cougar
18E04D1CD8CD3917,EQUIPMENT/geiger_counter
18E4600DF6BC122C,rex_attachments/rex_dmscope_vz01
18F6DD8FAF3BFC55,DMZ_FOB/STAGE_LEVEL
18F6ECEA0234B5A2,WEAPON/ENTER_PREVIEW_MODE
18F9A90E07915A8D,CODCASTER/COLUMN_KILLS_DEATHS
18F9C0161A6C4899,LUA_MENU_MP/YOUR_SQUAD
190234367BEA4ADE,mp_br_ingame/mission_ITEMS
1904660E9798DD2B,MP_BR_INGAME/WAITING_FOR_LOBBY_TO_FILL_X_OF_X
1905E03005927C0F,CAS/ATTACHMENT_VARIANT
19090DE6659A41F4,presence/counter
190FCA74E07168EB,rex_attachments/rex_stock_lgt_kilo437
191C6FF92441164D,mp_br_ingame/contract_recon_secure
191E4FFCE34EBA6D,TOURNAMENT/BAN_TIMER_MESSAGE
192195C833001E8A,rex_weapon/rex_pi_decho_desc
19280E25C49C6723,rex_attachments/rex_ironsdefault_pmike63
192DF5DAFCB533BB,CAS/REPLACE_LOADOUT
194F883A8D3FEABB,lua_menu_mp/conf_hc
1953A2203EA6482F,LOADOUT/DUPLICATE_LOADOUT
195F6869A4F3B792,mp/tac_insert_cannot_place
1960B68E3AE23327,levels_jup/sp_jup_vip_desc
196354604C164652,rex_attachments/rex_mag_limax_sp
196B1FDFBA662E63,lua_menu/friend_request_accepted
196E693863A8ACAC,rex_attachments/rex_xmag_akilo_545
19759E15DC2B65DB,options/fl_veh_auto_forward_desc
1975AF93F8D8FBE5,CAS/SWAP_TO
1979695F2210478E,LUA_MENU/TRIALS_DESC
1981C73B6879D430,levels/gunship_location
19852AAC6437F4BC,rex_attachments/rex_ironsdefault_sierrax
198FF0D87D418205,AAR/AFTER_ACTION_REPORT
19974607FD64112B,mp/emp_pickup_use
199961CC7C6878F5,CODACCOUNT/ASSOCIATED_EMAIL
199A3D2CB9537CBA,SCRIPT/MG_50CAL
199E1945AF26ECAB,mp_rex_tumen/callout_reactor2
199E1A45AF26EE5E,mp_rex_tumen/callout_reactor1
19A87F16854E8FBD,MP_BR_INGAME/RISK_TOKENS_AMOUNT_LOST
19AB5EB6475036D2,perks/none
19AD5870AC0EB5A9,rex_attachments/rex_stock_psierra41_desc
19B9D02A0F0D5C09,LUA_MENU/WAVE_2_TIME
19C06D4C475E4A09,options/short
19C886C22D0CB2BE,LUA_MENU/LOSS_PERCENT
19CB33F4973A5667,options/fl_veh_horn_desc
19CC2873F086CBE4,rex_killstreaks/railgun
19CE6CDEDA877D6C,MENU/MULTIPLAYER_MISSION_SELECT
19D057FC26E864D3,script/intelligence_percent
19D0A31613F10E5B,rex_attachments/rex_flashlgt_pstl01
19E0FA6C9AB61727,EXE/ONLINE_PERM_BAN_PLAYER_NO_NAME
19E63EDE1719F700,MPUI/TRIAL_BEST_SCORE
19F27934F9EB63BD,MPUI/REMOVE_PLAYERS_FILTERED_DESC
19FB3355DF8CB57E,mpui/targeted
19FCAEAA386B36B4,LUA_MENU/CDL_RULES_EFFECT
1A0B99E18AF52360,rex_attachments/rex_irons_tango73_topload
1A155DE722C18B7E,battlepass/black_cell
1A1954C54F3E86E8,t10_training_course/enter_station_hint
1A1BC7355E1A4F77,LUA_MENU/FILTER_CAPS
1A1F0F2B0A6104BC,rex_attachments/rex_bar_hvy_bmike3
1A2396C50B6F43C4,LUA_MENU/SCORE_FIVE_GAMES
1A271F8D12786F82,LUA_MENU/MAX_RANK
1A290D41C3B1A196,options/full_name
1A29CB5DDAB91748,rex_attachments/rex_ammo_68spc_op_desc
1A2E7AB04B2EDF3A,rex_weapon/rex_pi_hotel45_desc
1A2EABDF4FAAF932,LUA_MENU_MP/KILLSTREAK_EXE
1A32367C74651374,lua_menu/scores
1A33F899E51B95AB,rex_attachments/rex_akimbo_kilo5
1A3C3508A0CEDFF7,splashes/br_pe_doublexp_start
1A3CA2B279390516,LUA_MENU/RADIAL_CUSTOMIZATION
1A3CBF7BD89B09D7,rex_attachments/rex_holo_therm01
1A48DB68770FAE34,weapon/sh_oscar12
1A5197E422EF0A7F,BATTLEPASS/CLAIMED
1A6532E82712B768,mp/team_8_name
1A66AFE423018F51,BATTLEPASS/CLAIM_x
1A67EE0AD58F3395,AAR/EMBLEM
1A6B28C99CD98B54,mp/br_already_holding_weapon
1A6CACC15CCF26C0,killstreaks/scrambler_drone
1A6F534B054E6220,rex_attachments/rex_bar_decho_desc
1A738B4649527664,LUA_MENU/PURCHASE
1A74D1B49D457484,mp_rex_mobility_course/tut_combat_roll_objective_ctrl
1A7E2B02C63591EF,rex_attachments/rex_rec_akilo_545
1A90B48F5D9D3025,LUA_MENU/COMBAT_RECORD_LETHALS
1A91EC72767EF08E,br_elite_broken_arrow/protect_tri
1A971F0C71E5DAB3,rex_attachments/rex_stock_tango73_desc
1A98A0924633D67C,weapon/ar_akilo47
1A9A17F125266EF3,CHALLENGE/GUN_UNLOCK
1A9B670A3A1373A4,LUA_MENU_MP/RISK
1AB1BCD6294FE687,CHALLENGE/PMC_HYDRO_SHOTGUN_AI_DETAIL_DESC
1AB1FC070F36DF0A,BATTLEPASS/TIER_UP
1AB58A3C8FBB50BE,WEAPON/emc
1AC1A6A69A32C370,MENU/Awards
1AC6C131F503C758,coop_game_play/server_shut_down_warning_minutes
1ACA1101B94CFBC5,LUA_MENU/X_NL_RESERVED
1ADBCEDEB1A1E510,rex_attachments/rex_drum_xar1
1AE58918B7B11C1A,LUA_MENU/FPS
1AF0EE608C6368B9,battlepass/page_complete
1AF3D36982AC3A34,LUA_MENU_MP/QUICK_PLAY_FILTER
1AF50C17628E3183,REX_attachments/rex_sil_svictor98
1AF775FD0DC97609,mp_rex_tumen/callout_harbor
1AFB9ED0CF9D5BEA,MP_BR_INGAME/SELF_REVIVE_RESPAWN
1B06B4AECB25274D,MP_BR_INGAME/DEFEAT_SPLASH_TITLE
1B0AA38AA964671A,rex_attachments/rex_mag_kilo437_desc
1B0D41E46A54A6F0,lua_menu_mp/frontline
1B13E6056053E21D,LEVELS/URZIKSTAN
1B299408793A0ED8,presence/mp_rex_silkworm
1B2F905B398A3068,MP_BR_INGAME/MAP_HINT_KEYPAD
1B33491788608D20,rex_attachments/rex_comp_hoz_a
1B334B1788609086,rex_attachments/rex_comp_hoz_c
1B334C1788609239,rex_attachments/rex_comp_hoz_b
1B334D17886093EC,rex_attachments/rex_comp_hoz_e
1B334F1788609752,rex_attachments/rex_comp_hoz_g
1B33501788609905,rex_attachments/rex_comp_hoz_f
1B33511788609AB8,rex_attachments/rex_comp_hoz_i
1B33521788609C6B,rex_attachments/rex_comp_hoz_h
1B33EFD271EC4C17,mp_dmz_locks/cache_locked_hydro_island_room
1B3BBA174DC21035,LUA_MENU/8TH
1B4F1925CC72FEED,rex_attachments/rex_ammo_545m_op_desc
1B517A02D0B2114F,PLATFORM/TU_REQUIRED
1B5E8BCBBFDC7758,rex_attachments/rex_ironsdefault_xar1
1B60B3BDFBAB2A69,rex_weapon/rex_lm_microgun_desc
1B7529D72109167A,levels_jup/cp_jup_chemical_desc
1B789DE66886A942,LUA_MENU_PC/DESC_IGR_XP_BONUS_TIP
1B78F086335E7B3A,TOURNAMENT/CURRENT_SCORE
1B8DC89B733DD16A,mp/cannot_deposit_no_cash
1BA4F6AF95A1E12A,mp_dmz_locks/cache_locked_delta_stables
1BA6DD00636B607B,KILLSTREAKS_HINTS/INSTRUCTION_BOOST
1BB668075461F5AB,social/private_player
1BB827B95128990E,CHALLENGE/TOGGLE_CHALLENGE
1BBFC8579A237D54,splashes/blank
1BC1441DE2613ABC,MP_BR_INGAME/Rescue
1BC97FB86691CA48,MP_BR_INGAME/GULAG_PREPARE_TO_FIGHT
1BC9C92D2FFA41E6,rank/ltc_full
1BCE461AFE7F2180,menu/ssd
1BE32344C4CD008A,MENU/AUTOAIM
1BF546C80D2121F2,lua_menu_mp/benchmark
1BFA2E8C7A802479,seasonal_event/leaderboard
1BFE6A1AFEA8826E,MENU/SET
1C06B1431C2FE917,mp_rex_tumen/callout_mamitrain
1C16F57305109853,lua_menu_mp/grnd_recipe_name
1C1DDADA2837FEDB,lua_menu/account_xp
1C2608D64ED22420,PLAYLIST/OB
1C2E3036F7ABE7E7,dmz/price
1C2EEE31324A2588,levels/strike_desc
1C2FFEF21CDBECA9,CAS/SWAP_ATTACHMENT
1C4DA1729E5ECE49,CHALLENGE_MENUS/SEASON_X_OF_Y
1C51A326BE0E51F6,lua_menu/events
1C5B47BF269A32C6,LUA_MENU/ANNOUNCER_USE
1C5EF9128049F2FC,rex_attachments/rex_bar_sht_bmike3
1C659DB17F4FFCD4,rex_attachments/rex_fourx_therm02_desc
1C66C63C14B9354D,info_popups/enemy_down_title
1C68F725B6F7E037,lua_menu_mp/rescue_recipe_desc
1C6BF18CB9277CC0,LUA_MENU_CP/PLAYLISTS
1C726EE23BCDFF08,lua_menu/check_it_out
1C72CD2AFDC140E2,rex_vehicles/sedan2020_enter
1C7749CB8B1916D3,rex_attachments/rex_ammo_50b_op_desc
1C7A1F7C26A16FBB,lua_menu_mp/crates_count
1C9F9357AE7AF797,mp_dmz_locks/cache_locked_end_runway
1CA102BD7FD1581D,AAR/PURCHASES
1CA5040B1810A053,INTEL_MP/MEDALS_GENERIC_DESC
1CAAC79D615926DB,ai/enemy
1CBC9F9C9B733246,VEHICLES/EQUIPPED_SKIN1
1CCC195DEE7600CA,rex_attachments/rex_stock_mike4_pdw
1CCE457CEBD60029,rex_attachments/rex_bayonet_moscar
1CD9DFA51D5AA0E4,MENU/NV_Radial
1CE859963557DA79,MENU/MAPS
1CEEE7DB3E04E2C1,PLATFORM/GO_TO_BLIZZARD_ACCOUNT_SETTINGS
1CEF5B0A8C2F6CB3,vehicles/atv_desc
1CF4D24487708391,LUA_MENU/24TH
1CFB824ADDBD1D43,rex_attachments/rex_snscope01_limax
1CFE3B1855B4FE20,LUA_MENU_MP/BRJUGG
1CFF589B958C7300,mp/esc_wait_to_kick
1D0E5003600FF3C0,codcaster/stats_damage
1D0E869550359F75,options/short_delay
1D14130766EFC1E9,MP_BR_INGAME/RESPAWN_TOKEN_BY_SQUADMATE_SPLASH_DESC
1D148F116B9F6A33,lua_menu_mp/pos_sd
1D151BF9FDE81DCF,codcaster/stats_health
1D153BD7D0387D08,MENU/SYSTEM_LINK
1D16F41722ECEB28,options/full
1D236F0B11B0C543,lua_menu/exit
1D2ABBC152213F41,CODACCOUNT/PASSWORD
1D2B359A00088A90,MPUI/DLC_NOT_INSTALLED
1D2CF0F40ECFF5E0,rex_attachments/rex_dmscope_therm01
1D2D6CBE4490935C,MP_BR_INGAME/INFIL_SQUAD_CONTROLS_JUMP
1D33B6116BBA5D07,lua_menu_mp/pos_dm
1D350FF2882D46E7,rex_attachments/rex_ammo_45acp_desc
1D36A5196A365897,lua_menu/change
1D3E179DFDD29545,killstreaks/placement_canceled_water
1D494662C2C6E18B,rex_attachments/rex_mag_akilo_broken
1D522F432B07106D,MP_BR_INGAME/CASH_LOST
1D5501DC29951041,XBOXLIVE/EXTERNALMUTE_TITLE
1D65959AA950C62E,rex_attachments/rex_ammo_300blk_op_desc
1D6E01790A16F1D2,MENU/CONNECTION
1D76A90AF6F01373,saw_classified_weapon/classified_weapon_name
1D8FF6E8FC30EE39,equipment/trophy
1D904652458332B2,LUA_MENU/SPLITSCREEN_NOTALLOWED_WARNING
1D90FC085CBA45DB,LUA_MENU/NEXT_camo
1D9D4AEAF2700B48,equipment/hb_sensor
1DA61D26C228D8A8,DMZ/Destroy
1DADFE2AF3FD9E60,cas/platinum
1DAE0875420E56CF,MENU/SPLIT_SCREEN
1DB02A17E6362D55,rex_attachments/rex_stock_ass_desc
1DB9AECF2C152B9F,killstreaks/airdrop
1DC532781DFA5554,LUA_MENU_MP/PLAY_AGAIN_WITH_TEAMMATE
1DF0C2E19270BB49,mp/br_frag
1DF1EB0C5F1FF384,hud/bradley_health
1DF4EAAC902D1487,AAR/CAMO
1E07758D55821032,rex_attachments/rex_mag_pmike63_desc
1E1A2E13942ED636,rex_attachments/rex_ammo_45acp_fr
1E1E2DE6F0FDE1C5,weapon/dm_mike24
1E3136139441C2AF,rex_attachments/rex_ammo_45acp_ap
1E32C146B2A4B194,LUA_MENU/YOUR_TEAM
1E3842139447F5C1,rex_attachments/rex_ammo_45acp_op
1E39C2DC8E823C28,lua_menu_mp/gun_recipe_name
1E3EFC51E15BADF8,rex_attachments/rex_bar_decho
1E42DCD84B72FCE9,sp_rex_meltdown/death_hint_bunker
1E44286B59859D6A,rex_attachments/rex_ammo_9p_hp_desc
1E444F4628EEB198,LUA_MENU/CORE_CAPS
1E4940139456658E,rex_attachments/rex_ammo_45acp_hp
1E494213945668F4,rex_attachments/rex_ammo_45acp_hv
1E509EA1DFBCA5DE,menu/jump
1E52ABA674CF6A93,vehicles/apc_rus
1E530BD1EC15032D,objectives/dd_defender_hint
1E5E3FC20FE26FEA,rex_attachments/rex_rec_xsm1_apex
1E73EDF003485D20,LUA_MENU/MWIII
1E74211579EF9F05,HUD/East
1E78135C60BDB0EB,rex_attachments/rex_ammo_50b_in_desc
1E83633BFB68D3C1,challenge/win_streak
1E83775F37664E8A,attachments/modifier_text
1E8A722DEE4CB126,MP_BR_INGAME/close_scoreboard
1E8E7F786F389F5B,MENU/steady_sniper_rifle
1E8FBD4EEED3BC5E,MENU/Done
1E9311643AE85DC5,options/motion_reduction
1E94B444EFD16EA0,AAR/PLAYERCARD
1E95C1DBAA1513A8,rex_attachments/rex_mag_moscar_desc
1E96948FB1E4538F,mp_rex_mobility_course/callout_hospital
1EACEE0CF3959230,MP/WAITING_FOR_MORE_PLAYERS
1EE3F377F2C575B5,rex_attachments/rex_rec_svictor98
1EE6767378236D50,LUA_MENU/LEAVE_LOBBY_AND_PARTY
1EEDBF388CF8290B,MP_BR_INGAME/INFLATION_CASH_DEPLOYMENTS_CLOSED
1EF265CB1A85ADD8,mp/generator_fuel_empty
1EF9B9A73E734D68,rex_attachments/rex_selectemp_akilo
1F01DD7660156D2F,sp_rex_meltdown/tow_hint
1F04E4769B346E33,LUA_MENU/DOUBLE_XP
1F0B17950DFD4991,sp_rex_meltdown/use_killswitch
1F12C594730CB29A,rex_attachments/rex_guard_uxray
1F12FAA1BAFF6E3B,dmz/operator_level
1F16ED88C970E092,lua_menu_mp/infect_desc
1F19E4BED05C00B2,options/vram_max
1F1D86D60023B0E2,mp_rex_mobility_course/callout_hangar
1F344C4D36D35353,PRESENCE/MP_REX_TUMEN
1F36CF3A2FD94F4E,LUA_MENU/THERMAL
1F3AA1D87372C02D,menu/social
1F3D3EDA91556AF6,LUA_MENU/All_On
1F423FFF2C7EEC2B,rex_attachments/rex_bar_sht_golf28
1F432632D3B48C09,AAR/No_Medals_Earned
1F453DB8EA95B96E,rex_attachments/rex_ammo_556n_ap_desc
1F4B5D26E553F484,MP_BR_INGAME/VENDORS_CLOSED_BANNER
1F5362F276C99B3B,MP_BR_INGAME/INITIAL_SPAWN
1F568F6E11DE09EF,lua_menu/weapstats_accuracy
1F5B9359E27CA4BD,mp/drop
1F5E2299DEEAD947,TRIALEVENT/GOLD_CAPS
1F6C6C4D5E4B9E70,LUA_MENU/12th
1F6F7C59E28D26B2,mp/draw
1F7A025001554884,rex_attachments/rex_bar_sht_bmike3_desc
1FA5A017FF62BABC,MENU/Limited
1FAC8B847D22536B,codcaster/team_list_desc
1FB3306260000E78,mp/cant_plant_without_bomb
1FB56CC1FAFD42B1,codcaster/team1_settings
1FB7BBAC0393646A,rex_attachments/rex_lasertrap1_desc
1FBD46F504F264F5,MENU/SHADER_PRELOAD
1FBF4E35190E7EEC,mp/deny_carry_object
1FC41E4C2296E6FC,MENU/LoadGame
1FC6D0059390D679,SPLASHES/BM_first_to_90_them
1FC8B815EC1AC96B,lua_menu/revives
1FCC9F45670A61B2,OBJECTIVES/Rescue
1FCF01F99ACAF8EB,input/dpad_down
1FDB576AE7ACC4A9,lua_menu/play
1FEB0B66774F5B1A,rex_attachments/rex_bar_findia
1FF79F2B4EB790FB,rex_attachments/rex_bar_lgt_mike4
1FFDE360803FEFB8,weapon/sm_aviktor
200EB94A61667AF2,killstreaks/turret_dying
20194CCF9112D7CD,COOP_GAME_PLAY/CURRENCY_REWARD
202B00530CD3D909,MP_BR_INGAME/TRADE
2031BD6EA5C80EB0,options/theatrical
2035344EA276E215,rex_attachments/rex_ammo_762s_hp_desc
2036E5088B5A9675,rex_weapon/rex_pi_stimpistol_desc
203C0DAEDF6ECFD3,rex_attachments/rex_laserhip_sml03
204D10EFF496DE80,platform_ui/fov_caps
205C97E7F4C24084,rex_attachments/rex_flashlgt_sml01
2068F68530C12B57,LUA_MENU/WARZONE_PRIVATE_MATCH
2069C8BC325150FE,rex_attachments/rex_ammo_762n_fr_desc
206C06C3E7FDD49B,rex_attachments/rex_stock_lgt_findia
2073FD8B4FFF9488,rex_attachments/rex_flash_sierrax_desc
2080845B4E058C85,MENU/SHOOT
20831BB4F30D47E8,LUA_MENU/Not_Ready
208A7C7270092795,LUA_MENU/CORRUPTED_MODE
2091706D42EC767E,MENU/Misses
2099299EF8DB76A0,LUA_MENU/PURCHASE_failed
209CA822116E8345,lua_menu_mp/oic_recipe_desc
20A2C5F93FEAE7E5,MP_BR_INGAME/OT_MULTIPLIER_PERC
20A306C1F2DB0F6D,MP_BR_INGAME/Barter
20A86B133102B1C5,MP/BR_SELF_REVIVE
20ADA726D1978FCB,mp_br_ingame/kiosk_item_self_revive
20BA2B2FDC4B1DC7,MP/OPPONENT_FORFEITING_IN
20BB6D8488DD9325,LUA_MENU/SECURING
20BF13D6ED4AA4B0,MP_INGAME_ONLY/DANGER_PRECISION_AIRSTRIKE
20C2FA48FDDE31D2,rex_attachments/rex_stockno_tango73
20C6D743B38C3AF1,MP_CHYRON/BR_ARM4
20CD65D2227A10AC,objectives/hq_hint
20D0E6EBD632483B,platform/bumper_jumper_tactical_alt
20D3CCABA29B039B,menu/default
20DAB18E9A6F3DE8,lua_menu/collapse
20E8092A800DA432,LUA_MENU/ADD_FAVORITE_PROMPT
20E9B7BAD40EC017,lua_menu_mp/conf_desc
20EE7846BED106BF,rex_attachments/rex_xsmag_psierra41_desc
20EF086F8DC9BE91,MP/CRANKED_WITH_TIMER
20F49427A2E06410,STORE/ZEUS_NOTE_AVAILABLE_AT_LAUNCH
21017EFEC4BF29B7,lua_menu/loose
2108C368BCC06AD6,TOURNAMENT/FINAL_RESULT
210D43118822631E,rex_attachments/rex_mag_kilo2_broken_desc
210D48A0D28CF6A1,rex_attachments/rex_rec_juliet
210DD7C83E0CE8C2,MP/SQUAD_MATE_IN_RALLY_POINT
210E713E7A633DAF,splashes/first_infected_desc
2110D2F4FC8ADDB8,mp_mode_rugby/recipe_name
21131ABB21AE6508,rex_attachments/rex_ironsbarhvy_psierra41
211FDAAAD94976E1,jup_store/and
212182AE2EDD3B8B,TOURNAMENT/RUNNER_UP_LOWER_CASE
2122F8715EA105C3,rex_gametypes/counterop_bmike3
21249E8D080FCCE3,rex_attachments/rex_rec_psierra41
212BF8375E2C3443,menu/reset_all_keybinds
212F5F05712C3D98,rex_attachments/rex_bar_sht_tango73_desc
212FA91ACE8D9646,menu/filter_text
2132DB926683151A,LUA_MENU/SET_DEFAULT_CONTROLS
21335B8FCD34C968,SEASONS/SEASON_1
21335C8FCD34CB1B,SEASONS/SEASON_0
21335D8FCD34CCCE,SEASONS/SEASON_3
21335E8FCD34CE81,SEASONS/SEASON_2
21335F8FCD34D034,SEASONS/SEASON_5
2133608FCD34D1E7,SEASONS/SEASON_4
2133628FCD34D54D,SEASONS/SEASON_6
215D9E2FE4B9FD86,LUA_MENU/SORT_SEASONS
215E2F28D915BBD5,MP/CAPTURING
216223CB5B5FA7AB,rex_attachments/rex_drum_akilo_545
216D01822BA5ACA1,rex_attachments/rex_rec_moscar_desc
216F660A38AAE62E,LUA_MENU/Tuesday
217C7DB1E999340C,rex_attachments/rex_xmag_kilo2_desc
217E2E92E1E823D4,rex_attachments/rex_bar_kilo437
21810EB777685515,LUA_MENU_MP/HARDCORE_GAME_TYPE
2184019EB8ED87CA,BATTLEPASS/UPGRADE
21899676B6C38C0A,AAR/NEW_BEST
219341B8BEDB3D27,rex_attachments/rex_pgrip_aim_hotel45
2193DCC71BED07A7,killstreaks/cannot_be_used_aether
219B69B9BA79CAA5,OBJECTIVES/GULAG
21AE282FAEEC3DC0,rex_attachments/rex_bar_hvysht_mike4
21B69A68D8462E07,rex_attachments/rex_mag_sierrax_desc
21B752A1504EE875,MPUI/REPAIRING
21B8B5AC7FBC33ED,OPERATORS/OPERATORS
21BBFEECDD5E7EC9,rex_attachments/rex_stock_hvy_psierra41
21BC63FE93B24954,WZ_FUNCTIONALS/POP_CANDY_HOLD
21CE0FA39CF48587,rex_attachments/rex_stock_bmike3
21CF2A04A5B0F42B,LUA_MENU/CHANGE_TEAM_CAPS
21CF3DB0C34EE38E,lua_menu/safe_area_desc
21DCC5538C17830C,rex_attachments/rex_ammo_5x21_desc
21DD11D596FEF985,lua_menu/leaderboard_warzone
21E1C8D199A4092D,CAS/EQUIPPED_COUNT
21E458A370590CE9,rex_attachments/rex_ammo_50b_ap_desc
21E52CFE34581216,LUA_MENU/UPSELL_OPERATOR_ENHANCED_DESC
21EA3E1A252CE280,weapon/pi_swhiskey
21EDD5863ACE4314,LUA_MENU/VIEW_PROFILE
21EE766602705FF8,lua_menu/major
220149FF6B63FEF4,mp/br_ammo_ar_lmg
2201B3A2BF0F70C4,MENU/ACTIVE_RESEARCH
22030A05ED46A322,REX_WEAPON/STEALTH
220953386CBE0666,lua_menu/field_upgrade
220E411A958AA096,MENU/COUNTER
2219988A25C87479,LUA_MENU/LAST_TIER_REACHED
2219AFAEE5129E87,BATTLEPASS/BLUEPRINT_WITH_TYPE
2227DBB9B0F47105,options/ads_plus_interact
2228D27D9AA801BB,BATTLEPASS/BATTLEPASS_PREVIEW_TITLE
22328A94B37EE3FA,rex_gametypes/payback_bank_enemy_emptied
223BC1FBD68E12CE,rex_attachments/rex_fourx_hybcant01
224F7A3CFE16344C,MENU/Fast
2257F0446B521F39,rex_attachments/rex_pgrip_kilo2
2257F1446B5220EC,rex_attachments/rex_pgrip_kilo5
2258E35856DA939F,rex_attachments/rex_irons_bar_sht_akilo_desc
2260AEC91DDBFDC8,mp_rex_tumen/callout_highway02
2260B1C91DDC02E1,mp_rex_tumen/callout_highway01
226238B7BB361CD0,mp/loadout
226F2848F08D6F73,KILLSTREAKS/AC130_105MM
2270AE709CB3B137,rex_weapon/rex_lm_microgun
22801175B420AA17,splashes/br_airdrop_landed_desc
22869ADDEB02B298,lua_menu/round_tied
22A40EBD502D4418,rex_attachments/rex_rec_asierra12
22A6AE585105DC35,AAR/UNLOCKED_AT_rank
22BC3B85C0AE2AF1,rex_attachments/rex_stock_kilo2_desc
22BD820A8CE724C8,rex_attachments/rex_bipod_barhvy_kilo437
22CE5405854FC988,mp/br_killstreak_deny_already_have
22D1270EC2170BC1,lua_menu/unable_to_fetch_content
22DEA9DE7C3A1AFF,loot_mp/scorestreak
22DED00469CA3B5F,mp_rex_mobility_course/tut_mantle_slide_objective
22E189A12E5A7FE6,LUA_MENU/RADIAL_CUSTOMIZATION_DESC
22E752BA3948AF77,lp/restricted_title
22EEE315332BD248,LUA_MENU/SESSION_BEST_TIME
22F942D694434FFA,social/invite_to_party
22FA8BD4310AD7EC,MENU/TRAINING
22FB5835F9B915CD,LUA_MENU/REPORT_DEFEAT
2305D5F31EA6BCD6,rex_attachments/rex_bar_sht_kilo2
230D510B89C71B88,levels/border_desc
2318A9C94247C0F5,LUA_MENU/warning
231C74874E6E3CE4,MENU/German
231CA567770C6F8D,LUA_MENU/BOTS_HARDENED
2324A38E155AF73B,rex_attachments/rex_rec_decho
232D4EA995BDBA7C,CAS/WEAPON_progression
2334161BD1D9606C,MP_CHYRON/MP_VACANT_ALLIES_3
2338850D6302518C,mp_rex_mobility_course/callout_container
233AAAA67966B626,rex_attachments/rex_stock_tac_limax
233B4B7E530A49C4,vehicles/jeep
23532F180D0135FB,mp_dmz_locks/cache_locked_baggage_handling
235E99430F1B24D8,CAS/EQUIPPED_attachments
23613BB6132EC23E,lua_menu/safe_area
236AA74FF8DCE062,SPLASHES/defend
236CFAAE1757839A,rank/msc_full
236D9556147CCA9C,mp/br_crate
236E0D8F2B5D77FE,rex_attachments/rex_stock_lgttac_akilo
237259A31988641D,rex_attachments/rex_stock_ass_kilo2
2387E558E0D230C1,TOURNAMENT/CHAMP
238EEF9B4D1F8969,MENU/ragdoll
238FE885F7EE3253,LUA_MENU/ZOOM_OUT
2396331B3A4C89BE,seasonal_event/exclusive
23965F13E26B0078,rex_attachments/rex_arscope_therm01_desc
2398BBDCAD80B81A,rex_attachments/rex_pgrip_tac_kilo2
2399FE48F4852C37,mp/gas_can_is_empty
23A5117537C71B88,rex_weapon/rex_lm_tango73_desc
23A5CC46E421FB3A,KILLSTREAKS/BUTTON_move
23AAEDA50A9C8B3B,ONBOARDING/WZ_INTRO_POPUP_DESC_1
23B6F71E6E368515,rex_attachments/rex_pgrip_decho
23BD17F2C1A100CA,LUA_MENU/LEAD_FACTION
23C1A7590506618A,options/confirm_selection
23CD29E65F09F047,LOOT_MP/STREAK
23D3DAA9957A49B4,LUA_MENU/BLOODTYPE_UNKNOWN
23D6A3BA0A002177,rex_attachments/rex_lasercant_sml06
23D6A4BA0A00232A,rex_attachments/rex_lasercant_sml05
23D6BFC5D40600C4,SPLASHES/CAPTURE
23DDF1D1EBB1D517,LUA_MENU_MP/RULES_SCORE_LIMIT
23E28D7F59769E1D,MP/breach
23E6CD81F2716EDB,ELDER_PROGRESSION/RANK_RESET_TIME
23E849F59A656A88,rex_attachments/rex_stock_mike4_desc
23E9EE53886627B4,MENU/ARSENAL
23F0449BD983C845,lua_menu_mp/counter
23F05F423C42BEA4,PERKS/WARHEAD
23F77433152BCAA1,lua_menu/combat_record
23F8FDF93435CF9E,options/both
23FC07D925EA67CB,MENU/BINDING
23FDC19B49F0AA29,mp_rex_tumen/callout_space_ease_supply_closet
24171957B8641060,options/always
241BE45AD64AAFC7,rex_gametypes/inflation_free_for_all
241E761AAD00B2A3,LUA_MENU/WEAPON
2423393D797F7AFE,MENU/French
2425758194135E3C,options/use_reload
24263FA6CD83E4DC,lua_menu_mp/resurgence_name
2427F92A15A9285A,MENU/ADD_TO_TRACKED
243C994FBDC9FAD3,mpui/kills
244C502CFB20B34F,BATTLEPASS/TOKEN_BONUS
244EA932BC79C4EA,MPUI/CUTTING
2450033424C61A98,AAR/RANKED_MATCH_COMPLETE
245A07E418ECCF6A,MENU/ACT_I
24642ED23B96D137,rex_attachments/rex_pgrip_ass_kilo437
2468F5EB3C381E1E,lua_menu_mp/fireteam
24697FFAF965A3FD,SOCIAL/MASTERY_BADGE_SHOWCASE
247BCC56C9B16BA1,options/gr_veh_jump
247CE9A990A8BC36,menu/party_privacy_closed_desc
2485C0D6C7B73580,mp_rex_tumen/callout_baem_overlook
24899181D2A50B85,mp/br_semtex
248BCB7769C8E135,LUA_MENU/YOUR_CURRENT_BALANCE
2492A1EBFDF820FB,rex_attachments/rex_ammo_9p_ap
2496A9EBFDFC176A,rex_attachments/rex_ammo_9p_fr
2497B9C8438F1A89,rex_attachments/rex_flash_g_desc
24990340E52F62F9,MP_BR_INGAME/INFIL_SPEED
24A412CD54B5790D,lua_menu/notifications
24A595A8B61D52B9,LUA_MENU/BATTLE_PASS_token
24AAA5EBFE0CB9A8,rex_attachments/rex_ammo_9p_hv
24AAABEBFE0CC3DA,rex_attachments/rex_ammo_9p_hp
24AECEF65676ACA5,menu/normal
24B005878E8B2586,mp_br_ingame/reward_icon_name_bounty
24B49DEBFE150095,rex_attachments/rex_ammo_9p_op
24D00D9BB6807273,mp_mode_rugby/name
24D1FEEA1A568A73,rank/bgen_full
24DACAE0C7B680C4,MENU/objectives_menu
24DC5B9F807E3F0E,DMZ/Intel
24ED35D31DD9B79B,lua_menu_mp/sabattack
24F036435537DF4F,CAS/STREAK_SELECT
24F44100567F150D,rex_attachments/rex_pgrip_bmike3
24F6BFA17BDA0AF5,MP_INGAME_ONLY/HQ_TIME_REMAINING
24FBD54CDE2B5602,rex_attachments/rex_stock_tac
2504B637C7D0CD11,rex_attachments/rex_rec_uxray
25106FA9223E433C,KILLSTREAKS/Emp
251511087A1E6608,operations/edit_skin_kbm
251A471F50670D39,lua_menu/options_desc
251FA04EC7D74F4D,WEAPON/RIPPER
251FA4FD1902687F,rex_attachments/rex_pgrip_pmike63_desc
2523F2EC3E71BF7A,options/headphones
25333DEA5AABC97C,mp/suicide_delay
25366827FE996A27,LUA_MENU/PAD_RIGHT_TRIGGER_BUTTON
2540EB36312B3503,LOADOUT/Delete_Loadout
255CC6D68FBB8601,equipment/equipment
2567C6E7CD4526AE,lua_menu/sticker_equipped
2569A48EF22EE1B3,lua_menu/visit_options_change_input
256D8FCFBFD0932D,LUA_MENU/ENDS_IN
2573A3E42FBC232B,zodiac_gameplay/call_elevator
257F35DB76A47C4E,LUA_MENU/WZ_PRACTICE
2580C1E56F1BB9C1,platform_ui/pre_order
25852BC046416FD8,codcaster/assign_to_team
258C2F2CEE3CCAD4,LUA_MENU/PREMIUM
25914711AFF1060B,HUD/OBJECTIVE
25926AB9E4642A20,challenge/secret
25A3648A7EB6E9FD,rex_attachments/rex_ammo_545m_desc
25BF142DBB60B7B9,mp/br_equip_deny_plate_carrier_same
25C025522C934852,MENU/SERVER_INFO
25C215E03B373F01,LUA_MENU/LEAVE_LOBBY
25C3BE76371AC730,BATTLEPASS/MORE_INFO
25CA424661CF91EE,killstreaks_hints/degrees
25D6B1D28867B366,GAME/NotargetOn
25D77FAB1174DFFE,br_elite_broken_arrow/secured_tri
25D99B53B9965226,codcaster/team_name_desc
25DF5C7BA0BABE5E,weapon/lm_pkilo
25E18EDA48B8DFDF,BATTLEPASS/FREE_GIFT
25E28E573F176D23,MP/BREACHING
25E3A3C8EA9C3BFE,MP_BR_INGAME/JAILBREAK_IMMINENT
25F1D9DE8DD090E4,TOURNAMENT/CANCEL_REGISTRATION
25F540E03CC1C5FA,rex_attachments/rex_flash_d_desc
25FCAA3B99783FDE,rex_attachments/rex_bar_lng_tango73
25FFAFA83F456D06,CODCASTER/Orbital
26010A470F7520C7,levels/montage_location
260CBCB4A0F4E273,lua_menu_mp/cod_points
260DE47B1F6B0C45,lua_menu/edit_perks
260E4B092959848E,mp/match_starting
2611E5BEFB20DA04,splashes/br_field_upgrade_purchased
2616CB757AF10CF3,LUA_MENU_MP/DOUBLE_XP
2620350E21A28DD8,LUA_MENU/WZ_INTOBATTLE_POPUP_REPLAY
26267D023F0ABFAE,lua_menu/achievement
26298F2EE3E14032,options/quality
262D0ECF79CFE3F6,options/subtitles_size
262D9A47BEB5F379,rex_attachments/rex_xmag_sierrax_desc
262DACE3ADA2E50E,LUA_MENU/MOBILE_EXCLUSIVE
26308BF44A49EA2C,BR_FERVOR/DECKTHEHALLS
26325CD16C32905C,equipment/molotov_br
26343642443EAD06,hud/add_score
2634AA3F559B0F2C,KILLSTREAKS_HINTS/INSTRUCTION_JUMP
2638AFA51B565BC4,options/standard
263F15F7016107A2,mp/faction_five_eliminated
2643D0774FE170F1,MENU/BENCHMARK_DEGREE_UNIT
264A02058E1DF0C9,rex_attachments/rex_trig_lgt_decho
265C4998EA5BC162,HUD/TakeCover
265E5E7D45F0A5D3,INTEL_MP/INTEL_SPLASH_HEADER
265F339D4B4B2FBE,MENU/quick_join
26600716D22AE8BE,lua_menu_mp/prop
266D9AF2B660CFED,rex_attachments/rex_trig_hvy
2672074145740E18,LUA_MENU/name
2678DCE0E97FD19C,lua_menu/back
2679F07DF21EEC0C,HUD/energy
268053FB294C21A9,rex_attachments/rex_stock_lgt_limax
2686F67BEAD5B55F,KILLSTREAKS/SPOTTED
26895A3442100E5B,rex_attachments/rex_rec_kilo2
26895F34421016DA,rex_attachments/rex_rec_kilo5
2693D9E05928A06F,script_platform/hint_melee_counter
26B01CD34ACA4E0B,codcaster/team1_settings_desc
26B43378BB9CDB17,LUA_MENU/REMOVE_FAVORITE_PROMPT
26B7C94FC110CEA3,mp/start_game
26BC63EB7B513AF6,mp_rex_tumen/callout_shoppingmiddle
26BCDCD5AB3F7D9E,mpui/counter
26C0C642838AC91C,lua_menu_mp/havoc
26C1441795090FD3,rex_attachments/rex_drum_kilo437
26C4D6F5AD68E649,rex_attachments/rex_mag_mpapa7
26CB4B93FF8D832C,options/walk
26CF774D621E1C2B,LUA_MENU/13TH
26D1685FFFF90322,rex_attachments/rex_comb_hvy_bmike3
26D68A96A6C2C33C,MENU/CLICK_TO_START_THE_MISSION
26D7F5CF1D8B159B,DMZ_CCTV/CCTV_NAME
26DD13FD78B93551,LUA_MENU/GESTURE_HINT_KBM
26E57BBB9202D295,LUA_MENU/MODE_amount
26E5975A081314D3,mp/killed_by
26E7294549FBE868,KILLSTREAKS_HINTS/INSTRUCTION_DETONATE
26E785F495153A45,LUA_MENU_MP/INFECTED_TEAM
26EE76D048BC26CC,TOURNAMENT/GUNFIGHT_TOURNAMENT
26F1A507639F3BAA,LUA_menu_mp/pos_inflation
26F38506F6488DA9,TRIALEVENT/GOLD_MEDAL_EARNED
26FB87071AD28674,KILLSTREAKS/NONE
26FE6CC593724260,splashes/br_respawn_token_pickup
26FF30D323C210C5,mp_dmz_locks/cache_locked_waterpit_container
27137A2C16CC94F8,options/auto_mount_hold
2715FCB285617F3C,KOREAN_LEGAL/KOREAN_PIO_BODY_0
2722AAF0023EBAFC,lua_menu/challenge
2725D1A38F5BD9E9,LUA_MENU/PLAYSTATION_EXCLUSIVE_MISSION
272B68ED699C23A4,options/neutral
2737F02A9457A333,vehicles/cannot_roof_exit
27443E6C0605D989,lua_menu_mp/featured
274E8915B951207C,options/motion_reduction_border
274FFA1F9E9488E4,rex_attachments/rex_stocksaw_kilo437
27615910B754B9EB,codcaster/team_identity
276FF0C8586E3527,LUA_MENU/CUSTOM_MOD_DELETE
277CA468BFC3748A,rex_attachments/rex_bar_hvylng_sierrax
279093E59EA82BA4,lua_menu/camos
279982EDE25D9300,LUA_MENU/REPORT_DRAW
27A5024BEAC98EF6,MENU/Enable_Server_Browser
27AB31BA57917854,MENU/PROCEED
27AEAB4461A991EF,lua_menu/info_text
27B2A2B976D80E79,menu/color_indicator_desc
27B83231F387F3B3,LUA_MENU_MP/HVT
27BA9289B94F06B2,rex_attachments/rex_ub_ab_kilo2_desc
27BB925017FDFC26,game/get_to_cover_swim
27BBC5C0395C3A9B,PLATFORM_UI/GO_BACK_AND_WAIT
27C6A2A11AC9CABF,dmz/owned
27C8914D515776F4,BATTLEPASS/NO_TOKENS
27CA271E1E841E43,BATTLEPASS/FIX_UP_MESSAGE
27D488E9C74097EE,MENU/ping
27E9D2DA4F949743,MP_BR_INGAME/REDEPLOY
27EB9F3D1CADF82E,options/switch_equipment
27F222E70AB61068,rex_attachments/rex_stock_akilo_desc
27F4A420A864E790,rex_attachments/rex_bar_lng_hotel45
27F62DDA0B8B9F0E,lua_menu/charm_select_title
27F96EE3E2D1DD9D,LUA_MENU/EQUIPPED1
28001B3996ADEE6C,lua_menu_mp/tdef
280A6884104AA0B7,lua_menu_mp/ctf_recipe_desc
280CD57DFDBF4508,ONLINE/LOGIN_QUEUE_CLOSED
281543484F89816E,rex_attachments/rex_hotload_he_bmike3_desc
281B692004BFF103,options/ctdpa_desc
281D5490D5AEEA52,splashes/br_pe_flybuy_desc
2827E795BD9577C4,menu/recent_players
282B32D62211F7A1,lua_menu/november
282D101E17B7DB77,MENU/EXPIRED
282E00AFD6CADC39,mp/cannot_use_generic
282FE5A4AA16A774,lua_menu_mp/control
2838A81965FF4201,lua_menu/assists
2838AE726C97A535,AAR/SCOREBOARD
284270F25BB8EBD5,weapon/sm_papa90
2844E08B03DD409C,BATTLEPASS/BUY_page
284AD8689502D91D,TRIALEVENT/HIGHEST_MEDAL
284FDC4A55F41D26,MENU/ASPECT_RATIO
2858FC6D8EE26029,LUA_MENU_MP/PROGRESS_TOTAL
285C94683D0BB035,WEAPON/LM_MKILO3_V4
285DBBEEFC504BDB,KILLSTREAKS/CAPTURING_CRATE
287A1CC980DD8F6A,mp_rex_tumen/callout_milbase
287A813576AFEBBB,lua_menu/weaptype_single_ar
287BFE42ED1148F3,rex_attachments/rex_laser_guard_tac_bmike3
287D375AACEAF56B,mp/br_thermite
287D873576B22BC4,lua_menu/weaptype_single_br
2882082C007EC406,lua_MENU/CHANGE_skins
2893114679B1844B,rex_attachments/rex_pgrip_aim_kilo2
2893164679B18CCA,rex_attachments/rex_pgrip_aim_kilo5
289513023F47CA58,challenge/br
28982BF13C1EAAB4,lua_menu_mp/deathmatch_hc
28982F99A0C0683C,rex_attachments/rex_arscope_vz01
28983B45A9721B7E,mp_rex_tumen/callout_tumenbank
289E809D108D8E9B,MPUI/CDL_INVALID_TEXT
28B2E97A41F4D997,CODCASTER/losing
28B3F6F6A3602D04,mp/match_tie
28B676CBACE8A17E,lua_menu_mp/rescue
28B8FF7407973CDD,options/hdr
28BA755813228BDF,loot_mp/sprays
28C4010E4EEA3D6A,rex_attachments/rex_rec_golf28_auto_desc
28CCE10BF7ABA8B8,LUA_MENU_MP/PLAY_AGAIN_SQUAD_COUNT_DOWN
28D4147461B6731C,lua_menu/select_class
28D71F48626CB141,mp_rex_tumen/callout_hospital
28E1E6F9E77BB658,MENU/manual
28E4315F957FD1B4,mp_rex_mobility_course/tut_pipe_objective_01
28E84258336E6DEB,LOOT_MP/FINAL_REWARD
28F2D8589D193B47,LUA_MENU/MUNITION_TITLE
28F5BB6164890F8F,LUA_MENU/BIO_NAME
28F66088F3FB4E94,social/plus_add_friends
28F91B4028520895,game/toggle
28FC7D4D7B0A7559,playlist/cmd_desc
290CA24257DA707C,lua_menu/height
29114327B1BA19B8,CAS/DELETE_MODIFICATION
2911EB8E9FB1A611,info_popups/armor_title
291BDFED08AFBAAB,CAS/UNLOCK_preview
2921EE92FBF0FF14,weapon/sm_mpapa7
2921F092FBF1027A,weapon/sm_mpapa5
2925B1D3BFA84672,lua_menu/sticker_select_title
2927A759C3B2D803,options/compass
292838B4E4E0AF4D,mp/br_molotov
292AC3EEC5E5A626,options/ads_plus_armor
293496CBD2B06226,MENU/SYSTEM_LINK_SETUP
2937F45BF5F7D90B,rex_attachments/rex_pgrip_aim_decho
2939A2A41A45679E,menu/bravo
293F4617DB9AD0AD,WEAPON/sonic
294390E5C637A113,AAR/MISSION_BONUS
294D5C699CC2E2F3,LUA_MENU/BLOODTYPE_ONEG
29519FA8E9EE8284,CAS/bonus_perk
29554B1B78CCD010,LUA_MENU/CDL_ADD_INFO_ALLOW_BLUEPRINTS
295CF53A8AD10CEE,LUA_MENU_MP/PLAY_AGAIN_SQUAD_WAITING_HOST
2967D1E2ACE69E76,rex_killstreaks/minijugg
296BB364F8A006D9,LUA_MENU_MP/DEATH_DETAILS_ATTACKER_UNKNOWN
296CD0C5F1E48BBA,splashes/br_elite_arrow_started
297587A56F117D67,LUA_MENU_MP/CUSTOM_CLASS
298B4B4129E378E2,killstreaks_hints/distance
298BE16708948644,levels/wounded
298E8B2C3D7CF09D,CODACCOUNT/FORGOT_PASSWORD
299C7EBC18A9A9A0,MP_BR_INGAME/PLAY_AGAIN_DESC
299D45F4D6E6E052,mp_br_ingame/mission_occupied
29ACC6266E6EC37F,CODCASTER/ATTACKING
29BA5E3AC63E7366,rex_attachments/rex_tacstance_mike4
29D36D3C657A289C,seasonal_event/first
29DE758ACA362191,inventory/buy_item
29E607F65200A3D9,mp_rex_tumen/callout_entertainmenttrainstation
29EABF2B12B697F8,rex_attachments/rex_bar_sht_findia
29EBEB798861B324,LUA_MENU/RESET_POSITION
29F675E12D1EBA26,sp_rex_meltdown/destroy_tank
29F78313215BFBA1,LUA_MENU/GAME_MODE
2A07010CE08085A8,rex_attachments/rex_stock_tac_kilo2
2A103972360CE70A,rex_attachments/rex_bar_hvy_psierra41
2A10CD20D96876B9,OPERATORS/LANGUAGE_ENGLISH
2A1361511CA2DAC4,mp/team_4_name
2A13D369E22560E2,LUA_MENU_MP/DLC_PURCHASED
2A14E560198F4F03,MP_BR_INGAME/ARMORY_KIOSK
2A17FA8BA9F2D377,lua_menu/lethal_equipped
2A1A101EAC3E0AA6,mpui/more_details
2A1F1F3A4AA36A28,mp/br_ai_gulag_vent_unable
2A462FF9A24EB45D,BATTLEPASS/REWARD_in_progress
2A4E4A8C660FD253,LUA_MENU/enlarge
2A57ED7BA86C932F,INGAMESTORE/CATEGORY_CODPOINTS
2A5B2D215472036E,weapon/ammo_pool_pi
2A5E1121547409B1,weapon/ammo_pool_sm
2A5F93629F2D9A76,menu/confirm
2A699A324722DB7F,playlist/conf_name
2A69CB91477A2E8B,rex_attachments/rex_trig_hvy_hotel45
2A6E507CB13C603C,TRIALEVENT/LEADERBOARD_COL_REGION
2A81BB6D472964F3,MENU/to_Skip
2A8724EF458F3766,CHALLENGE/view_intel
2A8C5F32D55BF71F,codcaster/team_primary_color_desc
2A8F5CAD62556759,mp/br_snapshot
2A9069346E005DD5,lua_menu/hits
2A92D6C1265049B1,MP/DEFUSING_EXPLOSIVE
2A936BD8E29E734F,CAS/SAVE_MOD_TITLE
2AA4B3526A3C0AC4,LUA_MENU/Swap
2AA4D32DB9B8BC53,lua_menu_zm/documents
2AAA5574513196CC,options/yes
2AAE63E2277B5AFD,menu/medium
2AB6F8EC492483FD,rex_attachments/rex_pgrip_findia
2AB7F58DF61B6083,PRESTIGE/available
2ABBD63735D926E0,EXE/COD_ONLINE_TEMP_BAN_PLAYER
2AC8A61091E370EE,LUA_MENU/ATTEMPTS_REMAINING_COUNT
2AD060346E36327F,lua_menu/high
2AE49246B02075C6,LUA_MENU/BATTLE_TRACK_EQUIP_HINT
2AEC4FF1832A75FE,rex_weapon/rex_sn_svictor98
2AED4AB7D01DC00C,rex_attachments/rex_bar_xsm1
2AED7FAEEB9B8A46,SPLASHES/BM_OVERTIME_DOUBLE_CASH_PERC
2AEE0172CADD27B3,MENU/water_map_resolution
2AF1DC95AC0EFECA,rex_attachments/rex_bolt_moscar
2AF54270C7FA1C38,killstreaks/max_friendly_chopper_gunner
2B0001D32ABBC73C,KILLSTREAKS_HINTS/INSTRUCTION_melee
2B052E6B451FB8BE,rex_attachments/rex_bar_sht_kilo437
2B0F68AC9FED09BA,lua_menu/august
2B0FB69B4B724FDD,script/door_hint_snake_cam
2B1068402CF4F75B,store/button_preorder_no_prompt
2B1465762CECDDAB,lua_menu/channels
2B1CC413E20060AB,MENU/VOICE_CHAT
2B205FB470D9D988,rex_attachments/rex_ammo_5x28_fr_desc
2B39E54199B6C4EE,MP_INGAME_ONLY/DZ_CAPTURE
2B4867ACF2F4D7C3,LUA_MENU_MP/CONTRACT_TIER_REACHED
2B56D30DD64532FF,EQUIPMENT/DOOR_BARRICADE
2B56FED67E0C9747,AAR/UNLOCKED_AT_LEVEL
2B5BCD5DFBC073DD,rex_attachments/rex_stock_hvy_findia
2B69EFC3664C8F4A,rex_attachments/rex_grip_ang_desc
2B6EAE859D3F4527,BATTLEPASS/Buy_COD_Points
2B7AEED4A711B7F1,rex_attachments/rex_arscope_airburst
2B805F24CC2E72D7,LUA_MENU/Game_Code
2B8F8B81AF4CE5D6,lua_menu/game_modes
2B98862DAD363DC9,weapon/pi_raygun_pack
2BA83FD4EF2C65F8,MENU/Options
2BADD4D1CAF04089,mp_dmz_locks/cache_locked_ship_center
2BB68A3E10F9B35A,rex_attachments/rex_ammo_9p_fr_desc
2BC472FC7597D5FE,BATTLEPASS/CLAIM
2BC4E204F16D79E6,LUA_MENU/GAMES_CAPS
2BC6E105A72DA814,CODCASTER/GULAG_CLOSED
2BCA44BA931AB68D,SPLASHES/EMP_DEFUSED
2BCA4AA91AEF522C,battlepass/battlepass_premium_bundle
2BCF355F9DD6567E,rex_attachments/rex_bar_hvy_kilo437
2BCF5E7C18BBE6DA,mp_rex_tumen/callout_tumenhotel
2BD9E16FFBBBF3AD,LUA_MENU/OLDEST_FIRST
2BE2C740EF18B636,BATTLEPASS/BATTLE_PASS_OWNER_PERKS
2BE6F902C6E70B48,rex_attachments/rex_stock_xar1
2BF2BF8DB29FE2F5,lua_menu/tied
2BF911FE9C67155D,EQUIPMENT/PHONE
2BF9E4E4477B183F,lua_menu/edit_clan_tag
2C00DE931B6674BF,platform/bumper_jumper_tactical
2C0498AFCFC91811,LUA_MENU/BLOODTYPE_ABPOS
2C0DAE8DB2B68DCA,lua_menu/time
2C1497DC72B87237,rex_attachments/rex_rec_hotel45
2C18986292E147B9,MPUI/REMOVE_PLAYERS_DESC
2C19D2A5DCF4877A,lua_menu/gunsmith
2C32B365580C2AF5,social/empty_channel_friends
2C3C0C2DD0938971,rex_attachments/rex_trig_lgt_hotel45
2C4A2A0962B14911,rex_attachments/rex_rec_adversefire_sierrax
2C59F643A5AFEDDD,rex_attachments/rex_irons_bar_hvylng_kilo2
2C5A03F92FB39591,lua_menu_mp/infect_recipe_name
2C5B9B4C2E9BB7E0,rex_attachments/rex_mag_moscar
2C61E199293B9487,AAR/RANK_UP_SPLASH
2C67363F2BB47FA3,splashes/br_pe_jailbreak_active
2C68A0D1F30C3AD4,rex_attachments/rex_ammo_12g
2C6D57FBB07DA580,splashes/br_teammate_down
2C7FF91966CCB397,BATTLEPASS/VIP_ERROR_COLLECTING
2C807182F3D71303,dmz/insufficient_money_uav_tower
2C877845F70D262C,mp_dmz_missions/opening_safe
2C987D539B2CE18C,BATTLEPASS/TIER_UNLOCKS
2C9DD1501E5B0A77,LUA_MENU/ACCEPT
2CA597DD1C59695B,lua_menu_mp/pos_grnd
2CA89DA9622AE73F,lua_menu/end_game
2CA8BBC552A1C720,rex_attachments/rex_stock_lgt_mike4
2CAA663251BA0186,MP_BR_INGAME/FULTON_PERCENTAGE
2CB21B46903FAB02,lua_menu_zm/wonder_weapons
2CC87373CA119DEE,mpui/select_target
2CD7D118C2081D3F,lua_menu/day
2CDB13B4FEA0939A,codcaster/br_squad_name
2CDC95C748EFC81B,KILLSTREAKS_HINTS/INSTRUCTION_ZOOM
2CE31795A830D630,TRIALEVENT/TIMER_IN_DAYS
2CE5CA18C2144EB6,LUA_MENU/Dmz
2CF2420C88D8DE2D,objectives/havoc_score
2CF43547C154FD63,LUA_MENU/NEW_REWARD
2D01A1962D9992AE,challenge/br_weekly
2D09E09A43DE9B80,menu/error
2D193E550A15584C,LUA_MENU/RECEIVED
2D2025D11511D9FC,options/wide_16_10
2D2BFAB9B474710F,MP_BR_INGAME/TRACKED_PLAYER
2D31B88BFB4FB7D9,LUA_MENU_MP/RULES_TEAM_SIZE_4
2D31B98BFB4FB98C,LUA_MENU_MP/RULES_TEAM_SIZE_3
2D31BB8BFB4FBCF2,LUA_MENU_MP/RULES_TEAM_SIZE_1
2D639EE2558CA618,GAME/USAGE
2D6523DA57F100F9,mp/reviving_self
2D6D2901A513F732,CHALLENGE/show_completed_challenges
2D734597AA31BADB,cas/name
2D75E7899C225E5D,rex_attachments/rex_ammo_68spc_fr_desc
2D7D605DEA65D04E,lua_menu/friend_requests
2D822BF15A63A482,REX_VEHICLES/SEDAN2019_ENTER
2D83B1161EC9B985,rex_weapon/rex_ar_mike4
2D8B7144569E6866,rex_attachments/rex_dmscope_hybrid01
2D8BB6123C234ECC,PERKS/bonus_perk
2D92C6C5D393A0E6,playlist/ctf_name
2D937115948A0A1C,rex_attachments/rex_reflex01
2D937315948A0D82,rex_attachments/rex_reflex03
2D97AB2A86B1CB74,AAR/COMBAT_XP
2D98EE0D337DED01,loot_mp/feature
2D9A75EC0BF4DF4D,loot_mp/camo
2DBC0447694548B5,LUA_MENU/READ_EULA_MESSAGE
2DBDDE8F9946E74F,splashes/br_gulagbreak_active
2DBE2BC92A2E40E5,LUA_MENU/Loadout
2DC89D6DA3BE5101,CODACCOUNT/NO_THANKS
2DD118B93FC6E5C3,LUA_MENU/TITLE_SECONDARY_WEAPON
2DDE4473B7DDE29D,mp_rex_mobility_course/rating
2DEBF5E2851145BA,rex_attachments/rex_pgrip_snp_mike4
2DFA75059172DE63,mp_rex_mobility_course/tut_ladder_slide_objective_kbm
2DFB94A6AFA639B9,PERKS/GUERRILLA
2E04D72EC9F31FFB,mp/br_decoy
2E05518BF21A9F55,equipment_hints/personal_redeploy_drone_cancel
2E09C0CD8B77DE86,LUA_MENU/RESTART_PRACTICE_DESC
2E10D99D86373960,rex_attachments/rex_selectsemi_golf28_auto_desc
2E1166B83D568D8B,EQUIPMENT/REINFORCEMENT_FLARE_TEXT
2E13263D5E003368,MP_BR_INGAME/KEYPAD_CONTROL_SELECT
2E16E3E54252C5C6,SPLASHES/RESTED_DONE_DESC
2E1C5115E961D1B5,BATTLEPASS/BONUS
2E1CD3398815B638,mp_dmz_locks/cache_locked_underbridge
2E1E6996F7973CDF,mp/cash_balloon_cannot_place
2E2F778D98189FBF,CAS/DESELECT_ALL
2E34DB2A2944FAA0,rex_attachments/rex_stock_akilo
2E3591F1DDCCBE16,mp/br_shock_stick
2E42F5F33C690A77,rex_attachments/rex_flash_hotel45
2E4364E3526C886E,rex_attachments/rex_laserhip_pstl03_desc
2E508EB122B41C0A,LUA_MENU/leaving_lobby
2E56079D53892848,mp_rex_tumen/callout_ginyeomil_bridge
2E5A08A525E0CE93,BATTLEPASS/CLAIM_tier
2E5E41939ED5D971,mp_dmz_locks/cache_locked_underground_passage
2E5F9F62841C5E52,LUA_MENU_MP/SUPPORTING
2E6088BFEF2C5F3A,mp/br_adrenaline
2E624D61137ABCB5,mp_dmz_locks/cache_locked_ship_bridge
2E6E64A181DCFE89,loot_mp/quality_recipe
2E77EEDED862C2EE,weapon/ar_golf3
2E7976A6BE2D5C4C,options/inputs
2E8F15A12C69ABA6,levels/party
2E8FBB5CBC796221,mp_rex_tumen/callout_shoppingdistrict
2E992B43207E9DEF,jup_ob_objectives/leave_warning_3_desc
2EA3FA0AABFDDA2E,LUA_MENU/Strict
2EA621122B69DC56,LUA_MENU/STORE_REFUND_POLICY
2EAB2E5E821823DE,KILLSTREAKS_HINTS/INSTRUCTION_ASCEND
2EAF1D901393C4E0,LUA_MENU/REPORT_VICTORY
2EC05F4D03271416,AAR/ATTACHMENT
2EC58A6F67C76F7A,rex_attachments/rex_grip_ang
2ED335792F38D616,rex_gametypes/inflation_overtime
2EE1E272969D653C,rex_attachments/rex_semiguard_bmike3
2EE24641D65B47E9,LUA_MENU/STICKER_LOCATION_SELECT
2EEEC9B8414BFED1,rex_attachments/rex_barsil_golf28
2EF0533C01C062EF,LUA_MENU/DLC_DOWNLOAD_SUSPENDED
2EF49BD8DA5C70CE,rex_attachments/rex_ammo_68spc_ap_desc
2EF5F0EC047B2865,codcaster/team_primary_color_colon
2EFD89B400954141,vehicles/rhib
2EFE86470154AE6E,rex_attachments/rex_irons_bar_lng_bmike3
2F029E9D6B87DF63,LUA_MENU/RECORDS
2F09ED9657D5CFA0,CAS/NAME_WARNING
2F18331E65992596,KILLSTREAKS_HINTS/INSTRUCTION_REVERSE
2F24604E5BC12794,rex_attachments/rex_rec_akilo_desc
2F2646F828889D12,splashes/br_juggdrop_incoming
2F271F24ABBA835C,playlist/demo_name
2F28D3FEE343AE62,rex_attachments/rex_mag_pmike63
2F31148E64B93927,rex_attachments/rex_selectsemi_kilo437_desc
2F3C4EAA9431C0A0,LUA_MENU/BUTTON_WEAPON_NEXT
2F4946C06E31DFA3,REX_VEHICLES/MRAP_ENTER
2F4A4469A2F6C375,rex_attachments/rex_bar_hvy_akilo
2F5376E1462BAF28,splashes/br_pe_doublexp_desc
2F56335FC842C404,options/extended
2F57DC6199491E17,MENU/SPECTATOR
2F591E9B888DEE50,LUA_MENU/XP_REQUIRED_RANK
2F5F8A2F7B470041,AAR/Rank
2F6009598D41010F,MP_BR_INGAME/START
2F65D0E55A2EBBB6,mp/victory
2F6773A9BA8E5C2C,rex_attachments/rex_ammo_545m_hp_desc
2F714F19B677D84C,ONBOARDING/PLUNDER_INTRO_BUTTON_1
2F715219B677DD65,ONBOARDING/PLUNDER_INTRO_BUTTON_2
2F773E822B2347BB,social/send_friend_request
2F8194EAFCE58270,rex_attachments/rex_bar_hvy_tango73
2F824C177A0FEC89,LUA_MENU/COPY_LOADOUT
2F88574A3ADCA7F8,mp/select_spawn
2F95ECB526F11B23,LUA_MENU/WAVE_4_TIME
2F96EE50CBEFCD07,channels/channels
2F977F35D9DEE139,lua_menu_mp/sprint_desc
2F98235B7098F848,loot_mp/field_upgrade
2F9CD68DF7A051BA,LUA_MENU/RELOAD
2F9DCFD6FB6605B9,vehicles_hints/utv_enter
2FB996210C7B7F76,TOURNAMENT/BANNED
2FBF4987B50A7FD9,options/gameplay_stats
2FCEF95B6EA41BE3,rex_attachments/rex_mag_kilo5
2FCEFE5B6EA42462,rex_attachments/rex_mag_kilo2
2FD1ED2B27C919D0,MENU/audio
2FE812363EF20B80,LUA_MENU/Tournament
2FF49065FB0C0EC0,script/rorkefile_pickup
3009860ADD6DF6EE,MENU/RELOAD_BEHAVIOR
302117381EA61E22,lua_menu/tactical_equipped
30226C1F78ED9AB5,mp/br_redeploy_token
30253EEAFEFA5BD7,LUA_MENU/Default_Loadout
302753ECB9EF2D4B,CHALLENGE/MISSIONS
3046A5CA93F4CE1E,rex_attachments/rex_pgrip_snp_sierrax
304871D7BDFFBC60,lua_menu/select_melee
304B041CF80799AA,rex_attachments/rex_stockno_findia
3066CB95B2B96015,BATTLEPASS/BUY_TIERS_MULTIPLE
30699C7C29A58D00,lua_menu/loadout_locked
307529740BB6181B,options/kbm
307F36806C9713B4,zm_splashes/rounds_survived
30834C3A951C8B67,MENU/MAIN_MENU
3088C8C890ED88C6,equipment_hints/utility_box_use
3090AFEE18B3AFAE,LUA_MENU/MW_LEVEL
309140CC486526A0,rex_attachments/rex_ammo_5x28_hp_desc
309DE98586CBF86F,LUA_MENU/NEXT_TIER
309E6B9BADABB962,AAR/RECENT_UNLOCKS
30A1870F16309FE1,SPLASHES/assault
30A65E85E0ABA3F0,options/automatic
30A6EC762E96EA76,rex_attachments/rex_bar_uxray
30AD0C8ACB54CFD1,rex_attachments/rex_xmag_golf28
30B5466E6811AFF6,LUA_MENU/Target
30BEF771DA6E375A,codcaster/sponsors
30CAD473FAA4709D,MENU/strafe
30CE8F931FF2F31D,options/move_right
30D068FCD314778C,LUA_MENU/PROGRESS
30D133DEC8E70C16,splashes/br_second_wind
30E2156E57B27085,rex_attachments/rex_knife_anims_hotel45
30E509AE48BEF1A3,options/mode_fullscreen_extended_window
30EE7ABB3D571939,PRESTIGE/PRESTIGE_available
30F0C15C67090FAD,KILLSTREAKS_HINTS/INSTRUCTION_MOVE
30F585C0D94557A5,shared_hintstrings/ammo_pickup
30FC3F2D30164284,MENU/800600
3101C85FD6AE8B7E,MP/WAITING_FOR_TEAMS
31023EEA1B17E012,mp_rex_tumen/callout_compoundalpha
3107BA430602649A,menu/golf
310FB291C6A7F978,menu/report_cheating
3116F9A7590620C6,MP_FRONTEND_ONLY/CLASSIC_WEAPON_ALREADY_UNLOCKED
3126A1C9853A363F,PERKS/Cricket
312A3EF5304F95D5,mp/br_valuable_bunker_notes_epic
312E85A3D3374AA5,mp/ascender_blocked_laststand
3133464F509A8EC8,LUA_MENU_MP/RULES_BR_GULAG
3142AAF5CD0DA682,lua_menu/firing_range
3147A24D688FA21E,LUA_MENU/10TH
31495A1CCD9A8CE7,LUA_MENU/HORN_EQUIP_HINT
314CEEC5BBD03E16,lua_menu/the_east
314E1B1149A7BD6E,MP_BR_INGAME/BONUS_CASH
315FE260CCEF36BA,objectives/control_attacker_hint
31730288151F4D85,lua_menu/status
31783F75CDAF905B,mp/br_multi_circle_merge_close
31784DD96B86D300,rex_attachments/rex_arscope_hybrid01_le
31796F93A500751D,rex_attachments/rex_selectsemi_kilo437
317A8BCC1097F9FD,MP_BR_INGAME/CONTRACT_TYPE_LOOTING
3186F24803251469,rex_attachments/rex_ironsbarhvy_kilo5
3189499446B3DCCF,rex_attachments/rex_drum_decho
319167D1FC85A4CA,KILLSTREAKS_HINTS/INSTRUCTION_LEAN_FORWARD
31A7010174D9D683,LUA_MENU/FETCHING_GAME_INSTALLS
31A75FC856F8221E,rex_attachments/rex_bar_svictor98
31A99675DB512E27,MP_INGAME_ONLY/TRANSPORT_TRAM
31B35CF899714DF1,CAS/WEAPON_LOCKER
31C76DDD40EBFB2A,lua_menu_mp/counterop
31C807BFD4D1FFEF,rex_attachments/rex_minireddot03_desc
31CA6B965A63C219,MENU/act_ii
31CA84965A63EC94,MENU/ACT_IV
31CCA5C59ECE1EA6,menu/notice
31CE7D2344EC2C46,MENU/PRIMARY_WEAPONS
31CF990179494320,info_popups/interrogation_desc
31D42ED4C675E0D8,CAS/Open_Gunsmith
31D4D637B0681021,lua_menu/eliminations
31D924A308D40EED,weapon/ammo_pool_launcher
31D92990E4C31D70,rex_attachments/rex_irons
31DABD7DC18BEE7D,KILLSTREAKS/COUNTER_UAV
31DCFB0FAB802813,BATTLEPASS/INCLUDES
31DFAF98297C1730,LUA_MENU/LAP_RATIO
31E30B1CBF556E2C,splashes/havoc_ammo_feeder
31E7B8D2340B9EF2,rex_attachments/rex_ammo_762s_ap
31F13E63BF8D3994,AAR/MISSION_XP
31F1C8D234140EA7,rex_attachments/rex_ammo_762s_fr
3206AED234263E83,rex_attachments/rex_ammo_762s_hp
3206B4D2342648B5,rex_attachments/rex_ammo_762s_hv
3209B4D234287E8C,rex_attachments/rex_ammo_762s_op
320AC504A168B998,info_popups/armor_desc
3218748E67E4D45D,menu/report_username
3220CD698A6C3E7F,LUA_MENU_MP/NO_COMMENDATION
3227898C95D9C2AC,weapon/lm_rkilo
3231AF6E5F543A2A,LUA_MENU/PAD_LEFT_SHOULDER_BUTTON
3233816F677CE2F2,social/search
323719163896E66F,mp_rex_tumen/callout_warehouses
3239E309C153B4D9,MP_BR_INGAME/ENEMY_WIPED
3241E63248AFBDD5,LUA_MENU/WAVE_NUM
32592B7B1E598BE8,rex_attachments/rex_lnchrscope_juliet
325F212FCFC60481,CAS/LOCK_MSG
3260D5809DB7FA00,equipment/support_box
327E35BAEA3E69AC,DMZ_FOB/MISSION_COMMAND_EXPANDER
32831239523D1185,LUA_MENU/REWARD_TIER
328C41E5B421B1F4,LUA_MENU/RESTART_TIMER
3292F5DDEACE579C,loot_mp/whimsical
32997F14127010BD,LUA_MENU/BR_QUAD_DESC
329E826033C0BB68,lua_menu/quickplay
32A1D1B9A9A65B3A,lua_menu_mp/hours
32A95F5C834F1EF1,BATTLEPASS/PURCHASE_BATTLEPASS
32B2D238E87A9D65,script/invulerable_bullets
32B686617B68FD21,rex_vehicles/hatchback1985_enter
32BB55DAA4C3D2D5,LUA_MENU/PROMPT_TWO_PARTS
32C2AA925AE8578B,BATTLEPASS/PLUS_MISSION
32C36CB19C8A4AE5,lua_menu_mp/towerclimb
32D1FF3232A82BEF,hud/ready
32D3E77A3CC09E29,rex_attachments/rex_arscope01
32D48419389BBFB9,lua_menu/february
32D5A10A695EA583,LUA_MENU/CURRENT_RANK
32E797E6249D6D7F,rank/col_full
32EFBD371106B687,lua_menu/weapon_xptoken_equipped
32F7D7010C1A988C,MP_BR_INGAME/DETACH_WARNING_TITLE
3304B6EABC79CEFD,MENU/LOCATION
3307F4BE03279572,weapon/lm_ahotel
330CAE34C310CB20,MP_BR_INGAME/GULAG_CLOSED_DESC
331526EB5A124BE1,lua_menu/select_attachment
3315665C145B6F22,LOADOUT/Legacy_Weapons
33186D9CFC90BDB5,mp_br_ingame/sideop_surveillance_tower
331A059F0471F127,LUA_MENU/STORE_PURCHASE_CODKEY_DETAILS
3320957B69FF270A,LUA_MENU/CUSTOM_MODE_DESC
332354D0D7C70E5A,killstreaks/cannot_be_used_outofbounds
332E176D263FA72C,mp_br_ingame/mission_unavailable
332F1DA77E694B4F,rex_attachments/rex_knife_anims_hotel45_desc
333726039D3A8844,prestige/regular
333A6269DC72747D,rex_attachments/rex_stock_hvyass_akilo
333F8DFEBD859563,PATCH_MENU/MATCHRULES_CUSTOM
334101CEF5018916,rex_attachments/rex_trig_lgt_golf28
3348893C3BCE3DA3,rex_attachments/rex_stockno_akilo
33554FAE2295891C,rex_attachments/rex_rec_stimpistol
335557A4B08B3630,mp/halftime
3356A4306F441478,rex_weapon/rex_sm_mpapa7
33624387E1E49C07,MENU/cinematics_volume
337807E732B369BF,LUA_MENU_MP/OPEN
338A731935D1C4ED,CHALLENGE/PMC_HYDRO_SHOTGUN_AI_DESC
33902583DCEECE36,LUA_MENU/GESTURE_HINT
33A452B1892EA40F,MPUI/TRIAL_BEGIN_POPUP_CONFIRMATION
33A55ED169FC656E,EQUIPMENT/OW_TRACKER
33A680F235379E31,rex_weapon/rex_pi_kilo5_desc
33A81DA1750FCCF3,HUD/POINTS_POPUP_SCORE
33A914269B492803,menu/very_high
33B23081B7A1C80A,mp_dmz_locks/cache_locked_clocktower_container
33B41DBB3F4D8A69,mp_rex_tumen/callout_residentialdistrict
33CA31083A13DC80,rex_attachments/rex_mag_uxray
33CB0ABD121C3638,lua_menu/expired
33CCBBA68AA5D1C9,rex_attachments/rex_holo_therm01_desc
33D1CB5ACFB24E23,MENU/Minimum_Ping
33D88CBF04FF74ED,rex_attachments/rex_ammo_9p_ap_desc
33E58B4CEFC58BA8,lua_menu_mp/deathmatch_desc
33E76BDAC69ACCAE,loot_mp/quality_5
33E76CDAC69ACE61,loot_mp/quality_4
33E76DDAC69AD014,loot_mp/quality_3
33E76EDAC69AD1C7,loot_mp/quality_2
33E76FDAC69AD37A,loot_mp/quality_1
33F0EBCA18AFD4AF,rex_attachments/rex_xmaglrg_hotel45
33F1EF471C90504F,HUD/Secured
33F4162DFD640E37,weapon/pi_mike1911
33F6FECE2980EBC9,LUA_MENU/VICTORY_STATS_PREVIEW_TITLE
33FA1B2FF292F536,LUA_MENU_MP/CARRIES
340D7E0BBBD92B2F,social/select_max
340F1AB22EA0DEF8,rex_weapon/rex_sn_sierra100
3410FFCFD1AA696F,killstreaks/manual_turret
34205181D163AA1B,MPUI/Damage
3420F6FCBAE91F92,MENU/remove
342A838A90F93D9C,MP_PING_INGAME/WATCH
342E6B8730BD5175,LUA_menu/weapon_builds
343C4C77A2CCBD5C,mp/door_barricade_close_door
343FB60C12BDDD3B,rex_attachments/rex_grip_vert_desc
3444BFD9DD1C19A3,MP/SQUAD_LEADER_SPAWN_SELECTION
34505DB52BE43504,lua_menu/rules_perks
3458F21A8A60DA40,CAS/blueprints
345A9CB581D7F859,MP_BR_INGAME/shop_text
346030720EA64AF2,rex_attachments/rex_rec_spier9
3464E49E4A39EF05,splashes/br_deployable_kiosk_incoming
34676DA63570E2A8,LUA_MENU/Resume
346E7CDE83A06B4D,rex_attachments/rex_pgrip_ass_tango73
346FABA13E586EDA,LUA_MENU/MUTE_ALL
34753FE4B1D9F57B,lua_menu/favorite_superfaction_selected
34766637315A02B9,MPUI/NO_TRIAL_TICKET_DESC
3476D16FDED06E5E,rex_attachments/rex_laserhip_pstl03
347C4EAC2CC83991,rex_killstreaks/drill_charge_bomb
348692D969165B70,MP_BR_INGAME/NUMBER
348DD57204652F85,MP_BR_INGAME/RESPAWN_TOKEN
3491E93BEEB5AD0D,mp/br_claymore
34A67A7826A12CB3,LUA_MENU/COD_POINTS
34AC5CD4D0986212,LOOT_MP/LOAD_SCREEN
34B512B4F461C34B,options/use_lethal
34B904E1536CCB31,menu/delete
34BD5CC92055C5A7,MP_BR_INGAME/INFIL_SQUAD_CONTROLS_PASS_LEADER
34C2B481641A9F22,cas/reach_max
34CBB21C0928FF49,info_popups/interrogation_title
34D0ACA66E6898AD,KILLSTREAKS_HINTS/INSTRUCTION_ACCELERATE
34DC8F931252C17B,rex_attachments/rex_stock_findia
34E024A411CD554B,mp_rex_mobility_course/tut_crouch_objective_kbm
34EA60353ACC3A21,weapon/ammo_pool_shotgun
34F37917104228D0,LUA_MENU/MATCH_BONUS
34F83FCE8A68B7BE,lua_menu/leave_dmz
34FA4DE5B2B733BC,lua_menu/weapon_xp
34FC854B1E29DD2D,MENU/VETERAN
350D7E03DAADA798,MENU/640480
35108B9A004B9C75,lua_menu/faction
351E37BE88A10E7D,MENU/Refresh
35259B75763E4B0A,battlepass/exit
352731631AA9FCD7,rex_attachments/rex_smag_kilo437
3530721FECED1A30,LUA_MENU/BIO_BACKGROUND
35314C2245FDA85E,lua_menu/friend_request_accepting_failed
3533C3F1E9DC89E8,lua_menu_mp/hardpoint
353543885A70198A,rex_attachments/rex_stock_hvy_mike4
354349D14F516332,options/color_customization
354A95278F7EC8C0,weapon/subclass_id_4
354A96278F7ECA73,weapon/subclass_id_5
354A9A278F7ED13F,weapon/subclass_id_1
354A9C278F7ED4A5,weapon/subclass_id_3
355E182A07D37E86,LUA_MENU/BUYMW_BLADE_INFOS
356008C149FFD715,rex_attachments/rex_minireddot01_broken
356A9B66BB4988A2,lua_menu_mp/arena_hc
356BDE0ECFAD12B4,CAS/DELETE_CUSTOM_MOD
356CA0812B09EDBB,MP_BR_INGAME/POI
356D57FDEFC1C743,REX_TRAITS/WORKBENCH_CRAFTING_PLATE
356D7C66BB4B89CC,lua_menu_mp/arena_gl
35710EB25ACD4F75,REX_gametypes/counterop_spec
35770648B7BBFF4F,loadout/options
357B4FE4D914190E,MP_BR_INGAME/GULAG_SPLASH_TITLE
357CFC2C2D230966,options/native
357DA4C21F5388B0,rex_killstreaks/pac_sentry
3582888C35812799,MENU/Objective
359B9CBAF5F04CD6,MP_CHYRON/MP_sira_ALLIES_3
35A59C745265F3AB,MENU/COMPACT
35A81757F51EEF92,rex_attachments/rex_ub_gl_psierra41
35ABB66F880167E1,LUA_MENU/GO_BACK
35B10311065133E0,rex_attachments/rex_smag_sierrax
35C0EAC64AE8C8B7,vehicles/razorback
35C2E6277C4B0211,LUA_MENU_MP/TAG_TRAP
35C3CEA3E051B5D3,splashes/emp_pickup_desc
35C58578120A8F4C,mpui/reinforcement_flare
35CA318870BC4890,mp_rex_mobility_course/tut_crouch_objective_ctrl
35CE108450269CD0,mp_dmz_locks/cache_locked_delta_newmuseum
35CE7EB4A1843C6A,rex_attachments/rex_snscope_therm01
35E2D09473670EC9,GAME/INVALIDPASSWORD
35E504A79E2C7745,MP_BR_INGAME/INFIL_deploy
35EB4D7373BE2C4E,PRESENCE/INFLATION_FFA
35F5F2BB350F425B,rex_attachments/rex_minireddot_emp_desc
35F8C7CAD3D94830,rex_attachments/rex_lnchrscope_juliet_desc
35FA316F39C7D4C5,LOOT_MP/role
3607CBAD4199513F,options/quality_ultra
36252A13D9A9F756,mp_rex_tumen/callout_spec_electronics_storage
3627E5245D25A936,match_status_hint/defuse_bomb
363AFEAF33FCDF8D,KOREAN_LEGAL/KOREAN_PI_DECLINE_TITLE
363BD667F1BCB30A,rank/cwo2_full
3646A8A5A272A3DC,mp_rex_tumen/callout_constructionzone
3652336ED711F9CF,LUA_MENU/north_korea
36805BE69CF91636,mp_ping_ingame/assim_failed_disabled_enemy
368630989ED00760,LUA_MENU/WZ_INTOBATTLE_POPUP_GOPRACTICE
368E86C3C6D7260A,CHALLENGE/GRENADE
36A3EFDB322EBF31,killstreaks/airdrop_desc
36A8DC4E0F29D5A3,rex_attachments/rex_irons_front_golf28
36B3243528E80AC6,playlist/br_quads
36B346B8BF5DC55D,rex_attachments/rex_stock_kilo437_desc
36B69AA0E7D55F8D,LUA_MENU/PATCH_CANCELLED_DESC
36C6B569FC071AAB,rex_attachments/rex_ammo_762t_ap_desc
36C8CAAA839BA5EE,EQUIPMENT/ATMINE_BR
36C8EA5C8DA7E323,rex_attachments/rex_mag_drum_kilo2
36E118FAF76B04AF,TRIALEVENT/START_TRIAL_BUTTON
36E372050CD6D2AF,BR_ELITE_BROKEN_ARROW/LOCATE_PLU
36E40C37FD8C06B3,LUA_MENU/MULTIPLAYER_CAPS
36EF99F2C3ECE2CB,AAR/EXECUTION
3702116E50B9B48E,rex_attachments/rex_snscope_rf01
37053D72018B6373,rex_attachments/rex_fourx_hybflip01
370EC1747A46788E,rex_attachments/rex_laserads_sml01_desc
37125DD913C2ACAE,CHALLENGE/JUP_CH_DAILY_BR_DAMAGE
3715C3ADF92AA443,mp/round_draw
3717945EBD8BA774,rex_attachments/rex_rec_mike4
371AD175EBBEA851,rex_attachments/rex_ammo_762t_op_desc
371B15A58E8AA4E9,SPLASHES/Assist
372B02313DEB8275,MENU/enable
373443E6CDEE6E6F,lua_menu/blocked_player
373477EFDAB68BCD,CODCASTER/AN_HARDPOINT_NEW
373C5CA57F41B2D3,LUA_MENU_MP/MOST_SUCCESSFUL
373DF7192506D616,splashes/br_teammate_interrogated
373EF1FE519C3984,rex_attachments/rex_bipod01
3743B2DD4BC52905,AAR/RANK_UP_unlocked
374A86449108A669,rex_attachments/rex_bar_lng_kilo5
374A87449108A81C,rex_attachments/rex_bar_lng_kilo2
374C3A646D18283C,LUA_MENU/HIGH_PARTY_MEMBER_COUNT_WARNING
3752DFF0B0567F84,MP/BR_AMMO_ROCKET
376310D3D32E4A40,rex_attachments/rex_mag_svictor98
3766BE99619B15CF,WZ_FUNCTIONALS/semtex
37823323B9B47F5A,rex_weapon/rex_ar_kilo2
3784A8CC64117BA6,AAR/RECON
37854B7704FBB168,mp/cannot_deposit_cash_balloon_full
378C2C5FE58603AC,MENU/Cancel
37A6E191F2213ADE,splashes/emp_pickup_enemy
37A8F692A4AC6051,LUA_MENU_MP/PURCHASING_DLC
37AAFEA7122E0D5A,lua_menu/progression
37B22C3B51DEB1AE,WEAPON/FLASH_GRENADE
37BA8133F1A61460,AAR/CHALLENGE_BONUS
37C627428D68C68A,INGAMESTORE/UPSELL_WEEKLY
37C779B66D942A4D,mp/br_dogtag_time
37D16D1F9C28F323,REX_GAMETYPES/COUNTEROP_swhiskey
37DECC8FC5E4AEBE,sp_rex_meltdown/deathhint_exit_tank
37F398ED836A0230,LUA_MENU/NEW_REWARDS
37F683CC2C86D5BB,CHALLENGE/COMING_SOON
37F6DD142F1AFD32,rex_attachments/rex_pgrip_golf28_desc
3804F9955D470F5B,mp_rex_tumen/callout_casinosewers
380796CA130D65CF,MP_BR_INGAME/MENU_MAP_TOKEN_DESC
381313C770DAAE25,LUA_MENU_MP/TIME_TO_BEAT_EMPTY
38240C75DFF675EA,rex_attachments/rex_ammo_68spc_desc
382A2B18E0E6F074,EQUIPMENT/FULTON_INSTRUCTION
382D1477BAA01F78,lua_menu/xptoken_equipped
382EAB355641E9CC,MP_REX_MOBILITY_COURSE/TARGETS_HIT
3838EC0AC023BD00,STORE/COUNTER
38394E7EE6148A27,options/gr_veh_fire_desc
383A76898A7963E5,mp_dmz_locks/cache_locked_canal_uw_container
3843E1F5B23F0360,rex_attachments/rex_breach_e_desc
384ABA0A250B256B,rex_attachments/rex_ub_gl_mike4_sp_desc
384ED8742E840765,killstreaks/cannot_be_used_water
385A13093E926A95,lua_menu/level_icon
385C03B7EC9336D7,mp_br_ingame/reward_icon_name_master_bounty
3867119A01E9B29A,rex_attachments/rex_pgrip_mike4_desc
386E2CBC7674185F,LUA_MENU/FILL_TYPE
3881CC88684D4548,mp_rex_tumen/callout_casinoparking
388746CCF93B0CE9,SPLASHES/destroyed_chopper_gunner
388EED4D6C4A11E1,LUA_MENU/11TH
3890F719A5D654E6,TRIALEVENT/MEDAL_COUNT
3896422A2820DF00,rex_weapon/rex_lm_tango73
389D9E285EE1867F,lua_menu/token_activation_failed
38A2107671A1D986,killstreaks/too_many_vehicles
38B52EDC51A15251,rex_killstreaks/directional_uav
38B88062E0B71211,LUA_MENU_CP/CHOOSE_MAP
38BBBE27A9B37DB6,codcaster/team_name_colon
38D24A64FF9FA9D2,mp_dmz_locks/cache_locked_delta_university
38E0A99CDD8B3A27,rex_attachments/rex_breach_b_desc
38E7483424C33BA7,presence/sd
38E9604004261969,lua_menu/close
38F2F47617A4720B,MENU/REFLECT
38F4D3DB9FCC4039,options/privacy_settings
38F548A987649918,BATTLEPASS/BATTLE_PASS
38F5ABDECC7CD374,splashes/sudden_death
3903B04B08E665E1,lua_menu/change_interval
3903FD143417CCEB,splashes/effect
3906ADFB87DD4C3D,options/aspect_ratio
39122743EF766A5B,MENU/Contested
3913582E92398A76,vehicles_hints/jltv_enter
3918DCFFA40598F7,weapon/cannot_drop_equipment
391E7752F9EE6B5C,LUA_MENU/LOCK
391ECF04753A3679,PLATFORM/BACK
392142FD382D24B6,rex_attachments/rex_sil_sierrax
39258EDDF24EF7B9,REX_VEHICLES/6X6_ENTER
39314BF295F932EC,lua_menu/store
393197CDA11E45FB,lua_menu/emblem_equipped
393427A3FC0287EF,rex_attachments/rex_ammo_50b_desc
3938B8CFBA482355,rex_attachments/rex_ammo_12x55_desc
393A695A29BD852A,equipment/support_radio
3940231F93003EA1,lua_menu_mp/grnd_recipe_desc
394CB32D1ECED621,MENU/4x_msaa
39516D5684D67152,social/empty_grid_friends
3957E27770858B6A,CHALLENGE/CHALLENGES
39586943C79BB2B7,LUA_MENU/ANNOUNCER_PURCHASE_CONFIRM
39613CA61F95919A,PERKS/SURVIVOR
396917DB50F4DCC9,LUA_MENU_MP/WEAPON_DETAIL_CONTEXTUAL
396E587A0B665A07,OBJECTIVES/Hvt
3971153B5CFBDDA2,LUA_MENU_MP/throws
3995750EF1649833,killstreaks/type_kill
399CD3F0E0ED2FF0,LUA_MENU/BOTS_Master
399EBF6E456006D8,mp/rebreather_hint
39A2D6942A34B58A,BATTLEPASS/season_ends
39A80FB636504C0A,LUA_MENU/FREE_TO_PLAY
39ADB5BAD337E6E2,MENU/Analog
39BD0FD83CDB6928,GAME/USE_ARMOR
39BF90B5B4C9F5EF,mp_rex_tumen/callout_mami
39BFB38188D893D3,lua_menu/desc_map
39C271B5B4CBF719,mp_rex_tumen/callout_mall
39C4305CF4ADD3F8,weapon/sm_alpha57
39CCE91715F665B6,LUA_MENU/3rd
39D5FA7099A9C96B,LUA_MENU_MP/CREATOR_CODES_POPUP_DESC
39D8CBB2CDA8C68A,lua_menu_mp/domination_recipe_desc
39DAB3FC501C2308,rex_attachments/rex_rec_rpapa8
39EA3170D2C72F2E,rex_attachments/rex_pgrip_akilo
39EC0758753CED75,LUA_MENU/OPERATOR_LOOT_PREVIEW
3A04A8F9B67F6B91,lua_menu_mp/gun_desc
3A0819745A8CD68C,CODCASTER/AN_HARDPOINT_available
3A14BF0E1BB105DE,lua_menu/emotes
3A150109CEBDFC27,codcaster/swap_teams
3A158CE9478CBBC1,LUA_MENU/OPERATOR_FACTION_LEVEL
3A16221F67133AE4,lua_menu/minor
3A20FE1BB73CAF24,rex_attachments/rex_bar_lgt_psierra41
3A26118D5AF942CA,splashes/br_lootchopper_takedown
3A3E09B28256FEC7,LUA_MENU_MP/GAME_MODE_HIGH_PARTY_MEMBER_COUNT_WARNING
3A497E642C12149F,rex_attachments/rex_ammo_5x21_fr_desc
3A4E3C61A1AFCEA1,LUA_MENU/CDL_ADD_INFO
3A4F1743140DE4F2,mp_rex_tumen/callout_mill_explosives_lab
3A5B793B08F8DCB9,rex_attachments/rex_rec_hotel45_knife
3A647B440ED9B491,LUA_MENU_MP/RECOIL
3A7DCE730A567B6A,rex_attachments/rex_ironsdefault_mpapa7
3A86A4906E9B9DB1,CAS/platform_mastery
3A8E55C358DAE820,rex_attachments/rex_comp_bal_g
3A8E56C358DAE9D3,rex_attachments/rex_comp_bal_f
3A8E57C358DAEB86,rex_attachments/rex_comp_bal_e
3A8E58C358DAED39,rex_attachments/rex_comp_bal_d
3A8E59C358DAEEEC,rex_attachments/rex_comp_bal_c
3A8E5AC358DAF09F,rex_attachments/rex_comp_bal_b
3A8E5BC358DAF252,rex_attachments/rex_comp_bal_a
3A8E63C358DAFFEA,rex_attachments/rex_comp_bal_i
3A8E64C358DB019D,rex_attachments/rex_comp_bal_h
3A90DE9C467F1D9B,sp_rex_defection/contraband_amount
3A9AAC03B1FE5201,rex_attachments/rex_rec_akilo_emp
3A9E511B5945633B,MENU/aim
3AA89EE988ED065C,MENU/CHANGE_RATE_OF_FIRE
3AAA92469375A07E,PLAYLIST/BATTLE_ROYALE
3AB8038F1ACFA622,vehicles/seats_available
3ABAFA337828B6FE,AAR/ATTACHMENT_UNLOCK_INFO_CHALLENGE
3AC570488C275F0B,mp_dmz_missions/geiger_search_contract_cancelled_err
3ACCC241184D277A,BATTLEPASS/BUY_BONUS
3ACD85410805E92D,LUA_MENU/DESTROYING
3AD16BD51EC257F8,splashes/havoc_random_crates
3AD72CF8B37F7C65,MP_BR_INGAME/HUNTED
3ADBF68F3A26FCCD,game/focus_hint
3ADC2CE877021C99,rex_attachments/rex_ammo_5x28_ap
3ADFA311B3D22DA7,LUA_MENU/Date
3AE7AC0BC0149500,MPUI/LOSING_CAPS
3AECDEDD3569298A,match_status_hint/capture_flag
3AED28E877108900,rex_attachments/rex_ammo_5x28_fr
3AF436E87716BF78,rex_attachments/rex_ammo_5x28_hp
3AFFD8DC5F288F00,rex_attachments/rex_laserads_lrg02
3AFFDBDC5F289419,rex_attachments/rex_laserads_lrg01
3B0C40E8772B6257,rex_attachments/rex_ammo_5x28_op
3B0E3580667BBCB6,VEHICLES/REFUEL_VEHICLE
3B143C87E61C28D2,mp/squad_spawn_instructions
3B26D7102F41294C,objectives/grnd_hint
3B2C8A606C00AB33,rex_attachments/rex_bar_asierra12
3B34E3C4CCB858CE,rex_attachments/rex_comp_hoz_hotel45
3B3E28DD6604BD99,splashes/br_twotwo_gulag_win
3B3FA530FFA17A15,equipment_hints/armor_box_use
3B461499A2300F08,mp_rex_tumen/callout_westfork
3B47854DED09E9DB,vehicles/blima
3B4914F53AEB0812,rex_attachments/rex_breach_hotel45_DESC
3B49D456B68FBEDB,MPUI/LEAVE_PARTY_AND_PLAY
3B502CC7082479CB,AAR/SUPPORT_XP
3B52336E19044140,rex_attachments/rex_pgrip_ass_sierrax
3B5D19E9835A6E50,LUA_MENU/PATCH_DOWNLOADING
3B677E998734AC62,PRESENCE/TOWERCLIMB
3B67FFD0E7C686BF,killstreaks/air_space_too_crowded_area
3B71CDB77693BA5F,options/search_bar
3B8033A98A38B0EA,MENU/warning
3B81F2AE4C9DBB94,menu/report
3B88087827B2029E,MP_FRONTEND_ONLY/BETA
3B88961BF0D94682,LUA_MENU/STARTING_GAME_CAPS
3B99887288BF2AD4,BR_ELITE_BROKEN_ARROW/PROTECT_PLU
3BAEC956CDA111AA,lua_menu/item_unfavorited
3BB49CF4844D97BA,equipment/full
3BBE83235E142BAB,lua_menu/june
3BC58B235E1A57F1,lua_menu/july
3BCA1D0DCD99E6F7,MENU/20481536
3BCBF9E65F879DE5,rex_attachments/rex_laser_guard_tac_bmike3_desc
3BCBFDD53FF1F93E,rex_attachments/rex_ammo_45acp_hp_desc
3BD75191CC3B1AE7,TOURNAMENT/TEAM_COUNT
3BD755C067A8B22F,t10_training_course/supine_desc
3BD9C8F3E312A35F,MP_FRONTEND_ONLY/CRAFTING_ERROR
3BDF32F757790889,MPUI/previous_player
3BEB30BD4D3027A7,rex_attachments/rex_pgrip_limax
3BF2A166BB4262BC,sp_rex_defection_rewards/ascender
3BF765F223EE7961,TRIALEVENT/BRONZE_CAPS
3BF80E7ED29BB90A,options/mode_windowed
3C00A201F9F757EC,MP_CHYRON/BR_OPERATION
3C03EB66A11093E7,LUA_MENU/activating_token
3C05B7C2B48D249C,info_popups/revive_desc
3C0AEAC7B2306652,LUA_MENU/BLOODTYPE_BNEG
3C13EB22FA72FA14,MP_BR_INGAME/RISK_TOKENS_LOST
3C14656B0E7A65A0,LUA_MENU/WZ_TUTORIAL_REWARD_POPUP_DESC
3C152C5F4AB39302,rex_attachments/rex_ammo_762t_hv_desc
3C213F571661DEAD,rex_attachments/rex_rec_decho_auto_desc
3C2184591301240B,options/eula_beta
3C279056BF6F99BF,lua_menu_mp/sd_recipe_name
3C2E2140DEE29FCE,mp/vehicle_full_gas
3C326F329AF657BB,rex_attachments/rex_stock_tac_mike4
3C3986D66DB03A3E,LUA_MENU/Cons
3C3D7D2FEC251994,lua_menu/blocked_players
3C45343761F571FB,MP_dmz_locks/cache_locked_fortress
3C4A5ABD51B1B23C,weapon/la_gromeo
3C4AAAC3D9134997,options/gr_veh_handbrake
3C51132E474D9750,TOURNAMENT/VERSUS
3C5A2DA00EEFB39D,rank/maj_full
3C5FBAEAB87A83CB,MENU/RESUMEGAME
3C67EADE406B1AB8,rex_attachments/rex_gripside_vert_desc
3C67EFDC35132481,rex_attachments/rex_mag_asierra12
3C70522223C49D5A,rex_attachments/rex_cal_tuning_golf28_auto_desc
3C7289871F34E0A2,lua_menu_mp/damage
3C760261FD889277,weapon/base_weapon
3C7BE3A2789AC416,LUA_MENU/MAGMA_UPSELL_HEADER_PULSED
3C7E6DB9D94C7DD3,MP/PLANTING_EXPLOSIVE
3C80A77A34A70317,killstreaks/cannot_reconnect
3C8F454EC2AFDAF6,VEHICLES/HORNS
3C99149772F3DD92,LUA_MENU/PREPURCHASE_ENHANCED
3C9BDDC4FB6F37FC,mp_br_ingame/bunker_access_door
3C9D3DB6DFEF947D,LUA_MENU/filter
3C9E58620BF2744A,LUA_MENU/SLOT_N
3CA2CF5A430D56E5,BATTLEPASS/FAILED_ACTIVATE
3CA95B387B649C20,mp_rex_tumen/callout_nksuburbs02
3CA95C387B649DD3,mp_rex_tumen/callout_nksuburbs03
3CA95E387B64A139,mp_rex_tumen/callout_nksuburbs01
3CADF8BD954942D9,REX_VEHICLES/WHEELSON
3CB4106FEE1C50AB,mp/charging_fuel_only
3CB490CADE940EA5,CODCASTER/DEFEND
3CB74A303611CCB3,LUA_MENU/Primary
3CBC588177DBE911,rex_attachments/rex_ammo_5x21_ss_desc
3CC28914012095CA,KOREAN_LEGAL/KOREAN_PIO_HEADER
3CCBF6282C9E959C,rex_attachments/rex_ammo_12g_desc
3CCFEF567ADF57BE,rex_attachments/rex_ammo_12g_sl
3CD0128440EA87DA,lua_menu_mp/infiltration
3CD6DB5E763EBB2A,REX_GAMETYPES/COUNTEROP_upgrade
3CE2B34C579AFA8C,super_mp/tactical_camera_out_of_range
3CE2F8B70515FF9F,rex_attachments/rex_bipod
3CE58FB1568B7138,mp/balloon_extract_deny_no_room
3CE5F9C31431C930,rex_attachments/rex_stock_lgt_golf28
3CE9849214957962,LUA_MENU/MISSION_DETAILS
3CEDB41882D70702,lua_menu/you
3CF6361F23BF28C8,input/right_stick
3CFA06A5BBB115FD,MP_BR_INGAME/CONTRACT_TYPE_COMBAT
3CFAE916CB4DE70C,mp_br_ingame/hacker_phone_already_hacked
3D05082968D1CF81,REX_WEAPON/SHORT_RANGE
3D082E4B733645FB,LUA_MENU/BARRACKS_RECORDS_DESC
3D0C91D5F92246D7,rex_attachments/rex_pgrip_ske_kilo437
3D0DAE17906BE630,codaccount/tfa_heading
3D0FAE1882F3E336,LUA_MENU/yes
3D136FFC2FAEF2C2,MENU/party
3D175FE34B931D9A,splashes/havoc_semtex_surprise
3D1ED4A270AD4A2F,LUA_MENU/PROFILE_NOT_SIGNED_IN
3D1FD2620414C085,info_popups/controls_desc
3D24E35399E90B1F,LUA_MENU/PREVIEW_header
3D2A78F11B52244A,menu/use_equipment
3D49182CD12F3C8C,mp/br_ammo_launcher
3D4BE2AF791E0A02,rex_attachments/rex_selectsemi_akilo
3D59B376A2D0718E,REX_VEHICLES/HELI_TWIN_ENTER
3D5B98572DF3A719,LUA_MENU/ANNOUNCER_PREVIEW
3D65F1641EC86F1C,LUA_MENU/QUIT
3D837965407E3FEA,rex_attachments/rex_mag_akilo_545
3D8768F986AE42A1,platform/using_kbm
3D87B7C9604E135A,MP_BR_INGAME/AMMO_CACHE
3D8A37E5CBE0D3B4,MP_BR_INGAME/TEAM_revive
3D966383E4C97DE0,rex_attachments/rex_pgrip_ske_sierrax
3D9944EE141CACD6,rex_vehicles/goat_enter
3DA06FBC490C87A7,weapon/gl_m203
3DAC32074F718C8D,MENU/LEGACY_SOUTHPAW
3DB32935B68904F2,SPLASHES/ELIMINATED
3DB42306A96D96A2,LUA_MENU/FIELD_UPGRADE_pro
3DC025DEBBED4E28,MP/BR_ADVANCED_SUPPLY_DROP_GRENADE
3DCA9AD4F9ACAB28,menu/optimal
3DD1242B4E050891,MP_BR_INGAME/RESPAWN_SPLASH_DESC
3DD38A5B9EFEBFBC,rex_attachments/rex_selectsemi_mpapa7
3DDA477E96F719E4,KILLSTREAKS/ACTION_SLOT_2
3DE5155A77384476,MENU/FIND_FRIEND
3DEA3D71BE27397B,rex_attachments/rex_flash_decho
3DFC3379F4128098,MENU/Online_Status
3DFC7C48984DE1BD,CHALLENGE/RECRUITER
3E06C2941E6E1CB0,rex_attachments/rex_selectemp_akilo_desc
3E0F5BEEF4238AA9,lua_menu/targets_killed_ratio
3E0FC0F18417B586,LUA_MENU/STREAK_REPLACE_MESSAGE
3E169D2AB549B624,equipment/snapshot_br
3E1997C418BC3291,MP_BR_INGAME/ACTIVATE_SLOT_MACHINE_COST
3E1CAD1FE19E5381,rex_weapon/rex_pi_decho_minijugg_desc
3E29F8324E0BBF1B,MP_EMBLEM_EDITOR/EMBLEM_EQUIPPED_MESSAGE
3E2A38EB83B886ED,rex_attachments/rex_fourx02
3E3483A057E75BE9,rank/majgen_full
3E358F11A2D77C41,platform/bumper_jumper_alt
3E371FE6B0906096,CAS/CHALLENGE_REWARD_XP
3E47007B0E4F9D57,weapon/dm_la700
3E48116CB3585EE9,rex_attachments/rex_stock_tac_xar1
3E4B56DBAC856B7D,AAR/OPERATOR_SKIN
3E4FD847B3E02B3D,aar/sprays
3E5148A637157DEF,BATTLEPASS/FAILED_PURCHASE
3E52FCBB321FB289,lua_menu/camo_category_title
3E53C64D3D76AC9F,MENU/shadows
3E5BD56411FC5C6A,lp/integrity_desc
3E5E16CD12C44CC1,lua_menu/battlepass_xp
3E6B0E5806015973,menu/party_privacy_public
3E7008BC53288714,BATTLEPASS/instant_page_unlock
3E72C066DB4508A6,COOP_GAME_PLAY/RESPAWN_COUNTDOWN
3E79E62E73CF1640,rex_attachments/rex_trig_hvy_golf28
3E7B1A2CE6AC75E4,weapon/ar_kilo53
3E85CB7E26CE2E74,MP_BR_INGAME/MAP_ZOOM_LEVEL_CONTROLS_BUMPER_PING
3E87F1DCA3C063FE,MENU/NameYourSquadMember
3E8C1CDB7853359D,splashes/havoc_kill_snap
3E9121A7D75B9E4E,INTEL_MP/INTEL_SPLASH_BODY
3E923719AFAF31E9,options/performance
3E92709ED0928DAD,lua_menu/level_value
3E95ABA09D6BC336,KOREAN_LEGAL/KOREAN_PIO_DECLINE_DESCRIPTION
3EA304D3D09700FD,LUA_MENU/CHALLENGES
3EB249803F43129A,MENU/combat
3EBEF3F4302DAD28,vehicles/lean_out_blocked
3ECC0A3114992A37,lua_menu/month
3ECD9804F68A10AF,mp/spawn_revive_wait
3ED45FDFB15C5DA0,rex_weapon/rex_lm_minigun_desc
3ED9C68FE61CFC2B,MENU/DEPLOYING
3EE0AA8805209589,options/dismemberment
3EE0F027F8CFB9F6,MP_EMBLEM_EDITOR/OPTIONS_MENU_TITLE
3EE5FDA9F2FF1B71,lua_menu/tertiary
3EE749826BE80B68,BATTLEPASS/CLAIM_page
3EE94E0185215445,loot_mp/battle_pass
3EE95AF998A1AC42,BATTLEPASS/EXCLUSIVE
3EE997B7299D5017,REX_VEHICLES/Ifv
3EEAA8E272F24815,rex_attachments/rex_xsmag_psierra41
3EFB17BC4E320E70,MP_BR_INGAME/PLAYER
3F01D225C7CB16AB,MP_EMBLEM_EDITOR/LAYERS_EMPTY_MESSAGE
3F0220503525FC88,lua_menu/weaptype_single_launcher
3F0837D56576DDAA,rex_attachments/rex_pgrip_tac_xsm1
3F103F8D1EA2F6E0,REX_DMZ_LOCKS/TURN_RADIO_ON
3F16BB613B9CE5E3,OBJECTIVES/HIGH
3F200FD8B26FB047,MP_BR_INGAME/VICTORY_SPLASH_DESC
3F22627E1EF4A501,LUA_MENU/MAGMA_UPSELL_SECONDARY
3F2C10CD9BF83A68,lua_menu_mp/control_hc
3F3B83B775850DD5,LUA_MENU/PLAYLIST
3F41DE876E306EAD,LUA_MENU_MP/CONF
3F43645A404B4CCC,social/dismiss_notification
3F503E0FB5F31B9E,SPLASHES/FuryKill
3F51FF0725295262,rex_attachments/rex_ammo_762s_ap_desc
3F61562BB96DBE7A,vehicles/seats_count
3F66432F066E8147,CAS/ATTACH_CHALLENGE_REWARD
3F70CCE0745ABB7A,TOURNAMENT/WELCOME
3F7289B7B37B99E6,rex_attachments/rex_flash_h
3F728AB7B37B9B99,rex_attachments/rex_flash_i
3F728FB7B37BA418,rex_attachments/rex_flash_b
3F7290B7B37BA5CB,rex_attachments/rex_flash_c
3F7292B7B37BA931,rex_attachments/rex_flash_a
3F7293B7B37BAAE4,rex_attachments/rex_flash_f
3F7294B7B37BAC97,rex_attachments/rex_flash_g
3F7295B7B37BAE4A,rex_attachments/rex_flash_d
3F7296B7B37BAFFD,rex_attachments/rex_flash_e
3F7361213318FE28,rex_attachments/rex_xmag_kilo437_desc
3F7497307FB4BF10,MP_BR_INGAME/VICTORY_SPLASH_TITLE
3F765E72D2DFA56B,rex_attachments/rex_bar_hvy_golf28
3F7F324EBBD70BC4,mp/cash_balloon_blocked
3F86AD7FA5E5182A,MP/BR_TACCOVER
3F86BA79C35A5C21,equipment_hints/pickup_snapshot
3F8B070D9B1BE989,MPUI/PLAYER_icon
3F8F8CD6566B0EDE,challenge/br_daily
3F9AC266FD424D83,MENU/25_points
3FA26FC88C610655,lua_menu/october
3FA40735E6A852CA,LUA_MENU/offline
3FB6EE65B18B6E5B,rex_killstreaks/glider
3FBDFC5A65A5FD99,killstreaks/switchblade_drone
3FBFA51F35E3CE29,rex_attachments/rex_bar_lgt_xar1
3FC4AF9F20815BDB,mp_rex_tumen/callout_compoundecho
3FC4BBE2876854C0,lua_menu/kills
3FCB582CDA17D823,mp/br_multi_circle_winner
3FD7C034B1E351D2,CHALLENGE/PMC_HYDRO_TRAVEL_DESC
3FD955610EBC3371,info_popups/stronghold_desc
3FE477007288363E,MP_BR_INGAME/INFIL_CONTROLS_SKYDIVE_DETACH
3FF1E207DE83D0F4,REX_VEHICLES/VAN2020_ENTER
3FFBEA709DB4D968,mp_dmz_locks/cache_locked_hint
40015102E4AFB000,splashes/br_gulag_token_pickup
4012D2CEADDCC5CC,lua_menu_mp/sd
4012E0CEADDCDD96,LUA_MENU_MP/SR
4033098075E01149,KEY/MOUSE
4039589BBA80CBCA,mp/change_class_next_round
4049D8F381D43AA3,mp_rex_tumen/callout_banjang_office
404C869BCCF88E6A,lua_menu/footer_tooltip_social
405EA3D40C4B1585,rex_attachments/rex_mag_rpapa8_desc
4064DDCEAE22E2A5,lua_menu_mp/ko
406A923CEDE8B357,WEAPON/RVN
406BA1F8C5FDFDCB,lua_menu/gravity
406EDFCEAE2B3A90,lua_menu_mp/hq
40725E979BD95992,splashes/br_pe_firesale_desc
407484B14273EF87,mp/br_mobile_armory_already_used
4075DDCEAE3155D8,LUA_MENU_MP/no
408C5FE855B14E04,rex_weapon/rex_lm_recho
408E754FCE3CCB54,lua_menu/block_player
40902830874CF7F9,LUA_MENU/WAITING_FOR_MATCHMAKING
4096FD139F6559B4,rex_attachments/rex_rec_golf28
409E2B0AB65C85EC,LUA_MENU/strong
40A30BEEA51B7A2F,killstreaks/stow
40A394867F3E684F,platform/look_horz_sensitivity
40A8B33057C12B49,MP/SQUAD_MATE_IN_VEHICLE_FULL
40AB935E768FB650,mp/team_0_name
40B46C1DC390A3F0,rex_attachments/rex_bar_kilo2_desc
40CB16A254765FE2,lua_menu/charm_equipped
40D5052F2872D12F,lp/rules_score_limit
40DEF1960991DFD7,rex_attachments/rex_ironsdefault_decho
40E8079DA91FE1B7,script/door_hint_use_no_bash
40E98B7A0F4DAD9B,OBJECTIVES/GUN
40F062A4E4D38029,mp/round_win
40F50040D3048D54,REX_VEHICLES/COUGAR_ENTER
40FA5C08308C12B7,rex_attachments/rex_smag_findia
40FB6CE3328CB451,codcaster/team_list
40FD90D16ECFC25F,weapon/sn_kilo98
41085A33FEB88C81,SPLASHES/Looted
410F1B1851A0C8F0,lua_menu/checkmark
411CDAD7E43AA346,lua_menu/assault
412933AE91A731E3,LUA_MENU_MP/PLAYERS
4129D4CE584D6917,options/world
412D31F5C9DB66C9,info_popups/buyback_title
412DECB53E71E64D,splashes/first_survivor_desc
4136D05C3086D712,menu/foxtrot
413878F9E3A80649,lua_menu/respawn_text
413B8C80028864CA,MENU/launch_without_mods
41487341603A3609,rex_attachments/rex_ammo_762n_op
415971416048A5D6,rex_attachments/rex_ammo_762n_hp
415973416048A93C,rex_attachments/rex_ammo_762n_hv
41607F41604EDC4E,rex_attachments/rex_ammo_762n_fr
41656ECE289B6638,MP_FRONTEND_ONLY/BONUS_COD_POINTS
41687AB8D8AAB26C,lobby/votes
416A5F0AEBE47A4D,rex_attachments/rex_selectsemi_psierra41
4173690D782BBB44,LUA_MENU/VIEW_KILLSTREAK_VALUES
4175CE220D857D01,MENU/Launch
417787416061C8C7,rex_attachments/rex_ammo_762n_ap
41797FCF985AB130,MP_BR_INGAME/MSG_MISSION_MISSION_STARTED
417BF7E9D5B0508A,MENU/PLUS
417F0717CCB6C4EA,lua_menu/achievement_unlocked
41830E9140DE5681,lua_menu/expander_expand
41868EA0A456A96C,rex_attachments/rex_mag_limax_desc
4187C98F39B69F64,rex_weapon/rex_dm_moscar
418A6282B84272F8,MP_BR_INGAME/DEPLOYMENT_TIMER
418B43F5EB544816,MENU/Start
418B46F5EB544D2F,MENU/stars
418D641B5CB4FE00,MENU/NEW
41904DD627D1B4E8,lua_menu/cash
419256F5EB5A870D,MENU/stats
4197C11FAC1CF2FF,rex_attachments/rex_mag_golf28
41A17246330FA2D5,MENU/enter_your_key_code_in_the_field_below
41A38A3EAB937F37,splashes/br_pe_jailbreak_redeploy
41B82CA1F12129D9,LUA_MENU/show_ui
41B9A0950A65268F,rex_attachments/rex_sil
41BB4904C17728CF,LUA_MENU/MATCH_NUM
41E9A9BBD932CBF1,BATTLEPASS/BATTLEPASS
41EA63F5EBA512FA,MENU/Stand
41F06D53AA545E64,rex_attachments/rex_stock_tac_psierra41
41F15D905D03D77B,rex_attachments/rex_comb_asierra12_desc
41F3597764A9DD14,operators/operator_hide_bio
41F4BF522EBAA028,LUA_MENU/SKIP
41FD380BD0561FA5,LUA_MENU/STORE_PURCHASE_CODPOINTS_DETAILS
420AB5587F25587F,PERKS/FLASH_GRENADE
420CA482DB8ED9FD,mp_br_ingame/already_have_plate_pouch_item
4210738D51FF7BE7,MPUI/NO_TRIAL_TICKET
42133D26BD4ED4A5,LUA_MENU_MP/Loadout
4216F18E1C47846E,LUA_MENU/Windows_Default
4221D191C8AA1347,MPUI/MINPARTYSIZE
422FA441DC15B038,MENU/INTERACT
4230B424950D85F5,menu/legacy
423693EB027DED4C,rex_attachments/rex_dmscope_rf01
423A79B04315210C,rex_attachments/rex_stock_lgt_sierrax
423D89C30A554C05,menu/preset
4243917E8FE927EE,KILLSTREAKS/JUGGERNAUT
4244BC7D228822C9,rex_attachments/rex_rec_kilo2_broken
425AB9882BD5DF7C,splashes/havoc_FRAGILE
425BFE789E38036A,DMZ/EXFIL
4263058664FEF3F9,REX_attachments/rex_sil_hvy
4268CC9AB4E23299,rex_gametypes/payback_stealing
4269CA798785F785,AAR/KILLSTREAK
426D009D9096A56C,KILLSTREAKS_HINTS/BRADLEY_SMOKE
426D7475804E2936,options/wide_32_9
42727F57DCD7148E,rank/5gen_full
4286F15B16ED912F,rex_attachments/rex_bar_spier9
428AEEB1501C8AD8,super_mp/comm_scrambler_killstreak_blocked_message
429013AC37E60CEC,MP_BR_INGAME/PLAYER_IS_SQUAD_LEADER
42A21C03FB8F70F8,MP_BR_INGAME/GULAG_CLOSED
42A7D915B0DA67FE,MP_BR_INGAME/GULAG_title
42B359D2146CDCCA,mp_rex_tumen/callout_theatre
42BA143C34C185E2,rex_dmz_locks/needs_keycard_supreme_leader_bunker
42C52CBC115E5320,rex_attachments/rex_ammo_762t_fr_desc
42E6280E8C9AF509,rex_attachments/rex_ammo_762t_desc
42EDF0175F79B7BF,codaccount/reasons_desc
42EE493895F0EF18,MENU/DISCONNECT
42FD14F12DAC22F5,rex_attachments/rex_drum_uxray
430560AD95C37C92,MENU/regular
43065DD61119981D,mp_rex_tumen/callout_city_hall_conference_room
430A6F4324DC3E16,hud/forfeit_title
431486C751709C5F,WZ_FUNCTIONALS/flash
431649295B0ED7CC,MENU/SCOREBOARD
4319307CD6C457A0,lua_menu_mp/bounty
4334DA8D7712547A,lua_menu/team
4341D455AD06C67F,LUA_MENU/STORE_CONFIRM_PURCHASE_MESSAGE
43443AAAE5538862,rex_attachments/rex_trig_hair_decho
4345684E5B969817,rex_attachments/rex_stock_lgt_psierra41
4345A56D4808606F,mp/br_backpack_large
43484B72077F16F3,mp_br_ingame/too_many_teammates
434BF31DF7486947,mp/cannot_deposit_cash_balloon_leaving
434C48538CD06CCD,SPLASHES/tank_take_down
4353B0641157EBF9,mp_rex_tumen/callout_rice_mill
435A6C3213F1EA05,LUA_MENU/sprays
435DFA11CB806127,KILLSTREAKS/FLARES
435ED38553E1D40D,TRIALEVENT/MEDAL_ALREADY_EARNED
435F59B86169FC75,lua_menu/opening_menu
4364286A632376CF,options/device
4371D6632F724149,MENU/Invite_Friends
437280B25F63E1A0,mp_rex_tumen/callout_namjjog_station
4374E5205868D16C,MP_BR_INGAME/ITEM_TYPE_vehicle
43762E1A2D246650,rex_attachments/rex_arscope_therm01
437A05E93DF6E9A3,SPLASHES/INFECT_ALL
437D462F3E65679D,rex_attachments/rex_mag_akilo_broken_desc
437E24D1AF3786BD,weapon/sm_uzulu
4386D4D0A7E5E151,LUA_MENU/BIO_header
43872AECAFACD1C1,dmz/dmz
438918CB9D29860A,MP_BR_INGAME/INFIL_CONTROLS_IN_PLANE_JUMP_SOLO
438AD2C3C80D176E,MP_BR_INGAME/Extract
438E49AC13FB4271,LUA_MENU/SCORE_STATS_PREVIEW_TITLE
43A23B1C5EB69E30,br_elite_broken_arrow/held_tri
43AB7B1C76CF3659,sp_rex_meltdown/stuck_valve_kbm
43B2561A4E099103,lua_menu/display
43B5E8858EA6662B,rex_attachments/rex_ironsdefault_findia
43B6483D600AF632,STORE/free
43B9D6576D6FCA35,rex_attachments/rex_bar_sht_akilo
43BB59DE3BBF1C25,LUA_MENU/PREVIEW_CAMO1
43C47D02F93E7CF8,options/mouse
43C4F2C6D23CC589,LUA_MENU/TIME_REMAINING
43D5182CEF781E3E,weapon/pi_decho
43E6F9BC722C2CD0,LUA_MENU/BOTS_RECRUIT
43F25503AF889697,LUA_MENU/Amount
4400A372D6E2BA40,MP/MATCH_RESUMING_IN
440E5D0699CDBA7B,KILLSTREAKS/nuke
441159CB457EA518,MP_INGAME_ONLY/HQ_NEXT_IN
4413E8C1A40CF3A8,MP_BR_INGAME/CONTAINER
441D2B1927A351CD,levels/stolen_location
441E8BC4D30DC28D,rex_attachments/ub_msl_ngsierra_desc
441F5097570379D5,rex_attachments/rex_smag_svictor98
44348825FE0CF6E9,CAS/PERCENT
443FBDD830619BA9,mp_rex_tumen/callout_armory
443FBF921D2B59D3,MP/SCORPION_TROPHY_BANK
44410DE1B51A51F6,objectives/control_defender_hint
4445300DEEF5C54F,rex_weapon/rex_sh_xsh1
4449D71F5B6B72A6,mp/br_valuable_bunker_board_epic
444D702B7C4E13A3,mp/defeat
44601C138303D35A,rex_attachments/rex_bar_hvy_hotel45
446429B9144293D8,LUA_MENU_MP/NO_EMBLEMS
4465149F7467753B,weapon/sh_charlie725
4469FA7A0D294F23,social/clear
446F777581CE557A,LUA_MENU/RESURGENCE
447378FC337F3740,MENU/PAUSE
44797BE4037E1D35,lua_menu_mp/grind_desc
447D97918FA6A893,LUA_MENU/GAME_STATS_PREVIEW_TITLE
4482EF54BB2BF9D8,MENU/EASY
4485AD4233912D3E,OBJECTIVES/INFECT
4485CA81B87E492B,mp_rex_tumen/callout_relay_station
449D56AE4D97128C,rex_weapon/rex_pi_radio_desc
449E402F4B3137F4,rex_attachments/rex_ammo_762s_op_desc
44B045C6254155CD,LUA_MENU/WEAPON_STATS_PREVIEW_TITLE
44B0CCE60B204E50,lua_menu_mp/demolition_recipe_desc
44B6E5D51FE2A3AF,rex_attachments/rex_pgrip_tac_xar1
44B96C461167A26B,HUD/IN_USE
44C2C92D5EFBF3CD,TRIALEVENT/GOLD
44C911410E344547,mp_br_ingame/already_have_respawn_token
44CFF3DC6638F4EB,rex_attachments/rex_pgrip_ass_bmike3
44E6F4171CF06399,LUA_MENU/2ND
44E8653B573966D5,splashes/two_plate_broken
44F42F0DFF2AC733,rank/ltgen_full
44FB43DDD005A4C0,rex_attachments/rex_barsil_psierra41
44FC08F802C5D83C,inventory/stash
4509B01D6FACF201,rex_attachments/rex_cal_tuning_stocksaw_kilo437_desc
4510AAE48DB63716,rex_attachments/rex_rec_mike4_pdw_desc
4511AE75DD9AAC97,rex_attachments/rex_pgrip_ass_findia
4512369A2580B665,VEHICLES/BROKEN
45142F10DB1C113D,rex_attachments/rex_breach_d_desc
4519D8B0DB560698,LUA_MENU/FINAL_SCORE
451BC606E1DE282D,LUA_MENU/BATTLE_PASS_OWNED
451C75135B8DBEF8,LUA_MENU/OUTBREAK
452991BCD50D7897,sat_ob/not_now
4529BC6F8EC38A3A,MENU/minimum
452EC4EE91205F7C,rex_attachments/rex_ammo_545m_fr_desc
453181CBBD227A60,mp_rex_tumen/callout_comms_station_six
453281B8A7F5339C,rex_attachments/rex_xmag_decho
4538EB3274461175,LUA_MENU/DENIES
453F9E19DF526A99,rex_attachments/rex_bar_hvylng_bmike3
4540BC86FF88E278,menu/voice
4541995E7426D01B,menu/one_hand_gun
454786E39EC38884,splashes/br_enemy_interrogated
454796D0B9A90DF6,TOURNAMENT/ROUND
454B50149532C70C,MENU/Details
45517F4B24077208,REGIMENTS/CUSTOM_CLAN_TAG_DESC
455253759491F3CC,MP/TIME_TO_BEAT
455C5CC96F1168C2,rex_weapon/rex_la_juliet
456D9D6F8EFD2259,menu/minimal
45745B0D0A92B050,LUA_MENU_MP/BRKING
457EB8B085477F98,MENU/CONTROLS
458734F2C8AE0802,vehicles/ltv
458C86221BB7E00C,lua_menu/mode_caps
4591BA95775B7FAE,rex_attachments/rex_pgrip_sierrax
459DE098B96A272A,mp_dmz_locks/cache_locked_delta_sunkenhouse
459ECA338D8BB260,LUA_MENU_MP/SUPPLY_DROP_MESSAGE
459FBEAC02468FA2,rex_attachments/rex_rec_bmike3_semi
45A61206535DC4A9,rex_attachments/rex_flash_hotel45_DESC
45AB2AFB85750CC5,KILLSTREAKS/RELOADING
45BBAF138A341C27,codcaster/free
45C115EC1D843350,rex_attachments/rex_stock_xar1_desc
45C214731B0F94BA,GAME/SPECTATOR
45C2A0843CF25DD5,mp/spawn_point_capture_wait
45C33CFB9D8F5278,STORE/AVAILABLE_NOW
45C70D101A5CC574,lua_menu/current_season
45D74490A1C10C35,CODACCOUNT/RESTARTING
45D8A151DABEAC8F,mp_rex_tumen/callout_northkorea_wildernessthree
45DCDB7907F81905,splashes/br_elite_arrow_defused
45E2093E59026EF0,codaccount/display_name
45E32D9EFE30BF28,MP_BR_INGAME/ARMOR_FULL
45E6B8C6F44B52E1,TOURNAMENT/WARNING_CONFIRM
45EC0BC3AFDD3553,MENU/MOBILITY
45FBBAA7EDEC1A92,PERKS/THROWING_KNIFE
45FC6521E9F395A2,DMZ/BOUNTY_STATION
45FE5117658C588C,mp_br_ingame/already_have_specialist_bonus_item
46110E1FE39FD199,rex_attachments/rex_dmscope01
4611D6B19FC1E604,mp/balloon_extract_leaving_in
46138ADF3923541E,options/fl_veh_turn_right_desc
46175A533B9C4794,rex_attachments/rex_bar_lng_decho
461B08A93480AE40,KILLSTREAKS/Arm
461C39DEEAC1D178,MENU/Status
4626BA51B6BB9A89,LUA_MENU_MP/PLAY_AGAIN_WITH_team
462DDA71C4317FC6,MENU/DANGER_PING
463165BD04BF1960,LUA_MENU/VIEW_SCORESTREAK_VALUES
46325A8AAFCF8074,lua_menu/claimed
463F05B0506C81AB,OBJECTIVES/cranked
464BAD5613ED8BB4,info_popups/driving_desc
464BDA28673BC984,MENU/Level
46575A073D2EE160,lua_menu_mp/grnd_desc
4659C56FA4E52279,options/cod_account
465A69F61E36CD1C,MP_BR_INGAME/PLUNDER_WIN_DESC
46659E01212297AF,rex_attachments/rex_rec_defibrillator
466A3E691BC67FE3,LUA_MENU/BLOODTYPE_OPOS
466B515958BE5B79,rex_attachments/rex_ammo_9p
466B6C5958BE895A,rex_attachments/rex_ammo_9m
4670D2E97C5E0AC9,BATTLEPASS/LOCKED_INCOMPLETE
4671A5C4D2BD2DDC,menu/campaign
467857136A198491,PRESENCE/RESURGENCE
467B4B70CC9C85DD,lua_menu/current_primary
467CCC02BB8DE53E,MENU/THANK_YOU
4685CF9ECCCE1F98,MENU/VIEW_OPERATOR
46896118486F50FC,rex_attachments/rex_reflex01_broken
4689D822F8BBF68C,mp/revive_or_respawn
468CA13EFD168E81,lua_menu_mp/support_a_creator
468ED42FD5E30DCD,inventory/inventory
4691A7106138C3AE,lua_menu_mp/handling
4696189783E49148,MP_BR_INGAME/USE_ARMOR
46A11A99706D9C85,MENU/HOURS
46A3AB9BAD20FDA0,mp/spawn_eliminated
46AA683326827A8D,LUA_MENU/PLAYAGAIN_TIMER
46AFFEA737600D3B,ONBOARDING/HINT_HOW_TO_PLAY
46B165F6902C6279,rex_attachments/rex_stock_lgt_xsm1
46B1A9E00D9B4D77,AAR/CHALLENGE_rewards
46B6F8AF7CA8700A,MENU/Waiting_for_more_players
46BFD685B08ED81D,menu/unpause
46C18D7064CCF63C,sp_rex_defection_rewards/key
46C2FA4CA9199FC3,rex_attachments/rex_stock_ass
46C55961317826B8,mp_rex_tumen/callout_hangar
46D7FE1AAD80BBA4,MP_BR_INGAME/INSUFFICIENT_MONEY_SLOT_MACHINE_HINT
46DD161B443A4111,mp/super_self_revive_or_respawn
46DEF294ED3EE5A0,TOURNAMENT/PLAYING_ON
46DF033FCD690B0D,splashes/br_pe_flybuy_start
46E2A788C5D765B9,mp_ingame_only/obj_capture_caps
46E7D104C23831AA,input/dpad_up
46E8D386E81B4635,MENU/Realism
46F9BCC76FCFE51A,KILLSTREAKS/Supply_Sweep_Activated
470072267BF2EE56,MENU/WINNING
47037BAF18F47E96,menu/hide
47075EAF18F83626,menu/high
470C4E37E86AD072,lua_menu_mp/enable_cursor_prompt
471C797E527723AD,rex_attachments/rex_bar_mike4_desc
471FAF9694E66767,MENU/MUTE
471FBD55C90DA059,rex_attachments/rex_ammo_762n_ap_desc
4720FF9314BEA764,rex_weapon/rex_sh_bmike3
473A6DAF1923A93C,MENU/HITS
4742A19658149276,mp_rex_mobility_course/tut_slide_land_objective_kbm
4745031D3EA97A6B,rank/capt_full
474B328062BA2108,rex_attachments/rex_xmag_hotel45
474BE0E5144A1C7D,rex_attachments/rex_pgrip_aim_tango73
474E2A68F27FBACF,LUA_MENU/CRANKED
4751EAA018F2025A,rex_attachments/rex_snscope_therm01_desc
4752E4A40BB1A4FC,rex_attachments/rex_rec_microgun
475450862EB592EC,AAR/RANK_TITLE
475A45922CDEACCF,LUA_MENU_MP/PURCHASE_NOT_ENOUGH_CP
475BA9F10D364989,LUA_MENU/TACMAP
476210C10CCBD320,mp/weapon_drop_incompat
4762F46D5867F79A,lua_menu/completed_text
4767CF42EB47B5B2,SPLASHES/EMPed_Vehicle
4771019BAAB0C6E0,MP_BR_INGAME/ENTERING_WARZONE
4780CEB0870A9849,LUA_MENU/DESC_BOTS
4798579D4E9850DD,script/exit_vehicle
47AA563159BFE0F3,MP_EMBLEM_EDITOR/DELETE_EMBLEM
47AD458929A584D4,lua_menu/weaptype_single_melee
47B2E39504CC679E,mp/deny_equip_pickup
47B35F240FEAE83D,playlist/gl_dom
47B41F3174FCE5BC,LUA_MENU_MP/rpm
47B4204AB08E8B47,rex_attachments/rex_rec_pmike63
47B57DD68C81AF8D,MENU/Kinect_Notice
47C92EBF9C7F6B7D,rex_attachments/rex_bar_sht_golf28_desc
47D5DB3DD9DD69A0,LUA_MENU_MP/Weapon_Builds_Unavailable
47D8328BAFE5D57C,BATTLEPASS/BUY_TIERS
47DFA7CF78BC3418,rex_vehicles/heli_little_enter
47E2CEB6C7585282,rex_gametypes/uav_desc
47EC46E2C7307662,INGAMESTORE/UPSELL_DAILY
47ED0844F4AFBAED,platform/look_vert_sensitivity
47F994072EA425FF,options/fl_veh_turn_left_desc
47FE90872B34EEA8,lua_menu_mp/cash
4801E6376A4FFAA0,mp_ingame_only/obj_capturing_caps
48033C480852346C,rex_attachments/rex_stock_sierrax
4806F4208470696A,lua_menu_mp/infiltration_desc
48096C28E522BBEA,rex_attachments/rex_stock_mpapa7_desc
481C510A0DBBEA60,rex_attachments/rex_ammo_300blk_ap
482EDC15EF9821D6,MENU/FRIENDLY_FIRE
482FEC1B383C536E,LUA_MENU/STORE_CONFIRM_PURCHASE_TITLE
48341D8E1AC7B680,REGIMENTS/CUSTOM_CLAN_TAG
48345D0A0DD090A5,rex_attachments/rex_ammo_300blk_fr
483581AB5B0DB4DC,menu/report_player
483B670A0DD6C051,rex_attachments/rex_ammo_300blk_hp
483B690A0DD6C3B7,rex_attachments/rex_ammo_300blk_hv
483DDF42E7FE97D5,dmz/bounty
484BDA7DCE975BD4,lua_menu_mp/view_profile
484C650A0DE5301E,rex_attachments/rex_ammo_300blk_op
484D3F0C93283762,equipment/armor_plate_br
484F74F042EDAD6C,rex_attachments/rex_breach_i
484F75F042EDAF1F,rex_attachments/rex_breach_h
484F78F042EDB438,rex_attachments/rex_breach_e
484F79F042EDB5EB,rex_attachments/rex_breach_d
484F7AF042EDB79E,rex_attachments/rex_breach_g
484F7BF042EDB951,rex_attachments/rex_breach_f
484F7CF042EDBB04,rex_attachments/rex_breach_a
484F7EF042EDBE6A,rex_attachments/rex_breach_c
484F7FF042EDC01D,rex_attachments/rex_breach_b
4854D10446E075DC,PERKS/ULTIMATE_PERK
486A993F50B47B52,mp_rex_tumen/callout_casinosuburb01
4875C3EFA9E5843A,options/medium
48796EC3102B5361,loot_mp/quality_manual
487AB7F6598E94F9,MP_BR_INGAME/GULAG_SPLASH_DESC
48847E017C521ACE,LUA_MENU/MUSIC
4885CF06192C4158,objectives/tdef_hint
4889781DEAF5A319,rex_attachments/rex_stock_hvy_kilo2
48897C8A7403092E,rex_attachments/rex_sil_tac_decho
488A8D96A8F1DD61,MENU/Resume
4893C7D6E452F89E,LUA_MENU/BIO_STATUS
48948D504431DEBF,mp_rex_tumen/callout_tumencity
489B88B3A063151F,LUA_MENU/TITLE_killstreaks
489F5178E897C15E,mp_ingame_only/obj_retreat_caps
48B37C63262CB94E,splashes/havoc_cache_pinata
48B874B0C520C1EE,rex_attachments/rex_bar_lng_bmike3
48BB66865CA48C5F,killstreaks/timer
48D21F5A58A94FDF,mp/refueling
48D29E5663C886E0,mp_rex_tumen/callout_prisondrcwing
48D60A3C84F28BBD,MP/BR_HEARTBEATSENSOR
48E51BA5EC3C212A,LUA_MENU_MP/PLAY_AGAIN_SQUAD_LOCKED
48E8BFDA3B011593,rex_attachments/rex_bar_mpapa7
48F3FD76BAC79967,mp/br_pickup_deny_parachuting
48F8362D01EB6292,OBJECTIVES/defcon
490C34F12744BB61,rex_gametypes/counterop_bomb_planted
490EA8607BD77F55,BATTLEPASS/UNLOCK_X_REWARD
4913C72B5EBD9FD8,PLATFORM/left_stick
492272AF4ECE5A69,LUA_MENU/BLOODTYPE_ABNEG
4931C6EAC9FC0F20,XBOXLIVE/MPNOTALLOWED
493D2E0CD4F6FF64,MENU/CHALLENGES
493F9C1B60CB9C83,MENU/Old
49428ED671FB8A9D,battlepass/reward
4944581393707330,options/tutorials
49449563939611FA,lua_menu_mp/conf_recipe_name
49537E1B60DC1293,menu/off
496407A7FDE91AA2,weapon/ammo_pool_dm_sn
49673217782AAC5A,CHALLENGE/MASTER
496A9A4BB7275CE5,MENU/View_Operator_Bundle
496BC36AB6C4A54B,LUA_MENU/Pros
496C9B33FEF95D13,MP_BR_INGAME/CONTRACT
496E8233120047C8,rex_attachments/rex_mag_limax_lrgstock_sp
496F6A7F255504DD,lobby/lobby
49767D806168A429,rex_attachments/rex_irons_sierrax_stocksaw
4978DA9A14224875,LUA_MENU_MP/FILL_SQUAD_WITH_PLAYERS
49851DE80D4EA251,mp_ping_ingame/assim_failed_disabled
4990AE950E9A99F1,rex_attachments/rex_rec
4994F1619FDFF08E,OBJECTIVES/COUNTEROP
499B8BB3F04501EB,LUA_MENU_MP/PLAYLIST_NUMBER
499CECE658B762C7,rex_attachments/rex_ammo_762r_op_desc
499E24C4EADB96DB,cas/classified
49A38A9FBA40CA92,mp/cannot_deposit_ls
49A77F1EDDEE456F,CAS/GUNFIGHTER_WILDCARD_UNAVAILABLE
49ADAC0AA6B81B29,SOCIAL/RECENT_FILTER_LABEL
49B367C6DAFAB9EC,vehicles/jeep_desc
49B9E32BED23E433,SOCIAL/change_online_status
49C1C0125BF73575,rex_weapon/rex_la_rpapa8_desc
49CF48795AB9DF99,MENU/british
49D17D327C0B70B5,lua_menu_zm/intel_progress
49D6257063B32394,options/gr_veh_prev_seat
49D83BAB263BA7C4,BR_ELITE_BROKEN_ARROW/SECURED_PLU
49E007142753EF85,DMZ/CONTRACTS
49FC34CA06861428,codcaster/field_upgrade
4A009EEF2B39A5E6,rex_attachments/rex_xmag_tango73
4A046331BEE7B599,lua_menu_mp/cmd
4A07667B4F5A4925,super_mp/tactical_camera_invalid_deployment
4A16225C8FB1D00F,rex_attachments/rex_anims_hotel45_paris
4A1AB72492A6EAC0,REX_VEHICLES/T72_ENTER
4A1B189E8A1F4193,mp_rex_tumen/callout_floodedtunnels
4A2051AF7FA9665D,lua_menu_mp/domination_desc
4A23C70FBCE3F4E1,options/prone
4A23D94EE955289F,MP_BR_INGAME/ITEM_TYPE_KIOSK
4A2AC9A8468E940D,loot_mp/vehicle_horn
4A2F431E36049C0E,rex_attachments/rex_bolt_findia
4A395F85140CCF46,options/switch_weapon
4A3D2ED517930E94,mp_ingame_only/koth_overtime_warning
4A479AD2705AC200,LUA_MENU_MP/SERVER_QUEUE
4A483515816C5791,menu/add_to_favorites
4A4DA429F13CB6E5,mp_ping_ingame/assim_failed_player_in_vehicle
4A4FA50603002D73,PRESTIGE/master_title
4A51B33FAC125649,mp/team_1_name
4A5D1BF54F15E1CB,channels/enter_text
4A66EF92D4972CCC,rex_attachments/rex_irons_front_apex_golf28
4A6FA0B831FAFD34,lua_menu_mp/ko_recipe_desc
4A6FE86D30C307DA,SPLASHES/KILL
4A709FCEA7C7069E,options/partial
4A746F1EE10301D2,VEHICLES/TOGGLE_OFF_TRACK
4A74A156697FFCED,LUA_MENU/WZ_PRACTICE_MODES
4A78B67F937EDB33,rex_attachments/rex_bar_sierrax
4A8D36AB9A76B79D,mp_dmz_locks/cache_locked_ship_above_water
4A9996E7D66DFFDB,LUA_MENU/PATCH_CANCELLED
4A9F7821D6506EA3,loot_mp/vehicle_track
4AAA58FD254771A8,TRIALEVENT/TIMER_NEXT_IN_DAYS
4AAB5FB01F30E21D,lua_menu/camo_equipped
4AB6F6DA1BCD2027,LUA_MENU/Squad
4ABF48050BD2C723,OBJECTIVES/Sprint
4AC0CA4315264E0A,rex_attachments/rex_reflex01_broken2
4AC0CB4315264FBD,rex_attachments/rex_reflex01_broken3
4AD036EFF2558CC8,MP_BR_INGAME/armor_plates_full
4AD11643148EE353,MENU/glow
4ADDA84BA6994D4B,rex_attachments/rex_arscope_airburst_desc
4ADDBA02023FCAFC,PERKS/EOD
4ADF517D84B9BD12,AAR/PROGRESSION
4AE08D65D8B00A03,mp/next_team_spawn
4AE94895DFD401FA,mp_br_ingame/move_item
4AED65FC69A1428E,menu/alpha
4AF2BB6345CDB020,MP_BR_INGAME/WAITING_FOR_X_OF_X_TO_DEPLOY
4AF50A4A8BFE2052,battlepass/equip
4AF57C0BF77CC0D0,WZ_FUNCTIONALS/Smoke
4AFAC052F0848A5D,objectives/step_complete
4AFD7245FEF60F4E,mp/faction_two_eliminated
4B0189F93365AC31,mp/br_PLUNDER_BANKED
4B13528C7B557FDA,DMZ/keys
4B14780CDE943A77,MP_CHYRON/MP_hydro_ALLIES_3
4B2392C97E4140FF,rex_attachments/rex_bar_lng_sierrax
4B2E7F79066B2B52,lua_menu/reset
4B3AB20639E4A666,CAS/UPDATE_MOD
4B46B96C77536241,VEHICLES/Horn
4B4B7D40F844FC05,lua_menu_mp/tdef_recipe_desc
4B5ACCC3FE947551,menu/india
4B688ADC8E79AF8F,weapon/sm_victor
4B6A632CD353B6F9,mp/spawn_rally_point_destroyed
4B879730C2AF3015,splashes/infected_survivor
4B94BF4DD57FB7AB,TRIALEVENT/TIMER_ENDS_IN_DAYS
4B9DF19D65BF9658,LUA_MENU/CUSTOMIZATION
4BA91DCFB3603B1C,PRESTIGE/PRESTIGE_max
4BADB2CB0EFFFEFA,rex_dmz_locks/turn_radio_off
4BB760504FA4685A,menu/warzone
4BC4BDD07815EB36,LUA_MENU_MP/ADD_SUPPORT
4BCD4CAC81080D24,lua_menu/default
4BCF83492BCB5AD3,options/display_mode_desc
4BCFE3DD80B4541C,rex_attachments/rex_smag_golf28_desc
4BD6D6D5306A7A3E,MENU/LOBBY
4BD852ED5A23004F,LUA_MENU/UNINSTALL
4BDAA9535F4F682B,MENU/sign_in
4BE6D46D9C1A0402,LUA_MENU/INVALID
4BEDE299BE2AEFB9,SPLASHES/HEALED
4BEE98AA3D51021C,attachments/directfire
4BEF3D1720769F01,LUA_MENU/1ST
4BEFADF30286FED1,mp_rex_mobility_course/tut_supine_slide_objective_kbm
4BF1EA68B48EE77A,rex_attachments/rex_bolt_moscar_desc
4BF93B74D40E7D7C,menu/quick_options
4C00A3F0B3F49761,MENU/LEADERBOARD
4C06F1A53A2C30E4,MP_BR_INGAME/MAP_LOCATION_REDEPLOY_HINT
4C07A71C307EFC8D,levels_jup/sp_jup_vip_location
4C14FA66591DD596,codcaster/cdl
4C1B9FF15D8DFDE4,lua_menu/narrow
4C21F2205A9E74BB,rex_attachments/rex_irons_mike4_pdw
4C25E0D90E71318E,mp_br_ingame/special_item
4C37629371F3617D,CAS/CUSTOM_PACKAGES
4C4DE549340B9058,LUA_MENU/FRIDAY
4C4E0356158078A3,rex_attachments/rex_stockno_sierrax
4C50A2B93F373228,CODACCOUNT/LOGIN_TITLE
4C6D515BE207B9A5,menu/back
4C708CD8941CC4FC,lua_menu/weaptype_single_lmg
4C72E519CF57C5AB,LUA_MENU/Minimum_Players_Not_Met
4C779420BF15A53A,mp_rex_mobility_course/restart_course_kbm
4C8453D837BCE013,MP_BR_INGAME/CIRCLE_TIMER
4C863330ADD7836D,lua_menu/wz_orientation_desc
4C960066A0F37656,lua_menu/parachute
4CADC98EC29A9D3D,codcaster/team_identity_desc
4CAF230DC064E949,rex_attachments/rex_stock_hvy_kilo437
4CB35EBCA26FD6BE,LUA_MENU/support
4CBC0BC72537564F,mp/br_multi_circle_split_close
4CBF9A884B4D4EBD,rex_attachments/rex_xmag_xar1
4CC15ACEF50665CB,AAR/PLUNDER_BONUS
4CC73E41B5895434,LUA_MENU_MP/WHEELSON_ONLINE
4CC79555AEA75ECE,menu/apply
4CC8CDFE8A544A69,menu/beast
4CCA75A701C34C1C,AAR/ACTIVATE_XP_BOOSTS
4CCE79999F4C1E08,lp/complete
4CE7345BAC14E452,mp_br_ingame/reward_icon_name_master_bounty_survived
4CF7DF4C5AABD131,KILLSTREAKS_HINTS/INSTRUCTION_MISSILES
4CF9AB4CFB68DDED,lua_menu/edit_showcase
4CFB797740427E11,KILLSTREAKS_HINTS/INSTRUCTION_STEER
4CFFB51A0FAF0330,mp_dmz_locks/cache_locked_delta_shoppingmall
4D00FA360841A16C,rex_attachments/rex_pgrip_ass_akilo
4D0E0CDA1E89D8D8,TOURNAMENT/MATCH_NUM
4D10B1EB7D1C0196,rex_attachments/rex_bar_hvy_xsm1
4D1331BE65882D5C,LUA_MENU/CUSTOM_MODE_DELETE
4D182EA689E0A006,rex_attachments/rex_selectsemi_asierra12
4D215ECDA2BD1AD4,LUA_MENU/PREVIEW_DETAILS
4D21FFC144E21F60,mp/vehicle_no_gas
4D239E2DFEF7CDA1,rex_vehicles/heli_blima_enter
4D2AB473F4D9E799,LUA_MENU/AUTOASSIGN
4D2F15B9F09373A3,LUA_MENU/OPERATION_ENDS
4D3FC8FF03AD08C6,mp/gun_game_press_for_next_gun
4D4451C220F39405,LUA_MENU/got_it
4D4463A566EAB153,lua_menu/skins
4D472EEBF3FA84E5,rex_attachments/rex_ammo_762r_ap_desc
4D4B9973B289CAFD,LUA_MENU/PREPURCHASE_STANDARD
4D50A1A251BB8DE3,rex_gametypes/payback_bank_friendly_emptied
4D51B7F1CECC0A82,rex_attachments/rex_mag_limax_sp_desc
4D5793A6825C62DA,STORE/ZEUS_REWARDS
4D5D0F7A5F61E71B,OBJECTIVES/war
4D5EF42D7040D7E7,options/crouch
4D62ACE541F30D0E,rex_attachments/rex_bar_lng_findia
4D70246A3E10E774,LUA_MENU_MP/Ammo_Depot
4D719D853CD283FB,mp_ingame_only/snowball_pile_stock_full
4D72BBE26E7C3ACA,SPLASHES/BM_first_to_75_them
4D73DE1B39689D5E,lua_menu_mp/war_recipe_desc
4D793D6DF7B7E619,MP_CHYRON/RNG_DATETIME
4D8C8826BAD0B383,options/ads_plus_sprint
4D8D4ED34E7D4667,levels/stolen_desc
4D9168B37BD02D8A,objectives/sd_attacker_hint
4D98134BA10E6706,MENU/CreateAMode
4D98F1E3B9647EE2,rex_attachments/rex_xmaglrg_kilo5
4DC90A5B11D8A573,LUA_MENU/EULA_TITLE
4DC9A7E76CBBFBCA,splashes/emp_defused_enemy
4DD247A8BF52EE53,cas/platform
4DD5AB23E148BB31,rex_attachments/rex_bipod_desc
4DD6CCA5AC301EBE,MENU/disable
4DE1A74E475A17F7,SPLASHES/BM_first_to_50_us
4DE42E9CCF059C23,LUA_MENU_MP/AVAILABLE_SLOT
4DE48F6B1C700123,LUA_MENU/gradual
4DED42B529DF6C9F,REX_DMZ_LOCKS/INCORRECT_CREDENTIALS
4DEDC9D2F841687F,levels_jup/sp_jup_vip_chyronsquad
4DF1C7320ED09A67,BATTLEPASS/NO_THANKS
4DFAB1BF4C79F7D7,lua_menu/input_method
4E06A60C13AB5410,playlist/oic_name
4E0AD47217972A5D,LUA_MENU/FORMATTED_TIME_WITH_MS
4E0F5F942FD1E536,lua_menu/graphics
4E13A768D996D29C,rex_attachments/rex_guard_pmike63_desc
4E212DA7D715B2BC,LUA_MENU/WARZONE_PRIVATE_MATCH_CREATE
4E2BAEFE4C95FCAD,splashes/br_airdrop_landed
4E30518B5FCDD216,rex_attachments/rex_xmag_tango73_desc
4E30F5D336A9DB24,dmz_fob/free
4E3453332B98AF2C,KILLSTREAKS/AC130_25MM
4E34E0F008F9484B,lua_menu_mp/domination
4E39273579E22A9F,lua_menu/restart_mission
4E4530CDB031DF20,menu/play_on
4E4649E02287DEE4,sp_rex_meltdown/push_cart
4E4BD1528F54C813,rex_attachments/rex_ironsdefault_kilo437_stocksaw
4E4F712FE06738FF,rex_attachments/rex_stock_lgt_kilo2
4E5A9B518C3592C4,LUA_MENU/SECURING_B
4E5A9C518C359477,LUA_MENU/SECURING_C
4E60D3BDBD804A78,weapon/sn_mromeo
4E6609C25C16394F,lua_menu/weapstats_range
4E6705F2F4AD1C9C,rex_attachments/rex_pgrip_tac_tango73
4E673BB7EFE04FC4,BATTLEPASS/ERROR_ALREADY_OWN
4E707A8FFF24EBE3,playlist/br_desc
4E84D3BCAEE981D2,MENU/32Bit
4E93C618BF53AB5D,CODCASTER/XRay
4E9A9BE925DD6A21,MP_BR_INGAME/ARMOR_SATCHEL
4EA24C4A363CB969,lua_menu_mp/hq_recipe_desc
4EA5F3C8E4A57000,info_popups/sliding_title
4EA76982F4F60A6D,lua_menu/undo
4EA819D20654BEE5,rex_attachments/rex_ammo_50b
4EB37110B419152B,lua_menu/party_settings
4ECAD6D3640C67F8,PRESTIGE/PRESTIGE_MASTER
4ED0CBB1DAD9B251,LUA_MENU/MODE_TYPE
4ED66832812FD629,options/upscaling
4ED7DADA088FADA0,challenge/elder
4EDF8056F5918DEF,TOURNAMENT/MAX_PARTY
4EF640142295FD7A,inventory/move
4EF7F5805DDB02EC,CODACCOUNT/REGISTER_TITLE
4EF8EAAAE02F6A36,BR_ELITE_BROKEN_ARROW/SECURED_BER
4F04035A48BE4820,lua_menu/kills_caps
4F10574FF6D28D07,MP/players_forfeited
4F186B2E1E16303B,codcaster/defending
4F1C2CDC046BBE60,killstreaks/cannot_be_placed_vertical
4F2179E5A90806CF,MENU/10_POINTS
4F2F6A0A4A145692,MENU/CLOSE
4F347D985BD63758,VEHICLES/TOGGLE_ON_TRACK
4F38283F771603F2,info_popups/controls_title
4F3EC7FF001C7649,MENU/OVERWRITE_SAVE
4F3EFB6EFC1752D9,MENU/RESET
4F41208313172EDE,TRIALEVENT/TIMER_NEXT_IN_HOURS
4F4EA9AAD3B5DE80,splashes/havoc_system_reroll
4F51079C75107EB3,TOURNAMENT/BAN_MESSAGE
4F719E593741809E,rex_attachments/rex_pgrip_tac_hotel45
4F71C2128CAA693E,rex_attachments/rex_laserads_sml01
4F72BECCD51C2CF5,lua_menu/select_skin
4F7BDA6C41E58E40,rex_attachments/rex_trig_hair
4F7BFE086F5EF72A,rex_attachments/rex_mag_kilo437
4F86FC48BC06360B,rex_attachments/rex_pgrip_ske_bmike3
4F908105F7EBEACA,rex_attachments/rex_ammo_556n_desc
4F9572236B8175BA,MP_BR_INGAME/PING_BUTTON
4F96470DF232E02A,LUA_MENU/STREAK_SWAP_EQUIP
4F97813F6859FC8F,options/vcdpa_desc
4F99724B92806778,MP_INGAME_ONLY/safe
4F9A8C94DB19C8B9,menu/party_privacy_private
4F9CD6EA5679FFA5,rex_attachments/rex_stock_pmike63_desc
4FA94011B197C3E6,rex_attachments/rex_mag_hotel45_desc
4FB7E539381F04FB,platform/dpad
4FBEC43E5403862F,t10_weapon/subclass_id_3
4FC9B6E23369A0B7,rex_attachments/rex_pgrip_ske_findia
4FCAE37E625EA8C3,mp/cannot_equip_now
4FCC207F17FFA155,equipment/thermite
4FCFE63E81C93841,OBJECTIVES/LAVA
4FDC583679097A9F,mp_rex_mobility_course/tut_slide_land_objective_ctrl
4FDFA78FAC13F5B4,mp/gwtdm_soldier
4FE041D61B51B799,weapon/lm_kilo21
4FE48F2809EB9CC1,mp/percent
4FE67224AC1F049A,levels/wounded_location
4FEA871E15D393A9,LUA_MENU/MAGMA_UPSELL_TAGLINE
4FEF0391BFC75028,PERKS/mercenary
4FF65E527FCB9CB0,LUA_MENU/MAGMA_UPSELL_HEADER
500456D02C71BD1F,lua_menu/unmute_player
500CC63D370112D3,BATTLEPASS/PURCHASE_BATTLEPASS_WITH_BUTTON
501A54ED6AF2892E,mp_rex_tumen/callout_sungs_office
501D0D9F0F0B5385,lua_menu_zm/wonder_weapon
502263C82496EA3F,rex_attachments/rex_ammo_545m_ap_desc
502A01E607B83450,mp/cannot_use_gas_can
502E2B536787A991,XBOXLIVE/NETCONNECTION
5030F237CFBFA516,rex_attachments/rex_pgrip_xar1_desc
503383731F7C9BB2,rex_attachments/rex_bar_lgtsht_mike4
5038FC4CC996DFE0,lua_menu_mp/deathmatch
503ECC848D7BDBB6,WEAPON/M4
503ED1848D7BE435,WEAPON/m1
504412E043C3F897,MP_INGAME_ONLY/DEATH_DETAILS_OVERFLOW
504F298F40D46C57,mp_rex_tumen/callout_factory
505B572079D053B6,rex_attachments/rex_arscope_hybrid01
50652F10719EA530,rex_attachments/rex_sil_tac_i
50653010719EA6E3,rex_attachments/rex_sil_tac_h
50653710719EB2C8,rex_attachments/rex_sil_tac_a
50653910719EB62E,rex_attachments/rex_sil_tac_c
50653A10719EB7E1,rex_attachments/rex_sil_tac_b
50653B10719EB994,rex_attachments/rex_sil_tac_e
50653C10719EBB47,rex_attachments/rex_sil_tac_d
50653D10719EBCFA,rex_attachments/rex_sil_tac_g
50653E10719EBEAD,rex_attachments/rex_sil_tac_f
50745188ABDEB31D,lua_menu_mp/hijack_desc
507B0BBFED6CF117,options/backpack
507D8832736E441B,objectives/dom_hint
507D9D6CD6C63976,REX_VEHICLES/6X6_RADAR_ENTER
508E3CD1C3160AC3,rex_attachments/rex_stock_limax_desc
509210173E8A2CA4,MP_INGAME_ONLY/SEARCHING_BODY
5092FC91D2955A2B,rex_attachments/rex_mag_akilo_desc
5096765544139CFA,AAR/CHALLENGE_progress
50B00F245D0DD04E,playlist/gl_tdm
50B5B743775BDE14,LUA_MENU/COPIED_LOADOUT
50BDCEAAE710EC6D,LUA_MENU/BR_SOLO_DESC
50CB2810A6F3B452,hud/bradley_missile
50CBBF3ED27D3B15,levels/prison_location
50CFE21685BC4993,LUA_MENU/DECLINE
50D12192B9E1AC55,LUA_MENU/CREATE_CUSTOM_MODE_DESC
50D43F0F2D34F514,MPUI/ENTERING_RESTRICTED
50D8349976A76EA0,menu/hotel
50E2ACC753E86174,CAS/MODIFICATION
50E470FC415F9FB2,BATTLEPASS/N_TIER_SKIPS
50EE25860194052C,rex_attachments/rex_fourx_therm02
50EE288601940A45,rex_attachments/rex_fourx_therm01
50EFA870BB0540B0,lua_menu/wins
5107BABD32950F19,rex_attachments/rex_stock_tango73
51119A70BB220F4C,lua_menu/wide
51169D2D886EB1F3,rex_attachments/rex_audio_sierrax_acv_desc
511D9EC5F8AAD3EF,MENU/time
511E1522FB53C0D5,rex_attachments/rex_bipod_findia
511FB41047489ED5,LUA_MENU/NO_STORE_ITEMS
51220A68F268F12D,rex_attachments/rex_selectsemi_kilo2
5126CF57F2ACEF71,killstreaks/unavailable_for_n
512792C5F8B31410,MENU/Tiny
5133B48C36D9B3C1,rex_gametypes/inflation_reached
51344BC6D186EAAF,AAR/NEXT_UNLOCK
51359AB9487E11E4,killstreaks/airdrop_multiple
51388DC5F8C17EC4,MENU/TIED
5139AC146121AB11,mp_br_ingame/reward_icon_name_bounty_survived
513CAD95F4F84895,cas/mastery
513D0DA702247AE7,BATTLEPASS/VIEW_MISSION_DETAILS
513F2EDA2F87E8E9,mp_dmz_locks/cache_locked_gravesite_container
514B038333F26F82,menu/dismiss
514EAEF513F47EEC,MP_EMBLEM_EDITOR/RENAME_EMBLEM
516179071E3E1562,LUA_MENU/wz
51618CF48047FE80,rex_attachments/rex_pgrip_spier9
516EDF31A682246D,mp/roundend
517969071E528C13,lua_menu/xp
517F6B6E6954B803,weapon/pi_papa220
518D39C397A42DAC,lua_menu/leave_match
518E6B071E64EB83,LUA_MENU/BR
5199A7F7A67DD595,objectives/war_hint
51A1207F04F83CD2,killstreaks_hints/remote_turret_use
51AA48EDA49955D6,TRIALEVENT/SILVER
51AC72740CC3DF0C,MENU/STREAK
51AD69477F6BD6AB,MPUI/MOBILITY
51B371071E8411F2,LUA_MENU/OR
51B385071E8433EE,lua_menu/on
51B38A071E843C6D,LUA_MENU/OK
51B51B3E56596A7A,challenge/mission
51B666071E863518,LUA_MENU/no
51BA7A071E8A3FEB,LUA_MENU/ms
51BA7B071E8A419E,lua_menu/mp
51C66A11E2E9E197,DMZ/WALLET
51C76BE817C29F67,options/fl_veh_prev_seat
51CE17BBF1BDCF82,lua_menu/quit_match
51D0D2C9903ED911,TOURNAMENT/HOW_TO_PLAY_DESC
51D7A904574965ED,mp_br_ingame/gulag_token
51DE14F0DE6BD8F6,mp_rex_tumen/callout_fallout
51DFA06F5E3250DA,lua_menu_mp/killteam
51DFCBBA9847F140,MP_PING_INGAME/ACKNOWLEDGE_PING
51E4D6481770049E,script/rorkefile_prev_found
51EF233DE1E03A1D,info_popups/revive_title
51F2CDB7A1442B55,LOADOUT/Reset_Loadout_to_Default
51F6F23EBA0A5C4B,MP_BR_INGAME/EXTRACT_PLUNDER
51F91561A4B97354,LOOT_MP/ITEM_TAKE
51F930E4AB9381F4,objectives/dm_hint
52009FAF0D947BFD,CHALLENGE/ACTIVATE
52016FEB36E6B9C3,rex_attachments/rex_bar_hvy_xar1
520184FFF01639A8,MP_BR_INGAME/ELIMINATED_SPLASH_TITLE
5207BBE0AA47BDFA,rex_attachments/rex_ammo_556n
520AF4747B255AAD,BATTLEPASS/LOCKED_WITH_BATTLEPASS
520C1497BF73132C,MENU/HARDCORE
52108DFBBBC2B813,codcaster/edit_settings
521F0B8BF16D9E93,CHALLENGE/camo_unlock_challenge
521FD38062C8AB0C,HUD/CLOSE
522178C285D6553C,mp_br_ingame/protect
5222012B63441D0C,rex_attachments/rex_pgrip_ske_akilo
522533C4B873A3B5,lua_menu/party
52285BF6D25BD33D,mp_rex_tumen/callout_leaderroom
522E5B05649F0115,br_elite_broken_arrow/locate_ber
522EFC2EB3443385,TRIAL/RESTART_NEW_CONTENT
5235FE9489DFDD5B,LUA_MENU/MORE_DETAILS
523D43E7F1DA7D1A,xboxlive/leaderboards
5246A63355CC0832,AAR/LEAVE_PARTY_WARNING
5247F62E40525819,MP_BR_INGAME/OPEN
52486425DD7EC08A,LUA_MENU/SET_FAVORITE_OPERATOR_NO_PROMPT
5249CCF1A58B655F,MP_BR_INGAME/PERK_PACKAGES
5250177E44838861,mp/br_concussion
525164A94D093278,battlepass/ftue_desc_3
525165A94D09342B,battlepass/ftue_desc_2
525166A94D0935DE,battlepass/ftue_desc_1
5258D70FAC1DB187,lua_menu/ranking
525BC57A66B96C76,lua_menu/restart_practice
525C7E531C64EE90,mp_rex_tumen/callout_russiaborderbridge03
525C7F531C64F043,mp_rex_tumen/callout_russiaborderbridge02
525C80531C64F1F6,mp_rex_tumen/callout_russiaborderbridge01
525C85531C64FA75,mp_rex_tumen/callout_russiaborderbridge04
525D7D067BB7EC36,mp_br_ingame/respawn_splash_title
526708568FC683E6,lua_menu/ratio_caps
526BE0AF58D8B6B9,mp_rex_tumen/callout_southkoreashoreline
526D76B8E87EDA3F,equipment/semtex
526EA70E388BC6BE,mp_ingame_only/pickup_frag
526F5CE536003B8F,splashes/one_plate_broken
52749E01073D7D2A,mp_br_ingame/reward_icon_name_vip_killer
5275D29343C6CEBF,MENU/LAUNCHING
528456FDF0E30B04,MPUI/CDL_INVALID_HOST_TEXT
528E62B9D57110D8,rex_attachments/rex_ammo_5x21_ap_desc
528E8BF75D3B0777,levels/tower_location
528EF92E5A4664B3,killstreaks/cannot_be_placed_player
5295AF356B1BEC52,rex_attachments/rex_breach_decho_desc
529977798F51A620,rex_attachments/rex_rec_psierra41_apex
529FF64A87EDF295,channels/disconnect
52A353920DB6E493,mp_rex_tumen/callout_artinstitute
52B78D56DAB9D191,options/theatrical_description
52BF6B4FC300784E,lua_menu/keybinds
52E4BE7E96A7A66F,MENU/models_only
52E4DCE9EAAB0A27,MP_INGAME_ONLY/HP_CURRENT
53032F2982A1822E,rex_attachments/rex_selectauto_sierrax_adversefire
5306647C1BFC3F0A,LUA_MENU/THANKS
530C9F27FA4757DC,LUA_MENU/CUSTOM_MODE_NAME
5318131FE401DCBE,LUA_MENU/RETURN_TO_MISSION
53187CC4FA612ED5,CODHQ/Store
532E42384F311B28,mp_rex_tumen/callout_compoundcharlie
5335ABD649EDBE7C,mp/intermission
533C7B28B7B9C65E,menu/lefty
53409F105AA38CEA,cp_weapon_buy/skiptimer
5344EC4D563D5274,LUA_MENU/BARRACKS_progression_DESC
5349D84D4542DD33,CHALLENGE/STEALTH
534A32E59B319EAE,LUA_MENU/BOT_SETUP_CAPS
53504D955EC6597E,LUA_MENU/Installing
5360EAD97E9C07A8,rex_attachments/rex_smag_sierrax_desc
53620AB79F7136A0,rex_attachments/rex_ammo_556n_op
536CBC1C0F4A00E1,SP_REX_DEFECTION_REWARDS/DRONE
5374B8C295D0E6C5,MP_BR_INGAME/KIOSK_ITEM_circle_DESC
537912B79F842319,rex_attachments/rex_ammo_556n_hv
537914B79F84267F,rex_attachments/rex_ammo_556n_hp
537CB61B6709DA4C,menu/low
537F3D81D2DA0A68,social/clear_search
53801EB79F8A562B,rex_attachments/rex_ammo_556n_fr
5383C01D0BAE5D07,rex_attachments/rex_trig_hair_kilo5
5387155854A6F65D,rex_attachments/rex_stock_tac_golf28
5387C1E90D25DEBE,weapon/la_rpapa7
538FCDF23FCA3182,vehicles/pwc
5390268A3715FEF2,MENU/SAVE_INFORMATION
53911EB79F98C95E,rex_attachments/rex_ammo_556n_ap
5394381355B32321,rex_attachments/rex_stock_svictor98
5394987FDD3F68B5,TOURNAMENT/SPECTATE
539F9A09479A9179,rex_attachments/rex_ammo_762s_fr_desc
53A9194FAA812CB5,rex_attachments/rex_rec_psierra41_desc
53ACCF1B67332889,MENU/LAN
53B06B6A43AAE859,mp_dmz_locks/cache_locked_delta_underbridge
53B46C5DD63FE20D,playlist/gunfight
53B55F90214BA52B,BATTLEPASS/INSTANT
53B762CD26405FA0,menu/return
53B87271E4760B98,MENU/ranking
53C83E827F462A3F,lua_menu/customize_title
53D16D5AFE769DBF,rex_attachments/rex_pgrip_decho_desc
53D47F8508AC2264,MENU/Score
53E31663524A19CC,MENU/Start_Match
53E5A6ADCAC87732,mp/br_valuable_bunker_server_tape_epic
53ED8104499C5535,MP_FRONTEND_ONLY/BONUS_COD_POINTS_PERCENTAGE
53F1F9383E2CA708,lua_menu_mp/minutes
53F6CE1E31021B07,LUA_MENU/WAITING_FOR_HOST_CAPS
53F8FDE0A5EADA12,store/not_found
540169E5F0D7BA84,rex_attachments/rex_mag_tango73
5401CB951505E96C,rex_attachments/rex_mag
5403387F5C6C1D62,rex_attachments/rex_pgrip_golf28
5405254394FDCBEB,BATTLEPASS/TOKEN_earned
540CF4C6DB898059,LUA_MENU/UNINSTALL_completed
5415BC81286B2A06,rex_attachments/rex_selectsemi_mike4
5431A2B1ACE41614,rex_attachments/rex_stock_sierrax_desc
54391705786CB624,rex_attachments/rex_mag_findia
543B40CEE7211F8B,mp_rex_mobility_course/callout_final
543F41FD9A839220,EQUIPMENT/GASMASK
544BF1495B8ADF44,MP_PING_INGAME/MSG_SQUAD_PINGED_AMMO
544DAADC50729EBA,AAR/TOP_COMMENDATIONS
544DB40403951A4D,rex_vehicles/vansmall2011_enter
545621408E266F63,lua_menu_mp/weapon
54730D92DC200163,rex_dmz_locks/pull_lever
547A9664873050EA,mp/br_smoke
547BBFEF58848E6D,rex_attachments/rex_stock_hvy_bmike3
547ED08C284A7741,mp/placeholder_leaving_in_n
547FF92A1C4CA1DF,splashes/havoc_super_speed
54864AC1C36CA2DF,TRIALEVENT/BRONZE
54868C0B51CA4381,rex_attachments/rex_mag_spier9
54871A8EAC2A77AD,BATTLEPASS/NEW_MISSION
548747A1F4297F84,mp/cash_balloon_too_many
54887D65B6AFF53A,rex_attachments/rex_bipod_golf28
54987EB2D6ACAE17,vehicles/random
549F977224A95E5D,LUA_MENU/LAST_MATCH
54A18D8CEC6E0FC6,rex_attachments/rex_stock_hvy_xar1
54A3A275624F425E,lua_menu_mp/clutch_desc
54B147FE6F9C3940,rex_attachments/rex_stock_lgt_akilo
54CB7C581E57B901,MENU/SAVELOADGAME
54CBC8FE147E7E41,options/toggle
54CCADA40E5EC27B,rex_attachments/rex_mag_asierra12_desc
54D7EAF128FFAD80,rex_attachments/rex_cal_tuning_pump_bmike3
54D92345EC22DEBC,lua_menu/profile
54ECB8830A4920CD,rex_killstreaks/turret_drone
54F2662E0D9BF53D,MP/SECOND_KILL
54F2BD79FFE0AE8D,splashes/br_pe_restock_active
5501748E6BE298E0,options/gr_veh_boost
550A307A6372C2B2,OBJECTIVES/VIP
55109C2E5C3FD19E,mp/br_c4
55142D5A450ADB75,lua_menu_mp/rescue_recipe_name
5514D9A3F268A7E4,battlepass/1_tier_skip
55180F0503BD3FDD,MENU/Defuses
551812983D074476,mp_rex_tumen/callout_compoundfoxtrot
5518372A29BD8FA8,killstreaks/invalid_point
5520CEEA32908289,splashes/frontal_cranked_boost
5527A9B26A9BD830,mp/plus
552ACFA1A46DD071,CAS/CHALLENGE_COMPLETE
552C53BB239767E9,mp_biobunker/data_center_panel_use_no_item
552D560FDFB43143,LUA_MENU/infects
552F75E8C6F921D7,lobby/players
553196191EE8684B,rex_dmz_locks/press_button
553270E6AF5E58C7,LUA_MENU/OPTIONAL_OBJECTIVE
5551FF94982153F9,rex_traits/workbench_crafting_bandage
555BB1D7A5CA32EE,MENU/read
5560E6E1B530C817,PATCH_MENU/FRIENDS_ONLY
556EBF52359A0DEE,LUA_MENU/OFFICER_FIRST
55703796542BAE5C,MP_BR_INGAME/GULAG_VICTORY_SPLASH_DESC
557752B3F7D39F3F,MENU/PLAYER
557D2A82DADF4EBF,LUA_MENU/PURCHASE_MW_PROMPT_ALT1
55884FA281EF2A40,mp_rex_tumen/callout_northfork02
5593749D85674ABD,MPUI/TRIAL_HOW_MANY_STARS
559FC7FB7F46AB6A,splashes/br_teammate_dead
559FC8D58F1F776A,lua_menu_mp/contracts
55A9DFD488C052E7,battlepass/next_reward
55B53BD1D08D4E00,options/shared
55B6A4974604B82D,LUA_MENU/NEXT_RANK
55BA22F363AE9349,options/balanced
55CBAE30478DF99D,seasonal_event/month_day
55D37A3A5C32C892,LUA_MENU/BEGIN_SIMULATION
55E6805F1B971F53,lua_menu/unknown
55E945955E982C02,rex_attachments/rex_bar
55EB74FF0EC7F45D,platform/thumbstick_layout
55EDE42BDB6DF73A,LUA_MENU/ZOOM_IN
55F510C40F53DCEA,rex_loot/trait_point
5602A679093CE770,LUA_MENU/MOVE_CAMERA
5602DF7D1029A157,mp/br_backpack_small
56148640EAFCACAF,MP_BR_INGAME/INFIL_CONTROLS_SKYDIVE_ATTACHED_DEPLOY_CHUTE
561BE99693587BDA,rex_attachments/rex_xmag_uxray
5622AD3E1631D178,MP_PING_INGAME/CANCEL_PING
562F120E633C627B,CHALLENGE/CORE
56323DFA31AD15F6,MP_INGAME_ONLY/DANGER_CLUSTER_STRIKE
5636203FE7C58B64,CAS/SAVED_TO_ARMORY
56476F1D3B7653D8,AAR/MATCH_BONUS
565A3168605E4458,lua_menu_mp/frontline_desc
565D1EC42AFEF7C4,mp_rex_tumen/callout_prison
565E6757FF5D0424,options/party_privacy
5662084D3F6473B7,MENU/Loaded
5666758EC2DBB190,MP_BR_INGAME/KEYPAD_CONTROL_EXIT
566B8E9DDF4DA141,rex_attachments/rex_drum_decho_desc
56786F9AE9C89D56,rex_attachments/rex_mag_psierra41_desc
567C0242B2E5B424,rex_GAMETYPES/COUNTEROP_akilo
56808550158C8C53,SPLASHES/defcon
568173317CA8693A,LUA_MENU_MP/PRO
568482A15C97DEFB,menu/profile
568760CC8EB27328,BATTLEPASS/TIER_claimed
5688E721FAF63809,rex_attachments/rex_stock_limax
5689CCD57CD5F646,rex_attachments/rex_anims_hotel45_nyc
5694295C5373CD09,lua_menu/theater_button
56976921ADC3F7FD,rex_attachments/rex_akimbo_kilo5_desc
5698165C6D51BD94,rex_attachments/rex_stock_asierra12
569A3E4D6DEC8025,AAR/CHALLENGES
56A2FBF5CEF80ED6,LUA_MENU/ACTIONS
56A657317CC755E3,lua_menu_mp/pos
56AD5E012D3A9E96,PRESENCE/CONF
56AEE7CA5B90642A,rex_attachments/rex_ub_gl_std
56B08140A9AC8831,MPUI/TRIAL_REWARDS
56B4FED02828F711,rex_attachments/rex_mag_akilo
56B9F57CFE16B2D9,loot_mp/cod_points
56C03754C5C2E677,menu/echo
56C1636E978EFBA8,CHALLENGE/equip
56C25772E06A46A6,br_elite_broken_arrow/protect_ber
56C7EA812CD19275,script/intelligence_of_eighteen
56CB710C41309147,LUA_MENU/STORE_DURATION_OF_SERVICE
56CE0F4CA9C4C258,splashes/br_SPAWN_MATCH
56CE6E8779AF83E2,lua_menu_mp/ko_recipe_name
56D0A13D6BA75AD4,CAS/ULTIMATE_PERK
56D16A0F8FDFA2F9,mp_rex_tumen/callout_mill_foreman_office
56D170B6CFC5EB6B,KILLSTREAKS_HINTS/GETTING_SUPPLIES
56D381777FA7C3B9,mp_ingame_only/obj_attack_caps
56E017F29FDE2AFE,rex_attachments/rex_ammo_762s
56E018F29FDE2CB1,rex_attachments/rex_ammo_762r
56E01AF29FDE3017,rex_attachments/rex_ammo_762t
56E024F29FDE4115,rex_attachments/rex_ammo_762n
56F0400694B4AF4A,TOURNAMENT/LEAVE_PARTY_AND_TOURNAMENT
56F7FA052B42114D,splashes/br_lootchopper_incoming
56F843BDC867A2F5,CAS/BLUEPRINT_STORE
56FCCAB79A174EB0,LUA_MENU/SELECT_PREVIEW
570C8AFA3F45F35C,killstreaks/lrad_count_over_limit
5717C87E286E4940,vehicles/jltv
573153AD407D75F8,options/recommended
5739572C75DA02C6,MP_PING_INGAME/HELP
573C26ADE66A640C,rex_attachments/rex_grip_vert_short
573EABE8A363E75F,mp/br_backpack_medium
574E312FAC6AD009,MP/REWIND_FAILED
574F3DF774376A0F,mp/team_3_name
575113BA4126A72F,lua_menu_mp/armorup
57524D9A97D62E07,eng_global_stream_mp
5759758E16C49124,lua_menu/contrails
5763D4082A60B93D,MENU/deconstruct_duplicates
5767BF5677058793,mp/waiting_for_c130
576933C0D143A481,mp/br_valuable_bunker_liquid_nitrogen
576A230A85DA057B,EQUIPMENT/TRIPMINE
577F2B664DEFEEBF,LUA_MENU/MONDAY
579AA5743ED5DE1E,menu/nomad_lefty
57A037CC2BB16B2B,STORE/COLLECTIONS_CHARMS_TOMOGUNCHI_TURBO_DESC
57A501B68E33BB5D,cas/base
57A74265A5FA5134,TOURNAMENT/DETAILS
57B0B43A56D23C79,rex_attachments/rex_pgrip_limax_desc
57CFF1BE69498B94,rex_attachments/rex_pgrip_kilo5_desc
57D87C659B5A065C,CODACCOUNT/REGION
57E4113C09573493,mp/cash_balloon_leaving_in_n
57EF1A210F6FCE3C,LUA_MENU_MP/Engine_Failure
57EFA9FDE263B3B5,MENU/Deaths
57F0FFFBC573ACD2,rex_attachments/rex_grip_mike4_pdw
58017CED56890BFE,loot_mp/gun_screen
5801A370E8F344A6,HUD/NVG_INSTRUCTION
58023E3BA6426A7C,rex_attachments/rex_stockno_xsm1
581AF57E3DB70263,MENU/SETTINGS
581B3DC1D847EDFF,equipment/generator_prompt_press
581ECE71CCC8503C,mp_rex_tumen/callout_compounddelta
5823A318DA8CE390,lua_menu/off
5833051D810D2307,rex_attachments/rex_ironsdefault_psierra41
58363EAE577AB7F8,rex_weapon/rex_la_golf94
5838897A0FF77CE5,mp/br_type_la_bazooka
5839E7D8ED972D13,LUA_MENU/SELECT_DESELECT_ALL
583A066A615305F5,MPUI/OVERTIME
584752984985DB36,rex_attachments/rex_guard_bmike3
5854B231C6299E85,LUA_MENU_MP/AVG
58581F44C025A1E9,MENU/ACCOUNT
585866C3E1CF482C,rex_attachments/rex_fourxtherm01_desc
5867A8769859BCBB,mp_dmz_locks/cache_locked_fishing_box_dock
586A8F080BD2E531,LUA_MENU/TIME_HOUR_PM
58759B639EE415B8,mp_rex_tumen/callout_compoundbeta
587C1E988920F692,rex_attachments/rex_selectsemi_akilo_desc
588035A6450D0E79,AAR/MATCH_TOTAL
58833416A01CF6FE,mp_ping_ingame/assim_failed_player_not_downed
58935A9B5A57A842,lua_menu/standard
589CBE71A60271C5,rex_attachments/rex_comb_erg_bmike3
58A48B080C0456AC,LUA_MENU/TIME_HOUR_AM
58A4B237592A9F5C,rex_attachments/rex_stock_asierra12_desc
58A6274C374E6946,rex_attachments/rex_ammo_45acp_fr_desc
58A6E4AF1D9B80E6,options/search_button
58A8DB31C670712F,lua_menu_mp/aon
58B2E88A08639BC7,options/center_vehicle_camera
58B67B57D56F1542,CAS/SAVE_MOD
58B8D19241F4783F,weapon/sh_mviktor
58B93DC546B4878D,LUA_MENU/locked
58C00DA72D4DEAD8,rex_attachments/rex_bar_lng_kilo437
58CBBB30A7713938,MP_BR_INGAME/OPEN_SCOREBOARD
58D589848BA69EC9,LUA_MENU/WZ_TUTORIAL_REWARD_POPUP_TITLE
58DDD7B4542C1D57,LUA_MENU/rescues
58DF0D065C0FCCBB,rex_attachments/rex_ammo_45acp_op_desc
58E18038FBC100DC,rex_attachments/rex_pgrip_ske_xar1
58F02125663A4C89,MENU/SOUTHPAW_NS
58F9DAAF234F8FA7,MENU/hold
58FCB462EFE4943F,mp_rex_mobility_course/tut_dolphin_dive_objective_ctrl
591146EF51001EA4,rex_attachments/rex_xmag_kilo2
59134E1247DA8148,splashes/br_respawn_active
59181648DEA855D4,killstreaks/airspace_full_abv
591CFDE3092D568E,killstreaks/max_friendly_vtol_jet
591D8928A65120F9,options/hide
591FAB6F30C1BB62,MENU/STORE_CAT_WEAPONS
59230917E9AFE794,battlepass/page_n
5925F112E76DFEFC,rex_attachments/rex_ammo_45acp_hv_desc
592A5E3F9B6B5AAE,KILLSTREAKS/MARKED
593CDC284C74CCF6,lua_menu/select_killstreak
593F2B158C8908B0,KILLSTREAKS_HINTS/INSTRUCTION_EXIT
5941C59A0DB12000,lua_menu_mp/pos_dom
595A07213105EDB9,LUA_MENU/TRIAL
5960810D16DBB62B,LUA_MENU/LATENCY
596E082131169876,LUA_MENU/Trios
5970BA9B9DAD8B60,killstreaks_hints/mark
597D970B64B15756,rex_killstreaks/crossfire
598A48C5320BD3BE,CODACCOUNT/KR_MARKETING_OPT_IN
598FC33D8C8B4A85,operators/operator_bio
599A54124D955DFE,weapon/sm_beta
599DE55DF646F1B2,PRESTIGE/PRESTIGE_rewards
59A01200A8620B81,rex_attachments/rex_anims_hotel45_paris_desc
59A8E6FD216060A7,options/radar
59AB9BDBF8568375,lua_menu/warzone_playlist_select
59B1356B8BF04ED0,LUA_MENU/ANNOUNCER_PURCHASE
59B2821EA33687DE,rex_attachments/rex_bolt_bmike3_desc
59B298CCA8682744,rex_attachments/rex_rec_xar1_desc
59BA0052B5A46F2D,platform/button_layout
59BDF23B9FBDCD63,lua_menu/january
59C4D55F5DF0F75C,lua_menu_mp/domination_recipe_name
59C5C784523DF885,weapon/ar_falima
59C5D87229217EAA,weapon/dm_xmike2010
59C6C81EF808E658,mp_rex_tumen/callout_bugjjog_checkpoint
59CBCCC1F91FF66D,rex_attachments/rex_gripside_ang
59CBD2909762CDFB,inventory/munitions
59D0797B8171747B,MENU/RANKED_MATCH
59DC60BD6CDD2ED5,LUA_MENU/PLAY_SOLO
59E28516EB90C96C,mp/br_armor_deny_not_better
59E7E7664D130E3E,LUA_MENU/TRIALS
59EAF76D0B6AFE0C,rex_attachments/rex_stock_tac_xsm1
59F18A1E46459C7B,LUA_MENU_MP/custom_class_1
59F18B1E46459E2E,LUA_MENU_MP/CUSTOM_CLASS_2
59F18C1E46459FE1,LUA_MENU_MP/CUSTOM_CLASS_3
59F1D8D507F3B796,killstreaks/max_friendly_wheelson
59F1E58BA8E0C5B6,rex_attachments/rex_ammo_50b_hp_desc
5A0BEB05529D46F9,rex_attachments/rex_ammo_50b_op
5A1C56999EC0E4CF,menu/very_low
5A1CE90552ABB6C6,rex_attachments/rex_ammo_50b_hp
5A1CEB0552ABBA2C,rex_attachments/rex_ammo_50b_hv
5A1D74724FBFDEC0,weapon/sn_alpha50
5A1DE18509BFB15C,MENU/charlie
5A1FDDBB9FC4599E,rex_attachments/rex_pgrip_sierrax_desc
5A20E50552AF98D1,rex_attachments/rex_ammo_50b_in
5A23F70552B1ED3E,rex_attachments/rex_ammo_50b_fr
5A26A49FBC73EA86,loot_mp/consumable
5A2B1787C07A1FC4,SP_REX_MELTDOWN/DEATHHINT_LEFT_AREA
5A2EA4B9EC06AEA1,LUA_MENU/BIO_FACTION_DETAILS
5A3BC58D7C357A40,mp_br_ingame/armor_insert_in_progress
5A3BFF0552C68CB7,rex_attachments/rex_ammo_50b_ap
5A422AC7899603CF,OBJECTIVES/SUGAR
5A49B3CA238CE161,killstreaks/destroyed
5A546DFC5C35ACC6,menu/invite_to_party
5A64199A6925D3AA,PRESENCE/POS
5A6471FBC3090ED6,VEHICLES/Locked
5A66397E4943D132,rex_attachments/rex_ammo_762r_fr_desc
5A6AE6DECA384CB3,MENU/save
5A6DBB1B838716EB,mp/no_valid_targets
5A711277D1CDDAAD,options/tooltips
5A76914FC5437D3A,MENU/diver
5A7AD2D0F6061B55,TOURNAMENT/WAITING_FOR_WINNER
5A8232B5F7CB85A8,DMZ/NOTE_MENU
5A82B668BB582A97,LUA_MENU_MP/TIME_TO_BEAT_FORMAT
5A85FC9497A5D7B6,killstreaks/already_used
5A8B237A39F776F5,MENU/MELEE_STEADY
5A8CEADECA5539E5,MENU/SALE
5A8D492D651EBB96,SPLASHES/BR_GULAG_DONE
5A99C4B89824768E,AAR/TAUNTS
5A9CD81B6AA46550,menu/map
5A9CE8D46975F7A2,dmz/resource_count
5A9DC8D4F9BB3916,sp_rex_meltdown/jump_fail
5A9DCE6A6EA0DA70,mp_dmz_locks/cache_locked_caves_bench_container
5AA206DECA67C583,MENU/safe
5AAFB8E5A1CE5D92,MP_CHYRON/BR_INFIL_TITLE
5AB2F80D5B3F1E0A,MP_BR_INGAME/MSG_SQUAD_INVENTORY_REQUEST
5ABABE6409252070,MENU/MAXIMUM
5ABB995584588AEA,CP_ZMB/ESSENCE
5AC1E94184696714,LUA_MENU_MP/BRMINI
5AC800A9A9C66FC5,VEHICLES/VEHICLE_SELECT
5ACB113DCB0E5A66,mp/br_loot_cache
5ACC2CB25E3C7867,options/gameplay_hud
5AD3DD68F5076677,MATCH_STATUS_HINT/DEFEND_hq
5AE39F640947F0D7,MENU/MAXIMAL
5AE644BD293F587B,mp_br_ingame/fortress
5AEEC0C91CA0A7B3,rex_attachments/rex_stock_pmike63
5AF81285D14654FD,VEHICLES_HINTS/PATROL_BOAT_ENTER
5AFBF0C99F716D44,LUA_MENU/REWARD
5AFFC92714FB03A4,rex_attachments/rex_selectsemi_spier9
5B0E1D6DE9ECB360,LUA_MENU/rotate
5B139B7A485E3E35,LUA_MENU/COPYCAT_LOADOUT
5B13FB82573A7703,mp_br_ingame/will_revive_into_prone
5B1B04F56831F1F6,mp/br_type_la_launcher
5B222B8DC6974335,SPLASHES/BM_first_to_50_them
5B326576C388A8E6,rex_attachments/rex_stockno_uxray
5B35C4E7FF7BA649,mp_rex_mobility_course/tut_mantle_objective
5B3A19443E0DD5B6,lp/rules_time_limit
5B3CC3E0AFA67BAB,rex_attachments/rex_ammo_545m
5B3D2DB60970EDEA,MP_BR_INGAME/ITEM_TYPE_backpack
5B4AFB469C7B43BC,loot_mp/emotes
5B604A75C63B9606,LUA_MENU/STREAK_SWAP_REPLACE
5B614F713B674E3C,MP_PING_INGAME/PING_DECLINE
5B62855F74871B94,KILLSTREAKS_HINTS/INSTRUCTION_LEAN_BACKWARD
5B628B1F8DF66D4C,rex_attachments/rex_bar_lgt_xsm1
5B6A4275A3437C60,LUA_MENU/Empty
5B7110079AC6B11A,OBJECTIVES/BLITZ
5B78A02447A39903,lua_menu_mp/hardpoint_recipe_name
5B81183C0D142211,mp/br_multi_circle_merge_open
5B8129645C8ACDC7,mp_rex_tumen/callout_crags
5B893E197E6516DB,lua_menu_mp/hq_recipe_name
5B89B2D6B9A28C23,rex_attachments/rex_bayonet_moscar_desc
5B8C2B96FA3028C2,vehicles/train_tank_car
5B8CCB56D28225A1,mp/press_to_spawn
5B9971CB284429DA,rank/mwo_full
5BA5530A26DF4CB4,mp_dmz_locks/cache_locked_control_room
5BA6DA7463C7387B,rex_attachments/rex_pgrip_aim_bmike3
5BB2CAC37B36D915,dmz/samsite_block_killstreak_err_msg
5BBB83D4D186013E,sp_rex_defection_rewards/take_attachment_ak_hybrid
5BBD8B014B4787CE,menu/multiplayer_desc
5BC74AC6BC9565D0,lua_menu/playercard_equipped
5BD7C69B3C4623EC,rex_attachments/rex_mag_tango73_topload
5BD92E560647A3CC,killstreaks/cannot_be_picked_up_water
5BDA57184D44C804,options/motion_reduction_vignette
5BE28835A8008DED,rex_attachments/rex_stock_uxray
5BE4448BAA974DBA,LUA_MENU/PLUNDER_TRAINING
5BF27B467FF18888,SPLASHES/INFECTED_STARTS_IN
5C056CA298A71CF3,sp_rex_meltdown/death_hint_rpg
5C06C56DAA436C0D,LUA_MENU/NEW_EXCLAMATION
5C0DCB963151DF59,LUA_MENU/CHANGE_TEAM_WITH_PROMPT
5C16348CCD925202,platform/page_down
5C1F7B56B34589B3,LUA_MENU/ANNOUNCER_VOICE
5C274500EEED6E79,rex_vehicles/vanwagon1990_enter
5C329164C126D2F8,rex_attachments/rex_bar_hvy
5C40B9A3BC3C751D,MENU/False
5C417D737C70830D,MPUI/VEHICLE_PASSENGER
5C50EB134781D166,mp_rex_mobility_course/tut_slide_mount_objective_kbm
5C5377A5937938ED,LUA_MENU/BOTS_MIXED
5C5CAFB79F13A495,MENU/LOSSES
5C6082431E91A449,MENU/grim
5C639F8D3EDE7E0D,menu/ratio
5C643941D34929DA,lua_menu_mp/pos_koth
5C6C288230185D8A,PERKS/underkill
5C768D73DCE0A8AD,options/ads
5C7CEF2AF2B2B585,LUA_MENU/PATCH_UPDATE_RESTART
5C85988C5F15638E,vehicles/apc_desc
5C8946B250115AA0,rex_attachments/rex_laser_stocksaw_kilo437_desc
5C926E73DCF8EEB8,options/all
5C932D610FE41881,menu/report_player_select
5C9354A3065718DB,weapon/ammo_pool_lmg
5C9E82E048349381,LUA_MENU/BLOODTYPE_APOS
5CA0063BC056B1C3,rex_attachments/rex_ammo_12x55
5CA2BB6CE00DA7E2,seasonal_event/claim
5CADEC308E60D78F,rex_attachments/rex_cal_tuning_stocksaw_kilo437
5CB0CEEC244B0400,rex_attachments/rex_stock_mike4
5CB3A594D19DDC32,sp_rex_meltdown/help_push_cart
5CB7F887C28D2B9A,lua_menu/killstreaks
5CBEA4C9E6ED4D29,splashes/br_elite_arrow_victory
5CC73DAF37366930,online/cantjoinsession
5CC8ABBB4DC97150,mp_ingame_only/ammo_restock_stock_full
5CD0B1AC655415DC,KILLSTREAKS_HINTS/INSTRUCTION_HANDBRAKE
5CD1FED45595C9E0,rex_dmz_locks/push_lever
5CE24F8C25107649,PLAYLIST/GUN_NAME
5CE3C689F19669E2,levels/marina_location
5CF449348A17BB80,lua_menu/home
5CF7D2B7CBB7C872,LUA_menu/accuracy_CAPS
5CFEC9F284CC1E80,LUA_MENU/DARK_OPS
5D0F6C30ECFC02BF,mp_dmz_locks/cache_locked_underwater_ship
5D12015F3472B925,LUA_MENU/Escapes
5D14868738CCDD77,LUA_MENU/resume_game
5D1BDFA3B4C1D8FF,LUA_MENU/RADIAL_ROTATE_BUTTON
5D22563413863FAD,BATTLEPASS/recap
5D2715D8A078CE0F,LUA_MENU_CP/CINEMATICS
5D2937587569E4C0,MPUI/REMOVE_PLAYERS_PROMOTED_DESC
5D305748ED75C157,rex_attachments/rex_fourx02_desc
5D37EFCBE982236C,rex_weapon/rex_pi_swhiskey
5D46A2B0DB81B966,SPLASHES/X_UNLOCKED
5D4EF46B012C34E0,mp_rex_tumen/callout_nanuda_sandbar
5D6E4054FD68F1C6,killstreaks/nuke_already_inbound
5D746DD351390C42,weapon/lm_mkilo3
5D7FD648B0F3A8D6,rex_attachments/rex_barsil_findia
5D8087D79CD7F921,rex_attachments/rex_minireddot_emp
5D87D92F8AA3C88B,LUA_MENU/SECONDARY_OBJECTIVE_REWARD
5D8C29DCE9C69373,rex_attachments/rex_bar_akilo
5D94696DDFB1C1A7,options/ping_wheel_desc
5D9D39147822EFA7,KILLSTREAKS_HINTS/INSTRUCTION_sentry
5DA032ADB07D65E2,rex_attachments/rex_ub_ab_kilo2
5DA17F1D2B9E545B,MPUI/TRIAL_BEST_TIME
5DA8BC339A1BAFE0,mp_br_ingame/mobile_armory_action_error
5DB79A42B02095A6,MP_BR_INGAME/AVERTED
5DBCF87A206F138A,OBJECTIVES/Dmz
5DCB12C648F06A86,MENU/type
5DD258F6CB2FE1DE,mp_rex_mobility_course/tut_super_sprint_objective
5DD2BD816B2B377E,lua_menu/attachment_equipped
5DEEECC66E843B43,LUA_MENU_CP/close_menu
5DF0851EB1BC2942,rex_attachments/rex_stock_tac_tango73
5DF29E11E3E933E7,MP/Cards
5DFCB989A767809F,rex_weapon/rex_pi_kilo5
5DFF592DA87AF9CD,mp_ingame_only/obj_defend_caps
5E0170EE9451CB6F,MP_BR_INGAME/GULAG_CLOSED_BANNER
5E03CB8B2F34E0FA,mp/spawn_next_round
5E0731C050AE8B23,mp/balloon_extract_tip
5E076F7E65278126,options/wide_21_9
5E08A90047361988,lua_menu/rotate_left
5E0F6CEDEDD6B9A0,rex_attachments/rex_ammo_762t_hp
5E0F72EDEDD6C3D2,rex_attachments/rex_ammo_762t_hv
5E113AAD930F0565,REX_attachments/rex_guard_tac
5E116D172AF69B20,LUA_MENU/7TH
5E16DC0B1129F7E8,rex_attachments/rex_bolt_hvy_bmike3
5E187662E82E1360,mp/spawn_revive_remote
5E1DD4086AE4AD11,lua_menu/weapon_equipped
5E21E2B77EDCEAD9,rex_attachments/rex_rec_xar1_hyperburst
5E2676EDEDE9A97F,rex_attachments/rex_ammo_762t_op
5E2D82EDEDEFDC91,rex_attachments/rex_ammo_762t_ap
5E33926385E1EF8D,lua_menu/unmute
5E345ADFFBD15211,codcaster/display
5E38F2D510E88D4B,dmz/traits
5E3E7EEDEDFE48F8,rex_attachments/rex_ammo_762t_fr
5E47788ABCA296B3,rex_attachments/rex_ammo_556n_hv_desc
5E4901DC3D0B2493,MENU/TOGGLE_AIM_DOWN_THE_SIGHT
5E4EB863F5516C52,CODACCOUNT/GREETING_CROSSPLAY
5E585E6ABA41A4D7,CAS/PERCENT_SMALL_SIGN
5E661106F0189FDE,MP_BR_INGAME/KIOSK_ITEM_TEAM_REVIVE
5E6ED7956BA54F5C,levels/party_location
5E70C0FDD2389A42,aar/unlocked
5E7149F0A261D7F6,menu/map_voting
5E7B18540F128FC8,loot_mp/sticker
5E8057796930AC2A,platform/invite_to_party
5E80981DD5B16084,BATTLEPASS/tier_sale
5E833E41C62D8B35,INGAMESTORE/CATEGORY_rex
5E84539BBC0086E1,lua_menu/quick_play
5E8AC886F9600D90,MP_BR_INGAME/stow
5E8AE2CA3CE934D5,wz_killstreaks/airdrop
5E90C8211595C67E,CODACCOUNT/TFA_INFO
5E9DDA24413662D8,LUA_MENU_MP/ITEM_EXCHANGE_FAILED
5EA98DA659D55FA9,rex_attachments/rex_laserhip_pstl04_desc
5EB0983FF6AF4F63,mp/br_equip_deny_backpack_less
5EB51E2631261C01,SPLASHES/COLLECTED_BOUNTY
5EC4D7F29978AE1D,MENU/waiting
5EC8F813D58DEE57,LUA_MENU/SECONDARY
5EC8FB5969081FB9,options/note
5ECEAE3689DDB115,lua_menu_mp/mission_participation
5ED20E1CB667DF7C,BR_ELITE_BROKEN_ARROW/HELD_BER
5EDD1A96C7074364,MENU/STATS_VERSION_FAILURE_CONTACT_SUPPORT
5EDF314488A1DCA5,lua_menu/career
5EE1EC4C95475C8A,MENU/Inspect
5EE8CEC0A008C030,lua_menu/change_class
5EED1252BDAC788A,LUA_MENU/CONFIRM_BREAK_PARTY
5EF2CA002A5C4EE2,MPUI/TOURNAMENT_BEGIN_POPUP_CONFIRMATION
5EF38D4E34838EC3,lua_menu/quick_channels
5EFB866CF986BB06,TOURNAMENT/REWARDS
5F0213E9088780B7,REX_VEHICLES/SEDAN1985_ENTER
5F084A318C4263D5,menu/small
5F11F5DF8A1643D1,LUA_MENU/TITLE_equipped
5F140CD96D34A6E1,MENU/100_POINTS
5F16E25B07B4077E,hud/uav_tower
5F1C4ED0116A8D34,BATTLEPASS/Hvt
5F1CF0832C162D88,jup_ob_objectives/leave_warning_4_desc
5F26544F9C3DE49F,BATTLEPASS/EXCLUSIVE_EDITION
5F3DC7353B85AC16,options/no
5F45BC14CB9F1323,MP_BR_INGAME/SQUAD_BUYBACK_COST
5F47271CEC19E07B,LUA_MENU/WZ_ORIENTATION
5F48C5CD8492E262,TOURNAMENT/WARNING
5F4CCBD9B7C4E355,LUA_menu/level_CAPS
5F4DB5F21F91B9B5,rex_attachments/rex_mag_kilo5_desc
5F51125B16AE2FE5,CAS/UNLOCKED
5F60D918467FA4D2,MENU/Force_Respawning
5F6254C690152055,LUA_MENU/tight
5F6FF047B11EBEDC,seasonal_event/event_complete
5F757B3CB85165FF,AAR/PLUS
5F7DAE08BB0AEF5A,LUA_MENU/LEAVE_WITHOUT_PARTY
5F7E0269E5DB4815,rex_attachments/rex_smag_psierra41_desc
5F7F13D6317BC3BB,rex_attachments/rex_pgrip_ass_decho
5F8BED2542820ED5,lua_menu/civilians_killed_count
5F9CB8E0E92C7CD7,LUA_MENU/PERK_UPDATES_TITLE
5FA4EB63C9EB9AD4,PRESENCE/SPRINT
5FABBC9BA24EB2B7,rex_attachments/rex_pgrip_ass_hotel45
5FB1D767D40BBE39,vehicles/seat_switch_blocked
5FB8E691685186DF,MENU/keyboard_disconnected
5FC228EEBE7FCD85,rex_attachments/rex_shscope01
5FC7B718DE97078B,LUA_MENU/N_A
5FDE94FB1DDC8D78,lua_menu/strafe_left
5FE256867C5264F2,CAS/CREATE_NEW_MOD
5FF11EF3EB6A7EB3,MPUI/RETURN_TO_VEHICLE
5FF2F36C495E89FC,LUA_MENU/SELECT_LOADOUT
6005C6E78C836022,weapon/overheated
600AAEF3DD6CCDF8,rex_attachments/rex_pgrip_tac_bmike3
60130EE8980FEB42,mp_rex_mobility_course/callout_storage
601D2D1498405735,MPUI/CDL_INVALID_LOADOUTS
601F7FFD58E80AB2,mp/team_6_name
603AE178CB436C10,rex_attachments/rex_laserhip_lrg03
603AE878CB4377F5,rex_attachments/rex_laserhip_lrg04
6042821A6703F07F,mp_br_ingame/your_plunder_text
6043FF6EBB0CC3D4,channels/global_hint
604A4D64E1C2DAA2,MP_CHYRON/BR_GULAG_CHYRON_TITLE
604B2197E35739D3,LUA_MENU/WARZONE_REWARD_DESC
604EA1E8183934C1,WEAPON/Erad
6054454B5C7B8FAE,rex_attachments/rex_snscope_vz01
605E8B9CB71F0B7E,CAS/BLUEPRINT_AND_WEAPON
60617B92CBE8C162,KILLSTREAKS/AC130_desc
60757F53F82FD770,LUA_MENU/WEAPONS
608921A8FBA4CD18,KILLSTREAKS/Mgb
609AE7821E56E45D,LUA_MENU/IDENTITY
60A388D810F38F55,vehicles_hints/atv_enter
60A9C558944FA2A3,rex_weapon/rex_la_rpapa8
60A9EE29AC7F343C,levels_jup/sp_jup_vip_chyronlocation
60B06158DFCAAF3A,MP_INGAME_ONLY/PLACEHOLDER
60B59EB89E5D9BF5,lua_menu_mp/ctf_recipe_name
60BD1E163468EB86,BR_FERVOR/SNOWBALL_LEGEND
60C011146DC91B2C,objectives/bounty_hint
60D92B0DA7BCF76B,rex_attachments/rex_ammo_300blk_hp_desc
60E169B3CE0FCDC4,rex_attachments/rex_ammo_762n_hv_desc
60EC2395BC00E06A,rex_attachments/rex_pgrip_flared_hotel45
60F762C08B971CAC,rex_attachments/rex_cal_tuning_lm_stocksaw_sierrax
610003EC66D56EE5,lua_menu/items
61046C87BE1E0BC4,LUA_MENU_CP/RELIC_HEADER
61049A882A872583,menu/defends
6107C5B9CA102DE6,TRIALEVENT/TIMER_IN_HOURS
610A2AABC7E2A7B6,TRIALEVENT/MODE_NAME
610C5AB03C49CADA,game/door_open
61108931832CAA5F,lua_menu_mp/war
6111BDEFA85B1E99,CODACCOUNT/TFA_BTN_CONFIRM
6112ADA6418D5C15,CODACCOUNT/REGISTER_ERROR_TITLE
61131E31FA87F116,rex_attachments/rex_mag_hotel45
6113AB82EC528BAE,AAR/COMMENDATIONS
61145CDD07630FA5,presence/mp_rex_lotus
612050F618D7CF20,mp/gas_can_full
6133582C99005285,LUA_MENU_MP/HEALTH
6134326AD2356204,options/eula_desc
613638C9D2496121,lua_menu_mp/double_xp_token
613ABA66CFA3E09E,LUA_MENU/LOCKED_ITEMS_CAC_MSG
6144197A08613734,LUA_MENU/RANDOM
61468A75ACBFC7E2,mp_br_ingame/not_enough_plunder_activate
614716537FF8C622,options/assist
6149C2E63E550B92,rex_attachments/rex_mag_xsm1_desc
615992C0988A9E58,hud/variable
615E19DB81E0E9D3,rex_attachments/rex_mag_rpapa8
616621668843FA59,MENU/mission_select_menu
617247D2CCF4C9FD,MPUI/FIRE_RATE
6178951FF901F2EC,TOURNAMENT/MATCH_PREVIEW
617DA6BACDF231E2,rex_attachments/rex_xmag_svictor98
6180506734BB07EE,MENU/DUMMY
6181707CB7CC8136,LUA_MENU/VIEW
6195D0F2EF813355,menu/unlimited
61980B558CEC518C,MENU/HOLD_SPRINT
61A0BB3935D6ACEB,mp_br_ingame/already_have_self_revive_item
61A12F0CF796E674,LUA_MENU/CDL_RESTRICTED
61A79C69D8B72FD4,MENU/INSANE
61A9362F611D2930,CAS/SELECT
61AA52FACD746F20,MP_BR_INGAME/INFIL_CONTROLS_JM_IN_PLANE_JUMP
61AC7D4FD7E295EE,MENU/english
61BDD42075A6AFA5,lua_menu/quads
61BDDA833A608E71,mp/br_gulag_token
61D0D1772B12846C,match_status_hint/defend_bomb
61D0F67D3628C3F1,LUA_MENU/armory
61D8A8CAD95531A4,killstreaks/cannot_be_picked_up
61DC5DC5EE248060,CAS/BLOCKED
61DF88B15237753D,mp/team_5_name
61E6E518FD296D67,mp_rex_mobility_course/select_course_block_title
61ED027C92A94468,rex_attachments/rex_ammo_556n_op_desc
61ED3ACD2730BC69,TOURNAMENT/MATCH_UPDATE
61FA84476A06797A,options/move_back
6205D852DCABB44F,lua_menu/weapstats_mobility
6210D3F6E8061BE8,rex_attachments/rex_stock_lgt_xar1
62158B2517C02779,mp_br_ingame/poached
621EA4515FDD9386,MPUI/PLAYER_OPTIONS
62292A640DB85D13,rex_attachments/rex_pgrip_kilo2_desc
622D96013177C080,REX_GAMETYPES/COUNTEROP_ELIMINATIONS
623747E133AEBC35,jup_store/or
623CEA2A1742D478,LUA_MENU/NEXT_tip
623F076D31D6BEE7,BATTLEPASS/BUY_tier
62412C1C7A8C756C,HUD/Fire
62414406CDAE93F2,mp/tac_cover_cannot_place
62435B4BB9866195,mp_br_ingame/map_controls_dispatch_killstreak_kbm
6254920D01A452D4,mp_ping_ingame/assim_failed_team_size
625B5924A691F5EF,MENU/LEGEND
625D1F4E55101CB3,CAS/BLUEPRINT
625D763990CF0938,LUA_MENU_MP/SECONDS
62625A0AB2574445,playlist/gl_moshpit
6264465E13B92421,MENU/LEGACY_SOUTHPAW_NS
62666EF50955D71D,mp_rex_tumen/callout_riverside_apartment_a
627C9D74957E8700,rex_attachments/rex_ironsdefault_golf28
6286132A0B0216CF,LUA_MENU/PREPURCHASE_DELUXE
6286D280480D3BF6,lua_menu/boost
6290E32F2EF55066,dmz/inactive_uav_tower_time
629285E07DFA8D1B,lua_menu/augments
6297DC1F15CA52EC,battlepass/available_title
629E053A9CD83382,CAS/WEAPON_NAME
62B36E196F5CA36B,rex_attachments/rex_stock_moscar
62BC49181021AD38,BATTLEPASS/COMPLETE_BATTLE_PASS
62C6313D6B9E3632,mp_br_pe_dataheist/name
62C98BD29633CF73,lua_menu/favorite_count
62D4237E1391BEF6,mp_rex_mobility_course/tut_swim_objective_ctrl
62D9BBDE86FAE6D6,menu/sort
62D9DF0326A8CB1E,mp/cannot_deposit_cash_heli_leaving
62DDC4AFC1D25350,WZ_FUNCTIONALS/C4
62E08423AAACEA72,MP_BR_INGAME/CONTRACT_TYPE_LOCATION
62E3CA7C5E30DADB,rex_attachments/rex_pgrip_ass_kilo2
62E9373DB169EB7B,equipment/none_desc
62EA4E4C19F8DDD9,mp/br_already_equipped_item
62F1E8E27C906D26,rex_killstreaks/crossfire_desc
62F9AD9BA1F26F64,wz_functionals/pop_candy_hold_kb
62FA4C2DDA410868,SPLASHES/SURVIVOR
62FCA7727828AE04,mp_rex_tumen/callout_prisonbuilding
62FDB3D3E77F7751,BATTLEPASS/COMPLETE_BATTLEPASS
6302A8954E413C1A,HUD/STATUS
6303161A094EC108,lua_menu/contested
6309F04D68212621,coop_game_play/cant_pick_up_weapon_while_swimming
630CEFD43B6EE7E3,MENU/minutes
63148B3956A83D76,lua_menu_mp/demolition_recipe_name
631C054747A791A7,lua_menu/alternate
631CF6E365D168A8,coop_game_play/server_shut_down_warning_seconds
631FE31A35D72D13,EXE/ONLINE_TEMP_BAN_PLAYER_NO_NAME
6321D15AD238C368,GAME/armor_plates_full
6340D5B1B89C8457,rex_attachments/rex_grip_ang_short
634322E9A09EA47D,MENU/Page
6347D59A26ACB643,loot_mp/equipment
63549809FFBCFCD7,LUA_MENU_MP/PLAY_OF_THE_GAME_TITLE
635D01BDD08FEC11,seasonal_event/new_weapon
635EE39CD3F6411F,OBJECTIVES/grind
6371C87149AAABAF,MP/BR_REVIVE_OR_RESPAWN
63742D64CAB2480D,lua_menu/warzone
6375C62EB671109D,LUA_MENU/CLAN_AND_REGIMENT_TAGS
63837890B69092BF,LUA_MENU/MATCH_Summary
638397B30400C4C3,mp_rex_tumen/callout_haejeog_radio_station
6386BE9F9A778DF0,rex_attachments/rex_ammo_9p_hv_desc
639ED3C1BC388065,menu/southpaw
63A2E194A4B56D58,lua_menu/microphone_test
63A7AB5EF2145D99,lua_menu/change_difficulty
63C5BF4E8F012F47,rex_weapon/rex_railgun
63CD796D8F73D210,STICKERS/DEFAULT
63CF08423EAA7554,splashes/br_pe_firesale_end
63D41E17C8F5A6F0,MENU/This_will_apply_the
63D4886565717C9D,MP/armor_full
63D641A7CF8D0C98,rex_attachments/rex_bolt_quad_bmike3
63DA68CD5D5AD6FD,LUA_MENU/active
63E7751C4BF0A1A7,mp/num_revives_left
63F210B9BBF0B20C,weapon/ar_mike16
63F93D558209C57D,lua_MENU/VIEW_class
6401D823D1C6B86D,KILLSTREAKS/AC130_40MM
6406FE95C2D8E9BD,rex_attachments/rex_stock_moscar_desc
6412163494E606F1,MP/MATCH_IN_PROGRESS
6413E9B6F9E400BB,mp/br_plunder_extract
641D28611DE59835,splashes/havoc_flame_on
643EF428A07759E1,LUA_MENU_MP/SPAWN_GROUND_WAR
64408BC8D4FDADA6,rex_attachments/rex_bar_sht_kilo2_desc
6444B4DD6E6EF90B,LUA_MENU/COMBAT_RECORD_WEAPONS
644C8F6C60949B93,MP_BR_INGAME/MSG_MISSION_OBJECTIVE_COMPLETE
6457A8FCB0DC6AF5,options/cpra_desc
6461E65CAA784B49,lua_menu/item_tracked
64678F8DF60E27DC,TOURNAMENT/QUARTER_FINALISTS
646DF179476C0DC7,REX_GAMETYPES/COUNTEROP_perks
64702B0CC2C3C3CA,levels_jup/cp_jup_chemical
647129EB69FC7032,MP/cranked
6478FEFEED6F6CE1,mp_rex_tumen/callout_trainstation
647A6864FEC5859C,rex_attachments/rex_comp_bal_hotel45
64893F70482AD71C,rank/cwo4_full
64896A11C57B974E,rex_attachments/rex_ammo_762s_desc
6495510C40E134B0,PERKS/MULTIVISOR
6497EA56D2B15508,mp_rex_mobility_course/current_best_time
649C4B70DD2C3E93,MP_BR_INGAME/SIDEOP_CARGO_DRONE
64A2E52A53FBFB4D,rex_vehicles/suv2026_enter
64B369A5E0211A11,SP_REX_MELTDOWN/DEATHINT_ESCAPE_FAIL
64BEC89AF706EC6A,MP_EMBLEM_EDITOR/SLOT_LIMIT_REACHED_MESSAGE
64CA311BE7D6848E,rex_attachments/rex_ammo_50b_fr_desc
64CD39EE7363B2E7,MPUI/REMOVE_PLAYERS
64D6880E98C248F2,lua_menu/friends_activision
64E3D1548E2C1742,lua_menu/best_enemy
64F3EA1EAA33AFD3,mp_rex_tumen/callout_donpyeonggate
64FBA94373697735,loot_mp/no_items_available
6512451092CFC08C,options/interface
651BC4006C2FE496,rex_attachments/rex_bar_hvy_kilo2
651BC7006C2FE9AF,rex_attachments/rex_bar_hvy_kilo5
651F3110750712F1,splashes/emp_planted_desc
6533C1EC2ACDE098,BATTLEPASS/BATTLE_PASS_INACTIVE
6544D11A7627D239,MP_BR_INGAME/INFIL_GROUND
654D29B835C14259,br_elite_ironclad/isotope_helipad
654E936FBB500102,mp_br_ingame/completed
65550BF29E7ECF8C,info_popups/swimming_desc
655D84F87452E5BD,rex_attachments/rex_rec_bmike3_desc
655FDB15B80AD5BF,CODACCOUNT/TFA_ENTER_CONFIRM
656F75746DFF4152,LUA_MENU/Paired
65749EAFEBBBB496,mp/cannot_use_gas_can_electric
6574B8172EC9859B,LUA_MENU/6th
65797A7D64204CAD,MPUI/MAXPARTYSIZE
657B82360F40AFE5,options/hud_motion
657BAB919CA1DDD0,VEHICLES/EQUIPPED_BATTLE_TRACK
6582A97E6B28D01C,menu/none
658A1CD883FC5813,mp_br_ingame/extracted_success
658F9586CCDDAC2B,aar/xp
6595EE1D2BDC6761,rex_attachments/rex_minireddot01_pstl
65968D802208F8B5,LUA_MENU/NAVIGATION
65981786D32872B7,rex_attachments/rex_rec_kilo5_ubsh
6598F1B7FA614B3E,SP_REX_DEFECTION_REWARDS/TAKE_PLATE_CARRIER
65999C72C6888113,LUA_MENU/Not_Now
659B4E8AA24C619D,loot_mp/vehicle_skin
65A418E40D17EA15,killstreaks/jugg_cannot_be_used
65A733758B45C803,DMZ/HIDDEN_CONTAINER_TITLE
65AC1E6CA0F1EAC1,MP_BR_INGAME/ITEM_TYPE_token
65BA2C7B1D38F1C6,rex_attachments/rex_arscope_hybrid01_desc
65BB8415A05D387E,rex_vehicles/ifv_enter
65BF009B003FB2DD,PRESENCE/OIC
65C244D53F13FDF3,MENU/LogIn
65CB68939DC96464,rex_attachments/rex_bar_psierra41
65D1CF8EF566FF5B,vehicles_hints/dirt_bike_enter
65D3B5CCEE1CFAD3,splashes/br_plunder_first_pickup
65D70E4BC1847D9A,MENU/destination
65D913229B59DCC7,CODACCOUNT/GREETING
65E23F9913381FC3,MENU/UNLOCKED
65EC11C05B41E77B,EQUIPMENT/REINFORCEMENT_FLARE
65F06D2C1529A11D,MPUI/MAX_XP
65F5645579DCF8E2,social/inspect_player
660D52524395B424,LUA_MENU/SOLO
661366DE1C5BDEA8,AAR/MISC_XP
661CA6C4466BCD69,rex_attachments/rex_rec_hotel45_desc
661DA794B1017802,mp_dmz_locks/cache_locked_delta_windmill
661F8FF580F2C286,attachments/lock
66227D35FBE41D47,objectives/conf_hint
66230FBC02286419,rex_attachments/rex_irons_bar_hvylng_bmike3
662738ABAFB14ABE,lua_menu_mp/gun_recipe_desc
663347706F30FB33,MP/SQUAD_MATE_IN_VEHICLE
66359D25C5286131,mp_rex_mobility_course/tut_shimmy_objective_01
66373DA0A1B5E70D,info_popups/swimming_title
6637D06628D48962,lua_menu/march
664071C962222AF7,codcaster/team_identity_custom
66418F0B6FE10453,rex_attachments/rex_ammo_9p_desc
66533BD729AF1C3A,MPUI/FINALROUND
665B739E4BD66787,PERKS/Sonar
6667B4C385150DC2,LUA_MENU_MP/melees
6674450DCB46F243,CAS/DELETE
667D7ADFEC045A3B,codcaster/br_final_circle
6681E0C91C346FB9,TRIALEVENT/REWARD_TITLE
66939D0F0A4D82D3,codcaster/cameras
669852168F5EDD9C,mp/match_point
6699B4317428134F,lua_menu/player_list
669E8FE31D8CE20F,lua_menu_mp/counter_desc
669EA7FD8A6B07DE,rex_attachments/rex_bar_moscar
669FA33AA26D844F,rex_attachments/rex_rec_mike4_burst_desc
66A8B3AA01581C56,killstreaks/cannot_switch
66A9316ACFB651AE,options/forward
66B0364DACE616AD,lua_menu_mp/domination_hc
66B6989015B3279C,MENU/Lost
66C6D21D3161B5A5,rex_attachments/rex_pgrip_ass_xsm1
66D35D0BEC06A65F,rex_attachments/rex_pgrip_akilo_545_desc
66D3D26DED2455F4,options/linear
66D6E517D1EAD6ED,MP_BR_INGAME/SQUAD_LEADER_JUMPED
66E1BAF73C3D9CFD,menu/clan_tag
66E3CCB9D6D9406E,sp_rex_meltdown/stuck_valve
66E49BA090B03D6E,MP/tie
66F200B2F809D540,rex_attachments/rex_guard_hvy_bmike3
66F3AC9015E6F7B6,MENU/Load
6700C62CEAAC81C4,rex_attachments/rex_semiguard_bmike3_desc
670526773229D977,rex_attachments/rex_pgrip_uxray
67056856073692E1,match_status_hint/capture_hardpoint
670572EEEAA4B7C3,REX_attachments/rex_comb_tac
670599086F50A68E,MENU/ACCURACY1
6708506EAF830B57,splashes/havoc_low_gravity
67133FF7EFBF70EB,SPLASHES/PLANT
671432B5D6E50BF4,coop_game_play/cannot_drop_mission_item
6721BD66AAFEEB4F,MP/HACKING_EXPLOSIVE
67222D459F3A3744,CHALLENGE/All_Challenges_Completed
6729657DFD8F7E2A,splashes/havoc_cranked
672E488AEEF61C02,options/ucpa_desc
673CAF0FC4EFBE5B,mp_bio_lab/reinforcement_door_block
67468D6A3011D573,LUA_MENU/BM_ORIENTATION
6747352B19BC5182,vehicles/loot_chopper
67549208D1E70E50,seasonal_event/cycle
67556F3ADA44452F,MENU/2x_msaa
675B9A769540F69F,lua_menu_mp/oic_recipe_name
675CB755008728BF,LUA_MENU/TUT_REWARDS
675CC2C62D600FA4,menu/dpad_down
675FCF661CA78B03,rex_attachments/rex_bar_sht_mike4_desc
67667BA5A9B61FFB,rex_attachments/rex_pgrip_tango73
676E503B0EED1816,equipment/spotterscope
6770DD796843345A,lua_menu/lethal_select
6772672AE48314D1,rex_attachments/rex_mag_golf28_desc
67791310244CCB73,LUA_MENU/COMBAT_RECORD_GAME_MODES
6779B2FD1FA9FCAD,LUA_MENU/strafe_right
67810FB0D62D4007,equipment/bunkerbuster
6781FC6B8D22267C,rex_attachments/rex_ammo_300blk_desc
6789FCFC5120C0B7,autosave/levelstart
67913D15C8E4BA1A,MENU/FOCUS
6799F50DB62125F3,LUA_MENU/OPERATOR
679E1C873F9B5A8C,options/wide_16_9
679F73F293E0D519,vehicles/atv
67B4B7F53A923CE2,TOURNAMENT/LEAVE_PARTY_REGISTRATION
67B4C9A09BC6634F,ONBOARDING/WZ_INTRO_POPUP_DESC_1_ALT
67B61AC6C95CC247,MENU/NO_MODIFICATIONS
67BB509F1E0783C4,mp_dmz_locks/cache_locked_tower_hill
67C4DBAF17B78A9F,rex_attachments/rex_ammo_762s_hv_desc
67C95834E36FC5CE,rex_attachments/rex_bolt_lgt_bmike3
67CAF8C8776451E9,rex_attachments/rex_ammo_300blk_hv_desc
67CD236492422D08,LUA_MENU/BR_WARNING_ICON_DESC
67E0CCC2B392908D,LUA_MENU/ACQUIRING_INTEL
67E6B740114B91F2,lua_menu/first_language
6801C26A4FFA0650,MENU/4_MINUTES
6802CF1C73CF6982,br_elite_broken_arrow/held_plu
6809F24785670C20,LUA_MENU/PARTY_COUNT_NUMBERS
681675EF7AF4B8CA,br_elite_ironclad/drive_helipad
6817DC6A7BA463FD,rex_attachments/rex_ironsdefault_uxray
681B1926D5217444,LUA_MENU/ITEM_COST
681C06E71BF69660,LUA_MENU/PURCHASED_CAPS
681DAA4A48EA6C80,mp/hold_to_plant_emp
6829204444B5D8B9,BATTLEPASS/CLAIM_tokens
68296A80D9D6C42A,killstreaks_hints/self_destruct
682CC3049C0F902C,splashes/havoc_hero_drop
683E369E25DA488B,rex_attachments/rex_stockno_mike4
683F4D575D60D2CD,MP_BR_INGAME/GULAG_NO_PLAYER
683FC01937D41DC6,levels/gunship_compound
6847B94D1C40B032,REX_ATTACHMENTS/Reward
684C54647FC73160,input/r3
684C55647FC73313,input/r2
685311ED142F4638,lua_menu/select_weapon
6861AF3C5168057F,mp/cannot_use_gas_can_palfa
6864FCD2AC97BEE2,lua_menu/loadouts
6882BC4C905EE341,MENU/PARTY_INVITE_NOTIFICATIONS
688E6F909417115F,lua_menu_mp/tdef_recipe_name
688E765DC76857A4,sat_ob/prestige_3_unlock_tease
6898F62CEB073191,splashes/got_infected
689DBF15971E1425,KILLSTREAKS/INCOMING_MISSILE
689F4D1067580215,LUA_MENU/INTEL
68A04FA3974EA76E,codcaster/freecam
68ABD7615D23603F,rex_attachments/rex_ammo_9p_op_desc
68B1F7040B7911C3,weapon/knife_only
68B26C64801E0D5A,input/l3
68B42C10DF81E926,LUA_MENU/lives
68B524841428F37F,mp_dmz_locks/cache_locked_airport_lounge
68B7A46A7C71B64F,mp_br_ingame/already_have_gulag_token
68BB7B3ACDE10FD6,LUA_MENU_MP/SURVIVORS_TEAM
68BC854FE846B8EA,LUA_MENU/emblems
68BCE570D83F8C8D,rex_weapon/rex_br_ngsierra
68BDF0FFD74993C3,options/motion_reduction_control
68C4C7300CE57108,equipment/generator_prompt_exit
68C68139075CCF54,BATTLEPASS/BUY_WITH_COD_POINTS
68C89530BDB0F4F6,CHALLENGE/HEADSHOT
68CAD23C58806878,BATTLEPASS/CURRENT_TIER
68D792907EE57417,input/secondary
68DAC1C0C8ED3A0B,MPUI/TRIAL_ENTER
68EE554CD0DA1291,mp/press_to_use_nvg_kb
68F7D80F696B100E,MENU/STORE_CAT_WISHLIST
6902BC53F1F15BCB,MENU/COMPLETED
6905D9FC6E68F532,super_mp/recon_drone
69082A07AFEC632B,LUA_MENU_MP/PLAY_AGAIN_SQUAD_WAITING
690B9DB359533B36,rex_attachments/rex_trig_hvy_kilo5
690C1E57882D0660,SOCIAL/DECLINE_INVITE
6913E8FD0CC720D2,rex_attachments/rex_stock_tac_bmike3
69162C97759D3620,KOREAN_LEGAL/KOREAN_BOOT_DESCRIPTION_RANTING18
691655F1E5B3FD02,mpui/weapon_leveled
692A3B5D2E81BC92,t10_weapon/zm_ray_gun
6937B5B6F1B01C9B,options/look_down
693E600D4E9F2C5B,mp_ingame_only/obj_blocked_caps
694BDE3CC933ECBE,mp_rex_mobility_course/tut_sprint_objective
6963793B1E05DF8A,mp/vehicle_purchase_failed
696FABD0474CD6BA,menu/report_clan_tag
698267102423EDCC,lua_menu_mp/conf_recipe_desc
698278316639208A,dmz/traits_to_spend
698B53537882E1E3,mp_br_ingame/tablet_pickup_failure
698CD4305562074F,rex_traits/workbench_crafting_ammo
699514219557433A,lua_menu_mp/arena
699B6C7983D1C3A3,rex_attachments/rex_dmscope01_broken
69A09F5C18D7C017,splashes/havoc_silent_assassin
69A5DF86D52427C9,playlist/sprint
69A7392F59ED5C02,MP_BR_INGAME/RETURNING_TO_BATTLE
69AAC154F45F2663,equipment/bottle
69B86075B10DA5A8,levels_jup/cp_jup_chemical_location
69B8D73549645893,KILLSTREAKS/SPECIALIST_BONUS
69B96D188A5436E6,MENU/STORE_CAT_OPERATORS
69C9D44E5764B8B2,BATTLEPASS/NEW_weapons
69CD9DC31214F9F7,MP_BR_INGAME/MAP_ZOOM_LEVEL_CONTROLS
69D48F1362BEF638,killstreaks/no_targets_abv
69D90A70714DA22E,LUA_MENU/ANNOUNCER_MESSAGE
69D9F7E647BAC82E,rex_attachments/rex_mag_kilo2_broken
69E54CD725439F1F,rex_attachments/rex_bar_sht_akilo_desc
69FD552C0D83141E,rex_attachments/rex_ammo_5x21_op_desc
69FEDA37ABBED8D5,AAR/OPERATOR_PRESTIGE
69FF1B3AF2812C04,battlepass/page_locked
6A0088C743D8DF03,mp_ingame_only/obj_locked_caps
6A074C6B6B6D45BC,rex_attachments/rex_rec_golf28_desc
6A07793F8E51397B,saw_classified_weapon/tacmap_legend_classified_weapon_drop_label
6A12BF291AE62298,wz_functionals/hb_sensor
6A1ADEB1761738B4,MENU/FASTEST
6A386BE463AF5448,lua_menu/december
6A38E1CB3557B16B,weapon/ammo_pool_ar_br
6A3B3B75228F1388,rex_attachments/rex_ironsdefault_golf28_desc
6A459973760BB8E7,MENU/Change_Map
6A50B51F418E7D30,mp_ping_ingame/blocked_by_interrogate
6A5AE818E51F5F68,lua_menu/may
6A5AE918E51F611B,LUA_MENU/MAX
6A5E1E8485490126,rex_attachments/rex_cal_tuning_mike4_pdw_desc
6A5F1E83755D2566,mp_rex_tumen/callout_broadcaststation
6A6346ABDCA97F73,BATTLEPASS/WHAT_IS_IT
6A6A03320AB83567,MENU/STATS_WRONG_VERSION_WARNING
6A6F7EFFEB075846,rex_attachments/rex_guard_bmike3_desc
6A743D33733D40C3,lua_menu_mp/uses
6A78B6E68D473C81,LUA_MENU/plants
6A86158E4454A604,rex_attachments/rex_fourxtherm01
6A8B0D31D0BA8CBF,lua_menu_mp/gun
6A8C79F0EF163793,killstreaks/precision_airstrike
6A9A918A543E5598,objectives/oic_hint
6A9E68105A4F236A,options/video_mode_desc
6A9FA60ABE93D120,rex_attachments/rex_bar_pmike63
6A9FF698BA6CAD7B,rex_attachments/rex_ironsdefault_kilo437
6AA32440E4880BA0,mp_rex_mobility_course/callout_safehouse
6AA6FB496EEDE951,MP/FOURTH_KILL
6AA9D4A70FC2AF79,LUA_MENU/SEASON_NUM
6AB650C62C548019,rex_attachments/rex_stock_bmike3_desc
6AC1B6E94415A3C0,LUA_MENU/SKIP_KILLCAM
6AC8C9091553E933,options/cpa_desc
6ACACA42D8FFFD00,CHARMS/COS_340
6ACACB42D8FFFEB3,CHARMS/COS_341
6ACACC42D9000066,CHARMS/COS_342
6ACACD42D9000219,CHARMS/COS_343
6ACACE42D90003CC,CHARMS/COS_344
6ACACF42D900057F,CHARMS/COS_345
6ACAD042D9000732,CHARMS/COS_346
6ACAD142D90008E5,CHARMS/COS_347
6ACAD342D9000C4B,CHARMS/COS_349
6ACE4E42D9031323,CHARMS/COS_352
6ACE4F42D90314D6,CHARMS/COS_351
6ACE5042D9031689,CHARMS/COS_350
6AD55B12262DD903,rex_attachments/rex_sil_hvy_c
6AD55D12262DDC69,rex_attachments/rex_sil_hvy_a
6AD55E12262DDE1C,rex_attachments/rex_sil_hvy_f
6AD55F12262DDFCF,rex_attachments/rex_sil_hvy_g
6AD56012262DE182,rex_attachments/rex_sil_hvy_d
6AD56112262DE335,rex_attachments/rex_sil_hvy_e
6AD56412262DE84E,rex_attachments/rex_sil_hvy_h
6AD56512262DEA01,rex_attachments/rex_sil_hvy_i
6AD719FBE7402F3C,LUA_MENU/WZ_TUTORIAL_REWARD_POPUP_QUESTION1
6AD71BFBE74032A2,LUA_MENU/WZ_TUTORIAL_REWARD_POPUP_QUESTION3
6AD71CFBE7403455,LUA_MENU/WZ_TUTORIAL_REWARD_POPUP_QUESTION2
6ADC04F725F6E884,codcaster/codcaster_title
6AEB361970AF2490,rex_attachments/rex_trig_lgt_kilo5
6AF20E0457548460,MENU/in_game
6AF51C897C350659,BATTLEPASS/SKIP_CELEBRATION_PROMPT
6AF7F52DBE108A54,rex_attachments/rex_smag_golf28
6AFBCC4542AA9821,mp_br_ingame/will_revive_into_crouch
6AFFB4D12C278926,rex_attachments/rex_mag_psierra41
6B00BD5DEE2087D7,LUA_MENU/EXIT_TO_MAIN_MENU
6B06F4AD47ABE3A4,KOREAN_LEGAL/KOREAN_PI_BODY_3
6B06F5AD47ABE557,KOREAN_LEGAL/KOREAN_PI_BODY_2
6B06F6AD47ABE70A,KOREAN_LEGAL/KOREAN_PI_BODY_1
6B06F7AD47ABE8BD,KOREAN_LEGAL/KOREAN_PI_BODY_0
6B0A493857B25930,rex_attachments/rex_bar_sht_tango73
6B13715B90F776E6,rex_attachments/rex_pgrip_xar1
6B1A2FBF0417841E,LUA_MENU/BIO_CITIZENSHIP
6B21C22472FC948E,menu/squad_name
6B25CA38CDCDC05E,mp_ingame_only/obj_protect_caps
6B27C8C070CF41EE,mp_mode_rugby/recipe_desc
6B29D27A3E60511E,rex_attachments/rex_selectauto_sierrax_adversefire_desc
6B322F145294F31A,lua_menu_mp/counterop_desc
6B38FA798ED8E1EC,LUA_MENU_MP/CALLING_CARD
6B40F088A5D03B98,rex_attachments/rex_xmag_xsm1
6B4112692D39EBC3,match_status_hint/capture_hq
6B530B54A83383B4,rex_gametypes/cash_earned_action
6B6416926E110F9E,MENU/special_ops
6B64D6F4EB84C2F1,LUA_MENU/HIDE_LOCKED_ITEMS
6B685E73C6BEBB83,menu/placeholder
6B68BBC6F385DB89,challenge/cp_daily
6B68D8D0EFE9A52A,sp_rex_meltdown/ifv_tut
6B6D7EC3868567ED,mp/br_multi_circle_split_open
6B774C0D91C3A5D5,mp/br_type_la_rpg
6B79E40C5F2AB92F,levels_jup/sp_jup_vip_chyrondate
6B7A6E493D8C5A61,splashes/br_lootchopper_down
6B7B5B26AC662A7C,rex_attachments/rex_rec_mike4_desc
6B7D494168FFC3C6,rex_weapon/gunny
6B7DB5EAE4ACA3D0,mp/weapon_drop_too_many_attachments
6B7EB8792AB3C238,rex_attachments/rex_drum_xar1_desc
6B85FD1A58003272,MP_BR_INGAME/FIRESALE
6B869F2C401EA10C,rex_attachments/rex_snscope_therm01_sp
6B8AA790D707F48E,MP/SKYHOOK_USE
6B91211D7257A63D,mp/practice_round_over
6B93AEE5B82A959A,options/dynamic
6B968C9078580684,rex_attachments/rex_ironsdefault_asierra12
6B98CA7756FC46FF,MP_BR_INGAME/USE_ARMOR_KBM
6BA28E7E62616B13,mp/br_final_circle_buystations_disabled
6BA3E8521C5B9C6D,rex_gametypes/gungame_weapon_promotion
6BA46D8A88FCA7F8,LUA_MENU/NOTES_BLOOD_TYPE
6BA5595CE00AF079,lua_menu/enemy
6BA55E7FE135325B,MP_BR_INGAME/DETACH_WARNING_DESC
6BC355A17806B352,mp_rex_mobility_course/lasers_triggered
6BC8F86E968F44C8,lua_menu/captures
6BC9867895FF8D6C,cas/edit_loadouts_desc
6BD27AC1CA260563,presence/sp_unknown_map
6BE805290BAEB800,rex_ATTACHMENTS/REX_bar_sht_limax_desc
6BF492E02591DBFC,rex_attachments/rex_comp_vert
6BF705445DF19B28,rex_attachments/rex_ammo_300blk_ap_desc
6BFC126ACDAAFE3F,MP_INGAME_ONLY/HQ_CAPTURE
6C009DB13B1A0832,rex_attachments/rex_ammo_762r_hp_desc
6C04677754961C15,lua_menu/patch_notes
6C1005070C1CF997,LUA_MENU/PRIMARY_OBJECTIVE
6C12CBB78BABDBB1,REX_VEHICLES/utv
6C144105C41D5938,challenge/daily_ads
6C166C51D0126822,mp_rex_tumen/callout_prisonhumanwing
6C17047A69E9E04B,mp_rex_mobility_course/callout_wet
6C199E1BD2D60B9B,challenge/daily_login
6C20597A27C01116,OBJECTIVES/BRM
6C24A26204382CAE,rex_attachments/rex_breach_g_desc
6C34BE7E6D2FBB5D,LUA_MENU/INSPECT
6C3D0C94A2EFFD89,rex_attachments/rex_bar_hvy_sierrax
6C424D2DF2B0D8D6,rex_attachments/rex_bar_sht_xsm1
6C42D4AD0A4E35AC,REX_attachments/rex_guard_hvy
6C4E33322A75E67A,mp/you_are_being_revived
6C512A20EC12D104,MENU/Connect
6C51C135992A9367,lua_menu/tactical_select
6C5A8F3DFA2335CE,weapon/la_kgolf
6C5DFC3B8570E642,playlist/ranked
6C6630E587660002,CAS/DELETE_SPECIFIC_WEAPON_MOD
6C6954D021BD7447,rex_vehicles/acv_enter
6C74A3C53FB512D1,script/lightswitch_interact
6C7B1C73A1C54A9F,mp/sabotaging
6C8A0C654593685B,killstreaks/air_space_too_crowded_time
6C9276506170EAB0,rex_attachments/rex_cal_tuning_asierra12_desc
6C995F8C19BA7BD7,rex_attachments/rex_pgrip
6C9C1C5B452AACCD,MENU/PROMO
6C9CD5318BDBAE02,rex_attachments/rex_grip_mike4_pdw_desc
6CB044E223CA37BF,rex_attachments/rex_ammo_5x28
6CB04BE223CA43A4,rex_attachments/rex_ammo_5x21
6CB356DBA47F42C4,LUA_MENU/X_COMBO
6CB3783F0C1968B1,CODACCOUNT/USE_KEYBOARD
6CBAC4A8DB79A0F3,rex_attachments/rex_nvgads_disable
6CBB3F1B7520D60D,MENU/key
6CBEAF62674E5E75,cas/preview_weapon
6CCAAB0C462C6893,mp/hold_to_defuse_emp
6CCE1A50C8F6B344,CODACCOUNT/MARKETING_OPT_IN
6CCECC45308AAB88,splashes/br_kiosks_disabled
6CD034A47D37FF17,splashes/havoc_gun_cycle
6CD583C153923E72,TOURNAMENT/REMAIN
6CDE6FF946383A17,lua_menu_mp/misc
6CE5341C82BA5A23,lua_menu/training_course
6CF9F95E5C8F0081,MP_BR_INGAME/RISK_TOKENS_GOAL
6D0103AB92B4C426,rex_attachments/rex_comp_hoz_decho
6D0224CD49EC5872,rex_attachments/rex_rec_bmike3_semi_desc
6D0285A4DAC49F17,splashes/br_PLUNDER_BANKED
6D0732DFFBA3D58B,HUD/COLLECTED
6D0A2AA7B4944577,info_popups/sliding_desc
6D15781DBDECE353,codcaster/stats_streak
6D18839A2DE4B494,rex_attachments/rex_mag_tango73_topload_desc
6D20579D409C4DD3,challenge/progression
6D32F990DDED2108,dialogue_temp/name_test
6D3550742E26B095,options/pii
6D3578F87DAF3D2D,KILLSTREAKS_HINTS/INSTRUCTION_SWITCH_SEATS
6D386B153CE13D94,lua_menu/battlepass
6D3F4BCA90149F2A,MENU/CORRUPT_STATS_WARNING_ONLINE
6D43E819ED43B4B7,lua_menu_mp/control_recipe_name
6D4494DCA538F61E,mp/enemy_disconnected
6D46ADC489D4F31F,MP_BR_INGAME/GULAG_CLOSING
6D49F380F64B3600,DMZ/BACKPACK
6D5B98CD96F8B52D,menu/custom
6D6628C3A079ACB5,PERKS/helmet
6D704CDB688F78AF,rex_attachments/rex_xmag_mike4
6D7FCF5D2992A1E7,LUA_MENU/enter
6D81EE0A9BE69E57,info_popups/ping_desc
6D8A0CDD1537B15A,rex_attachments/rex_ammo_68spc
6D8C142314048DD4,rex_attachments/rex_stock_tac_kilo437
6D8EE5EBEC740DA3,rex_weapon/rex_pi_stimpistol
6D957DA3F3C61AEA,options/hdr_calibration
6D99D73BDFFB070A,lua_menu_mp/arena_desc
6D9CA8B9F87E4910,info_popups/circle_title
6D9F3AA289D54A98,dmz/exfil_purchased_failed
6DA342262D0CB26F,rex_attachments/rex_rec_limax_desc
6DA94B20FA387D04,KILLSTREAKS_HINTS/INSTRUCTION_FIRE
6DBA693C5DFF784F,mp/support_box_incompat
6DBB6D8B99408C95,MENU/DIFFICULTY_COMPLETED
6DBF2066E10B87E5,BATTLEPASS/VIP_GIFT_DESCRIPTION
6DC1895137065BC2,LUA_MENU/SELECTED
6DD664BF274032CB,MENU/APPLY_LANGUAGE_SETTINGS
6DD791F82A7EA62F,MPUI/TRIAL_TICKET_COUNT
6DE64405CBBC6DCC,lua_menu/accuracy_percent
6DEC477C6ED96F99,lua_menu/perk_equipped
6DEC71A4BA60BAB3,CHALLENGE/Bonus
6DF7BC9399222090,mpui/downloadplaylist
6E038FAC6CFBDD0A,rex_attachments/rex_bipod_golf28_desc
6E090F6EA6AF41B7,LUA_MENU_MP/SPLITSCREEN_SINGLE_UNSUPPORTED_MODE_PARTY
6E09F5874FB027F6,LUA_MENU/PREVIEW_LOOT_ITEM
6E10813BA2A28138,MENU/locked
6E23D54212B3F408,rex_attachments/rex_dmscope02_desc
6E376A9CF349DE9D,rex_attachments/rex_selectsemi_xsm1_desc
6E4182DCA084A8F4,CAS/WEAPON_charm
6E502E64C227D194,LUA_MENU/Challenge_Untracked
6E50CB05B17573ED,LUA_MENU/REPLACE
6E584A4230FB2CB9,MENU/BENCHMARK_FPS
6E6224BC0C618B84,social/friend_request
6E65A9C2143F44EB,LUA_MENU/ALL_MODES_UNLOCKED
6E6B8A554DF5785F,menu/reset_tab_option
6E7E6B0245DB9B9B,KILLSTREAKS_HINTS/GUNNER_FIRE
6E8446EAE4300606,rex_weapon/rex_sn_limax
6E950DA6F01E9DDA,mp_br_ingame/map_controls_dispatch_killstreak
6E956379D929AD39,LUA_MENU/GAME_SETUP_CAPS
6E967124F7510E03,rex_attachments/rex_mag_mpapa7_desc
6E997A9BA5ECF5DD,LUA_MENU/ranked_play_resurgence
6EA11242694F7B9B,MP/BR_GULAG_QUEUE
6EA67C455155F444,rex_attachments/rex_mag_limax
6EB07DD9B5A53A67,MP_BR_INGAME/RISK_TOKENS_CURRENT
6EC54780B24DEBAF,mp_rex_mobility_course/tut_slide_mount_objective_ctrl
6ED7657E6C0F89DB,options/gr_veh_jump_desc
6EDB87CFE3181233,rex_attachments/rex_dmscope01_desc
6EE1BD3AFAE16D27,rex_attachments/rex_stockr_lgt_bmike3
6EF35CF0792AF024,LUA_MENU/CLASSIFIED
6EF6CEAC649652D6,MPUI/FIELDUPGRADE_AVAILABLE
6EFD2B5C153294C7,MENU/SCROLL
6EFD3C946DBDD48A,codcaster/default
6F0D753EFCAB1B14,AAR/TOTAL_XP
6F1A5A8E5293485A,rex_attachments/rex_breach_c_desc
6F1D0D99979D270E,weapon/la_juliet
6F1D1C88DA4F33FB,rex_attachments/rex_snscope01
6F1D1D88DA4F35AE,rex_attachments/rex_snscope02
6F1D1E88DA4F3761,rex_attachments/rex_snscope03
6F1EC8479C6D8100,rex_attachments/rex_flash_b_desc
6F2587541E75C724,equipment/loot_armor_vest
6F3570429F2F1F0E,KILLSTREAKS_HINTS/INSTRUCTION_LEAN_in
6F3E02B86BEA5044,MENU/motion_blur
6F3E0EF40A0BD4C2,mp_ingame_only/obj_rescue_caps
6F42F0FEA4403A51,rex_attachments/rex_ub_gl_mike4_sp
6F45C394F4B8A31F,lua_menu/remove
6F4A2723DC1E1070,rex_attachments/rex_ammo_5x21_ap
6F4B13892E4E6D40,mp_rex_tumen/callout_warroom
6F50E4D051FB9328,options/move_left
6F51E5F7921D806A,MP_FRONTEND_ONLY/UPDATING_PLAYLISTS
6F53874D18F267CA,lua_menu/mute
6F5FAB3CE9B1FA17,mp/br_throwing_knife
6F6110445674436A,MP/BR_MUNITIONSBOX
6F623323DC32B6B5,rex_attachments/rex_ammo_5x21_fr
6F643319ED633704,mp_rex_tumen/callout_financialdistrict
6F663BA940EC0490,AAR/PARTY_HOST
6F67375FE6748FB6,LUA_MENU/BLOOD_MONEY
6F683D23DC373361,rex_attachments/rex_ammo_5x21_hp
6F6ADF4B4F78E6C3,MP_PING_INGAME/Loot
6F71956467B62873,splashes/br_pe_restock_incoming
6F793B23DC45A32E,rex_attachments/rex_ammo_5x21_op
6F805FEC8FAF682F,rex_attachments/rex_barsil_akilo
6F82C611EE9BD971,LUA_MENU/BIO_FIRST_LANGUAGE
6F85A675B2EB2D58,rex_attachments/rex_pgrip_mpapa7_desc
6F873223DC51D13F,rex_attachments/rex_ammo_5x21_ss
6F8F04CC8816EA04,mp_rex_tumen/callout_dalee_imports_office
6F8F2643648B8935,options/unbind
6F91C1A16DB62831,loot_mp/sentinel
6F93C5F8D1EF1482,MENU/POPUP_ONLINEDATA
6F9A35545E5331F5,LUA_MENU/TOTAL_DAMAGE
6F9A5D5C2BBBA271,xboxlive/view_profile
6F9DE78B8B5FC2A7,options/keyboard_preview
6F9E7864CDD3116D,codcaster/team_secondary_color_colon
6FA0FCBC925F1CC5,CAS/UNLOCK_REQUIREMENTS
6FA3615DFBED2966,LUA_MENU/BOTS_REGULAR
6FB8CFA34E3344B6,MP/THIRD_KILL
6FBFB02786B1AB75,MP_INGAME_ONLY/OBJ_NEUTRALIZING_CAPS
6FC29F4463A684FF,KILLSTREAKS_HINTS/INSTRUCTION_THERMAL
6FC2DF2F08F915AC,LUA_MENU/environment
6FC32D3150519F08,lua_menu/global
6FCB7FDFBBDCCDCA,LANGUAGE_SELECT/MISMATCH
6FCDD368B73A8A21,PERKS/Restock
6FD4896DE4FD3AD9,lua_menu/using_gamepad
6FD4B9CBCABBE1DB,LUA_MENU/WZ_INTOBATTLE_POPUP_PLAYTRIO
6FDF038D442AF067,rex_attachments/rex_stock_hvy_xsm1
6FE426FE89CD697D,rex_attachments/rex_ammo_556n_fr_desc
6FE9CA23771E2A18,rex_attachments/rex_drum_mike4
6FE9ED24C6FC6795,MENU/FIRE_RATE
6FEBE3173539588E,LUA_MENU/5th
6FECA98CF88AA748,rex_attachments/rex_rec_sierrax_desc
6FEF8C7ECC2255B9,AAR/DOUBLE_MATCH_XP
6FFE9F4EB6AEBAE3,SPLASHES/BM_OVERTIME_DOUBLE_CASH_DESC
7004E806CB23E0E7,OBJECTIVES/HIJACK
70063E210B6046C7,MENU/11KHZ
701440C167D96D2E,LUA_MENU_MP/DAILY_LOGIN_MESSAGE
701C3B0AAFBF200F,LUA_MENU/Edit
701CEBDD858191F9,MP_INGAME_ONLY/TARGET_HACKED
701EA194EDFCD9F2,lua_menu/bootcamp_desc
7023EDA5C585BE38,lua_menu_mp/grnd
70296604A2169DDB,rex_attachments/rex_stock_hvy_tango73
7029BDB19E615F0F,BATTLEPASS/OR
7032E4BA504EAEFE,MENU/Match_Text_Chat
7037AD98A194C52F,rex_attachments/rex_rec_xsm1_desc
7037CEC8B7BB7282,LUA_MENU_MP/ARENA_LIVES
70427E8D853D1545,cas/equipped
7046314964B92DA7,mp_rex_tumen/callout_tvstation
7046B4A9738C9981,MENU/PLAYER_MATCH
70500FF603CDE60B,rank/gen_full
7062B1DB8EBF69BC,lua_menu_mp/caches
706EEC8365CE0996,rex_attachments/rex_dmscope_hybrid01_desc
7071C5179D8B9CF9,rex_attachments/rex_pgrip_snp_kilo437
707622716EE90450,PLATFORM/EULA_8
70762B716EE9139B,PLATFORM/EULA_1
70762C716EE9154E,PLATFORM/EULA_2
70762D716EE91701,PLATFORM/EULA_3
70762E716EE918B4,PLATFORM/EULA_4
70762F716EE91A67,PLATFORM/EULA_5
707630716EE91C1A,PLATFORM/EULA_6
707631716EE91DCD,PLATFORM/EULA_7
7076589000DB4628,LUA_MENU/WARZONE_PRIVATE_MATCH_JOIN
708B0673F4E7B3E0,MP_BR_INGAME/PING_prompt
708C1CF72DAF21B5,shared_hintstrings/autopilot_press_button_to_disable
7091EEC8A52DE459,LUA_MENU/SESSION_BEST_SCORE
70A49127820E3AF3,mp_br_ingame/slot_machine
70B69061B0918BF2,rex_attachments/rex_pgrip_snp_golf28
70B79DB6DF48CE3B,BATTLEPASS/more
70C8344E259D7621,lua_menu/change_team
70CE845B073AA706,menu/social_channels
70CEDE9CF0A8491A,rex_attachments/rex_stock_tac_findia
70D6EEC22D7EE032,OBJECTIVES/CLUTCH
70E6A6EDB18BCB4B,SPLASHES/LAP_1
70E6A7EDB18BCCFE,SPLASHES/Lap_2
70E6A8EDB18BCEB1,SPLASHES/Lap_3
70E6A9EDB18BD064,SPLASHES/Lap_4
70E6AAEDB18BD217,SPLASHES/LAP_5
71015C048E3D3F91,lua_menu_mobile/auto
7105A679152834FA,mp_rex_tumen/callout_mill_bunker_access
7108732B18BD8826,lua_menu/set_favorite
710B538C6C4E95B1,killstreaks/cannot_be_used
711782C5B6F4A111,GAME/ObjectiveCompleted
711897FDB25F253D,shared_hintstrings/armor_plates_full
7121062B89C0D6FB,mp/overtime
71215FD285E8249A,LUA_MENU/TOTAL_XP_EARNED
7121C52B01DD9A74,lua_menu_mp/preorder
71251CAA42AD7B42,mp_rex_tumen/callout_eastfork
7125ECB1CF93ED2D,equipment_hints/pickup_flash
7126964D7A18E1E0,splashes/havoc_armored_executioner
71280F18E87235C3,lua_menu/low
712B88B2D1491174,lua_menu_mp/armsrace_recipe_desc
712B976832145DE7,OBJECTIVES/Golf
712FC945B52A680F,rex_attachments/rex_fourx_therm01_desc
713674862D578EFB,rex_attachments/rex_ammo_545m_op
7136EB10243D43D7,lua_menu/infil
7138CC96A0203959,options/center_vehicle_camera_desc
713A78862D5B7E9E,rex_attachments/rex_ammo_545m_hv
713A7A862D5B8204,rex_attachments/rex_ammo_545m_hp
714A6D1C96BD9B52,REX_VEHICLES/MRAP
714E7C862D6C2E74,rex_attachments/rex_ammo_545m_fr
714EAE2A61B1A898,killstreaks/blocked_refund_killstreak
715651662837EFFF,menu/use_reload
715870862D746E95,rex_attachments/rex_ammo_545m_ap
7159D1F91B3CD867,equipment_hints/pickup_smoke_grenade
715A66BF2B8C1938,CAS/ENTER_NAME
715B041E7E9DBF94,platform_ui/gamepad
715C45123773420A,mp/cache
7163FBB557FF8217,rex_attachments/rex_trig_hvy_decho
7165F4489398F425,rex_attachments/rex_rec_xsm1
7170236D48A85AFB,rex_attachments/rex_rec_akilo_emp_desc
717C32B50EA00912,REX_VEHICLES/LTAV_ENTER
7182A4F2B7BE9952,platform_ui/prompt_pre_order
719045640B08CA76,lp/attachments_title
719127AF64D879FA,options/look_up
7192887B590D194B,rex_attachments/rex_rec_gromeo
71A1B2669ABF1168,BATTLEPASS/SEASON_NUM
71A3DAAE0438D291,rex_attachments/rex_ub_gl_mike4
71A5EBEB41AED835,lua_menu_mp/grind_hc
71AABFF1547DBE84,PERKS/OVERCLOCK
71BBDA27D2BEFAD7,BATTLEPASS/VIEW_ALL
71C2F8EE5EF45FB2,rex_attachments/rex_comb_hvy
71C333B68184C78B,MENU/polish
71CB2A1710154C5E,lua_menu/edit_mission
71D166CBCF0B3212,LUA_MENU/COOP_DESC
71D1D368A7FC6D65,rex_attachments/rex_bar_akilo_desc
71D40C81BFD65060,info_popups/ping_title
71D9ABBC2258301D,options/gr_veh_fire
71D9B8389295A3AC,HUD/BIOMETRIC_SCANNER_REDEEM_HINT
71E096CA0E0E84A6,AAR/MATCH_reward
71E3C92EA02F8324,LOOT_MP/ITEM_TYPE_WEAPON
71F89F6D427AA8C2,mp_rex_tumen/callout_solar_array_control_room
71FA1B551D7C992B,menu/eula
720086C3ECB7AC1A,mp_ingame_only/select_loadout_to_spawn
72027013AC087B20,mp/down_give_up
72029E0238B9FD65,lua_menu_mp/sd_recipe_desc
7206330909A8E35F,LUA_MENU/SUNDAY
720A1C4351125720,sp_rex_meltdown/obj_controlroom_button
7217F8737DB0800B,lua_menu_mp/hijack
722090782CB54272,CODACCOUNT/TERMS_OF_USE_LINK
722112CCABF39FA2,rex_weapon/rex_ar_kilo437
7235116F3C97886C,lua_menu/friends
72356774CF23CED8,killstreaks/airspace_full
723AD5B707CB704F,rex_attachments/rex_smag_limax_desc
7247E9418726689F,TRIALEVENT/NEW_PERSONAL_BEST
7255FABA44CB377C,loot_mp/attachment
725F7233E18989D2,lua_menu/current_item
7262056B854DB727,LUA_MENU/DUPLICATE_LOADOUT
726724B4BFAE7A04,LUA_MENU/PAD_LEFT_TRIGGER_BUTTON
727013A30ADEC1B6,rex_attachments/rex_barsil
7272619A1BBBFEAE,lua_menu_mp/pos_gun
727AAB7E0732D189,options/gr_veh_handbrake_desc
727B012BFA819042,OBJECTIVES/PROP
7288EDB8C5D33102,rex_attachments/rex_mag_xsm1
728989F41F34A5C1,shared_hintstrings/pickup_armor_vest
728D9C874D6C74F5,MP_BR_INGAME/Sell
728E27C5DD8A2C24,LUA_MENU/FACTION_DETAILS
7290E49A8A56855A,options/hud_bounds
72975C7FA2D31A2D,lua_menu_mp/backpack
7298521BB3AA61BD,lua_menu_mp/siege_recipe_name
729CFF1B2FB81441,MENU/yes
72A602992C7D76F7,attachments/dynamic_null_launcher
72B3AB97B3D840BE,mp/team_2_name
72B8AF1F3074AE53,MP_EMBLEM_EDITOR/SLOT_LIMIT_REACHED_TITLE
72BC3111709D0B49,rex_attachments/rex_ammo_5x28_op_desc
72C86B09EF6F2173,rex_attachments/rex_holo02
72C86C09EF6F2326,rex_attachments/rex_holo01
72E45D7066A23CD2,DMZ/uses_left
72E4B257DD2E2161,mp/exfil_eliminated
72EBFB47A8145409,LUA_MENU_MP/PLAY_AGAIN_SQUAD_wz
72EE0E41A8E0D0C2,rex_attachments/rex_xmag_limax_desc
72F41397F784E2C3,mp_ingame_only/versus
72FCBB7EF9D9A12D,MPUI/LEAVE_PARTY_AND_PLAY_GAMEMODE
7302F6A404805594,OBJECTIVES/CYBER
730E3FFF87B0BBF2,rex_attachments/rex_selectsemi_xar1_desc
73134694DF309A19,KILLSTREAKS_HINTS/INSTRUCTION_AIM
73174A3A90AC1A00,KILLSTREAKS_HINTS/INSTRUCTION_TOGGLE_MUSIC
73177E81AC2E5D0A,CHALLENGE/CAMO_CHALLENGE
7322B65C9D13D8FD,BATTLEPASS/CLAIM_SECTOR
73249CA0EBCE2220,lua_menu/instant
7325ECA15269E7F3,rex_attachments/rex_bar_lgt_sierrax
7329A832B867B6F6,rex_attachments/rex_selectsemi_mike4_desc
732AB8A0EBD2BD62,LUA_MENU/Install
732D1F84B71EB2D3,lua_menu/weaptype_single_sniper
733800A3710003BC,options/moderate
733889688D414B7D,MENU/CONNECTION_LOST
7344D4D988496242,SPLASHES/BLUEPRINT_UNLOCK_HEADER
7346F2E822F5A6C1,lua_menu_mp/gun_hc
735C349DAD945CDA,rex_attachments/rex_mag_akilo_545_desc
735C6D1F58ABD7E2,LUA_MENU/Varied
736A9C0ACB1C96D5,rex_attachments/rex_pgrip_pmike63
7371FFB7F1CFCE56,INPUT/DPAD_LEFT
737204A6D9AC73F4,rex_attachments/rex_pgrip_ass_mike4
73866CACAFF007E8,MENU/GPU_TIME
7386B07916D380E0,mp/br_final_circle
7387DB0A7EB7C118,rex_attachments/rex_bar_sht_limax
7389F28725EB97A7,platform/page_up
738A316CDFBAB8CC,MP_BR_INGAME/DEFEAT_SPLASH_DESC
739C1F185F758D29,killstreaks/lrad
73A3B61BAA69EF37,mp_rex_tumen/callout_southkorea_wildernesstwo
73AB87F9DA0372CC,info_popups/enemy_down_desc
73AC7F3F0635288B,mp_ingame_only/obj_securing_caps
73B2BF3321B4CF40,lua_menu_mp/currency
73B88E8670CD448D,MENU/Extras
73BDEC1F7AF558E5,XBOXLIVE/POPUP_CONNECTION
73BDF688C2BD6A86,objectives/sd_defender_hint
73BFB7F357F126AA,SPLASHES/BM_OVERTIME_DOUBLE_CASH_NUM
73C4DA619BA3BD53,MPUI/TRIAL_CANNOT_START
73D40D96D3486481,script/intelligence_uploading
73D66D9438FAC681,lua_menu/targets_killed
73D73D474695DFBE,MENU/switch
73DB9D705C11E540,mp_rex_tumen/callout_southvillage04
73DB9E705C11E6F3,mp_rex_tumen/callout_southvillage05
73DBA2705C11EDBF,mp_rex_tumen/callout_southvillage01
73DBA3705C11EF72,mp_rex_tumen/callout_southvillage02
73DBA4705C11F125,mp_rex_tumen/callout_southvillage03
73DC22247D988B5C,LUA_MENU/STORE_TERMS_OF_USE
73DDFF42DE4220C2,CHARMS/COS_250
73E8D174B473C640,MENU/nicest
73F3CB04F3A3C54A,mp_rex_tumen/callout_artbusiness
7402D999BC3742C0,LUA_MENU/TOTAL_FIVE_GAMES
7402DA69A5844ADB,rex_attachments/rex_rec_juliet_desc
7402EB2EFF6A801B,MPUI/CURRENT_OBJECTIVE
741180ED1F97C6AD,vehicles/techo
741A9AC3DF98591C,LUA_MENU/Leave_Match_Without_Party
7436CD9A506D64C3,splashes/br_teammate_revived
7438075189CDF445,MENU/video
7439A1020D86C160,rex_attachments/rex_trig_kilo5_desc
743FB81D1059D089,MENU/NEWPASSWORD
74461813A4B67024,LUA_MENU_MP/BR_DESC_2
744B20EEABF89032,battlepass/battlepass_rewards
7454843E92A77A25,rex_attachments/rex_sil_lgt_decho
7456DFA8A50A4651,MENU/DYNAMIC_LIGHTS
745EFE60364479C6,splashes/br_plate_pouch_pickup
746BC4555A45F953,options/cod_account_desc
746C2ECE805BE287,options/testing
746FF6F50A886770,rex_attachments/rex_anims_iw9m4_desc
74861841CE136391,rex_attachments/rex_mag_mike4_pdw_desc
7488AD22709A1C1E,killstreaks/cannot_be_placed_air
748A64C00CA210E9,MENU/wins
74990B2DAF5EBA03,rex_attachments/rex_bar_sht_xar1
749B6C70CF83D60F,LUA_MENU/WEAK
749D137F7749AF56,mp_br_ingame/mission_whitelisted
749DB078B4A967B6,GAME/operation
74A5445BBA291333,rex_attachments/rex_ammo_5x28_ap_desc
74AE89299D260DA6,LUA_MENU_MP/PLAY_AGAIN_SQUAD_MATCH_START
74B6815B5222B51A,LUA_MENU/IW_BEST
74C0B922CAFBF3E8,levels_rex/meltdown
74C86CC1D7BEE97D,MENU/SPECTATE
74C941FBDA0D6FF0,dmz/deployed_time
74CB7F595305C1D5,rex_attachments/rex_ironsdeafult_bmike3
74CE1D8557AA09FF,rex_attachments/rex_drum_desc
74D065AB2864FE13,DMZ/CONDITION
74DDB68FDF68E0A5,equipment_hints/pickup_claymore
74E6282243CFF3B8,mp_dmz_locks/cache_locked_powersubstation_container
74F0C5F74F8FFA0E,mp/rally_point_respawn
74F24FE7382720C5,LUA_MENU/WZ_INTOBATTLE_POPUP_PLAYBLOODMONEY
74F65ADC7D6CA117,LUA_MENU/DLC_DOWNLOADING
74FFCD8DC15B83EB,LUA_MENU/SQUAD_FILL_REQUIRED
750040D3F06E3336,LUA_MENU/BR_TRIO_DESC
750619B98A40145B,rex_attachments/rex_grip_vert_broken
751583F9E2505AF4,lua_menu/gear
75176F483656C5FF,lua_menu/unblock_player
7517814C1B9CF18B,rex_attachments/rex_flash_a_DESC
75236CB54801C035,rex_attachments/rex_pgrip_aim_xsm1
7534C4A5A0B0AE58,AAR/OPERATORS
7536EB4A20DAA95C,MP_INGAME_ONLY/SYSTEM_REBOOT
7538EF50098CC7CE,LUA_MENU/BACK_MENU
753906AE836910E2,rex_dmz_locks/cardreader_no_power
75391EDE91AEE7BC,MENU/SMAA
7543CEE028D07191,BATTLEPASS/TIER_CELEBRATION
7544AD5D228112D9,loot_mp/perk
754BA911B478EE18,LUA_MENU_MP/MOST_USED
754D4815FACFFAC1,LUA_MENU/UNINSTALL_PACK
754D67157AF1AF23,lua_menu_mp/cyber_recipe_name
7568B74EBBF9F12A,TOURNAMENT/ROUND_NUMBER
756E58A4B791C1A5,splashes/first_infected
75736E33B83FF9E0,lua_menu/custom
7575BE701BAD7448,CHALLENGE/Assists
758CB9FEAC177469,lua_menu/lobby
758E8139090273E6,CAS/BUTTON_NEXT_UNLOCKS
75A3698E4E0AC845,codcaster/swap_teams_default
75AB13796A770A1D,lua_menu/emblem
75B040286574196A,presence/mp_rex_lithium
75B1885638651D95,LUA_MENU_MP/PLAY_AGAIN_SQUAD_MATCH_START_NOW
75B536AA2DC0CF45,LUA_MENU/BLOCK_REGIMENT_INVITES
75BFCB5EEF2D6742,mp/faction_three_forfeited
75C26255EB5A3B97,battlepass/ftue_title_1
75C26355EB5A3D4A,battlepass/ftue_title_2
75C26455EB5A3EFD,battlepass/ftue_title_3
75C6300B5941A07B,splashes/br_satellite_truck_active
75CA4BBC7AAF0FEF,rex_attachments/rex_rec_moscar
75CBD4ACAAABC1A6,super_mp/super_cannot_use_space
75DE691FA732FD37,menu/downs
75DF23A46EADEE7A,KILLSTREAKS/SUPPLY_SWEEP
75DF3D33A496FE47,info_popups/circle_desc
75E209F488DE8633,MENU/Damage
75EDDC62C048FD6E,mp_rex_tumen/callout_adminbuilding
75EF63890ADB1C8E,XBOXLIVE/CONNECTING_TO_BATTLENET
75F2488C34E5BEC6,weapon/lm_lima86
75F7379BC4177BA6,sp_rex_meltdown/buddyboost
7604534A90154D47,mp/br_atmine
761CBA5BB13A45BD,MENU/BOTH
7623AFDF8C55E2CC,LUA_MENU/NEWEST_FIRST
7625EA4D8F71D0E6,LUA_MENU/18th
76272DFAE8581FAD,rex_gametypes/counterop_xsm1
762B180F03FD6271,script/invulerable_frags
762BFB40555BAC37,LUA_MENU/TITLE_PRIMARY_WEAPON
762EA86FE707A789,PLATFORM/BNET_SERVER_QUEUE_MSG
76340A82BD6313AE,achievements/zombies
763E0BF8DAE0B1DC,LUA_MENU/CURRENT
76457C8628B85FB5,rex_attachments/rex_pgrip_hotel45
7645F840DA479BB0,VEHICLES/REPAIR_TIRE
764E1DB9028D3D08,MP/MARKING_EQUIPMENT
7657DEE022BB59C2,rex_attachments/rex_breach_decho
765848D7B8005D30,MENU/Rank
7658A5B06B6D4D19,lua_menu_mp/arena_recipe_name
7659B3DCE78B405C,match_status_hint/defend_sites
765F6F833464DB00,rex_attachments/rex_minireddot04
765F74833464E37F,rex_attachments/rex_minireddot01
765F76833464E6E5,rex_attachments/rex_minireddot03
7663021275887305,splashes/interrogation
76643182340FD787,splashes/br_killstreak_purchased
76664A1815EEF61B,REX_GAMETYPES/COUNTEROP_BOMB_DEFUSED
766955D7B80EE67A,MENU/Raid
767E11BDC6B78CC8,LUA_MENU/PREVIEW_TITLE
768044224A58726D,KILLSTREAKS/REMOTE_TURRET_NOT_AVAILABLE
7681B57F077A6171,KILLSTREAKS/SENTRY
76956C824934339C,MENU/Unknown
769AF74D600E478F,mp_rex_tumen/callout_techbuilding
769F000FCD8C9452,platform/stick
76A34D791F12EFEB,lua_menu/retry
76A5BAA4921911C1,MP/RETURNING_FLAG
76AEB094F36B02F0,menu/discard
76AFCCC77266C24D,splashes/br_pe_firesale_start
76B2294C0642545C,MENU/Right
76B9286D4D5B2815,aar/summary
76BEE1FD974EB526,rex_attachments/rex_comp_vert_hotel45
76BF186CFB0CC0CB,MPUI/PRESTIGE
76C20DDA3051DE8D,shared_hintstrings/autopilot
76C26FC0B0CA5AF8,mp_rex_tumen/callout_hotelcasino
76CC238F98167977,challenge/weekly
76D9D646F4118549,MENU/Retry_to_connect
76E72FD3CECFA66F,MENU/STORE_CAT_FEATURED
76E826496EE3FA7F,MP_CHYRON/BR_GULAG_CHYRON_1
76E8AE18A28B10CF,lua_menu_zm/hide_text
76EA5E7A2E77609F,OBJECTIVES/Arm
76F493C97330DEB7,LUA_MENU/scorestreak_equipped
77015A2299F4538B,info_popups/gas_title
770D328F984E29E9,CHALLENGE/WEEK_N
771A1DDE09137583,EQUIPMENT/C4_ARMING
772DC2FC7D1F95CD,options/ads_mouse_sensitivity
7733EE1738F50E91,LUA_MENU/4TH
77437A1908080232,mp/cash_heli_leaving_in_n
774C69AEAB44B578,rex_attachments/rex_rail_asierra12
774D1BC0CFB26C25,equipment_hints/blastshield_box_use
774F117E2B6BACA0,BATTLEPASS/RARITY_AND_TYPE
775E38B264CE3EFE,BATTLEPASS/THANKS_FOR_PLAYING
7771558B23398013,rex_weapon/rex_lm_sierrax_desc
7775068CD9AE056D,rex_weapon/rex_me_fists
777DC7FDE8DD3483,rex_weapon/rex_me_defibrillator
777DFC7702782AA7,splashes/br_loadout_purchased
778504D48E53937B,MP_BR_INGAME/KEY_ACTION
7788FF7E75909215,MENU/name
7792CAE5759C77DA,splashes/havoc_eyes_on
779E83748B24AC0B,MENU/accuracy
779F300BE252B05B,cas/military
77A7044BE4DD1AFD,MP_REX_MOBILITY_COURSE/GREAT
77B4A1A762741CD6,LUA_MENU/LEADERBOARD
77B5EC50D43D2CF2,LUA_MENU/DIFFICULTY
77B7AE2377FD1F6C,levels/wounded_desc
77C03E3C6F3C2F26,mp_rex_tumen/callout_goyohan_dock
77C686BB0D37A5F3,LUA_MENU/CUSTOM_MODE_DESCRIPTION
77C735C7F26FF367,rex_attachments/rex_rec_tango73_topload_desc
77C817E1D0275522,MENU/attack
77C880FF6333EB7C,options/eula
77CBB3F37EBA4CC8,rex_weapon/rex_la_gromeo
77D39F24A2DADE77,codcaster/end_result_win
77DC6F7B662AB424,MPUI/Cancel
77DCDAD8F6280329,CHALLENGE/shared
77E61EF0824A1271,mp_rex_mobility_course/time
77F76D7C33837660,MP_BR_INGAME/MATCH_IS_FULL_DEPLOYMENT_BEGINS
78010973A5846CDA,lua_menu/restart
780A2E809A5F1780,rex_attachments/rex_xmag_xsm1_desc
780DD91FC43356AF,LUA_MENU/BACKGROUND
78104D368538648F,MENU/GUARD
78112A2D3B6F869D,PLATFORM_UI/SHADER_FRONTEND_PRELOAD_WAIT
78171FB175470151,killstreaks/placement_canceled
781D9D1B0DE67632,OBJECTIVES/FIRETEAM
781F43B328B11196,info_popups/stronghold_title
78210EB678A5CA37,menu/private_match
78320368A03DC58E,REX_GAMETYPES/PAYBACK_DEPOSITING
785A234D661D8264,lua_menu/menu
786055857BBD619D,mp/br_armor_deny_armor_full
7867B2F6F6564785,rex_attachments/rex_smag_limax
78898F060C173735,killstreaks/switchblade_drone_cannot_be_used
788CF226BF2177B7,clans/admin
78903C92266C356D,rex_gametypes/counterop_svictor98
78911D215B5810FC,MPUI/LEAVE_PARTY_AND_PLAY_PROMOTED
7891D3A75C6355C7,menu/send_friend_request
789295FEAB05BEDA,LUA_MENU/TACTICAL_INSERTION_DISCLAIMER
7895596F4C6A343F,MP_BR_INGAME/RESEARCH_VESSEL
7898B4CCA3D01373,playlist/br_resurgence
78AE33BF3C18D0C0,rex_attachments/rex_ammo_68spc_op
78B56E23B1F94C48,menu/credits
78B5CFF064E176CF,TRIALEVENT/TIMER_ENDS_IN_HOURS
78B7822423EA044F,presence/arena
78C63BBF3C2D7039,rex_attachments/rex_ammo_68spc_hv
78C63DBF3C2D739F,rex_attachments/rex_ammo_68spc_hp
78C7F420C2EE7069,MP/BR_ARMORBOX
78CC47BF3C31F04B,rex_attachments/rex_ammo_68spc_fr
78D2BE297AF0E88C,MENU/Resume_Credits
78D5CDD8C775FB78,rex_attachments/rex_laser_stocksaw_kilo437
78DD47BF3C40637E,rex_attachments/rex_ammo_68spc_ap
78E5A4AEFAEAFBA2,cas/attachments
78F8CB9F0508E533,LUA_MENU_MP/PLAY_AGAIN_SQUAD_HOST_VOTE
78FA44A8691382F6,vehicles/orav
78FBE360AB61BB97,LUA_MENU_MP/KILLSTREAK_CONFIRMED
79069A18CF016896,rex_attachments/rex_pgrip_tac_decho
790AF46DCAB28C49,LUA_MENU/RENAME_CUSTOM_MODE
790B67A5113CB5E1,options/gr_veh_lean_backward_desc
790E16499074CE5D,lua_menu_mp/control_recipe_desc
790EDB142139237F,splashes/br_twotwo_gulag_start
790F206390254304,lua_menu_mp/creator_not_found
7915D60B323E0670,perks/package
791EFCE7E6BD1354,rex_attachments/rex_cal_tuning_lm_stocksaw_sierrax_desc
7924564472D34C4D,LUA_MENU/20TH
7925707E1890DA19,LUA_MENU/BOTS_VETERAN
7929BC6989BAC100,mp_rex_tumen/callout_mamisuburb02
7929BF6989BAC619,mp_rex_tumen/callout_mamisuburb01
7931F4EA2FBF9DB4,LUA_MENU/STORE_KOREA_REFOUND_POLICY
793B4C732F65A26C,LUA_MENU/QUICK_PURCHASE
79525EF1EE50383E,mp/revive_blocked
7954FAB708E26EB2,lua_menu_mp/pos_grind
79573FEA3014DB1D,mp_ingame_only/snowball_pile_cool_down
795AED7AEBE81773,STORE/MW_WZ_REWARDS
795D32F9F5DF1FCF,mp_br_ingame/stronghold_progress
795FA91BB9CA23F2,killstreaks/ac130
79681CEA69E5CE24,rex_weapon/rex_pi_radio
797A657079295C8C,TOURNAMENT/MATCH_NUM_IN_PROGRESS
797E25CFF6FAAD8E,LUA_MENU/hide_ui
797FB6C8CB50B376,mp_br_ingame/enemy_squad
7985AB390EA936F3,MP/MRAP_ALREADY_UNLOCKED
7995EA152FDE213F,TOURNAMENT/HOW_TO_PLAY
79A34D343DFBF901,MENU/mouse_wheel_delay
79AA2AEC0F6E8438,MENU/FRIEND_REQUEST
79B11827471AEB60,rex_attachments/rex_xmag_kilo437
79B1537318BB57EA,BATTLEPASS/VIEW_REWARD_DETAILS
79B51DCA9629855B,options/privacy_preset
79BEFCE4D5F40C4E,mp/br_circle_closing_now
79BF8128C5F2EB8F,lua_menu/reticle_equipped
79C75007C0EE1854,rex_attachments/rex_pgrip_ske_golf28
79D451F1C3B43EDF,lua_menu/edit_item
79D70A6AEE96B2E6,AAR/RANK_UNLOCK
79DACE18A56E7750,LUA_MENU/Bot
79DE43A6DA606DF3,mp/switching_sides
79E7DD8153EB7936,LUA_MENU_MP/MOST_KILLS
79E9AB91AA436028,lua_menu/quality
79EC1B099E7B1D91,AAR/WEAPON_UNLOCKS
79ECDD2A8AFE7140,rex_attachments/rex_comb_svictor98
79F93DF9DFE8CB47,MENU/100_points_default
79FAFC449AE87561,killstreaks/air_space_too_crowded
79FE7B37EB72C70C,lua_menu/the_west
7A071B4C21E811B1,menu/large
7A0E3724D9050423,LUA_MENU_MP/TRIAL_FAILED
7A12A1364D72F1D8,mp_rex_mobility_course/tut_prone_objective_ctrl
7A168289732408E0,MP_EMBLEM_EDITOR/CONFIRM_DELETE_EMBLEM_MESSAGE
7A180931CA6968B9,DMZ/STASH_FULL
7A1BA8ED6ABADCB1,LUA_MENU/DISPLAY_LOCKED_ITEMS
7A2117801A37EB2E,LUA_MENU_MP/PURCHASE_COMPLETED
7A28B4C0312D0DC2,rex_attachments/rex_stockno_bmike3
7A2A6E4550706BF4,options/gr_veh_horn
7A30D09C379AADCE,CAS/GUN_WEAPON_LEVEL
7A3A131FD508425A,BATTLEPASS/TIER_SKIP_SALE
7A4ACC2192D4D825,MP_BR_INGAME/REDEPLOYMENT_INFOS
7A5C1961CEA40D17,EQUIPMENT/zip_gun
7A6801A3F9D49BD6,lua_menu/field_upgrade_equipped
7A6FAB109192F13A,AAR/INGAME_AAR_XP
7A76E5FAD092E733,mp_ingame_only/hq_no_respawn
7A810D9D4B5066B9,LUA_MENU/RANDOM_OPERATOR
7A823644ECC975C0,CAS/WEAPON_UNLOCKED
7A85ED10CB1DF4F9,MP/BR_PERK_POINT_PICKUP
7A90929CA545CA71,REX_attachments/rex_pgrip_ass
7A948C66BA1FC860,rex_attachments/rex_barsil_kilo437
7A95F14546BC9395,LUA_MENU/RANK_PROGRESSION
7AA442E9652BCF10,MENU/Pure
7AAA17F352EAC6A1,rex_weapon/rex_sm_psierra41
7AACEB3BC65019B9,equipment/snapshot_desc
7AAE7911297A746E,lua_menu_mp/clutch
7AAEB58AE9C35300,rex_attachments/rex_drum_mike4_desc
7AB104E73EC7E547,LUA_MENU/WZ_INTOBATTLE_POPUP_TITLE
7AB24DCFA2FA1676,rex_attachments/rex_stock_ass_mike4
7AB2A09CA562C8A1,rex_attachments/rex_pgrip_aim
7AC5C98C90561C1E,MP/BR_GULAG_BET_AMMOUNT_LOST
7ADAA74BB3A5824E,MENU/Assists
7ADDB74780F23CE6,rex_attachments/rex_rec_mike4_pdw
7AE08197E762B5F7,rank/ltcol_full
7AE83632AD92FFE4,options/use_tactical
7AF4CD69940F391F,loot_mp/operator_skin
7AF93480705A5FE8,PRESTIGE/classic
7AFA3BB882971B97,rex_attachments/rex_mag_xar1
7AFB88FBDAA55912,LUA_MENU/CUSTOMIZE
7B103CF0846086BA,AAR/CHARM
7B11394319A2E36B,HUD/CANNOT_USE
7B1386D4FCAF4655,LUA_MENU_MP/TRIAL_SUCCESS
7B294C2789597C51,platform/mantle
7B2CD6C9A3C5D769,splashes/final_survivor
7B2EB04D4951288C,LUA_MENU/16th
7B3632185798E15D,lua_menu/xp_value
7B3F532AF5024007,MP_FRONTEND_ONLY/CLASSIC_WEAPON_UNLOCK_TITLE
7B4104E856D1C0A7,CHALLENGE/PMC_HYDRO_SHOTGUN_AI_NAME
7B41D61AECA8413A,MENU/WMD
7B48E4C8573AC5EF,rex_weapon/rex_ar_xar1
7B57A3A5BF3B0E1E,MP_PING_INGAME/MSG_SQUAD_PINGED_VEHICLE
7B5E553A75405F35,splashes/auavscan_active
7B6060DA78631B19,MENU/ONLINE_STATS_RESET
7B653ADE9C335064,LUA_MENU_MP/WAVE_STARTS_IN
7B6741F26F2D0D92,BATTLEPASS/UNLOCK_X_REWARDS
7B6AE3C0A5BD9165,lua_menu/april
7B6CCFB9F73F40AE,AAR/Field_Upgrade
7B8103C803F428F1,options/gr_veh_lean_forward_desc
7B832CF025B9A8EE,lua_menu/mute_player
7B8FE0990E7CE04A,mp_rex_tumen/callout_southtrainstation
7B935BBAE8CB3B61,rex_attachments/rex_laserads_pstl01
7B9A8DD0D81929B1,lua_menu_mp/hardpoint_recipe_desc
7BAA7295F83B4402,mp_rex_mobility_course/best_time
7BAE3C58F36D40A8,MP_INGAME_ONLY/HQ_AVAILABLE_IN
7BB2B758B818D153,options/fl_veh_next_seat
7BB8AFF9856D25A5,MENU/MANAGE
7BBC8D295C4186FF,CODACCOUNT/REGISTERING
7BC319B531FF3DDA,channels/members
7BCBCE817C2A8AF9,MP_BR_INGAME/INFIL_CONTROLS_PING
7BCE49E762B3C07F,MENU/russian
7BD20DEE0990F212,mp/br_gasmask_durable
7BD635FEB9E574CB,rex_attachments/rex_pgrip_ass_desc
7BE3E481E24E280D,playlist/gl_counter_lotus_veteran
7BE61B41D2D45BDD,rex_attachments/rex_mag_mike4
7BE6AA88D00D01A3,LUA_MENU/Wallpaper
7BEA6DF2D166C30E,VEHICLES/EQUIPPED_HORN1
7BEF1562C54A8EDD,rex_attachments/rex_flash_c_desc
7BEF6068F5548D3D,CODTV/ERROR_MSG
7BF460BD5F858D70,lua_menu/edit_loadout
7C041078DA3E7DA0,info_popups/buyback_desc
7C086AF406ED5243,MP_INGAME_ONLY/HP_UNLOCKS_IN
7C08AE08B6B83891,options/sprint
7C13A39BA304A738,lua_menu_mp/trial_recipe_desc
7C1E16B91450EC91,BATTLEPASS/PURCHASE_TIER_CELEBRATION
7C320EFAE362B8F1,mp_rex_tumen/callout_eun_pond
7C3655C5C1B8F802,rex_attachments/rex_bar_lgt_tango73
7C3A003ABEF303D1,script/door_hint_bash
7C3E9A0B2A23FA94,MENU/RECRUIT
7C40851AA3CBBC39,mp/explosve_damage_only
7C413F76D2D6F78A,mp_dmz_locks/cache_locked_end_pyro_tunnel
7C43BD45232E14BB,MP_BR_INGAME/YOUR_SQUAD
7C4508B31A9B09C9,lua_menu_mp/frontline_recipe_desc
7C488F7AFE8835DD,MP_BR_INGAME/GULAG_VICTORY_SPLASH_TITLE
7C542BC0F3EFA84C,mp_dmz_locks/cache_locked_sunken_ship
7C585FC611210A2A,MENU/True
7C59ADE3A96590C9,mp_br_ingame/infinity
7C5F00ACE00A834B,LUA_MENU/CARRY_FORWARD_EXCLUSION
7C64691E271285AE,MENU/strafe_left_right
7C64D9089EBD2113,MP_BR_INGAME/OT_MULTIPLIER_NUM
7C708EE5259D2BDE,lua_menu_mp/counterop_casual
7C729787D1C0589F,mp_br_ingame/cannot_stow_in_gulag
7C82F703A8181309,MP_BR_INGAME/INFLATION_SELF_REDEPLOY_DESC
7C91FFFD43377ECC,mp_ingame_only/obj_extract_caps
7C9F70735459E57D,LUA_MENU/clears
7CA25154F93DAFB8,mp/spawn_tag_wait
7CA5DE5857AF6B10,rex_attachments/rex_xmag_hotel45_desc
7CAE17C98E684FFC,BATTLEPASS/NON_BATTLE_PASS
7CB9CD46EE0400CC,MENU/Extra
7CBD88C3D29459E2,MENU/TEAMMATE
7CC9008F487657F8,MPUI/TRIAL_AVAILABLE_TICKETS
7CD1CF709CF75947,BR_FERVOR/SLAYRIDE
7CDBE29E91F0FB1C,MPUI/TIED_CAPS
7CDDF97DD718B4E5,TOURNAMENT/WINNER
7CE5802116645CEC,MPUI/REMOVE_NON_PREMIUM_PLAYER
7CECFCF71D761470,OBJECTIVES/Havoc
7CEE234D8D4D8382,MP_BR_INGAME/REQUEST
7CF032B2B5265C26,rex_attachments/rex_bar_limax
7CFA513511A07B97,MENU/TODAY
7D053542E394EF41,CHARMS/COS_105
7D053842E394F45A,CHARMS/COS_100
7D0891F1B57EF76D,MENU/4x_TXAA
7D0DFC8215C06307,mp_rex_tumen/callout_southeastfork02
7D1E7BB240D72781,EQUIPMENT/NONE
7D31956B09A440EC,DMZ/UAV_TOWER
7D39A38F38B6E5CB,WZ_FUNCTIONALS/FRAG
7D3D2D1B364AF161,MENU/Fov
7D42952F66CE6040,attachments/br_rangeext_snpr
7D47271EA9AE30FE,lua_menu/wz_practice_desc
7D4ACC59C2FBB507,KILLSTREAKS_HINTS/TANK_RELOAD
7D5ED9B0CFB37358,rex_weapon/rex_sm_spier9
7D602ED3F6942CBC,KILLSTREAKS_HINTS/GUNNER_AIM
7D6625D955FE95CE,SPLASHES/BR_c130airdrop_incoming
7D6E354D932DF3A9,LUA_MENU/19TH
7D83BF988B560103,PRESTIGE/track_name
7D85F76870097BD7,LUA_MENU/RADIAL_PREVIEW
7D86FA4D5DB1717A,PLATFORM_UI/PAUSE_INSTALLATION
7D873DC7A5BFCCDD,rex_attachments/rex_ammo_45acp
7D880133876CFBD4,rex_attachments/rex_ammo_50b_hv_desc
7DA4F3389D1DBC70,LUA_MENU/TITLE_PERK
7DBDF26BF7BD5706,LUA_MENU_MP/BRTRUCK
7DBFFB47BA7F6087,rex_attachments/rex_xsmag_psierra41_broken
7DC4FD4635D8C928,CODACCOUNT/RESTART_WARNING
7DCC8BF0F82BD612,MENU/reticle
7DE2B79249FBB107,LUA_MENU_MP/SURVIVE
7DE5E85FFC07361B,attachments/empty_slot
7DE70345FEF25E94,rex_attachments/rex_pgrip_ske_mike4
7DE900E1AC886667,rex_attachments/rex_bar_lng_akilo
7DF3A4AF1D523A27,rank/comm_full
7DF4B921D6190715,lua_menu/cancel
7DF9FBD11A93117B,CHALLENGE/TDM
7DFAAAB5051C42CC,rex_attachments/rex_pgrip_aim_xar1
7DFE4D5D2801A6AD,rank/ens_full
7E05B18D7109A732,mp/supers_unavailable_equip
7E0C5324E59D06D8,HUD/BRADLEY_GUNNER_LABEL
7E0EA996912736C4,game/press
7E10E5ECCA80E1D3,MP_PING_INGAME/MSG_SQUAD_PINGED_CAUTION
7E10F5909476CF1E,MPUI/FOLLOW_HOST
7E1CE13F7009F1F3,mp_ingame_only/pickup_hb_sensor
7E1CEAE88F4BEA3E,presence/lp_sd
7E1EB790F8E06D3E,lua_menu/transfer_ownership
7E221B195C672797,AAR/RANK_UP
7E2D185896CF690F,MP_BR_INGAME/FULTON_FULL
7E2F3A588A66B78C,codcaster/freecam_preset_toast_header
7E302C472794A56A,rex_attachments/rex_cal_tuning_golf28_auto
7E368E6C93E22FAA,vehicles/helo
7E39D2AF55F6DEEE,MENU/EQUIPMENT
7E4616429F9D0918,LUA_MENU_MP/Match_Time
7E555FE6D60A171A,BATTLEPASS/TIER
7E649ECDFF8D54DA,cp_ally_names/deltasquad_guarding
7E6C0A18F00515C7,rex_attachments/rex_pgrip_aim_findia
7E6D1EDBCAB61C80,mp_rex_tumen/callout_reeducation
7E6FD711A2BF7ED9,LUA_MENU_MP/TRIAL_complete
7E73A3C92664B7D1,challenge/cp_challenge
7E7750CB5B46ACD7,rex_weapon/rex_me_fists_desc
7E7F563AE68DE62F,killstreaks/max_airdrops
7E865FA89FD2734E,MENU/Italian
7E87AD0F8C813790,rex_attachments/rex_stock_golf28
7E93E2ECC6AD1913,lua_menu/cod_point_amount
7E941B5A116303B0,rex_attachments/rex_comp_vert_i
7E941C5A11630563,rex_attachments/rex_comp_vert_h
7E94235A11631148,rex_attachments/rex_comp_vert_a
7E94255A116314AE,rex_attachments/rex_comp_vert_c
7E94265A11631661,rex_attachments/rex_comp_vert_b
7E94275A11631814,rex_attachments/rex_comp_vert_e
7E94285A116319C7,rex_attachments/rex_comp_vert_d
7E94295A11631B7A,rex_attachments/rex_comp_vert_g
7E942A5A11631D2D,rex_attachments/rex_comp_vert_f
7E9A5196B2C2305D,match_status_hint/capture_nuke
7EA28D689FD9C8D6,social/party_settings_desc
7EA38AE3175C8C91,rex_attachments/rex_ammo_5x28_desc
7EA90DB7423E876A,DMZ/PREVIEW
7EABCDC2A36853E2,MENU/Select_Difficulty
7EB08C11A1D51DEE,SPLASHES/stronghold_complete
7EB1A397FC31554F,SPLASHES/Last_Enemy_Alive
7EB7407B97836450,MENU/Act_III
7EB7999479C73ECB,menu/tactical
7EBB8C8D586E0823,weapon/ar_akilo105
7EBE415C92A8EC65,MP_BR_INGAME/REDEPLOY_TIMER
7EBE5FAB605408FB,splashes/br_pe_choppers_desc
7EC87549245BC8AD,objectives/koth
7ECD3901955BE9F0,rex_attachments/rex_pgrip_mpapa7
7ECF276BFBDF29A7,MENU/SWAP_TACTICAL
7EDB19566E446883,MP_PING_INGAME/Quiet
7EE5FCA06A289123,mp_br_ingame/reward_icon_name_sideop_cargo_drone
7EE636EBEE5809F4,LUA_MENU/PREVIEW_NEXT_LOOT_ITEM
7EF1BC32ECE34B81,rex_attachments/rex_comb_asierra12
7EF69A0EBFD4DCE3,LUA_MENU/PAD_RIGHT_SHOULDER_BUTTON
7EF6C5531F86C1D3,channels/connect
7F0B30FF02B5F123,WEAPON/mauler
7F2687F2588EBA85,vehicles/utv
7F28EE1E7A2E1846,MP_INGAME_ONLY/DZ_TIME_REMAINING
7F2EC7F5F40D1560,LUA_MENU_MP/PURCHASE_DLC_CP
7F349E6C4AB0D7FC,lua_menu/stage_index
7F3698C28B1E1EA9,equipment/loot_armor
7F426901007B5F65,lua_menu/cosmetics
7F45B46D6D68CA8A,rex_weapon/rex_pi_hotel45
7F468D0249DE1377,lua_menu/joining_player
7F4A06548B2E23E5,SPLASHES/Revived
7F5B5BE5CE097261,rex_attachments/rex_ammo_45acp_ap_desc
7F6029F333ABAA4A,SPLASHES/warning
7F6311B370669AAC,rex_attachments/rex_rec_limax_incendiary
7F653D7CC62E65E3,rex_weapon/rex_dm_golf28
7F6E70703067046F,mp_rex_mobility_course/tut_move_objective
7F731C7B2B91A9D4,ELDER_PROGRESSION/PROGRESS_COUNT
7F739EBABABC47AB,dmz/hack_progress
7F751F5C5F496CAF,RANK/PFC_FULL5
7F79750667D23070,dmz/upload_station_use_err
7F7EB8180FABC6C4,options/installing
7F819818AC9ACEE2,MP/GAS_CAN_SIPHON_ON_EV
7F8C6E014524A15F,codcaster/general
7F8FD8732C277D0D,MP_BR_INGAME/sell_all
7F907F9D31140415,rex_weapon/rex_me_defibrillator_desc
7F990FF08210AA01,BATTLEPASS/OWNERS_GIFT
7F99334C014A82F9,menu/filters
7FA2EC92A150112A,rex_attachments/rex_snscope_hybrid01_le
7FA5DF4199B78F94,MP_BR_INGAME/LEGEND
7FC482EA20C0053D,LUA_MENU/PATCH_FAILED
7FC9F533DF89C587,options/vehicle_camera_auto_center_desc
7FD0C7EA73C362F7,codcaster/team_secondary_color_desc
7FD70840DADB25D9,BATTLEPASS/TOGGLE_REWARD_DETAILS_CONTEXTUAL
7FE24F13834431C1,SP_REX_MELTDOWN/DEATHHINT_TANK
7FE39EAE4171933B,LUA_MENU/CITIZENSHIP
7FE4878D35DE7114,rex_attachments/rex_ironsdefault_rpapa8
7FF2E252AD27A768,rex_attachments/rex_cal_tuning_asierra12
7FF806753942C879,LUA_MENU/ALPHABETICAL
7FF84A9C5F759ED1,REX_attachments/rex_pgrip_ske
