hash,name
002F86E19A9E25FD,getmaterialatlasinfo
0030A2BFD9B34742,ocdsresetstate
005EFDC0ADF96E56,setwipexsegments
00AB31B755C2F07D,setupspstealthcompasshud
00AE3C47E9571C81,GetSearchStatus
00BB106EE033573B,updateinstancecomponents
00C46FE73C6C0458,setstreamreplacementmaterial
00F8218CA2F27D19,getcategoryinfofromindex
0103E25A8514332E,setupScaleCoverWholeWidget
01095104D8D7ED60,getlastsearchedplaylist
010A5732AB1DAE9F,HasActiveLocalClient
011014FCF5F64C7B,isworkavailable
011F62BBBEC860F6,IsDisplayOutputHDR
01229D9633AE7746,setupblood
01524FFCDC9019F8,getvisiblemodel
01540BC46FAC1D7E,linkactivexcamtoentity
01578D1E54AAF91D,needfixup
019E17A0E38F313A,getstreamingenabled
01A023ECB9DFFF24,getcharacteroperatorskinref
01EBB6BFE8777309,setglitchcolorblue
01F8C84E462AB74A,getcategoryplaylistsbycategoryid
02043FF221ED6A77,setpartyuiroot
021103F2ABD5B496,IsPCSimple
021F781E9288BCD7,GetReceiveActivityPartyInvites
0220E22F84FA3AD7,getislooping
02370C5DAF88C3CD,iscategorynew
023D92A00F6E0517,hasmask
024D6226BE2B4071,setresetprocbones
0258C1DCEAAEC91B,reportmemoryusageofcurrentscreen
026133D8D52763EB,GetNumPlayersInTeam
0268AA37D2EB2AFE,getcolumnspacing
029352BDAF12E41B,Steam_GetFriendName
02A0168FAF745ADF,ocdsgetstate
02AFF3A853910DFB,IsUGCRestricted
02C97C4589917A4F,isconnectedtofirstparty
02F99F20243672AB,commonitem_getitemnamefromlootid
030D7E1C0B79EFFB,setscale
0316F605C1317397,DLogSendMatchEndSelection
031739844D64ACC3,setinvert
034E06AC87784A76,createanonymous
035F3B42E54FF0DB,resetzoomlevel
0364D8F42A41F6E0,GetMenuVideoName
03764B0983EE6900,PromptRequiresBacking
039F1CE4F4DE2117,iscompasscustomoperatoriconsenabled
03A9F1F51625857F,getdata
03B6AF6E42866493,CloseVirtualKeyboard
03ED03FB87F2A43C,StoreItemViewEnded
04069DE29EEDD103,GetCurrentPlatform
0406C672F7C39BAC,setcharactercustomattachment
0421C0162EBF4ED2,updatescrollingoverlayshaderparams
0446FFD0DEAD15E3,getprivatepartyid
044A2CF98CF855EC,getoffset
044D4CD087AF1376,GetUnboundKeyBindOptions
0453EE8C9FA7EF62,dlogpresencedata
0458960276A38E6A,settexteditactive
048E19A060AAE931,clearinvitation
04AF1CF5FDA63B52,isblueprintweaponattachmentprotuned
04C819B538FED3CD,ScaleLoopSoundVolumeAndPitch
04E2D9573CAC224C,markfordelete
04EA0063F0473C43,canrequestjoincode
05425B0F17D005A9,setworldposeoverrideenabled
05970EABB68EF215,getpreselectedcategory
059F2F8C15EA7399,IsPlayerInJoinableGame
05BB4B1F55914D3D,playsequencenative
05D874D3BFE6FCB3,requestfence
05E552CB29679D41,getxhashtype
05E5C2F3162463E6,joinfromlobbycode
06095E5CAB75A066,RequestMemoryLeakCheck
0610F2A3022C3BBF,SetSuspendAsyncRender
067BF92AC791CB0D,getelementtextdims
068B6D6128AFE628,trygetlocalizedconfigstring
068DAC7F93A7AC2C,exchangecurrencyforinstancequantity
06991337AE950F99,GetMilliseconds
06C36BA788FE3BB6,AreSquadsSet
06DA8A40563B2BF3,isfetchingbracket
071B1FC98BB22C52,getpendingacceptlist
073BA4B980F071BC,SetUsingMLGRules
0750BED1C6AF4864,SetMaxPartySize
07A1CC1E390AFCD8,getbookmarks
07A334F43E09786F,FormatTimeTwoMostSignificant
07AB21BB98141766,UsePartialVariant
07AC1CFA9DB8F621,ResumeVideo
07D3158A9539A355,MarkLocalized
07E86050E6607699,isintournament
07EBD783D0F4AC7E,ffotdisreloadpending
07F51CE179FAE433,setupscreencenterfadeelement
07F97E299A56B829,computecolumnleftfromright
07F9E7147F790D6A,getplaylistmapnamelist
084287BE93239E99,IsTouchEnabled
0846A5CB122347E6,canpreload
084C1FFE5DAF816A,is3dtransform
0856C13E8512DAD0,removehudoutline
085F816CFA3FE42B,IsClientIdInMyTeam
086D445B156291BD,bindelementtoptomodel
08859601263DC70B,PreCacheGlyphs
088FBC854CDE6C22,IsLanguageAvailable
08B73907B55C4D71,io
08BB57B3009FCC19,getlocalizedconfigstringindex
08CEE533922762B2,updateintvalue
08CF5A323493AFE2,IsShowingOnlineUpsell
08F9601B471AC8EA,IntToRGB
09028CCF8DB70BE8,getrequestedcachesize
09258F49F515F97B,IsMultiplayer
0926B1DECE2B6039,IsPCMSStore
093926BD86EEA5D6,setupobjectivedistance
0942CAF21523119F,resetdynamicimages
094655C9EC65614D,setchildmargin
0953A4ED6C5D4CE2,setcount
09AB164AE0958B90,profileaddannotation
09C45AFEB18831B9,shouldunloadregisteredtype
09C74198340923D0,equipcommontolocation
09CABD01A9081B39,haspendingactions
09D65588E886D72F,getanimationlength
09EAD9E04943558D,touchxmodel
0A0024CF802ED68B,SetTextScramblerLetterChangePerSec
0A1964D04E992249,IsUserInDWBlockList
0A2ADB3630B560FD,GetRawClanTag
0A2E677420D8A359,playweaponvfx
0A578EE99F338C0C,patchgetstate
0A61DC962A61C85F,getseasonnumber
0A6309027523469F,getcharacterloaded
0A9680092615A8F8,AreMultiTeamsSet
0A988866C889EAAD,isinitialized
0A9AFC4E601A350B,UseBattleNetAuth
0AAA6F8A71A1B8E3,GetContentProgress
0AC235533DCCF5E5,getplayernamewithhash
0AC4002A1EC7985A,GetUniqueStreamedImagesForWidget
0AC493D028CF27F9,getscriptablepartstateinoperable
0AEA965342097A06,sendweaponbuildnotification
0AF1BEB748AF88F5,ischallengecodesent
0AFEFFD70F4CEF3C,instanceinuse
0B1392A22642D500,getgamemodesincategory
0B1674E26D844B36,fetchdocument
0B301014BB7BA032,getweaponclassname
0B5B0E5715EBA518,setpeaknits
0B6F43E98C3E891A,getleaderboardinfo
0B7D304F1F31158E,isowned
0B7D5929894C0702,getpartyleaderxuid
0B8D4748BE2047A5,setcharacterfadeenabled
0BA2F4107D35748C,locationselectionsetcursortoplayerpos
0BA3D5F4206FB752,GetDvarType
0BA84F92B6D4F69B,blockplayer
0BA8E96F5598F0C2,purchase
0BDA9FD2B4D9C776,ShowEmptyStoreDialog
0BE636A91711ED30,hasweaponviewmodels
0BE78E921B4A50A4,getstreamreplacementmaterial
0C2B21B6E7D0D061,getnotifications
0C37E66052207FED,getgametypenamekey
0C3CF15E8343FCBA,GetBaseWeapon
0C3DFE9D3355C27A,emergencystop
0C436AD5B92B0408,CanResumeGame
0C4748ED17D18E58,setrankedplaycrossplaysetting
0C4A7AA21B8691E0,gettimeoflastsavegame
0C7F245AF6AFEF85,settriangleverts
0CBB6EBCF8D8D4AB,getweaponwidgetusesscopestencil
0CC15E38125CE143,TelemetryMenuChange
0CE141FB6CDD210E,receivepostfxlite
0CF9713DC521BD7B,craftrecipe
0D2813B521711C11,IsUserSignedIn
0D4241445553170B,IsAnyRegulationActive
0D508EAEEA2143CC,sethudelemlayer
0D5F5C76D9442FFE,canallpartymembersplaysubscriptionrequiredcontent
0D7A41EFC28829D0,getcurrentseasontimeremaining
0D84CAEED33E4AFD,fencespinnergetsuccessshowpopup
0DA7A89CE2B1A2CA,HasOnlineServiceSubscription
0DB367F0BBBFBABA,IsUsingPS4Controller
0DD9D856EA1C159E,IsDemoBuild
0E3A2470FE6E2009,clearbreakonunsubscribe
0E9FA7E88CF60C5E,popgamemodetransition
0ED932BCC517D9AD,setradialwipesegments
0EE4C4999D9AE61E,getfpsku
0EEE54527E692952,GetBorderImageFromKeybind
0EF515D80AB709C6,quitprivatematch
0F0650F8FD1D2846,getoptimizedattachments
0F12D358EAC809C3,applyelementtransform
0F136FF2C086B760,reset
0F14DF07FE0351E4,setshadowspread
0F2037D31058DE0F,getsettingmenudocument
0F3B83490CC7ECFC,GetVoteMapName
0F416BE39A1048FC,getwhisperablefriendsnames
0F8A915F18D9B684,SteamApp_ModifyInstall
0F936E6F483F918C,setdatatocachedslot
0FBD66BDF0032C5C,getlocalclientactivitypartyreadyupstatus
0FCA3CE28D525623,setchatframebase
0FCE51EA6B7B00CC,getcurrency
0FEBA2FF4719F261,setlastgamemodeplayed
0FFF8EE75E53C26C,DoesProfileDataExist
1010B1D77733E53E,getplayercustomemblemequipped
1039625B9CDE5A38,GetMapInfoFromSaveGame
10B276D6CE95876C,oneventsubscribed
10C4D9724E2D3D85,trycastjsonstringtoluatable
10E0396649C34C41,giveplayerxp
10EE58FA8F81E28A,populateplaylistdatamodel
111EE5B64E812B4D,getwhatshotdata
111FE888218BBC47,getmaxfontsize
112586A3F4FB490E,InFrontend
112FE027CBF76CC2,getlobbyidlow
1133774135B55E5D,setdeferredupdate
1163F534CD3FEB9B,getclientxuidstring
116CCDADB10695F6,setusegameclock
11736ACF85D0624E,issocialparty
117C889BDEF27EED,IsFrontEndLevelInitialized
11A6542E4E8C4988,AreLUIFastfilesStillLoading
11C7606890EDFC6C,AreThereMorePagesInTheater
11DCFAFA7CE6F8D0,IsPS4
11DCFBFA7CE6FA83,IsPS5
121D7F0F0EB95BE7,GetPartyReadyUpStatus
12488F105C00BC65,ResumeRequiresRestart
125073191DAF5431,log
12718F08EFB3317D,getindex
1283B38F2501D924,IsEntitySystemAllocated
12B20A948093E1AE,setrenderchildrenfirst
12BC417665B4B063,GetGenericBlueprintBundle
12C8BA979AEB4C3F,ResetKey
12DA1310FDE7ECE7,setupfpscounter
12DCF0973239E909,tablelookup
1300607805173BCA,queueweaponfade
133DCC7BEC7FBEE2,GetWipeXSegments
13403D319FF13E03,isempjammed
136AB2DFB2B49960,SetGlitchDistortRangeV
136AB5DFB2B49E79,setglitchdistortrangeu
1376B8609BE6B44C,isdmzposttutorial
137EFCE2CE92B99E,equipattachment
13A3DF9730039DB2,arematchrulesdefaultfromff
13C155AE6E11CE79,setweaponrotationorientation
13C8ED62F6A108BA,StopLoopSound
13D8BD2B211DB6CC,isunlocked
1426FE9878D3C9D7,getcalloutmarkerpingdata
142A4688C4279992,setzoomlevel
1437737D4E717BDA,getmycurrentround
144F8B017E63795B,getshowcaseprofile
145B054C920178E9,GetFirstActiveController
1461AC44AC0C5BA3,gethitmarkersizescale
147397F97D556255,InterpolateWithEasing
147C4D90C7EE068E,mldsupported
148B9F3A8FB58EE6,setproximityvoice
149CB6954A850E28,setignorekeybindbacking
149FC972008AE526,gettime
14AE16C22A6D5447,setwordwrap
14B427EE6A5E496E,getplayerassists
14BC0AD585252E01,requestclosebigview
14C66CB12A07DEB6,isfeatureenabled
14CB15A94380FAF3,IsSocialCreationBanned
14F101A5D730C0AE,FadeMusic
14F7A85359EDAAE9,areallplayersmuted
150FF9B9DD4FAAB2,GetBrPlayerNameplateColorForClientNum
151083284BB3FEBD,islooping
154C27920186E4DC,GetScriptableInstanceIndexForScriptableEntity
155319D7EF10256B,GetVoiceLevel
1569F3C409C4E3CD,SetPresenceContext
157B6E1E5A4399DF,getrowboundaries
157D84D0DCD618C0,ProfileBeginEventHighlyVerbose
1584CF048736A956,GetCurrentCMSLootCardPosition
1592C78C817CDFBD,issystemenabled
15CA10828A04B69F,setupmaskinverted
15F08AE99089E550,ismemberbot
15F0B573188CF9F3,getanchorsandposition
15F3C682B2C881E9,getgametypestatsinfos
15F560D51BFEECB7,HasAcceptedInvite
15F84BCD38F63878,GetIsFileHotload
161DBBEA242392B5,removeelementinc
165CBD83E503065E,getplayerbannedtype
1683BE5DBD3C0EA3,setxrotation
16893E8D5F9CA3BB,getscopesecondaryreticlewidget
169703F35FE390E2,hasskinoverrideattachmentblueprint
16ABB2B45CD3BFC6,setignoretextmeasurement
16B89459E3972855,getscenariogroupfromgamemode
171885CB138EC3B4,getstreamedimagenametable
171A38079E2B75BD,gettotalvideomemory
172C14FF29AA5978,setautoselectallonactive
1731730114477C1D,getgunnyarchetypebundle
178C309997EF4FFE,unblockplayer
1793FB272C3B5EC2,ShowGamerCard
17CDECC3C164DB74,getplaylistrotatingplaylists
17E0BC8E72581301,SetWeaponIsWristwatch
17EC5704DEF167A3,findattachmentwithcategory
17FB70FB58645EE8,ProfileEndEventHighlyVerbose
183210A73A021F44,getplayeremblemindex
183E936A5859D9BC,setalignment
1849A5C764CA5100,getinstanceforlootid
185C66FCBC1F4FC9,setfocusediteminc
186F655442A34541,setflagshaderintensity
187D596564FC81B0,GetTonemappingSceneExposure
1899C1318A5E4150,getprevioustiercompletionlist
18A6675311F04862,setwipeyfeather
18BD27427E818002,setisusingtabletmode
18D1634182CA3091,restartcaching
18D3CE11B46608BE,getplaylistobjectivepicker
18D547CFAAA854EF,pushperformancedatatoluimodel
18EB9F564B235585,MPIsServerPauseAllowed
18EC1B038804267E,getaccountemail
18F30F5380425543,IsControllerMissing
18FCC97344571DC0,ZMSaveResumeGame
191761D680BA768E,GetUIMemberIndexForClientID
1918CFC897096203,AreWePrivateMatchHost
19318FB2AB094E92,anticheatisfeaturebanned
193258999F89095E,writeallfilecontent
193406D9932D0CB5,getlockstate
19409638D738C837,setupblur
194EE7EC45FC0165,canrunwizard
1957AB0D5E18D195,setwidgetfocusable
19694388D6DAC134,SetProfileData
1991BE29CCC97575,getpublicleaderboardinfo
19AA277F2546D395,getrank
19B57064BE2849FB,isboolset
19C8C5221A00B7FD,hasmultiloginerror
19DD5167C6D720F1,IsSteamGame
19E9ADE00881E75D,IsLocalServerPaused
19EEC76BD7DE3B55,BindKey
19F0E9247C145452,FormatTimeSmall
19F8D709B5B7AF5A,settargetrow
1A0C0072D810BF12,SendSocialPartyInvites
1A0F090AEEC9C553,SetLuiInUse
1A28354DD97A4BB3,getmapinfobundle
1A5B34F0A4188429,setcharactercustomattachmentsvisible
1A680A9DEFDE4269,isbanned
1A7A33F9213AEF00,setuseweaponoffsetanim
1ACB3E17C4B634CC,isuserwhisperable
1AE8C2383FC111F0,setborderthicknessleft
1B12502BBAEBCB06,SetDvarXHash
1B2A5EDBBA5F4574,setcasestyleinc
1B46EC7C57040B32,hostunreadyuplobby
1B47EFEF093F744D,IsFastFileGameWorkComplete
1B4921C7A338016A,entityhastag
1B6232AE038EC074,getluistageheight
1B7EADAEB435EF76,mousewheelwebview
1B8382FC9221557E,widgettypeschanged
1BA3796F14F22EED,addtheaterfilefilter
1BC7367D2BE7519D,SetupWorldScalingElement
1BD43A3F45806AF0,isentitlementondisk
1BE5345D3926D620,IsNetworkConnected
1C00366D65DAD0D7,getprocessingmode
1C07AF594FD42ACB,IsLookingForParty
1C129D333A324D0D,cleanupfrontendcameramover
1C23EAD1DF03A25B,getplayerrespawntoken
1C3B7925CCAC9430,GetTagWorldPositionAndAxis
1C4146BA76D0F982,PlaySound
1C4A2D1E3A874211,iscategorybr
1C4D90730F0521DF,setblurtint
1C57EF6A3E4959D7,GetKeyBindAction
1C63C3E32B20C5B6,SetLootContainerInUse
1C6C271E3AA41E45,iscategorylp
1C936FEA4A19E82A,removefriendfromfavorites
1CA6F4A86746E046,setpixelgridgutterwidth
1CABBCAF384FFADA,FindInstalledLanguage
1CC14B9F473ACD6A,getproximityvoice
1CE7845EC09BA110,amireadytostart
1CEA1A3A525F2C91,GetWhisperIdByXuid
1CF2B933DFD7DC3A,AddReferenceToLUAAsset
1D1B84B30BFD2812,isattachmentblockedbyequippedattachments
1D1C271BEBA20F99,gettagisvisible
1D1D819EBCB8F4B4,getspsharedprogression
1D24EDE854B53ECB,leaderboardsfetch
1D284B3F47D03CF5,subscribetomodeltimecriticalinc
1D3D63343F0669EF,setignoreparentalpha
1D426F12A4812F76,AreNetConstStringsLoaded
1D52EDA08B43D341,GetFormattedDate
1D779F75D13D5A17,getlastchild
1D95325413482FCA,setfont
1DDB3696B371147F,clearweapontuning
1DEE6107B26F8BB6,Quit
1DF35FEB72BE456C,setcontainerbackingusageflag
1DFC85C1A9016671,getactivecodcasterbundle
1E039B081A1DD47E,getentityscreenpos
1E32A9D970AAB3C4,isinmyparty
1E37841FB48B1D4B,savecacheddatatoslot
1E3C0315431C37EE,IsArachnophobiaModeEnabled
1E3CB005036E0C0F,SetDvarString
1E40F2FFB7028B4F,isonepartyplaylist
1E5EDF6BA2C8E60B,requestopenfullscreenmotd
1E83590F061D2B32,revokefriendrequestcrossplay
1EB0606D5D898BA6,IsPremiumPlayerReady
1EC280136F517C37,getblockedplayersallplatform
1ED96C0C3D07A43F,setanchorsandposition
1EFA1738E096A743,setangles
1F096094E06F389D,getscopeprimaryscale
1F154DA604DF9318,setfirstlinepaddingsecondary
1F639A740B04C24F,getperkbundle
1F654B878402C65C,ClearSaveDataErrors
1F685B8C874E9BC5,GetCompassDataBundle
1FB2E8086315FA89,GetHUDMotionLinkageData
1FB303E5245B1FE2,setcharacteroperatordata
1FD4E49A34DD43AE,tablegetrowcount
1FF73F28B5AA8062,getcontentsizemb
1FF740C822FBFD72,FadeSound
200B04798254A929,CreateServersDataModels
201C6C7F044453B4,perkisrestricted
2023F1D3C77CE5C6,SetButtonsConfig
20488A9735492C47,setupanchoredtoroot
20568464C0DB1A05,GetTeamColorByClientNum
20653B4DAFFFFAD6,setuphudbounds
206D40D4B612675C,SetClipboardText
207C6C5BC05DE567,unequipattachment
208D5A452EFF41EF,IsPlayAgainAllowed
2092B8CF8FA5B2B9,getlobbychannelid
209666CDD15D0259,SetFrequencyPeaksShaderEnabled
20B7429AE3394F70,riterchildren
20BD05EB7497F8A6,setpixelgridblockwidth
20F4AC197659FF26,StopVFXOnTagForModel
2150089DDBABBED1,removefriendcrossplay
2155409B2508ADE4,applycharacteranimyawrotation
216E9C5DBB19787B,HDRLuminanceFromSDK
21831C98FCB3ACF5,geteventinfo
21A6807050CDC439,SetViewModelDepthHackShaderEnabled
21A7135C278E324D,IsCrosslaunchExePreloadSupported
21AE51B8C2493C18,ignorefriendrequest
21B0DC338850FFF0,setoffset
21CB294161DD291B,islocaluser
21D6AF8DD4196916,IsInIGRPaidSession
21DD595D69C2A500,openwebview
22005FCC30A54C1A,receivepostfx
220A6B4F19183312,watercausticsenabled
2220583228635E02,getentityfilter
22361AC894B1387C,getconsenttypes
2250B0A331992E67,AddToEpochTime
2250C6F9C3B017CD,setspawndistance
22510C52BEA0336E,getgametypebundlefromnamekeyandgamemodekey
2276DEDC400AC139,getgamemodescriptbundle
22A70C2DFF5C54AA,setradialwipeseparatorwidth
22B0C7693317A78B,issuccessful
22B9D6D3AEDE7121,setupaarminimap
22BA80CDF41E822F,DLog_RecordErrorEvent
22BFE9D419F0CAF8,setprimaryspacing
22C7FF57DEE7DBD2,haspartymemberqueued
22F839BD6AC5F556,decodeattachmentindexes
22FE90B32D01CB39,shouldshowwarning
233A25AA87258C09,HaveTOTPProofToken
233B0E2B30E00445,getblendmode
2340ADC76F008280,setmodel
2358064E64666C7A,setopticattachoffset
235A8277E8C99285,enumerateweaponattachments
235E6A0A3F851E1E,resettheaterfilefilters
23632A9AD4B00A04,isrendered
236AB0696A5A0F3E,IsDoingSPHotLoad
238E947673954991,resetweaponlights
23C39575F5C944C2,getspriteindex
23C3B6822A98A4BC,GetBoundKey
23D9901E3125EC07,getpartyfromxuid
23DA7109BEAE1916,setfadeenabled
23E491122BA1A321,isinterrupted
23E7ABF80FD29801,refreshcontent
24018840B6EAAC61,GetUnitScale
2402E4C91B9A0535,GetAttachmentsByAttachmentBaseName
24132DC2470FA222,setparallaxmotionamount
241A9B86625ABCCC,setdepth
241D594D19EB772D,setspprogressiondirty
24232457A586BCEB,kickplayerswithcrossplaydisabled
2435EC28862D06B3,setuptechydigits
2436B163C1AFB9B1,gethorizontalcontentsize
245258A710ADDE0D,GetAttachmentSlotIndexFromName
245F1947BD070335,IsRemappedLanguage
2462D4F34CACD3F0,getlooteddata
247B29309188A608,bindvectorproperty
2487AAE3D2D6E4C2,gettagvalue
24929608AF0C2C5C,IsAndroid
24AF59B16F595521,dlssdsupported
251C2F237F97D2AB,AddInteractWeaponRenderIcon
2520CA5BC526E906,setpixelgridenabled
253AE2E7D2980AF9,getreticleimagename
254084D7CA2317BB,GetDvarString
255C73E11DE1B6D5,getcurrentframe
255D09A22EE82BAF,telescopepurchasecallback
259B77D6F41ED417,setweaponvisible
25A686216F37AD0C,SetMenuHistoryTimestampsKVP
25AE97B58D7132F3,GetClientPlatform
25B2062B2654ECD8,getscenariogroupinstallprogress
25B211B1C9757589,setfriendssearchstring
25B441429063A89F,getsecurebootstate
25B95437851C0FD2,IsActiveVoicePartyConnectionStable
25D8887C552559FD,setuseperspectiveprojection
25DB05DD2E1E27DD,VirtualKeyboardIsOpen
25EF7DD16D13D628,GetKoreaIGRXPBonusRate
261A9142CFE440B6,getserialid
26534EFD0F9DBBBE,settracking
266C6B75030ED005,ResetProfileData
266C9BEF44213ED3,completechallenge
2678CF2614407094,getunlockfeeditemasset
26924A34C1CE6831,isvisible
26A2F7AA12BD6B82,SetPerspectiveProjection
26B2BA06399473A5,setcharacterheldweapon
26BA5B416046DE10,issoftwareeulaaccepted
26D28F1650622818,getrootmodel
26DDD93714E8E7D2,isscriptbundle
26E7F65FEC0499D2,acceptinvitation
2709213536E7C42A,IsWaitingForTransientFiles
271C3B4DA16DAF1A,settop
27668EB1A3FE3FB4,requesthandviewmodels
27BBA2B618DE9594,getmodelassettype
27CF8F1B1B5C1E52,isinfocus
27F7087B2C416974,getnextsibling
28209508EF15F898,ConsumeAutolaunchMetadata
283EEB60522A30A9,SetClanTagType
2841BBC596D72207,iter
2845FA1B2EDA35AB,removeindexboundsmodel
2847B1DCA95D2EB7,getunlockdata
2849F0F5AF45844B,setshowpassword
2867D1735F8806DA,LuiLockInput
286BC1C346C7D24F,setupinteractivemapobject
28964DAFDB90AE61,deinittheater
28C9A15881DA3E4A,resolvexuidtoplatformidasync
28CA366CC63E8112,geteventcurrentsprintinfo
28CC3ADE1CCB75D4,setfiltered
28E142E7A380A004,isdataready
28ECBE06940A0CDF,SetLoadScreen
28EF829571EEB582,SetTargetElementIndex
28F1182BFED83335,SetFadeEffectValue
28F64644D5181184,getitemrefhashfromid
28FD694F59816FCB,webviewupdateinputtype
290D8BE4B7A451EA,GetFavoriteSettings
295084B8BD3845FB,getspprogression
295CC7ECE85C264F,isscenariogroupowned
296E1AD6C0C05BA1,isvalid
29AE3D294DEFA52E,HostUnReadyUpParty
29F6AFF024A0D641,getchallengesdata
2A04A6632DD06002,IsAloneInPrivateParty
2A12F0C416F9C83F,updatefilters
2A390535AB370683,oneventunsubscribed
2A5829493A23E7BF,getfrontendplayerstate
2A702108A29ECD3C,IsSubExec
2A7169C758C02A72,isusingobjectivebackgroundtype
2A88A273D4896310,lowlatencyavailable
2AB49E1B2150A83B,getcharacterentitynum
2AC0DEBB9FD53ED1,setglitchheightmax
2ADBD0BB9FEBEEBF,setglitchheightmin
2B02A448C4130634,SetSticksConfig
2B26C0E24CBE899E,tilediconssetcolumncount
2B63308D00984B0A,IsVideoPlaying
2B7B798D7823E1DE,GetModeFastfileLoadStatus
2B9A6DBB648E5D86,fetchleaderboarddata
2BA97982E6872914,getserverdata
2BB7128EDE524DB8,SanitizeUTF8String
2BCAF1B3C0C58AB5,getlastgamemodeplayed
2BD7B960877CF84D,ReportFirstMainMenuOpen
2C03D2E893CA114A,GetWeaponDefaultAttachments
2C1871BE75FC8A2D,IsMapPackOwned
2C2361C19F177DD1,setuseellipses
2C2BA038EDFA231C,openandplay
2C37FA7CEB5CDEDA,GetSocialPartyChannelId
2C6CF6514F4ACB1F,requestclientmodels
2C70896F97C4D9FB,getactivegametypebundle
2C8B174B6BF663C4,IsScenarioGroupInstalled
2C9469F75A7FFE74,RetrySaveData
2CA5E56F119FE828,getpresencefieldsbyplatformid
2CAF539B87586E62,setupscopereticleparallaxer
2CC3B4D2BDF325DD,updateidealfontsize
2CC4C1FA4EB832F9,readconfiguration
2CCAD58C98259993,getfovtruevalue
2CD0510EC63A89E4,getreticlescalewithfov
2CDB257C4CB44485,isusingstatemodel
2CE25840730DD633,ocdsrequest
2CFAD818D3ECCC11,seek
2CFDBBE8A0BF38CB,gettotalduration
2D01F629B9721CCC,enumerateweaponattachmentsbycategory
2D0DA34BB1A9F155,playfromstart
2D0F85DBFF1CD57F,prokillstreakisrestricted
2D1C5216C8300A98,CastTableToJSONString
2D38A06F227CF0D0,cleardcache
2D3946E1B3E34A42,GetAttachmentBlueprints
2D410359CB7ADB57,setimageshadowxoffset
2D5FBCD699F0BDAD,setpartyprivacysetting
2D93AFC74CFE7CE0,getplaylistgametypes
2D9D942A844CAF0A,stealthpipanimationcomplete
2DF85ACB886DD030,beginmappreloadcooldown
2E0A8D70E22B3AA9,getmainprofileclantag
2E0E95B42C916D04,setexpandspacingtofill
2E0EAA90292520A6,getutc_milliseconds
2E2A204E2E918814,getachievementdescription
2E48A3F238CFB38F,forceinvalidatelayout
2E826BFCAE818EF0,requesttokensuserstate
2EA43B74913590D5,GetUnpackagedTuningData
2EAE72DC8EC2D5E5,setfocus
2EC3CA2DA235842F,TelescopeCheckAEEventIsAllowed
2EC59CDB81841E51,getequippedcharm
2ECEE048BFFCC94E,getscoreforbracket
2ED38B3924094B32,setanimmovespeed
2EDCFC612B39E0C0,GetDvarFloat
2EFDA03855696F2D,joinplayagain
2F366BE131021B80,invalidatecodaccounteula
2F3A3FB5E1F99D5F,setglitchwidthrange
2F3D71C800542A78,GetBytesFree
2F54A5C4B5BE3C84,IsReplayActive
2F5B588681CA7097,setmeasurerowfunction
2F5BF9EE73D5981D,isweaponvisible
2F93284D0B910F0B,settopanchor
2FA7FC0C69237EEB,getlootiteminfofromid
2FA8FAA54358924D,BitwiseOr
2FB5740BE0D2F63A,shouldshowmatchtomatch
2FC3688125B04639,SetBreakpointEnabled
2FC8772165CF6543,IsGamepadEnterButtonNA
2FD119E1FCF54E1E,encodeattachmentindexes
2FD5CC176E60A5A9,CancelConnecting
2FEFB92B3E76F44F,doeschathaveunreadmessages
301475A2E929D65E,inheritusageflags
302553ADACEC3D1C,GetCurrentRegion
3027BD0B76227318,RecordDebugTraceEvent
30335D4F87D19645,bindelementcolortomodel
3035FA981FB80168,getpartyhostname
304349407C95B0B3,getobjectives
3045B820F60CEED2,getmemorystatus
307C0AC05D66D908,ispretonemap
3083C9B5DE1D9371,SetModelValue
3084394E7557B9E8,UpdateLeaderboardCaching
309C2B596B917035,getminimumsceneresolution
30B6596379D30FBD,setmeatshieldvoice
30BE6B0091266CB2,forcelefttorighttextdirection
30DCF952174BF7E8,SetEmoteMenuInUse
30E0056F7D3ED0C1,setupnavbarhud
30E6BEE0C428263C,ispositionvisible
30EB06988185CD96,setupstyledtext
3112EC9AA29AB642,complete
312670939CC49EC5,settextscrambleractive
3144EE1015A45324,FormatTimeHoursMinutesSeconds
316C605DC5CE4FF7,markcomplete
31A53A9BCB0CA916,HDRColorToInt
31C2029E1F856758,findplayerswithgamertag
31E43099B68EAF5F,ispcstoragehdd
31E967DF3D91BB48,setupscoreboardrow
31EEE6570EF4BB8B,getchallengeprogress
31FB9A456B71A40E,SetupElementFromLuaFileAsset
320059E0829C593E,FilterStringList
32165A8104C064EE,ParseJson
32299C26B650019B,FFOTDIsFSCKInProgress
3247F370BBA53900,getframeinfo
328286088665DC49,getbrplayercolorforclientnum
32896F8345ED4C25,setgridchilddynamicsize
32A8ED13D20D5BC2,setuptargetmarkerdistance
32C1CC3D1CAC7FCD,HCompSetEnabled
32C9BE694DEC1A28,giveotppassword
32CB0B26C46C75BA,assertoneventhandlerstringkey
32E523961B539071,DidUserRecentlyExit
32E8D5ED8EE710E5,SetTextTypewriterActive
32F1BE26DE878DAF,IsInSinglePlayerExecutable
330320A997DD568D,GetSwapMeatShieldExecutionInputs
3317E206F0DE5DA1,HasPerformanceCaptureReadyToExport
332816C836550C3F,GetWeaponExtraAttachments
3344386D3F0A6741,setreceiveactivityinvites
33514145D23FEABB,GetActivePremiumProject
336238E803B1B908,resetmapinitialized
338B2C9AB0566EC5,getactivemapinfobundle
33ACF6121CD12382,setcontrastvalue
33B8CFB6758EF57C,GetCurrentEpochTime
33BFDA647C1A763B,getactivesector
33C7F5892BE16333,setfontsize
33E85F934BFBF6B4,getplayeridentity
33EC205F783BC33E,IsTeamAssignmentEnabled
33F6B8A37B04311C,IsClientIdInMySquad
34226E6C6A70C253,getnumberofachievements
3445FC6878E229C0,isonwirelessconnection
345DA58B723938A8,settextinc
345ED06B7A34D868,combatrecordfetch
3491EC2972496F14,setobjectivepulsateforscriptindex
3494D3DB3C6C0459,getclosestfromcoordinates
34BD2BE4008102DC,FFOTDGetFSCKProgress
34CC970C8680F0DD,setignorestretchingchildren
34D2026425FDD747,ResetFontsPrecache
34E5E0164DB5269B,giveachievement
35172E0E72A6EFEB,setuplayoutupdateevent
35287B4B16655328,getonlinefriendscount
3558E88FD7072266,acceptfriendrequest
35647FC2A69F00D3,setoffsetxy
35648756DE446DEF,setasnew
3565048F9E3C3A64,getscopereticlename
3570FEC8A2459FC8,requestanims
358EF4D7B6530DF4,getrequestedcachesizefromindex
35931E94B6194B6A,setmaxvisiblerows
359413A2510E01E8,getprogress
35A907D1FAC34E02,precheckrecipients
35C1ACCC1C179BF9,getwidth
35CB3BABCC171CB9,queuecharacterfade
35D6B4D96E5FEC8A,setrowspacing
3602F7C08CC63A06,stopcharacterfade
360491E95F84A04A,HasValidLoginRewardSchedule
361B783819FDF53E,getlastmetinfostring
362A272E86602873,setglitchdistortrangeumin
3636BC8C3AA71FAE,GetWeaponSetupInitialized
36453D2E8677158D,setglitchdistortrangeumax
365FDBDF098854C3,DoWeHaveStatsForActiveSource
3664632A23E3A308,getloadscreenimageoverride
367C1198992E2A96,gcrestart
369D1CDDC9F7F04C,GetLoadScreenFavoritesTable
36A2406C0A723BC7,fencespinnergetfailureaction
36B5F543A80141CF,SetMinimapStyle
36BC16B81FAF5B5D,MultimaskAddMask
36C39BCC78B30C70,SetAxisOffsetRatio
36E74913108E39AC,ActivateWorldEvent
370425ED2A698209,getcurrentuielementcount
37192908F4764ED3,getlocalclientnum
372201E641960CA1,getspawnangle
374CAD26749A8415,ClearLastErrorCode
3751E006C61CC881,setradialwipeendpercent
377153CA7EB211DF,tableexists
377729DF8A5BE9C7,removecharactercustomattachments
3799EA343767F198,getcurrentuimemoryusage
37A58683455127E7,getteamsize
37ACFA0A74231744,getlootitemidfromrefhash
37AF6899E5C7024B,EnableFrameTelemetryUpdate
37F4312C70B4D5E4,setmousecursor
3816A05BA845058F,freemodelpath
3822205FC83FA652,TeamGetEnemyTeams
3836C8AD984F14F6,IsSony
384D46E7AB989D3A,playcharacterloadvfx
3887C83DA2B76FF6,setisplayer
3887F2F7D3EA0512,hasownershipstatusfencetimedout
388BABBAF79317FE,GetXHashFromUint64Str
389F6C2CA1AC0424,GetWZLegacyMissionColor
38C7A8C4C5FD9892,UnsubscribeAndFreeModel
38CA8B3D57836F57,getparent
392618D56055975C,isvehiclecentercameraavailable
392F43BF30C3CE86,istiercomplete
394149C732C1C56C,ispending
39500B4A7FCB46AA,IsHFRAvailable
3955E4F43C939FE4,setemoteloadall
395B7BA32EDD7DA4,debugpresencecompare
39645C1FA17D5136,ffotdisdownloadinprogress
3976050AED2BE7DB,converttablekeystoxhash
3981CA68BE8CDFA4,markasrelayoutafterchildren
39B2306E8EEA3E46,statsresetgetstate
39B487A789846F47,iscategoryfeatured
39C7297E8F4244D3,SetScaleOutlineIndependentOfFont
39D220239D96DFA7,isusinggamemodemodel
39E4A5958FFA77E5,setcharacteroffset
39E72B2785EEB1DD,isscriptableentity
39EC1A84FCA9E8EE,unbindmodel
39FA0BA9116E7FED,purchasefpsku
3A0D1E2F95909795,unregisterdynamicimage
3A265A859B7C189E,ShowWebBrowser
3A2A4D65F95534CE,RGBToInt
3A42997024AE917C,setweaponresetdynbones
3A4E12E0FD4D54BD,setscrollonparentfocus
3A4FF5ECAA878E67,getinstancesforlocation
3A67255D8D63B2B0,setimagecolorop
3AC6E2953C857D88,getsoundchannelcountlist
3AD041992EB2AEC9,UsingSplitscreenUpscaling
3AD94A0D85A68D1F,attachvertextoviewmodel
3ADC882994DEE8E5,removefriend
3B37AA36EBA4D75E,getcurrentrgba
3B41705F60F1586B,playcharacterfacialanim
3B52B62C69E297C7,setdecodemaxrandchars
3B7F44D2FF1FF90A,takesnapshot
3B920AECBB04285E,setupgraph
3B97BA4258C1815F,ishandheld
3BADF8A247B8D707,textupdate
3BC571E0B145872E,setshadowsmoothoffset
3BD88E4AB0091920,SPPause
3BE860F121EBBB7D,ResetAllBindings
3BF234B2F9FC3BBB,IsPaused
3BF806DBEDFE8D3C,snoozecurrentsession
3C2152F6200BCBD5,createwhisper
3C29F5E64D83F115,SetSubtitlesEnabled
3C85ABBF9015BA96,IgnoreXB3UserProfileChange
3CA06EB7F47B0717,isrejected
3CA404C71196D651,IsActiveLocalClientPrimary
3CAFE937A69C306F,moveinstance
3CCBD65B6EAA7717,ShouldCrossTitleLaunch
3CFB814FF4C67F87,GetCurrentCoDPlayMode
3D1282F2B0790ABD,setforcekbmpromptdarktheme
3D1D167BD86B7F43,setforcealphachanges
3D51A56DEFC2E497,setspringcoefficient
3D52EFF7BDBE18B0,IsCrosslaunchExePreloadReady
3D632861D367F1BA,setallfocustype
3D72C791D6B88824,bindelementzrotationtomodel
3D78924AD23DE66B,getcategory
3D9394BFC73475C8,getfiltered
3D9702B2F3551096,GetShouldDpadNavigate
3DB98DB152863B07,getplayerviewpos
3DC43A3A22C19232,gethitmarkertype
3DE0B3EA8DDC5A8D,setactive
3DFC505899C5E493,unlinkactivexcam
3E17768EFA825635,updatelocalinstancecooldown
3E4E9B10F0CEFCA9,bootcheckcorruptsavedatadialogclosed
3E5C32A451E78162,getspprogressionforedit
3E633D535BDDC39F,getcrossplaysettingformode
3E8113F449F229C1,setclientmodelattached
3EA0AA436F7361C7,setupradialprogressbar
3EA93FEAE1AA4D9E,getplaylistmapnamelistbyid
3EA9E50FB7440032,GetBattleNetFenceState
3EB16AA97F6BC2DA,bindelementrighttomodel
3EB2A2834B76AEA4,ToUpperCase
3ED56230B1645B55,anticheatfeaturebantimeremainingdisplaystring
3EE2B61FDF378FEB,setradialwipeshaderenabled
3EE6F69FEA944B13,GetLuiRoot
3F015951B9166BEE,setoutlinergbfromtable
3F0AE160F54B6296,setdatasourceinc
3F19094D30AA6DD9,gethascrossplaypermissionsonplatform
3F3F455D989869D7,getstorefront
3F408251C017F8C3,RegisterWeaponStreamHandles
3F53C8F5D09C73F2,GetProfileDataDefaultValue
3F6F051EB8D3C3CB,getfirstchild
3F7ACC4033341B4B,getnumunreadmessagesforchat
3FB66CB9A9EE287D,getcategoryclass
3FB830AA34097253,isleaderboarddataready
3FC084BF31D917C5,GetAttachmentBlueprint
3FF3097B3AA2F227,SetCrosslaunchDataInParty
401FCAC710627207,hasweaponworldmodels
4036E513A592EB58,SkipLanguagesReadyCheck
403D373093DF0564,GetDvarDefaultValue
404099D22064274F,getpagedtext
404C18C5F185F19E,getautoscrollstyle
4051968F9BE4A326,GetAspectRatio
40787B1FF2894875,GetCurrentDayMonthYear
408BE243A4EE8B9A,setupminimizedinteractiveobjects
409542F5B601D8B6,SetMountButtonConfigType
409E487EFEFC3C60,getnextskiptimems
40B382464B37B6DF,isactive
40E0568A4E1A51C1,categorytotal
40E99B53BCC81014,getcharacterpetref
40EDC754A4A3F5FB,IsCASEnabled
40F99E9E71E6873B,pushgamemodetransition
412619E02E991647,setwipexfeather
412F86B676640B82,pixelgridoverlaylayer
413CD2B77EE070BD,purchasecooldownremoval
41401BA7880E07A8,sethorizontalalignmentinc
414BC3312CD7F93C,DeleteOutOfDateContent
415AD304FBEE7E58,linesegmenttocenterdistsq
4170DF85DCE182E7,IsInSignInQueue
41876001488AF246,GetCurrentSubscriptions
419183FDA65E8D5E,GetSoundLengthUpperBoundMS
419B189E00674408,recordwarningevent
41F84F4081B20911,IsZMResumeSlotActive
41FBE489EF1FC8EA,IsUnbound
41FCB9B6DB69BE20,isconnectedtodw
420F70AE94873E0B,MeasureResourceEventStart
4222C03529E12EC9,iscategorypromoted
423742A69D7F5825,getreticlewidgetlocktotag
4243EA4416919E21,GetPrimaryProjectFromID
424C28457BE3BBEC,IsStatusStringEnabledForPopupType
4297AC02833A0654,dumpanimations
42A1B1CCBD9FDC3B,isserverauthority
42B2B37FFE98605A,SetScrollingOverlayRGBFromInt
42B8341CE68021A0,getweaponattachmentakimbodisplayname
42C033E01D8EACDC,setmaxvelocity
42C64C45AD462ACD,getweaponammodata
42FDA14ECB499A34,isautoregistrationenabled
431F7AA5113ABC36,setverticalpadding
4327C4D57F7A13E8,iscontentcreatorcodeexpired
432B85D7596EC708,NotifyServerRestartMission
4335847E6063C326,getpresenceinfo
433E5463F751FA75,gettiercompletionlist
435AC29FC2F93FDB,bindelementlefttomodel
43AC84D5010124B9,GetDownloadCachePercentUsed
43BB743C01674954,getmapname
43C812CD91BB0BB1,settriangleuvs
43D5056D6E5BAA13,SelectBestController
43D90E3D546C932D,sendsystemmessage
43E8FAB37A3A9CC8,migratehost
43F29EF4717AB82E,getmaxvisiblelines
4461530472D41BC0,getomnvarbits
44617265FF8F199A,RGBToHex
45000A139026CA8A,tilediconssetrowcount
4501120B10D6FAB2,SetTargetPixel
450A7FCCB293E903,setmeasurecolumnfunction
45183C95607B8127,getallrequestsreceived
45228A87AEE1CB13,GetNextInternalFocusIndex
454F2E859F96A9DB,GetIsGoreAllowedInRegion
454F4CDCCB251FCC,ZMSaveGetBrowseContext
4556651EAC41256A,getaccountinfo
457CF2DBA21F4E47,setpartysquadautofill
458158428CFFFEF5,getgametype
45925811CEF49FB4,hasparententity
45A049446C78B2A4,GetLocalClientFullGamertag
45AFF5CA0A9FFC57,getchallengesprogressforkind
45BDC238940F5272,GetContentSizeSavedByUninstallMB
4603B6AC5797050A,GetAttachmentSlotIndex
46569B37093CCCB0,isbusy
468DC59C80B93E10,GetContentSizeMBForGroupList
469F6D351FEEEAAB,readallfilecontent
46A484E2525913EC,setwavedotsshaderenabled
46AF379898C13E99,RejoinPreviousLobbyConfirmAccept
46DD7D6982F2558A,hasvaliddatacenter
46E34EAC0192FA9F,tablelookupentirerowbynum
46EFACE4B4D376D8,destroynavbarhud
46F513D9949C9058,SetTacmapCenterToBRSafeCircle
471B4064B78B5687,getsquadchannelid
471E793969EE8E0C,getitemdatasourceatindex
47438D0E5DA8701F,getplayerscoreinfoatrank
47763A6EECCF1310,ReplaySpectateCam
477EAE13BB8BA30A,getmetadata
477F13FD5A4DAC0D,getformattedtimeago
47910B7AB4769618,getweaponrotationcenter
47A78F7C34932D72,getplayergamertag
47B17D94988FD5D0,GetProfileData
47B26C19450767C5,getplayervelocity
47CFCB564CD8A9F3,lowresoverlay
47DFF74C74876FF4,GetDemonwareQueueWaitTimeSecs
47E83EAA4B387E3B,cancel
48036319D4D2EC0B,setnotifyonlayoutinit
48273C659C99F057,anticheatbancheck
48299EE0BC2BB656,SetupUIGrid2
48601D4FFBB8C991,IsUbiConnect
4873BC36A871C090,GetWeaponRarityFromAttachmentCount
4882C95F1B7BE433,statsresetproceed
48A6E3C7D913B968,getheight
48ACC0B086F60778,getcriticalversionparams
48B502ADF19AE85E,assembleinstance
48CB1BDBCDA13444,istextchatbanned
48D0F02DE1743108,SetRecentsSearchString
48D175F4CE7F7F1B,AreRegulationsEnabled
48D190AAB8A1AB10,setanglesoffset
48E6323E8FACDCF2,GetDvarXHash
490DCBB20492D18B,GetPrivatePartyHostName
490F74B95C91262D,setwipexgapsize
492442E55E4429CE,createluielementindexclosure
492B1A21FDD4A8C7,HDRColorToTable
493174077EC8DAE1,gettexteditmodel
494E21EB546CED76,GetMaxMPClients
4984089312AA4BB3,GetWeaponLoadedForValidateStickerSlots
498EA826C7702F39,setpixelgridgutterheight
4992F19B86F2559A,getadapterlist
49A89DC4AD60CA52,hasplayerscompetitivedata
49C3DAA7C502684D,Pause
49DD105B89BD89E7,getgulagplayercount
49DEE15F82E9125B,LuaVMErrorRecovered
49F579429A7D09E7,clearplaylistobjective
4A01A7D6ABBCFD59,sethueshift
4A2ED71B185EA50F,MustShowSplashScreens
4A3B5B8445CD316A,SetTargetCameraOffset
4A715B7EF19E86F7,hascache
4A7B3E3DE7B19B49,assertonsequencestringkey
4A87E3CBACA6DA97,settextbackinguvmaptotextbox
4A95FA71B065FC26,setdefaultfocusflag
4AB57DB91146F919,setusingmatchrulesdata
4ACEDC771B08AE3E,setshowdecimalsattimeinc
4AF7EC673FFF4FE4,GetSignInErrorString
4AF7FB041D72A06E,PostMatchSurveyResponded
4AF90D057177909B,setupdirectionalimage
4B2AA6D5F51C1398,setimage
4B79ED6E6DE0FE55,activitypartyunreadyuplocalclient
4B90A944590AB222,IsGamepadVita
4B91697CDC813928,mousemovewebview
4B92DA1948EDB47D,GetUIData
4BA1C251DD6637A3,TriggerDownloadForSettingImport
4BCAEFEF183BA06E,getactiveprofileindex
4BCC1A5E65C85653,setimagetexture
4BCE643FA6634A4D,GetMMTelemetryCorrelationId
4BDCC63483E4EA69,setbluraffectsoccluded
4BEC93F0711FB82E,stopcinematic
4C09EA25DB5F01FD,SetWipeYSegments
4C0A6CE950D89AD9,setglitchrgb
4C1CAC2EF069C401,isanonymousaccount
4C202D5C819D535E,isprestigemaster
4C284C5BE924805F,getobjectiveicon
4C2AA222E22FE546,GetBestEnemyTeam
4C33B0CFAD6C2617,togglemutewithxuidstring
4C4D35905FDCFF24,savedatatoplayer
4C59D10137604072,IsRegulationOptOut
4C5A43BFEB4400BA,getpartyclientuidatamax
4C66B010144235DC,GetAttachmentBaseTypesBlocked
4C754DBFEB5AD970,getpartyclientuidatamin
4C8C08377A225C76,GetSavedLoadScreen
4C97820F18FF535E,ClearVideoPlayThroughShutdown
4CA3CC7DAFECD5CD,isaccountlinked
4CC0DD40A8FC6CE7,getlootiteminfofromrefhash
4CF89B85DD0C2715,isclosed
4D151EC5B41223B5,IsCoreMode
4D1619221CBAF878,CaptureMouse
4D21F73A1EE603EC,setbottom
4D5601DE155CE6A1,logmemorybreakdown
4D59C714888591F8,IsSaveGameSynced
4D6AD1A0C00C462F,checkstringvalidityandprofanity
4DABAA414ED6AABD,GetActiveStatsSource
4DCC901F5E5ADEC4,setsecondaryspacing
4DCE671F203CA162,SuppressSpikeProfileThisFrame
4DE447B16DB0B202,getplayergamertagwithhash
4DE72545AAEB7144,getsystemsettingdefaultvalue
4E169517FE8724C1,CurrentMapHasSave
4E28C46DFA655228,CrossTitleLaunchOrFirstPartyStore
4E33DA2303BA0B85,EscapeCapturedInUI
4E416FB938D3A9C7,getweaponreloadtime
4E424885F324FF60,sendinvitation
4E4B4D10D03EE257,completedabtestingenrollment
4E5B87EBD95D1F60,isaborted
4E6301EE2DF23490,ffotdforcereboot
4E675432DE6C98F1,gettoastrequirement
4E6D1264B46A9018,setblurminradius
4E73B3F134B1CF1A,getdriverisbelow
4E99AD82C7C07D01,getlocalclientlobbyreadyupstatus
4EA1AB76FEB7D8CB,debugprintlogfileonly
4EA249848147F9EA,IsControllerIndexHostOfAnyParty
4EA5D0BEF269B42A,isinitialfetchcomplete
4ED2D7D226BB20F6,setfadeouttime
4ED35EF30C7EB0F8,IsTutorialCompleted
4EEEB993ECC1588B,setcharacterakimbo
4EF697D21B3DB1FA,setglitchamount
4F0D2A067F3D1D95,GetNextInternalFocusIndexfromindex
4F3355BFE12109A5,advertiseactivityparty
4F35B24EB2370E62,getactivegamemodekeystr
4F360C992FDCA1D0,reloadmatchrules
4F4C372A7711BCC7,GetAttachmentBaseType
4F5437B0376C0F9E,SetCodcasterKeyCatcher
4F8B2F41CC5CF158,LeaveLobby
4F8BDDC639ED8879,setdrawchildreneveniftransparent
4F8EC0B6C58743BB,bindproperty
4FC6A290A59B360C,getmodelrequestlimit
4FDAB26DB03D9C30,GetVoiceOutputDeviceList
4FDBA6A79300AE86,GetTheaterClipSummary
4FED29188110F637,isrewardclaimed
50039B9674771038,GetBinding
5038E62CA056CB06,GetWeaponStowTag
504EDDA68411A01F,sethuesaturation
505A25782AF77351,startsimmatchpreview
5068A32BB24C2372,completedecodeanimation
507C1F469239BB59,inactiveephemeralparty
5096875CEC8FB00B,setendtimeinc
5097DBEFC4F4D42E,createnotification
50B2F8C43DA48808,activatedirtycheck
50BD74BE42E1EF14,setupborder
50D84A64FDA67F44,getlootitemidfromref
50F60A0E651A5741,setupchatbox
50FB9724B13CB2AF,setselectedclientnum
51421D1F440C0C07,getxcompositemodelsubmodels
51873680320B10F5,stopclientmodelfade
518809AE3656D481,isgamemodeowned
51974A8C6DF29AB0,hascustom
51A6EF71FBF87281,getfrontendscenerenderable
51C3622C9015185A,getchallengesprogress
51CD477ED584AFFD,setradialwiperotation
51E9C5205140A6D9,gettransform
51EBA9940863C671,disconnectvoiceparty
51EC336ECA59C7FA,getosname
520154CFCF7E40EE,ScaleSoundPitch
52084D3584384916,giveloot
521699DCC0BE2506,IsLocalPlayAllowed
52653B9FD6F3492F,istierungated
5276715C8F8A5887,doplaylistid
5296B76863FF819A,constructsubscriptionsholder
529DC19B8CA68312,iscategoryfiltered
52C62847F50FE757,gettpmstate
52F07DA0BB38A5C2,userprivileges
52F9E62279719C37,setignoretweenlateness
5339B2CEC761F318,setweaponrelativeoffset
5355D1E2AD047248,setrefreshchildinc
5376F4E0D6E1C901,BulkAddFriendsCrossplay
539B3C8F12C87D9B,dlog_recordevent2
53A41BA8F662F5D0,sethasdefaultfocusflag
53A693685EB5D62D,IsVideoPlayThroughShutdown
53C3B16AFCBD75EA,AreXModelMipsLoaded
53D8A5C2D4ABC6B8,getaccountcountry
53E081A3EE1BE404,leaderboardsgetlastfetchedtable
540E339E8D049695,AddInteractWeaponLootRenderIcon
540E49EC2EAE16CF,Steam_OpenLibrary
5415F61B3A63785D,GetClanTag
54220A0337FEC7E2,CrosslaunchGetCurrentExecutableGameId
54545228C7EF954E,fencespinnerreset
5456B434A25976DF,hasvotepassed
54663DCA071D066A,setworldposeoverridebyent
54A085742F26F5AE,getreticleprimaryaffectedbyemp
54A0B35B087F99B0,GetCustomClanTag
54A581606687FB62,getusestencil
54A7EAF83B277195,leavesocialparty
54AB4C78DA0597FA,setupcalibration
54B91322843588F5,getcurrenttimems
54E72D0B2BC4FD46,GetCompassMapImage
5502F273847E8B58,cancelprivatedsmatch
551182E221AAFFC1,gethasnotifyplayer
551DC277D0DA1E6B,IsExecutiondMeleeInputDisabled
552C975F1CDECD94,GetStickerIDFromRef
5580A4E35F3CB366,computerowtopfrombottom
5597A66D7B8B8CC6,IsemailChangeEligible
559F6F09F8701864,setreactiveassetoverride
55BCDCD99E090509,isconnectedtodemonware
55BFB1E50F61B2EB,setcrossplaysettingformode
55C342D264D1BFB5,getplayername
55DB3CE6FF912C26,setupmaskcornersize
55EB0ACF7315AEE7,getaccessoryweapon
55F231254C79283C,setuselegacystaticshadowoffset
561016770AE2BCA7,IsSearching
561D939732382D6D,isspectating
564923644C242E6E,FormatDuration
56829A6E9399101B,IsDisplayHDRCapable
5685AE31DEDA30A4,SetFrontEndSceneSection
5688D8FAA39ECCE1,IsXB4
5688D9FAA39ECE94,IsXB3
569A6809E4B49B40,ReplayPauseToggle
56A81EEA50510D09,CrosslaunchOtherExeFromMenu
56B56DB33FE93CE3,IsAnnouncerReleased
56BB99D529D486D5,getminfontsize
56CF257D8B88A5C8,UserIsAgeRestricted
56D5B6B00C35082B,getmigrationstatus
56E5135E5D535680,SetMenuIsVisibleStatusForMenu
56ECCE804F929FDA,setinactive
571CB7619929D7BB,getverticalpivot
571D5C215BAE0BFD,InputSwapEnabled
57226E8873E33618,constructviewmodelpropertydef
5737709FE86C12CB,IsClientAllocated
5741C985ADA0608B,IsKeyboardConnected
574AC626E1E37D15,SeekMenuVideo
574EB94A62439E20,cancanceladvertisement
574ECAFEC185957B,isplatformidvalid
57619C627B56D854,setup3slicehorizontalimage
57788D2130417B8C,resolvexuidtousernameasync
577E4C9387EBF70E,IsSystemLinkHost
577F0A240B230F3E,setchatframe
57AECB1B0BE18541,setupplayernameplates
57B64F440B0150AD,RecordEventMenuNavigation
57CCB115AE12831D,getworldposeoverrideenabled
57D60938E24857A6,deletesaveslotfromplayer
57D9801ED6116772,cancellocationselection
57E993D31DB33676,getteamscount
57EB08031CD75ED2,setupstealthmeter
580DB55215A1B793,SetAppearOfflineStatus
58A74AF324842F45,getlastupdatedpreset
58C18965AB80D6FD,GetWeaponFireModes
58E249AF085176E3,GetActiveTouchCount
58F2D7CAFF77E61E,setusestencil
58F4A4013D35826B,GetScenarioGroupFromProjectKeyAndGameModeKey
590CB43344AEDA47,convertrowpixeltoline
59139322CBC0E6B8,issnoozing
593713D766159226,IsUserOnSamePlatformFamily
5938D933E19C1676,getrootddlstate
5940C836918DF556,IsClientIdInMyParty
5949B77B44D4C06D,PlaySavedVideo
59552C7927372192,GetCompassTabletMapImage
595EB5FD2BFA5D2B,SupportsGpadAudioVibration
5966668396414BF3,setradialwipeseparatorsmoothness
5966E06D6932E25C,setupline
596B505B06A80249,isjoiningactive
596D403220CD1736,IsCursorInTacMap
598115E2B7168552,setshadowangle
598B2BFA2A9E8512,SetDvarXHashAsset
5990072D51BDBB9B,getreceivechannelinvites
5991E26AA4FA4EA2,getemotesforclient
59BB4F43114B83DD,__gc
59C5FF2F93669C6F,getxuidfromplatformid
59E1F0C71ABAE404,setimageshadowyoffset
59E95BADA4D54835,opensystemkeyboard
59EB05AC16250995,assertgc
5A02C57F78184779,registermaterial
5A03DFF2FABA0584,PauseVideo
5A17E4107299EEBE,swapinstances
5A1935911F2D3C3C,SetCrossPlayEnabled
5A3A4ADD436F6EB0,setweaponmodel
5A64FB358E8E1446,setmodelattachedorigin
5A773256726C63A9,getbrsquadindexforclientnum
5A8584E4A86C4193,SetStatsContextDirtyForGameMode
5A8765580EF603F0,ReceiveRawInput
5A9B4D7D9D79F6B7,setusecurvedhuddistortion
5A9C5A5803C4836E,deactivateachievement
5AB4B8055FD8CFBD,isvideoplaybackflagset
5ACD9273A85137F7,LightBarSetColor
5AD7012CC3614BE5,getcolumnpixelboundaries
5AD910C4DFDF529B,cancelsignup
5ADA1E7BF1EA6993,setmutestrategy
5ADF35B2AA317BEC,odsfrequest
5AF09409F887BE10,sethorizontalpadding
5B46E6ABBA655E32,GetAllScoreboardRowDataForTeam
5B66CAA419F1D11A,IsChatRestricted
5B81B024D8D6B359,GetWeaponNameCompleteFromWeaponMapHandle
5B830E2ADD394BF4,setyrotation
5BAFB5E38E418F61,tryenablehwmousecursor
5BC2FAA8AF806C59,getweaponclass
5BD792B721ACAC8C,GetBinkFrameRate
5C2CA77BFB593707,GetHwConfigGraphicsPresets
5C3A90504A32DE5D,IsKeyLinked
5C64ABFE83750AD5,getreticlenaturaldistance
5C6A35140B35CF47,isplayermuted
5C738A7A46EDBB34,StopSound
5C9121E2C61EBCFD,setupstackedlayout
5C9A7F1645BCD0D2,exchangeinstancequantityforcurrency
5CB042371E3B593B,setmaxfontsize
5CC7E5D5D752336C,getanglesoffset
5CDA1B5D810FE743,subscribe
5CFB8291DE61580D,getrecentevents
5D010849D7396812,NeedToDeleteSaveData
5D0507DBFC64EB6F,getallcalloutmarkerpingwheeldata
5D1D74F24FA73B20,gettargetmarkergroups
5D1F780AD35BBEC3,getplayerprestige
5D2404AFDD5C8C38,hasmapname
5D289F0846A9E9D4,setuppulsearray
5D2C583780889BDA,reportmenunavigationended
5D37E7E48E3DE50B,setupwavedots
5D4412B18DF53C14,gettimeremainingonban
5D4E606EE1530142,UnpauseUISounds
5D5101B839067F41,SetHasSeenSplashScreen
5D61AA6EB8FAAC51,isdocumentfetchfailed
5D8393908CA3D0DA,setmaterial
5D9123799ABA711E,setdefaultgametype
5DA12B8C85257139,SetColorCustomizationAdvancedColorAtType
5DA60B7F8D2769CD,LeavePrivateParty
5DA6235C2BE874E4,setfriendslist
5DAECC47CD22D7A8,gettargetcolumn
5DC24C7C9DDC7D7E,getoffsetforhitmarker
5DD972ADC4BF43DF,setblurcanocclude
5DDE1DAEF1E62E50,UnbindKey
5DF3968F5C5DA4B3,getlocalclientnumfromcontroller
5DFA30BD24B13F06,HexToRGB
5E14C1A188CCDB1A,GetActiveXCam
5E674CCDC4BF145A,isonline
5E6C5D51FF64674B,setupfogofwar
5E7F7308D27872C9,savechanges
5E80204D543B6483,markallasread
5E81A4F62C27EAA0,wait
5E906BC0B33E47AE,locationselectionoverrideismaster
5E98C5A8F58C0F5C,SetWeaponHideDanglyBits
5E9D78FD5E7578ED,arbitrarilyloadcdlrecipe
5E9E0B78567F7C6B,setanchors
5EA44B05EB533D70,inittheater
5EAABA6D18701AFA,SetChromaticAberrationShaderEnabled
5EB30E3E22F5700D,setfilter
5EBFA8AF05619285,ReloadFFOTD
5EC28DA570824FD1,sethorizontalpivot
5EE27BB761B8D943,IsCodcastingEnabled
5EF75B21292C6F8E,setfixedaspectratioimagenoclip
5F01A8D90431230D,getnumteams
5F0C28F5A455AAF1,GetAllSquadsScoreboardRowData
5F2E16E80167299E,ShouldSkipNoticeScreens
5F47248634BEA927,GetBattlenetCatalogError
5F4FFB7E928B4132,GetWZLootRarityColor
5F692B8D95BDF6D0,canpartyentertournament
5F7CB1A6C167D5F5,getplaylistsubobjectivestring
5F87F8517922013C,isvehiclehandbrakeavailable
5F9A525A1F35313D,GetRelativeOffsetBetweenOriginAndTag
5FB1B6E36ABE59B8,IsConsoleGame
5FCB9B62100DB15D,preventcodekeybinds
5FEF2DB65E53362E,getplayerxp
5FF0769EAAE519CD,gainfocuswebview
6001AC07F4FADB2B,removeallchildren
601FE75140D73A9D,getplayerdatafortacopsmap
60339489768BC9FE,joinserver
605DD69014A9C290,getweaponentitynum
6065D4365B16E06F,getscopereticlewidget
6066CE72259D8F7E,getrowspacing
6070958B874EF38C,isconnectedstorageavailable
60756D55D24F7B53,GetWeaponBlueprints
608073B436CDE1BF,tablelookupgetrownum
610109F1F4AB31B8,iscodaccounteulaaccepted
613F7AE89DFC6E16,getreticleoffsetfromtag
61755FB4029176A5,getattachmentsrequiredforunlock
618B8E5AB5004CAE,requestheadmodels
61A6D0B2E15DF8CF,isusingmatchrulesdata
61BA9B5F4F74766B,setpriority
61CBBAB81DE228F8,setworldposeoverride
61CE94E268E8474D,getweaponattachmentwidgetname
61DA49DB1D423DAA,isobjectivevisible
61DE3CFD6A2DBF24,getlocalrect
61E40DC59FF15A67,setmousedragiconoffsets
61EC9E411C5A5966,SetTextScramblerLetterChangeThreshold
622090BA9DCF62DC,IsClientConnectionActive
622EAAB59AA27E9B,GetDvarInt
6237DB895530A3A2,takescreenshot
624CF1EBD0007ABC,invalidateandrefreshinventory
625EF8689961F9AF,unsubscribefrommodel
626402E7D3B251C6,addindexboundsmodel
628624DEF6F708C8,getomnvar
628D2F8B059903B4,sethuecolorize
62AB3689798DD031,IsUsingPS5Controller
62DC9B2A62F08B6B,GameDVRProhibitScreenshots
62F4BF63B42220D6,intelxefgmultisupported
62F594A595FE5502,setpretonemap
63041F10B109847D,hasnextstreamposition
631144F2C09FF50C,getplayerstateclientnum
6323725545AA370A,canadvertiseparty
632AAA315F93A06A,GetSystemSettingEnumAsString
634DCEF780B7406B,startprivatematch
635C458FFFDEFDF2,seekcinematic
635C60B8C6651C5C,setnotifyonlayoutupdate
636AA9AF29A96AA4,CompleteTutorial
6383DB2FD602DAF6,setupmounthint
638D9AC0641AEF71,hasemptystore
638F75F22DCE7529,setweaponallowdefault
6394A706419DAB43,setfixedaspectratioimage
639E2573CC18BF0C,UpdateCommunityChallengesProgress
63C09B81177ACC2C,IsCrosslaunchAutoLaunching
63C2A626AEADCCE4,setupchyronblock
63CBB94395D470AC,shouldshowhud
63CFEF119C8C423E,GetStickerMaterialAspectRatio
63D837755E48C574,GetIsMSDFRenderingEnabled
63E0AF7C746C0A7C,setborderthicknesstop
63F0F66606F45FB6,unsubscribe
63FDFA4C29DC41F3,setrandomizegamertags
6408EF3BC62728E5,getclientmaxcount
64093E2CC78AFD4A,IsCrossPlayEnabled
6412BDBFB84C120D,tablelookupmultiplekeys
64200D3449439BA0,GetWhisperOtherUser
6423971C74C19F74,getteamchannelid
6433043D1F47DE58,StopAllSounds
6436F53E8B99D080,GetCustomButton
64371EF0D96F5762,combatrecordstatus
643A7A19BC7D53B9,hashandviewmodels
6445EA93E7254041,getnumweaponattachmentwidgets
6452777EC5FA7DD5,getweaponwidgettag
646039F907CE04FE,getisquadcachedisabled
6463E9B7EC03726F,GetSystemTime
647E265B6CAD4442,GetActiveProject
6490DE1F5F088766,DisableFrameTelemetryUpdate
64A083D2379C9B69,refreshownership
64B0C2D659AE39D3,ActivateInitialClient
64C63E8C3DFC342D,HasClientMatchData
64CFFBE37F5E69BB,refreshactivityparty
64D375290C3C6017,shoulddrawdamageindicators
64D47DEF7D5ED4B9,ProfileEndEventVerbose
64E036CF79BBA158,requestweaponworldmodels
64F2A2C997DB66C9,IsGamepadEnabled
6518B463E0C0FEA0,setsecondaryaxisalignmentmode
653F8EBB8E0A2E64,getmonthnamefromindex
65408E960201AAC1,isplayerinparty
654D7F1A3B04D68A,GetFrontendPendingVideoName
654DE5FB69D3BA90,MakeLocalClientInactive
654DF2C969279585,setignorelastchild
656732A0CF0D13F6,renameaccount
6570D46E66C97044,savematchrules
6575E9C5B9AAB6F4,IsPC
6577FE6508B289E0,UnReadyUpLocalClient
657808259C1650BB,setprivatematchjoinability
65992A15344CA8F5,getresolution
65C46239A522095E,SetRadialWipeStartPercent
65C96050629B5D19,IsAnyUserSignedIn
65C9B6F91862D56D,ismemberinprivateparty
65CE18015EB6BE41,setplaylistobjectivestring
65D3D40218D04CB8,CheckClanTagValidityAndProfanity
65F22AA9D588F72D,getplayertalkingstate
65FC35621D74D539,SetUseAutomaticWeaponOriginOffsets
6601A498F35F0D80,optionsareavailable
660545429ADAF39C,ismodelvalid
661E31F3DD73C5CE,requestdatasourceupdate
6653D7AB26B7DD1C,setfixedaspectratioimagenotile
66777E6115ED0191,enablemousedragcursor
669497335ABCAD95,IsChatServiceAvailable
66983E9F2847EAED,BattlenetCanReconnect
66A465DD6BD027AE,getmaxvisiblecolumns
66A792B630506814,animatesequencebinary
66B807ACA1C48FB7,SetTacPadKeyCatcher
66B8152F8FC43865,requestopenbigview
66C2924F7A478C2D,ffotdgetprogress
66CE34978E636774,GetWeaponBlueprintAttachments
66CEE6401E3F48DD,addelementbeforeinc
66F984A74066238D,ismatchtomatchenabled
671CDE76C1DD6E4A,setborderthicknessbottom
671D84E2C8420039,getweaponrotation
6728949BC91EBC4C,setvertextagspaceposition
6735D43355F4981F,getcharacterstreamed
674FE0B006735E42,SetPreferredLanguage
67AD77359C50A1B9,issupported
67AE8037DF0A7634,requestrandomteam
67B5099315F8C966,playcinematicuri
67C67187E6F52B84,getreticleshakeproperties
67D032A27238367F,getactivepartymemberxuid
67FE99EAE39794FA,isinparty
680D47E015737857,HasCustomButtonsConfig
683A9582F97A9E41,GetCurrentWeaponRef
683F90FA4DFDE955,getthirdpersonfovtruevalue
6855FA3EEB7A15F3,WritePlayerProgressionToDDL
6858C08D10344D3B,IsModelDobjInitialized
6863AA6457598928,GenerateStoreSessionId
6863D9E331235D3F,CacheCanFreeSpaceDialogOpen
6867E2628CAA1981,IsGameHost
689552289AA417BB,getfriendnickname
68A6055610875A65,getgametypexpdata
68B203753BC8242A,setaspectratiotype
68BBE35836F108F5,SetMenuTabStatus
68D21D8DCA457A86,GetMapLoadErrorCount
68E58C8219747691,getpartyprivacysetting
68E5B41A4B79E5D1,IsAnyLocalClientActive
68E9090CB252C5A9,GetTeamColor
69062ABE577BFC77,inspectweapon
69088CC2C1E6A1E9,getorigin
69177253EBD42F8A,ReplayExit
691E0EE29BD62AD4,createfull
6928DC5BA2F92D6F,DoesPlayerHaveCalloutMarker
694DAC3AF19686EB,computecolumnrightfromleft
69712A1F338381D6,SetHitMarkerSoundPreset
697BD0E791F65ADB,upgradetofull
69856D3A033B0144,IsXCloud
69920DCC66F586A2,IsCurrentBinkLoadFiller
6992B13540C225F2,AntiCheatHasAnyBanPending
699B31B93E3DFDDF,UpdateFocusMode
69ABB180A64F1EFC,useweaponcutout
69FA150666601D0E,getmaxvisiblerows
6A0277A62CFFB5C9,setup3slicehorizontalmirrorimage
6A02C35ABC62FD42,getnextevent
6A12C1B1905351F9,getrewards
6A1487C8A8CA193D,setupinteractivemapcircles
6A31443E9E3CF4A1,ischaracterentvalid
6A3D33EE6A267A93,AreTeamsSet
6A69A39DDDA14452,MakeRootFullscreen
6A70E64EBFEC3E91,InitializeMMTelemetryCorrelationID
6A9FC115FD4AB297,TelescopeGetLoginRewardVersion
6AA8859BE66B75FD,hasinventory
6AADDC5F39D2F2D3,validatestickerslots
6AC595206953F737,getreceivewhispers
6AD6F3D738D24294,getallrequestssentcrossplay
6AF54D7C5BBC292E,isplacementinfovalid
6AFE6BC0F22316DE,GetDvarEnumPrev
6B0226B59CCFC85E,fetchactiveregulations
6B3D9287EFC4312B,setignoreinvisiblechildren
6B5883DC6C46F2AC,SavePerformanceCapture
6B5EDE08E0D57B44,setreactiveoperator
6B6B2452AA795BAB,ReadyUpLocalClient
6B6DD4F28D470028,CompassRegions_POIConfigLoaded
6B72E574D915E4C6,getattachmentblockeddata
6B9FC6A0486F2731,setlinelengthscalar
6BBF366AC4378219,setmodifiable
6BEC92923E2AF422,IsInstallingLanguage
6C45ABF38DC9F56A,getallrequestssent
6C5C74B5819103D6,GetDiskSpaceShortageMB
6C60E670B8948FDE,isplayermovementenabled
6C6E761900B9B744,resolveplatformidtoplatformnameasync
6C87FDFD35F1E8F8,setglitchcolorred
6CA2F0FDBFD12888,ShowPlayerPlatformProfileByXuid
6CAABC9F901CB90D,MakeRootSplitscreen
6CAFB11F75EA61D3,releaserendertarget
6CB48BFBB36C7A7D,getvotemapgametype
6CC38F61AF08AC72,getdocument
6CCE7C09A878F8AF,ExecGameModeConfig
6CD7D1E57C79DD92,setcoloropparam
6CF4E85C10A72A9A,SetRevealMapShaderEnabled
6D07A860E0B6A3BD,isbrplunderposttutorial
6D1E71C6E199C715,getplatformid
6D402BFAC768FA06,conversationstart
6DBFEE1128A603D7,GetCurrentFocusedIndex
6DC3E666B908B7AE,setancestorvisibilitychecking
6DF9B927AAD62953,getitemvideo
6DFD38E1FF1B9B03,setdirectionalimageenabled
6E3E635DB7288907,isopening
6E493C1B436663F6,setstreamingenabled
6E4E7C8C9D32BB78,setspacing
6E52FDE36C69BB5B,isplayerflashed
6E753B78D76E760F,setreceivechannelinvites
6EA06556CE72E098,GetColorFromStringToken
6F12FC4AFD7A2A6D,getvoiceparty
6F17CE55BE4A7772,setuseindirectdrawlist
6F2613388ED169DF,telescopeplayvideocomplete
6F35D89342CF7712,GetCurrentLanguage
6F3D636244E2E0EE,conversationstop
6F518BC06F496EF7,IsMeatShieldMeleeInputDisabled
6F5F90E1636E4984,setradialwipeouterradius
6FA6E6A2E22A3CA2,batchinviteonlinefriends
6FD2C6E52FF4D86B,markpending
6FD3C56E648413D4,setvoffset
6FE495B0F0E4E4E0,IsAsiaSku
6FEB91844DA33561,StopPerformanceCapture
6FFEA1E074441E20,setnosystemwidefontscaling
7001E2DE4328797E,updateitemavailabilityforgamemode
702134C8895CFEE5,setcolorop
703449C987E984E1,setimageelementsizefromsourceimage
703900A8ED4FA461,IsDisplayHDR10PlusEnabled
706AE20EF4832FEF,activateachievement
7095E2903C8049DB,rejectrejoin
70BBF0609667DBEA,ShouldBeInOnlineArea
70CF9F41416A7542,getonlinestatus
711D30886CE5D38C,PartyCrosslaunchCancel
711E5A7715B8F047,setupsprite
7131D2BCDBFD36AA,InstallLanguage
714BFBB5992C20A2,getpartyname
716C3F89A87B169B,setwindow
717B99A955C39EF2,GetDataDatasource
718471443E54FA89,GetMuteAllForMatch
7197E73FD9BF0226,createobjectivewidgetdatamodels
71A654F39D4C511F,setparenthasfocus
71ACB1B6F8DE378E,settacmapzoom
71CACC613571BBA2,GetMapImageByName
71E049745E8BD359,requestnewjoincode
72145C734039267F,getoperatorbundle
721F227A6AC722CB,generateframedata
724D0C5E329B21A6,isallowcheatsbuild
724DEE0FA4F568C0,SetColorCustomizationIndexAtType
724FBB3B6EF14A46,settacmapcentertoplayerpos
7251693DE3E56C8F,stateinitsavexuidofuwarning
7266D5954057E049,Steam_GetExternalGameAppID
726FA3B8B8B20875,givelootitem
72B2B2FD9AE3D0ED,registerfont
72BAB1D1F5177715,ConvertMilsToReticleOffsetPx
72D2F3A0A41101F7,setmask
72DCEF319E8CCDEF,connectvoiceparty
72DE060BEDC00DA0,setupcrosshairnotdynamic
72F28F9BE6EE7D2D,setweaponrotation
72F7BC29E093256A,requestcontentcards
730F65BBE31BCE79,setblendmode
731182B53C5EC02E,isplatformfriend
73A58161C56A0487,centermouse
73C1BABC779C87AE,getremainingdiskspace
73E482DD8D24D10B,getgameownershipsource
740382EF8E4027EB,setpixelgridcontrast
74359CEE47442847,GetAudioVisualizerBundle
74371660C3B526B8,getstatusflags
74423B860F94702E,getfocusposition
744E63ADFDEB6398,getweaponreloadinterrupttime
74AE6488FF7F616E,beginweapon
74F69439474692E0,getweaponrarityfromweaponmaphandle
75002374D6C0733D,getgametypebundlefromnamekey
75065E759595C457,xuidtostring
7508FCA78EE6D4D7,setzoomoffset
7509BDC48CE217B6,SetMountButtonConfigTypeKBM
75232D9E681DFB28,setscrollchildrenonfocus
75425986BF803F04,conversationisplaying
7545EAEA81EB310E,GetMapsForGameMode
75575DCFF312365A,IsBattleNet
755D8B23122AC15D,setnextstreamposition
757696D4CE06678C,setupheartbeatsensor
75822A7F914E596E,GetBaseWeaponHash
758F1CB73F8ECFE6,getplayergamemodekey
7595574A910A4F04,invalidateitems
75956AEB50310D3F,refreshserverlist
75BA14324AE62389,getrawfile
75CF095FD8E1C332,GetKeyBindLinkUiId
75E6E09447E31C6C,getgamepadaxisvalue
75F349C78246269E,gettweenremainingduration
76055C55456F05DF,NotifyServer
76066BF717FBDF6A,makeleader
760DC44925D2C586,SplitString
761181801C3D1C7F,GetIsFileHotUnload
763A2731C70B65F8,setpadding
766124CBF0B1B6EB,sethandlefocustype
7661C885A3C824C3,printfencestatus
76822D16ACD1E4FF,IsCategoryFilteredAndCustomizable
76EC09970D241F8A,isinsamesquad
76FDD6B288AC04A5,setlineholdtime
76FE6A1271B56BD0,SetSPSharedProgressionDirty
770187FE84AE61FD,SplitscreenPlayerCount
7701ED86CDC3ED36,setblurmaxradius
771064756040882C,GetPingWheelDelayTime
771280024B610B02,CanFollowHost
771A98A5ACEBEBDD,setspawnangle
7720BC0A52DA0E7E,corsair_icue_releasecontrol
77339A334F915667,IsFuzzyTouchPositionInsideElement
77402B5C19D6EE98,GetLeaguePlayProfileForController
7743C21391D52628,GetPartyGameStartTime
779F80E95A32B3A0,isrecentslistfetched
77ADAB46B924F877,isautomationenabled
77B4C6A9A1DEE3D7,isaudiovisualizationwheelenabled
77CB9609787FF06B,fetchstorefront
77FF1B6AD30344CE,setoutlinemindistance
7802B533A5AD5ECA,setvertexentity
78471938597541AA,setmaxvisiblecolumns
784DE17B3775FCE4,CanAccessHardRaidPlaylist
785881282A097464,SetUIReadyToProcessInviteJoins
786DF9C05C3A75BA,IsUsingMLGRules
7875A8C55059F140,clearmodelrequest
787BFBEC77C5C787,getentityworldposition
78827CBA871EA996,setfirstlinepadding
78B678B6974EE198,GetTonemappingSceneAveKiloNits
78CEE785C0D63D7E,PlayMusic
78DA835F6376B4CF,setcharacterpetdata
78DAF849D47FD400,SetupShreddedDocument
78DE2A0DB5D3434A,getactivechallenge
78DF2E5447F384B9,GetGlobalModel
78EA06EEDB58D872,SetDvarBool
7903DB0549EE8B23,searchnotifications
79137869A569F7DC,issimmodeenabled
79298E5204DD060F,isphoneeditable
793193B007F2691D,setrelativecharacteroffset
793863268D8B50A7,setmousecursorcontext
79657545C815A247,PrestigeResetPublicLoadouts
79A3643954ED743D,GetLootCardStemPosition
79BCD90A0056C399,GetMenuVideoPlaybackFlags
79CDFFBC21EFFCB6,isomnvarperclient
79E23B76B1859FB4,getweaponmodel
79FAEC7D3830C17F,supportsselecteditem
7A35B1D2343C2B34,GetXHashAssetFromNetConstStringIndex
7A3B7325E904DCB6,getcurrentstage
7A3EEF16713A7703,getmytournamenttime
7A44BAE264C4204D,getreactiveslotvalue
7A4C382FC0F92C04,setclientmodelhudoutline
7A76B5F616EFB178,setplaylistobjective
7A7D80C060789546,getstatusonfailure
7AA5F983F82D45AD,setemblem
7B2DE2DDA9488F16,GetSDRBarelyVisibleIntensity
7B96A81BE57A0E4E,getachievementnamelocalized
7BB58FC653B9820D,getactiveregulation
7BD15906E76ECF16,iscategorypartygames
7BE9B627D9C821F6,getactivepartyid
7BEA92C95A7B2F49,setupradartargeting
7BED015EDE8AD9B4,GetPrimarySpacing
7BEE72867CE72CD8,CanSkipLockoutMenu
7BF836F6DFD0D39D,watercausticssupported
7BFDAC5A4BAAB077,DevGetXHashLuaString
7C07C59A7993908D,usinghueshift
7C1071CB24322BA5,GetAttachmentBlueprintEffects
7C1274916DE3785F,getcolumnboundaries
7C1745108A7813CE,getblockedplayeridentity
7C22E48C223F4900,isjoinpending
7C22F90682BB5BF5,getnumplayersonteam
7C39811B3E085D86,GetAttachmentSlot
7C52E557530F9820,IsLaunchingAsHost
7C9A8C32357F9F52,KillVFXOnTagForModel
7CAA5D95D791ABA0,UsingSquads
7CAB87D88D7738ED,gettierungatedlist
7CBC166F8D0C762B,tablelookupbyposition
7CE3E8CB83AAC328,getearnedxpdata
7CFD2C5E2E3C4014,StopMusic
7D118F6805FB3A4A,stopweapondownloadrequest
7D208983B645FC0E,getcustomids
7D23063E4625D2BF,getclientgamecompleted
7D23C0723BE719F0,gettext
7D3F8F5DCFBE5FE4,LocalizeLong
7D9D23C620C2060E,operatorbodysizesenabled
7DA2004380162440,setlocationselectionmapcursoractive
7DC0C75B80FA1645,CalculateHueShift
7DD28F902654AF0A,setautoscrollstyle
7DFA8B4AF9F2C222,getteamforentity
7E5B9B1077A8EED7,setblurstrength
7E6599A2E927C1AB,IsPrivatePartyHostInLobby
7E6610E57317ADDD,joinbyjoincode
7E7601B06DD3859E,getparticipanthealth
7E914A88745F9D45,runwizard
7E9C214ADD94A576,getreticlesecondaryaffectedbyemp
7E9F8A29867076A2,leaveplayagain
7EFD8473E9E11221,getaregamertagsrandomized
7F104C5C3ED03B51,setplaylistsubobjectivestring
7F22A98D50C4B2D2,setshadowsize
7F2322C58CF99906,WeaponTypeIsProjectile
7F296D5A0FB322EB,getactivemodeprofile
7F76B36D35A1A81D,getchallengestate
7F90277737942DA6,getpackedtuningdata
7FA584044CD4CE83,getweaponburstcounts
7FAF6652413F4C6C,Unpause
7FB5C3935C674824,setcharactermodels
7FD37687B2795F5A,setshadowrgb
7FE7FC34A521E817,GetInGameInputMethod
7FF988211555B896,raisepropertychangedinc
801C1A54657E0DB5,getmodelforfield
802D55BDB50C5166,stepscrollindirection
8064F09939061C18,gettagworldposition
80688A800EB848EC,setscaleshadowsizeindependentoffont
808226CF2BE3B592,getscriptabledefinitionname
8086A306B38FE651,IsDedi
808F32A782548F3F,GetAntiAddictionTipsDesc
80BB38C89795BD88,getbrplayercolorforindex
80C12257C7145D04,OnlineDataFenceBackoutCleanup
80FB5B18602078F8,SetItemsControlDataConfig
810771632FB424AC,getplayerweaponloadoutattachments
810A2176F0A7584F,GetAllScriptBundlesOfType
811B925626FE43C8,getprevioussibling
8122EF3752AE8DFD,getsignupendtime
812C50EF8C3BF18A,equipmentisrestricted
81504518F24ADD7C,resetfrontendcamerazoom
8160CE6B682CC3D7,GetAttachmentByAttachmentRef
8163314C01029FB1,getpartydetails
817299AEA10BD53C,openplayerprofiledirectory
817AFF3F28020742,GetWeaponAmmoModel
818C8869C97BE161,getpartytype
81A19D63CFF5C0F4,setuseblurocclusion
81A218235F7EB730,SetInputDebugInfo
81B6116C4C140EE8,getweaponbaserotation
81C6A581D32A5C03,requestteam
81D1EEFABC21D0E7,IsGDK
82117BFC3B98ECC1,getequipcounts
8244B58E167E835E,getnextkeyframems
82504555B361CD68,StartReplay
82919F216129F01E,setweaponcollisionplaneenabled
8292CB25FB30569D,triggerachievementsync
829E7D8A33075EE2,IsDisplayDolbyVisionEnabled
82B2B32AEBDF84C5,getbaseweaponnamefromhash
82B808D240A87A6D,getkeyname
82CD1255157CAEB5,DebugPrintIfElse
82D3870C8DD1F2DE,setentityfilter
82F87C0D8AB01D9E,getkeybinduiid
830DB4285F2AEF83,IsScenarioGroupInstalling
831E73A5F4C11126,confirmlocationselection
831EFB1F518E5FF1,startprivatematchmatchmaking
8337102EE0D38B07,stopweaponfade
8378C68B584B1988,getleagueplaytype
83AAC5E85E1E35B1,receivepostfxcomposite
83C59C8C8EA56E4F,LightBarReset
83D75C6A4F8BA4E7,getplayerangletoentity
83F2AFF047E9C37E,getentitymodelname
840F0EF2DE950FCF,isclientauthority
845248F2A5D56778,setnumrowsinc
847CBFD691AE36DE,ClearUserRecentlyExitedFlag
847D7C43932FE534,getteamscore
848BD327B86FB656,getlootposition
848CD3045FC18AB6,aremodelsdownloaded
84A85C9AD5C84AA9,ResetSaveSlot
84ACB59DEB867649,TryGetScriptBundle
84D10F5FD7E05476,setup3sliceverticalimage
84DF5CFBC1771947,GetModelForController
84E706189BA0B3EE,startpbgpostfxbundle
84F1925E3792C1F0,getcurrentevent
85038770483500CE,AreWePrivatePartyHost
8508485FE84A8F1C,setdefaultmousecursorcontext
851DD71C32A0B347,setbaseelementsize
852F55972CB1FB86,lobbyunreadyuplocalclient
85373A54AE7DA9F4,setistrainingcourse
8554210C21052E3A,setupblockedcrosshaircenterdot
856A3813FD91CFFC,IsCurrentButtonLayoutFlipped
857774E6F9F466FD,getcurrentalignment
85FFF07688B81EE8,getoperatorlistbundlewaitforassets
861B842A3EBAD2DE,getps4region
862BC1029DCFE464,getinstance
863087FB1965F2A6,updatenavigationdata
86406A9ED460225D,getmapindex
8668F2AB72D9D39F,blockplayercrossplay
8669EB81A47511E3,GetSignInQueuePosition
8684D3DCEB52B848,setshadowopacity
86BA9E806A389748,fetchmutualfriends
86FFD2DD54385156,removestreamedimages
8700C5494476EC04,dxravailable
87027B248CDCF5FA,SnapTweensToCompletion
8703E886FF86B8D0,getautoidatindex
870B6980A1F79202,getverticalalignment
87180DDFE536DCDC,HSVToInt
8721BC4A85447B1D,IsKoreanIGR
8724AC295ECC1E8B,SetRecommendedSettings
872C43B96B467FAE,sethorizontalinneralignment
872FCF315040C205,IsInSPHotLoadBinkTransition
8735409EE1DF2D7C,getweaponwidgetname
8745515A292B0920,GetMaxPartySize
8756D5EE3ED1C7C3,SetScrollingOverlayRGBFromTable
87582ECF838DEC7C,IsBaseWeapon
878C1E4C660A4976,isuserstateready
87B2446979941286,isuserjoinbuttondisabled
87B6EB1163EFAAE0,IsConnectedToGameServer
87B7B22A56A14410,MemProfileEnd
87C178836F5014BE,odsfgetstate
87C882C276B9D975,setupnonuniform9sliceimage
87CC98B6B2AFDA02,getentitylootinfo
87E11FFB8DF1FB90,IsKoreanAccount
87F3101B17A29E1A,getplayerweaponloadoutdata
8846E86FB47C6108,SetScoreboardOn
885243089A50E9D4,setuptiledicons
88546101F87A8455,getgametypebundle
8863DCC65E41519D,getluistagewidth
8869DCED702AA948,IsTeamExclusivelySameActivityParty
88A52A0D78DCCF69,setimagergbfromtable
88E8C05BAAFC6FB1,setminfontsize
88ECBB6660FD6E78,getstate
88F6365853735ED9,setupletterboxelement
88FF0F1C5B20321E,InMatchmaking
8921734E21673990,getrefreshratelist
89468EFDEBBDF386,toggledogtagpin
895048386C44CB92,gettitleid
89505123AAE0BBAE,sanitizeclantag
896016BC21CD007D,getfilterbits
8972ED273F65BD8F,isdlsssupportedqualitymode
8978B6CC80DF3B33,DeactivateWorldEvent
8989683D4785B8BC,binduimodelproperties
898F76EE292E1FA4,SetBackgroundImage
89C55E6077CC9B9B,getscenarionamesforgamemode
89EA0B4AF69E083F,setrevealmapedgewidth
8A50293282E72559,UserCanPlayOnline
8A7CEEBDF666A3D6,PartyCrosslaunchConfirm
8AA614EB46957F3B,playcharacteranim
8AAA3B009BC87127,getdisplaydriverversion
8AAEB289506D2493,resetfilters
8AB106B19C2E62FD,enumerateweaponattachmentssubcategories
8ACC1C5CAD86FCFC,setdecodeusesystemtime
8AD3FC11D3A84071,setclientauthority
8AECF3AC6041EF6F,getplayerpartyid
8B0A59BCF6F197A7,getelementatposition
8B1B9FEF484BA6DB,hasanims
8B31DB2046213052,GetParachuteBundle
8B37A78320F86D95,ZMSaveIsResultFetched
8B4CB16EAC8B8DCE,getweaponloaded
8B5B7DDFABE993B3,GetStringGlyphsAsTable
8B8E4BED7A51DD1A,reportplayer
8BA4FFA0E1E95EE8,settargetrowtodefault
8BB1AC68EF96E434,StopRumble
8BBF58EE39CC0EAB,setdisablepartialopacity
8BBFCCA22451E955,getffotdtestmaterial
8BC16030F3F31FF4,getroundcount
8BD07756CE63544F,getentityotherentitynum
8BF5FACD17F790CA,GetImmerseAvailable
8C0818966DCB985E,updatefocusedpage
8C1C15C14B75864C,openscreenkeyboard
8C2295782446E04D,setdisableafteredit
8C259D16683B5419,setpixelgridblockheight
8C25ED7318F895FD,isnextstreampositionloading
8C4DDCC2D909D1F2,locationselectionflipsticks
8C5178F7E4DAE098,SetLastOpenedMenuKVP
8C78D2AA423BE1C8,isplayerjoinable
8C79AA7AECB2E438,isplayerblocked
8C7DE319C896BBBC,ismanualgenericimportavailable
8C92B80B2BC64A2B,ClearMatchData
8CA7854751F9DA0C,GetNumChannelsByType
8CB511CB8620E5F5,sethasnotifyplayer
8CB84A78BA1FF1C5,ClearBootMessage
8CDBE573031E4389,FindAndWaitForBundle
8CEF38FE750F2FE6,ColorizeClanTag
8D0DAC88AFA4F590,GetAuthThrottleTime
8D19AB25B06CFDEC,getimage
8D296765081EC6C3,PushAutomatedTestUpdateMessage
8D3C2C3CF4CA4AB7,setlocalclientuidata
8D5B65FEB7D75521,getmapnameforround
8D5C32D490386C24,getindexedgametypenamekey
8D7D1B5CD5F1A60F,MultimaskClearAllMasks
8DD703F297C41A09,ShowPlayerPlatformProfileByPlatformIdString
8E251FC1613F95CD,getdisplayresolution
8E2F4520D3E647FE,GetTimeRemainingForPartyCrosslaunch
8E382ADA54114752,getweapondefaultmodeicon
8E46B11F69B0F4D5,ShouldShowLinkToPhoneInError
8E519998E0E39960,getactionslotcount
8E54978EC242F82B,setreversedprioritieslayout
8E759AAB66429C37,isonsameteam
8E8C7AE9993491E1,GetCurrentYear
8E9FC8F673615AFC,SetScrollingOverlayShaderEnabled
8EAD2EDE698008BA,killstreakisrestricted
8EB5AD278A2E9069,zoomfrontendcamera
8F0BCE45C3EDD2B5,getscopesecondaryscale
8F17A7B95CFAB6E4,setweaponbaserotation
8F1EB11A1A12149B,ShouldOpenPostGameOnboardingMission
8F2A95FEC11E1817,getstowedweapon
8F2CCA203B4AAEFB,GetLocalClientReadyUpStatus
8F2EC9E37987F3DF,IsImageAssetLoaded
8F3C157C48E60860,CheckEntityTagExists
8F4611534180CAD1,getcategorybybaseindex
8F5CFD7C82FD710F,setcurrentplaylistid
8F5EB516C9E45F7E,setrightanchor
8F668A3B8E44ED0A,doespartycontainnonpremiumplayers
8F90ECDE3752B407,Steam_OpenProfileOverlay
8F9C18BF1604BFF9,getrotation
8FE34BB8C92CDBEE,MeasureResourceEventEnd
8FE93DA4A8BA31E2,Steam_OpenChatFilteringOptionsOverlay
8FF6268389FD4AAD,islocalplayer
8FFE013394E54B45,setborderthicknessright
900A4E833E2634B7,createtexteditmodel
903ECA657EE4C6C9,UsesHWMouseCursor
90404BD1F5B45E2F,PLMRefreshData
904E5652808294EE,getindexedgametypebundle
9074D9D97CDEF530,setverticalinneralignment
90A0F43EE9903382,SetRGBFromTable
90A62164991B309C,geteventwithid
90B74F196EE36B11,ismicenabled
90B92B61247EF2CF,getcharactermaxcount
90BA9A2216C94ED5,connectlightstoweapon
90E2E78466F522FC,gettacmapcenter
90FDB6D3F3F9CA1B,setupdynamiccrosshaircenterdot
91100D9A4D35C962,clearweaponvfx
911F3FA74ECE5150,webviewtextscalingchanged
914609263715EEC2,setvisible_tempfortransition
91821B29F79F9A89,iscrossplayfriend
918BBD42C62BEAF8,cancancelprivatedsmatch
91920B250D05DE77,checkprivilegedirect
9196F372D8C10CA1,getlootdata
91984505EE098EA1,setimageshadowdupeimageweight
919EE05D6FC32B3E,iscategorycdl
920E928206A5994B,iswaitingforflush
928BAF42ED15AEB7,GetUserProfileByTypeAndXUID
92A0E312C4137B3E,sethudoutline
92A366D1A86FD4D5,getcurrentfont
92B3976CB5CC56FA,setglitchheightrange
92D05D4A7D4B5A45,GetMinimapRotationEnabled
92D189901DAA9563,addstreamedimages
92DEDDF4FEEB2A46,setupposetween
9300C06987CF312D,gettextdimensions
9319926038258437,garbagecollectemergency
932AD14BF69F8752,setusesystemtime
932FF124274344BF,getminimalprofile
9344BE1C778BAA54,IsStreamingFromCloud
934F8F26B2045C5F,resetcharacter
935BD016E1725DBC,SetBotAtSlotDifficulty
938341C4C203506C,setlastlinepaddingsecondary
93A12DCBAB0CE3B7,getspsharedprogressionforedit
93B6875747358932,getscenariogroupsfromgameid
93BE45317DFE8A22,ignorefriendrequestcrossplay
93D2D5BA93CEFB66,setupweapon
93F5FCD462F0CB76,getmainprofileclantaglootid
9403BB1B35878DD6,setupscopereticlespacer
941517228D21054F,iscategoryhardcore
94189172062A7D42,isuserfriendable
9430F57B9A3903A2,wildcardisrestricted
946D21B7CA21C174,getweaponmodelnamefromweaponsetup
9479A745E02F9A20,trygetmaterialconfigstring
9483F75955C98D18,getentitytype
948870FEBB6E0D93,islayoutinitialized
94964C87CD34FAEB,getplayerkills
949BB2656B76ACD9,SetMinimapRotationEnabled
94A0741FF3157959,GetBRTeamMaxSize
94BE8A0DCD73DB55,isinvalidxhashdvar
94C19494852D0046,setverticalalignmentinc
94C23F3F5CDA68D8,setupiconimage
94CFA9D303113149,StartShareableRecording
94D043CBFEF1BA79,bindelementbottomtomodel
94E302019913DD28,GetContentSizeToInstallMB
950A1CA79F7348A2,CompassRegions_GetPOIName
950BF1AEDB1249C9,getcurrentstageincache
954786D4ED209539,getleaderboardinfoforsprint
958B5E7EC757DAD6,RemoveBot
959A63ED9AD23C7A,checkusernamestring
95C36BE0C34DB13F,setbackground
95D007A8E3147B2E,getanchordata
96103C0C0803C4C7,RunGCUntilStable
9615AD9E6748038B,GetWeaponAttachmentDisplayName
963C1C922A35DCD5,setcharacteranimrotation
96497476E6D717D6,setscrollingoverlayalpha
965C28942445BA67,setright
9669BA476167BBFC,GetScenarioNamesForPlaylist
9684B56DE334513C,Set9SliceEdgeU
9684B86DE3345655,Set9SliceEdgeV
96866DD28A6F6539,getexecutionasset
96957722EF74F5D2,IsPrivatePartyHost
96A9D67CF5A0A79D,setbottomanchor
96ABE3057CE1C00F,isvalidcinematicid
96CADA4CCCC670D0,GetElementAtIndex
96CB3A2A226AF146,setrpcrossplayenabled
96CE37ED9A01FD80,GetActiveInputMethodForPrompts
9741180A5EFF7FE0,AssignPlayerTeam
974358E1E06A6980,bindelementalphatomodel
974EBB8771B4D075,StopLobbyParty
976DC91C7F9817C3,invalidateplacementinfo
97769A4AD467D0FD,DLog_NotifyMainMenuStart
9785438AE0C68494,setupballisticdetection
97A240787D8A22FE,getcurrentweaponattachments
97A969F8DFB654E8,getobjective2hovercard
97AC12FC69537581,hasbodymodels
97B3B2B73B53EB34,getplaylistid
97C937429C063621,getmapdatabyplaylistid
97D293BCB4C1D200,HexToInt
9808F8371F5A5C56,setImageByName
98136DD0D0DFF096,getspectatingplayer
981A8C6F9CC835A1,getlocalcontrollerindexbyxuid
981B9C166599CE22,getcurrenttimediffwithepochtime
98215720C816567C,SetCurrentMenuStackKVP
983E0D59EFF44E21,getactiveprojectscriptbundle
9843D777B9CA017B,getgamertag
98448F6C1DC6067A,setupmousedragicon
986FDEA70269BA0A,getcurrentchapterscriptbundle
987587DD30C0386E,trycommitmark
9885B77B483B64DC,setupweaponrendericonimage
98930290E4603CED,setuprepeatedimage
9893FBEFA2ED31EF,clearcharacteranimqueue
989AF5FC27868497,GetMapLoadErrorTitle
98AB0470354D2150,IsBlueprintWeaponAttachmentVisuallyLocked
98B82FDA4D565407,GetHasCrossplayPermissions
98C762219AC1BCA1,isfrontendplayercontrolsupported
99188723EAAC7F49,getmatchtime
992A47F581B2CF0B,spectatematch
993D57EFF4552316,unlockmousecursortype
999A4B5E0DD85C96,GetDvarXHashAsset
99AB36C9058CE801,setsigninexchangestate
99BA359C3D63851B,getprogressincache
99BDF8FD94BE0185,setalpha
99C11D6597923E41,isswitch
99C92CEACE770019,GetClientMatchData
99DD4C423BF85E2D,GetAttachmentsBlocked
99E9E13C7602B62A,getobjectivehovercard
9A106AEABEC1F79B,getentitlementfromgamemode
9A119B4AB7E5B3F7,playxcamontag
9A62E86DFB2BBFF2,isanimlooping
9A8644D3467572A2,changeminimapoptions
9AD922A69561CA81,setweaponresetprocbones
9B0417FC2570868A,attachvertextoworldmodel
9B0B9241B99EC1EB,setleftanchor
9B247A3C17BE01F8,getmodifications
9B3D8CB1332935CD,setupminimap
9B5132C7532A3BBB,getdynamicimagestatus
9B678E653231F20B,GetGamePassLevelSubscription
9B684A2290E23A63,setupjumphanghint
9B6D1A33AC2622D0,setcharacterrotation
9B7D00418BA6CFA4,setupcinematicsubtitles
9B85D61851DF0085,getteamname
9B96462CF31A7C32,touchemoteanims
9BCBB15BE3D37057,settintfonticons
9BE127FFDB172122,bindelementscaletomodel
9BF24D98E568FE2E,resetgamemodetransition
9C0FC8E42155BCE2,setupradialmenu
9C1E3271711B50E3,getlootmasterfilenames
9C3DA94837D5100B,getwordwrap
9C5DAA377294C299,getfullweaponname
9C71B401205DF124,applylensdistortion
9CA5C1F48AE52152,SetMenuStackStatusForMenu
9CEF8E2462994D06,createsocialparty
9D20CF91A822C780,GetScenarioGroupInfo
9D41AD8D24619E74,regionrequiresrestart
9D42AE3D41D721BE,IsSupportedFidelityFxMode
9D45C6A2FD89FDDC,setweaponrotationcenter
9D83EDB9C9B5C88E,getnattype
9DB0F730BED2B29F,setupprettynumber
9DB28800506CC915,setcollisionplaneheightoffset
9DB69F7313F36D37,GetWeaponBlueprintTacticalData
9DC3A6C21AFE4265,getnondefaultattachmentcount
9DDB34362F51CE30,PlayVFXOnTagForModel
9E0080FEF08B20BD,SetMuteAllForMatch
9E05B0BA592872B2,IsLocationSelectionOverrideInMasterMode
9E10D6CE30DB9E83,setoutlinergbfromint
9E51147BFF94FC9D,GetNearbyEntityLoot
9EC2699513C0F9C3,close
9ECB798D488AA335,GetDvarNameFromHexName
9ECF228C8F1953AC,closechildren
9EED27992A9EE319,setupinteractivemapobject2d
9F19EDBEDBB685A3,setupradialsensor
9F26FBD80467CAC7,isweaponmodelloaded
9F37CA69C25332C0,SendLuaFenceTimingDlogEvent
9F3F380083B6588F,ishostmigrating
9F42E939E0A94727,setupmousecursor
9F4343BE0D1BC31E,IsCustomGamepadLayoutDpadChanged
9F4E61B80079E2D6,cancelpartyadvertisement
9F6DFEEA30021D04,setcharacteractive
9FAAF0691E5D454F,muteall
9FBA51EDA5C610D1,setupcheckerboardheatmap
9FC12D4730C9977E,setup9sliceimage
A0005D27AA7C8F81,SetInventoryInUse
A012E0F90CF8D256,getplayingmusictrackname
A02711E67947D673,getachievementisunlocked
A02AB386D205E4D6,buttoneventwebview
A02E17D9CE77E6F6,setupesportslobby
A040DA97D49C8F1E,setvertexscriptable
A05D6734432EF462,ischaractervisible
A0649973B27FFBB2,ShowOnlineUpsell
A0887FC69731125A,GetWeaponDetailedStats
A09B4E5D3B87EBDD,getexternalip
A0F80580E5A5543F,setweaponisviewmodel
A0FFE81599DC6087,dotacmapmapassist
A103A244748F8453,Unpack
A11CD42791E46D3A,combatrecordcancel
A1391EA45544870D,GameDVRProhibitRecording
A145A32357D38D18,SetRegulationOptOut
A1478DB9BCD671AC,setdecodeupdatesperletter
A1780CAEAB8E7743,GetMonthNameAbbreviated
A1911E83CF65AAB5,GetDesiredGameModeKey
A1913E124FCE60E9,setweaponindex
A1A12629D8C05778,cancelpostgameonboardingmission
A1B424F13A768125,isbattlenetaccountstateready
A1D880E49621D8A1,setpixeldissolveprogress
A1E9A4CCD95DC9DF,israidplaylist
A1F3E03597421EC3,getcontrailbundle
A205DEDC43301538,statsshouldpromptreset
A20B186F60BAEF07,IsBattleNetAuthReady
A2123135CB135B57,getmaterialdimensions
A21B14167794367E,settextfillstyle
A2224CEF81D3D51C,setimageshadow
A27D03DC78AB59D7,losefocuswebview
A2804E902335EB80,getdefaultfocuselement
A29680E4E30C45C2,GetUsernameByController
A2971568BCFEA739,settextselectionhighlightcolor
A2D5DC5650ED3A1E,GetSignInState
A2E1DD2D02B92129,HasMinPrivateMatchPlayers
A2F533671787A4A4,ResetUIPreHighMemoryDlogValues
A35DEB766C9A0DCA,GetAttachmentSlotPriority
A39A025A12B4FD8B,canstartprivatematch
A3B3A2ED48444F71,setfilterbits
A3C80CD558DAA2CF,loadmlgrecipe
A3D5C2937B067D69,setstackedelementsettings
A3F31B976BFD88AA,GetDvarEnumNext
A3FCD9A1FDA67EED,getsigninexchangestate
A4080CD0CD5B8677,GetPlaylistRotationTimeNext
A42D5983F50497F7,setupownerdraw
A438C878716995F8,GetBuildNumber
A440023C7A18B517,settextedittext
A44F7F2F6C939138,wakeprivateparty
A480D45DB072B350,getplaybackrate
A4A391CC105C34B6,getplayerpartyprivacysetting
A4ABCB42686B2553,setupcinematic
A4BD2B419609F920,GetDisplayHeight
A4C5AD2406FC2B4B,getobjectivecommon
A4C6A7D362ABDB51,isinstalled
A4CED9603A20284F,getachievementid
A4DC337F02F7FD58,getnumrows
A52008842E83803C,getnumcolumns
A5339EF52227398F,GetTeamForLocalClient
A5424A73348DB1B4,setinvertchildrenpriority
A5561097AD86C70E,getzoomlevel
A55FDDE5204B925F,getactivegamemodescriptbundle
A56F307DA16652EA,requestsignup
A57ABCC01C0FE48B,Set9SliceEdgeWidth
A58D64C620CA9A7C,getprojectedarchetype
A58F62C50404311B,IsBreakpointEnabled
A5AA311B046CAC7E,CanHaveRenderWeaponIcon
A5DCC67B7FC6AABF,GetCompassDynamicLegendDefs
A5E8570DB713B763,play
A6005A607823B93A,CastJsonStringToLuaTable
A641409E07F9C356,issplitscreenrestricted
A64E7CF858AD2802,GetStreamingQuality
A6677A24A216F82C,GetOnlineFriendsXuids
A66BB4A0FE5B0FC5,getplayermaxpartysize
A6DD6C4D310EDE9A,CanViewCustomEmblemFromUser
A703CEA5B2DC0721,focusgamewindow
A712B1B612568E06,setweaponfadeenabled
A71D9671B0095515,doespartycontainsplitscreenplayer
A736AF74410E3002,isscreenkeyboardactive
A7391753D2D9AC96,isarray
A748BF9EA616AE0E,BitShiftRight
A76C0B5FA6F9DC79,GetDistanceBetweenTags
A77DA0DE401A96D0,IsBitSet
A78CE2F4F8317D39,setfieldandposition
A7BE12BA063B7B39,GetWipeYSegments
A7DD5C284AB6F1F9,ReplaySpectateNextPlayer
A7E26C52553B70D7,unsubscribefromallmodels
A7E779F6CED13F21,getstatus
A7E9A3EDDAAF2507,JumpToAnyPrevBookmark
A810854172EF3376,dowehaveonlinesubscriptioninformation
A82011D283698AA4,getuserstatesvalues
A85F8CA8F98A8F73,SendMatchmakingDlog
A86C03AD432D7471,setuptextedit
A8880384CEFA1BFD,groundoperatormtx
A89A3806B2D026E2,restartautoscroll
A8B00203AF7209F3,GetEmoteAsset
A8B495DC361731F7,IsPremiumPlayer
A8B8310D828196D1,GetDisplayWidth
A8C70106FB69BE3A,isrunningtransitionsettleframes
A8C749D8691053B1,hostunreadyupactivityparty
A8CCBD55B1AA866A,leavelobbyonly
A8DAD5352FE1929E,getplayerbackground
A8F38E2CB7237CF1,getrenderresolution
A8F79F7C73B1BA39,FlashTaskBarUntilWindowStateMaximised
A945CFDF92B7D3DA,getpartymemberclientuidata
A95B08DBB27E217B,SetIsInOverlayMenu
A961ADE0742DBB36,GetPreferredLanguage
A9A1FBB1E59CD6A1,getcurrentsubmatchindex
A9B29261CA833723,getpercentcomplete
A9D348E40740E9A8,IsXbox
A9DCB06B3043080F,updateinstance
AA09248157B292A9,bindelementytomodel
AA0B5513A7C2B408,GetFavoriteLoadScreenItemAmount
AA1D9AD2B35B5DD0,getentityangles
AA41C97AC6ADDC24,getattachmentmodifiers
AA463D711A4C4564,GetMemberCount
AA628A19BC2C7D34,ShouldShowNetRelayDisconnectIcon
AA798E4552F5E872,CreateModel
AA9D16A466625AE6,getautoregistrationstate
AAA8231A12F1A4F7,getscale
AAE1FA8FE297EB4A,ischaracteractive
AB0640CF188F8120,setvalue
AB077E333A8F605C,FindPlayersWithNameMatch
AB0E9E0D7CEF4C75,setchatframeheight
AB0ED497A72E2B73,GetTeamOfLastKnownClientNum
AB27FA6562C2D558,ApplyAxisOffsetByPx
AB28AC16FEDA255B,setsdfrenderingenabled
AB6B059139DAE0F5,setrecentslist
AB86A69CEC04FD86,setglitchwidthmin
AB8A3448F964EB0F,LanguageHasPartialVariant
AB8E3E3DA43479F8,GetBRWinnerData
ABA1B89CEC1BE3D4,setglitchwidthmax
ABBB789C3451686C,SetTeamAssignmentEnabled
ABDDB0C41E093327,setupuitext
AC093F1488DD695E,setreceivefriendrequests
AC1FEECD62DC80BA,enrolledin2fa
AC5632D8A5ABE623,IsIfAvailableLanguage
AC57868DE2B09F52,getjoinedparties
AC583B1BCF5C2AB3,cleanup
AC5EF1CDB2B2E484,despawnforallentities
AC5FB7A9F71C0978,getitemlastupdatetime
AC6D2203EFFD8BD0,isanyplaylistincategoryrestrictf2p
AC6ED6B0805B966C,getpreselectedindexincategory
AC8C548C383E5B8E,addelementafterinc
AC9B8560DF514F1D,ResetDvar
ACC09258DC6AC9D9,PrivilegeResolutionPending
ACDC77BCBDBE1761,getisreversed
AD162F8C071A7184,getattestationstate
AD3FB0FAD4C3626E,isbot
ADA0E7DCE31FD7B8,GetFormattedDateTime
ADA3327C5229A9D0,declineinvitationongamerprofilefencebackout
ADC3CA638A6D4716,isleaderboardeventactive
ADFBBEFFE1CA6C7B,GetCrosshairOffsetForThirdPerson
AE053F5D045FFD3A,setvertexoffset
AE1B35BA6E2657F0,setrevealmapweight
AE457944EE65BCA1,IsShowingAccountPicker
AE7F14AA9DD2E9C1,SetCompassType
AE9123A0DB7B03D6,GetWeaponAttachmentWidgetUsesScopeStencil
AEA6960AEA147A12,isstartupdisabled
AEBE32DF6ABA9BBA,HSVToRGB
AED84C33EC5F01EA,Localize
AEE1C22A69B780CE,clearstartupcount
AEEBDBB7ED40AAF0,IsXboxHybridTitle
AEF5DB98D73C5C85,lobbyreadyuplocalclient
AEF9ACA5861D19CC,geteventsprintschedule
AF13D4623D3F6D4E,GetControllerForLocalClient
AF1F52191DB2BCC5,stop
AF3A6D2403B507C5,StartTransitionSettleFrames
AF49005E9219C9D0,setwipefilly
AF49015E9219CB83,setwipefillx
AF5B92248F1AA36C,GetFormattedTime
AFA7C4D409F3BCC7,isenemyusingspykit
AFB42203316D2481,SetDvarColor
AFC7433AFAF91A88,getxanimoffsets
AFE24333F9BC2CAB,getattachmentslottuning
AFED0C3041A28148,getachievementscore
B007DBEFAB844E9B,GetEntitlementFromScenarioGroup
B03BFC69E56B8C3C,getwinningteam
B03EBAA3DA7684F9,getnameplatesdata
B0602C36A268A462,getsystemsetting
B06C6D08978B8C65,getfencestate
B0719A13EF65A39C,settargetcolumn
B072670978B1139A,QueryPrivilege
B088998DB0204DAB,GetEntityNumNoneValue
B091709C762029D5,setwidth
B09412E9079A3CA3,setfocustypeexclusive
B0A0E03BAE9799E6,SetActiveProjectByKey
B0EE3C000CC8AC6B,StartPerformanceCapture
B0F27F45F33AB6D6,getrawachievementindex
B0FBB0A113D211B5,setignorefirstchild
B0FC3A36AE2B54FE,playlisttotalbycategory
B1296AE2576998D6,setumin
B142BB93E25FD05D,GetPartyIdForChat
B1445CE2578048C4,setumax
B16858BA2F97B1F6,setanimmovetime
B174B9F0D53F9B37,sethueluminance
B1A3CA086F7CE3B3,isusingmpsquadcolor
B1AAA81626932DB4,StringToColor
B1AEA65ACE3F1203,setcharacterweapons
B1DAB7B14CADB2E7,GetImageName
B1DDC60F1CDD15C6,setuserelativeuvoffset
B1DFCE2C36751747,GetBlockedAttachmentCategoriesDataForWeapon
B1E2037F70014014,patchgetprogress
B1F245CEF92A6C23,setupthreatmeter
B1F61B16806D3CA2,IsSoundPlaying
B1FCBEE625F36F26,SetFocusChainInfo
B218AD34152FC06F,getachievementicon
B21A22BF262A7E5E,getoperatorskinbundle
B2339ECA432A9683,setleading
B238ECC463DF5D08,ShowStoreIcon
B25875475EE1DAF6,setluagamemode
B26F44404C58D9A3,getallrequestsreceivedcrossplay
B28C8B137A4D23CE,SwapGamepadsForControllerIndices
B28C8FDA2D0B9DDE,GetCalloutMarkerPingByIndex
B2AC2F25165AA965,IsAnnouncerUnlocked
B2BDCD2133930A94,setbackingfittext
B2D7F0C8E9AAA479,sendkillcamreaction
B2E86D8B3ADF90F0,createviewmodeldatasource
B2E8E1A5F3FF9F4C,clearnew
B30C898D33E650B7,getregistrationstate
B32386A31582BE2C,setclientmodelhudoutlinedisabled
B340158680AC50CB,getpartyuiroot
B35549DF88BBD8C1,GettfaMechanism
B3670BBA6C58B32B,getplaylistdynamicgamemode
B39882A9D77BDBE4,getsoundchannelcounttable
B3E11EE455DDADA1,isbobaactive
B3EDED6C1BA0D5B9,ScrollToNextPageInTheater
B3F6DE6B37E90635,resetlocalinventory
B3F8536DECF197D1,getfidelityfxversion
B3FAAE34396A8ADD,setdownloadlimitmb
B3FE8CF5CD84691F,snooze
B402E5AD897A339A,createinstance
B407F860723A53D6,IsTimeSynced
B4215E7A2DB5B9C2,GetCurrentViewPosAndAngles
B4618DC5965EA8B2,operatorvoiceselectionenabled
B479DE42F6BBB1E4,getstoragetype
B488C770CACE16F4,RegisterSounds
B4C5340ACC371F79,getimagedimensions
B4C5967A3AD8B594,stoppbgpostfxbundle
B4D5BE4377C79137,setfriendnickname
B4DC6ECADB3DAA44,ClearError
B4DECC2B7654EAB1,ShowAccountPicker
B4EEB9BEE1A76675,issystemsettingdvar
B5005EAA1E596F63,setupsubtitles
B51F17BF5821AD66,scalestretchanchortoroot
B524D4D5B140E36E,queuecharacteranim
B5567626F8EA0AF6,SetLastReadMessage
B56A2607259F78A5,getbyte
B59A6A37628793BD,setupscalefullscreen
B5AC9D7BF080860F,getinternalip
B5B4AB50CF5D1DDD,GetMaterialAspectRatio
B5B772BB3A07C3B5,GetBattleNetConnectionState
B5E0F2EDDBC3B85E,setoutlinergb
B5F9B0F2B5D6708C,SetInviteJoinsDisabledForNoJIP
B60CACB1DB45D9D1,GetSettingsPresetData
B63FB2CF142EF4ED,getnameplatesettings
B640F13D65AFBF34,setimagevisibility
B649930493079374,equipblueprinttolocation
B6561036CDFA114A,getweaponarchetypebundle
B67028A7A484FBFA,setleft
B67095ADE9F07FF8,setoutlinemaxdistance
B671C74695E20482,SetVisionSetFromScript
B6E55363249BC662,GetSoundLengthMS
B6EBD8DFFF99A08D,TelescopeForbidAEEvent
B6FB26C1435D8A01,SetURIPairToPrint
B73961284527AFE1,getmapgametypesbyindex
B74423E76DECE3E4,IsSingleplayer
B75228338D174290,getcurrentweaponattachmenttuning
B75586D88B31E11A,getfeaturecount
B767A12ED047051E,cancelotpenter
B77DB836A85E0D82,GetScenarioNamesForCategory
B7827F72AC30CACF,GetIndexForNetConstString
B78C29CE2D0E623B,iterfrom
B796E16C66253CAF,getmonitorlist
B7A7444F3EBF67BD,getavailablereliablecmds
B7CCF962F97CBF24,getinterruptiontype
B7CF3B0A5CFFA31C,AddElement
B7F1AB42ABF2C139,executemark
B7F443F3206EC7F1,PartyMembersHaveScenarioGroup
B7FAC7E1B69DEA7D,handlefocustype
B8345EED9E3043E4,setadjustsizetocontentsecondaryaxis
B8864FF7F80A2610,getallplayersdata
B8AF192211F19EF9,clearplaylistsubobjective
B8B7DFC91F869293,isanysuperresolutionenabled
B8C8FD9D22E18A5B,getscriptablename
B8E508E3123CF7A5,getteamplayerindexofclientnum
B8F1FC98035D8212,getnearbyloot
B91DAF9D62C7A043,leaderboardscancel
B983CEE2B00DC357,SoundDbSplToLinear
B9894ED459E76619,iscdlclient
B98A65FD0FBB6F9E,SaveStorageAssetContext
B98B99AF1A500576,setupheadicons
B9B078A5B30B1F10,combatrecordgetddlroot
B9EDCA39FEC3D604,setuponentityelementspawner
B9EF6080AC085727,getwindow
B9F883F45414C166,ProfileEndEventNormal
BA0BBD335F1EECF7,odsfresetstate
BA39D55E08CF2882,clearallplaylistobjectivedata
BA3AB079CA9B8BFF,GetGametypeStatsPlayerCardStatIndex
BA4A0DD9CB036881,getslotcustomtuning
BA530A67A1FDBCEE,GetLatestMessageId
BA8D765446F50021,getmessagesinframe
BA952834EFB0FA38,getcurrentpositions
BAD5D7B892FDEE40,pauseplayxcam
BAE9DC4FADD47E9A,GetSignInQueueWaitTimeSecs
BB0048A3B385F68F,IsScenarioGroupOutOfDate
BB24FB75EE75F1F7,TruncateToGlyphCount
BB686A0A723E6442,GetMaxControllerCount
BBAE6C9991A144BD,getpartychannelid
BBB4B8F084905458,TryGetBlueprintVisualLockForAttachment
BBC34E017D25960A,getplayerclantag
BBC47348DE06F5B9,setdimensionscount
BC09E282499AE27E,getuserstatesvaluesarrays
BC32FD316B441023,SetMenuHistoryKVP
BC37D079B078812C,fetchtop250leaderboard
BC48AB424B715B40,issignedup
BC4FC61D95B9321A,UnfavoriteLoadScreen
BC54AB658C88AAB1,getmyteamid
BC564DFE73195402,IsTelescopeLiveEventReady
BC7009DA1EB84378,settacmapcenter
BC9ED77FB5DB0945,fixup
BCC7B5812815BD00,setimageshadowalpha
BCCE446C1930112C,setwipeygapsize
BCD0CC1A9D6E6CA5,loadofflinedocument
BCDD1EA1B0906D4D,clearplaylistobjectivepicker
BCEDDF421722F01F,shoulddisplaytpminfo
BCF7C6F304D26EFE,getprioritylistprogression
BD05A4134AFBA218,getvehicledefinition
BD0610720F42A3B0,setvertexworldposition
BD1196B43432F700,isconnected
BD67892D7E4DFE53,getpartysquadautofill
BD969245CEE1A87C,SetActiveSaveSlot
BDC38AB671471CDF,GetTitle
BDD4F739303AF2E2,getprimaryaxis
BDDE9382F575857D,updateitemavailabilityforcurrentgamemode
BDF84D082D73AFF6,GetLastErrorCode
BDFD3625C407B9BC,getlocalplaylistversion
BE0ABE74B0B3FCE5,isplayerusingbuttonlayoutbumperping
BE1F9074C0D53A40,IsSystemUiActive
BE3C6BF807E9F22D,GetCompassType
BE48937F0B77E1E4,getattachmentsubstitutions
BE49CE4BCE0701D5,DeactivateClients
BE6E03A0292DA533,HostSetUIData
BE8F997A7287C46F,IsGamepadConnected
BE9670E0E1EF3730,cancancelmatchstart
BEB66B5EB345111B,GetRelativeRotationCenterOffset
BEDE44F533551EDD,togglecpuprofiling
BEF205737D1A7BA4,SetAndEnableCustomClanTag
BEF8D2747A9843F6,GetAndUpdateCalloutMarkerPings
BF0549F080D9D390,SetupClientViewports
BF06A04C8E9A0D60,BackendPartyCrosslaunchCountdownComplete
BF1D2956B0C99DF6,isinlobby
BF3FF03A3697627F,setenddelay
BF491678A0D0B7FD,getactionparkcombo
BF4FB2C6A2C654B6,DoesSoundExist
BF5374353E9DE089,ShouldCrossExeLaunch
BF69AA31FB8B1CFD,ValidateClanDigitsRestriction
BF994F0DB01FA10A,setusescopestencil
BFA084D731C019DE,printstreamedimage
BFAAFD2C8458DD8B,enableautodofupdate
BFB2C9897F2DED4D,superisrestricted
BFB79C6F02B498F1,getplayerrankicon
BFB83B72D68F6CD4,setplaybackrate
BFD1ED6BA4CF64DD,wakelobbyparty
BFD7688153E07DA6,setcrossfadetime
BFE49E6499E24EBC,rootpixelstounits
BFF95F37D926F39E,SetTextScramblerDecodeProgress
BFFF4ECFF21FE399,ReportMemoryUsageDlog
C0126A7D79C1EAFB,GetXuidBasedRandomOperator
C02496F5585BD9FD,getvehiclebundle
C02B86472F39BE88,ClearBattlenetCatalogError
C031EA1B62EA33BA,resetcache
C055CAB74A709648,setbrightness
C05DEE98AA6FB3C2,LeaveCurrentPrivatePartyIfRequired
C0631AB43BA10119,setgametype
C0762566353ECBA8,revokefriendrequest
C077167A1140D536,getchallengedefaultprogress
C07E895B4E064DCA,GetImageAtlasDimensions
C09803AC1AFAF4BE,setweaponrotationgoal
C0ACC1F266DF28F0,getcommandinventory
C0B3E8F106DF34E0,GetSecondaryReticleScaleWithFOV
C0C715043689A851,setautohidepassword
C0D75F5E555D60E1,ProfileBeginEventVerbose
C15582F3E00E2036,IsPositionInsideElement
C15A6B7714FD0AD9,getreticlenaturalfov
C161A61EC8F4B918,getint
C16D16AAE1F86E41,getrootstatusdescription
C191D50595520658,subscribetomodelvaluetimecriticalinc
C19D904D548BA79B,createdebuginstance
C1A03AE4520EBA5D,ismatchcomplete
C1A421ACEB804F45,updatedatacenterinformation
C1A56349E6EF2356,registerdynamicimage
C1B603EE7408C850,GetNumPartyMembersWaitingToJoinThroughCrosslaunch
C1BC2AFD45DB5B9E,GetStorageAssetContextForEdit
C1CBD3F55E84CE1A,clearlastfocus
C1ED6B1816F95F8B,GetNumConnectingPlayersOnTeam
C20605F60C270F37,areweaponsdownloaded
C2077452C28AB2FC,tablelookupbyrow
C225BD91D0ED4065,getrowpixelboundaries
C256C025184FCAE3,activatecontext
C2634E2AA518C252,GetMemberCountInPrivateParty
C275D87667623FCE,IsWeaponRenderIconCommandBufferFull
C29DFACECF20DE0E,GetLocalClientXUIDString
C2BCD8C971815B96,PatchIsPerformingForcedUpdateCheck
C2BE285BC89E5DD2,getnumscores
C2CCEF78DFCF4E7A,fencespinnergetstate
C2F15385A5B66462,PlayRumble
C306F4978C9E5B8C,getplayercharacterinfooperatorskin
C319449141B43948,setglitchcolorgreen
C31F0F8E96551F39,GetInvertPitchKBM
C323423433BB2476,writeconfiguration
C33178E9E51A4C87,joinonuser
C358A892FFAE6BE7,connecttocamera
C38C3E45564EF6D5,getephemeralpartymembers
C3C28A1C507DA8F6,AddLobbyStreamingPos
C3CCCD0B95EF3A83,SetColorBlindFilterTargets
C3FD49C3AE576093,HCompUpdateEq
C402AC1286E4952C,getweaponoffset
C408565F34F0FB85,setuoffset
C40E824FE270E174,GetModel
C417A28699523792,getnetworkregionstring
C42793DA525D6AD0,CancelCrosslaunchOnGamerProfileFenceBackout
C43F20AA8E089BF8,getmyparticipationstatus
C44BF3C00A8C8D31,IsKeyBindLinkAllowed
C467DAE433D2328E,GamepadPS5RequiresFWUpdate
C49BDE3CFC383917,setverticalpivot
C4AAD2A4D6306CCF,registerallcapsfont
C4AEC49D359E9406,SetSoundSubmix
C4C3855F0791FF9F,isvehicle
C4C78A330AB3CFDF,bootcheckiscorruptsavedatadetected
C5297CE683317D09,GetActiveProjectScenarioGroupFromGameModeKey
C53560B7A20E74A8,isfriendafavorite
C5444B2C73AAA961,getcurrentglobalrect
C556A4FCDED4A127,JumpToAnyNextBookmark
C5760995987B6A89,setoverridechildrenalignment
C57EE6D1A3DA95F8,GetBotAtSlotDifficulty
C5855501C70FD114,openuriandplay
C58A0140C90FEFA3,bindsource
C58C8D2B61AB0A48,setreactiveslot
C5B2583C5FEB2EAF,isspectatingself
C5BE054CB26B3829,getalpha
C5D45DD9438DB5A2,recordpacketburst
C5EA7EB683287036,IsUserSignedInToDemonware
C600776325E69A4B,setradialwipeinnerradius
C60D60BB29728C6A,IsAdsMeleeMeatSheldInput
C6575085F767A9BD,getweaponindex
C65E77807D809B6B,issocialrestricted
C66C1C53B8F7478E,UpdateRevealMapShaderParams
C6938F45868B1BBC,IsGamepadEnabledForController
C6C7F2B74F3CCEBF,GetMutualFriendsByXuid
C6C924F8EF39CA9F,containslootid
C6DD1B6FF7A0A975,shouldshowpostgamecelebration
C6FBD0422C3DC93C,getprivatepartyhostcontrollerindex
C6FD0A669A57A65D,FFOTDIsInitialCheckComplete
C706C11A37865E54,setupblockedcrosshairpips
C71F5D47A58C096A,ScaleSoundVolume
C72657FC5A7682BF,iswidgetfocusable
C74B584089FA8531,requestweaponviewmodels
C75B0DF1301CC6AF,RemoveElement
C762D46BD614A3C2,addelementtoc
C779B78D51A8ED4F,StoreOpened
C785E28F7B618F49,setcurrentframe
C791530DD1150667,getlobbyjointimestamp
C7A0873162D09496,RemoveSplitScreenPlayer
C7E39F37FBC8EFC4,ismemberinparty
C7E6685E08C0BB92,xuidfromstring
C7EF7E711A11389F,getmaploadnamebyindex
C82265F889A5EB28,getitemreffromid
C84BCE775F374185,haswarning
C84E59D400F1408B,setupworldblur
C86C245F3B62F039,unbinduimodelproperties
C879C2878DB98F92,GetWeaponBlueprint
C88265FE9CE51587,getoperatorlistbundle
C8A3C1551B2882EF,banplayer
C8D374A70387D49D,tablelookuprowwithcolumndata
C8E1E8769A4A0774,gettunableattachments
C90FF5F1FFE3CE9E,SendFrontendCommandToServer
C9456E659F16F0A4,setcharactervisible
C94BF91F86A09874,SetUsePartialVariant
C9592517BD0FA450,revokeinstance
C966A6F3A93A1200,weaponisrestricted
C97580C42C59161F,GetMaxTeamSize
C987D4516EDDD038,getpartysize
C98FAF05E7DBE274,startserver
C999668F496AFE92,isattestationenable
C99EE7EC93255CC0,getactivegametypename
C9A06C51ABE925D3,getmappackformapindex
C9BA65C80E99ECD9,ForceSpikeCaptureThisFrame
C9BFDA81DD57159F,RemoveBotAtSlot
C9E5BE3B4BBA4E0E,GetDvarBool
CA078ECF460AB37C,setcharacteranimyawrotation
CA1425FFE7718D7C,setignoreparentcolor
CA27C387B30357A8,AreCommonFastFilesLoaded
CA2BCC31C40A65E2,addstreamedimage
CA4F7819736975B0,unsnooze
CA56F630BC2EE1B8,isinstalling
CA5BC8E8F86A7D3D,getplayerdisplayprestige
CA5D74F5095148D5,getcontentcreatorcode
CA5F034625EEA7A4,getgametypecount
CA69C2CBD7E868F2,getscriptablepartstatehash
CAACA5C4517CA204,HCompSetOverride
CAB9BD1E9EAD22C1,getmeatshieldvoice
CAC42B77341F9180,setshadowsmoothsize
CAE7E83248289443,isfullaccount
CAE874AE297A8D96,getlastupdate
CB12D46763824E45,setellipsesenabled
CB3462148CDEB633,setupweaponmodel
CB419364AFE8EA47,hasheadmodels
CB8796F4ADF5045E,kickplayer
CB9EF7ED6B33977C,getpartymembers
CC01D6761AEF63BC,subscribetomodelvalueinc
CC06EA6E6B3A9910,ResetLobbyStreamingPositions
CC1521972270302D,StoreItemViewBegan
CC4909A6288035A6,gettargetrow
CC543E2DA1F25DD6,UpdateColorCustomizationRuntimeAllSelectedColors
CC73A641E79EA3B9,getsecondaryreticlewidgetlocktotag
CC793788CE5E7D2C,wantsevent
CC8CD20B6CEF5048,getdefaultdata
CC8EB4BEEB9620FE,getdefaultskinref
CC9CAA972CE8809A,getframegenerationtype
CCAAA6F313C4F27C,setradialwipeprogress
CCB578C27DDB9EC0,IsCrosslaunchExePreloadRunning
CCC0DB7E526867C8,ResetLocalInventoryForController
CCE3765FD8F1B848,GetMapLoadErrorText
CCF7A69ABD3E7C38,getplayerscoreinfo
CCF7BF7D25CC3625,installcontent
CD004A555FB74AE9,AddRenderWeaponIcon
CD20AEB0520BE089,getcodegate
CD2BF39D7148C1F0,setupimagestreamer
CD344B7DE66AFA81,ProfileBeginEvent
CD3CE47FE2479379,getblockeddataforattachment
CD9BF22C85C5F944,clearcategorynew
CD9C810ED5512FD7,undoelementtransform
CDA049C5F58C48D2,getplayerteamid
CDA52B0778DC3C7C,GetWeaponAttachmentBaseName
CDB6D668C0FB4C2C,iskeybindcontextactive
CDBA0813A4480D56,hasclientmodels
CE335294718E1D11,FetchTOTPProofToken
CE89EEFAD5BD6DEE,getachievementishidden
CE8C8CBD2C0EAF6B,ReportMemoryUsage
CE8EED09CD5A9D17,closeelementinc
CE942B22ADE57D11,getcrosshairtracedistance
CE990C5BCA894ECC,EnableMembersChooseTeamsAndSquads
CEE24D1971822EE5,getstatusdescription
CEF1C6D804D8B286,xmodelstreamingstatus
CEF2E593F2CE2ACC,vrssupported
CEFC8E90FAC92CE3,GetDefaultProfileAssetData
CF14659C6AA6180F,getmapfeedercount
CF16311E3FCA3DCF,GetUTC
CF3E2B5B1DE2233B,MouseScrollInDirection
CF430DEBFA18A2C0,gethorizontalalignment
CF6FAD847CDC062E,ProfileBeginEventNormal
CF84C1563578EDEB,applyupdates
CF9235692C85C724,getplaylistinfofromid
CFA08F50830658D8,assertontypenamestring
D03AD1A648A44078,getdogtagrows
D040943B6BA0CC6A,isplayerinvitable
D06C8F8B0F9E6B4F,GetSquadFillTypeForPlaylist
D07AE6126734FCDB,IsTELProject
D0B853FAE9166621,isnew
D0D721D75B38E56F,GetProjectNameHash
D0F467952FAEE3CF,claim
D1051B17F9463242,getscriptableiconname
D1172BC007DF3786,setpartyname
D1264C22209052AE,sendmessage
D14308F169BB0770,IsHardcoreMPActive
D14B6102841AB394,SetDvarFloat
D15960C84AEC7C3C,IsXModelReadyToDisplay
D187A2CA545EC602,setupbullettracker
D1A3AB827D97924E,FetchCatalog
D1BB125F8923F2CC,setshadowdistance
D1D0B24F3084ADF2,getfriendscountbytype
D1DDEE0C61545CC2,ismatchinprogress
D1FB144EC2AD9239,mapvotingready
D20AF4C8B2FDD1DF,GetBinkTotalFrames
D235D0443F9C8321,isinprogress
D23D37B42CADE1D6,getmessage
D242D7A8CC5F6E44,computerowbottomfromtop
D2508465A5A2EE77,SetMask2CornerSize
D261D7D13696681F,SetRGBFromInt
D2692B1B59144830,requestbodymodels
D2749C00E0D883D4,setfrontendactiveplayerdata
D27F6E9220D5E813,isplayerinvoice
D2B43EEEB02CE92B,setuseexportedlayout
D2BB8FABC0D5D042,beginedit
D2CF13E155C9092E,setmask2inverted
D2D223E122F43C16,getteamplayercount
D2DD2A684770822E,getsettingmenuuserconsentstate
D2E0D4E2CD0FA6DE,cancelstartserver
D2FEF712505C44C4,setoptoutrighttoleftalignmentflip
D30714D67CD96A70,getcolumnvisiblesize
D326CFC4F98CCFB9,GetImmerseQrCode
D32E4C632A5DDF1E,setsmoothshadowenabled
D34C623E28A1C5E7,SystemRestart
D353701B283D904C,IntToHex
D360A5110EAA5B02,setupreplaytimeline
D363F203268F2372,getsecondaryreticleoffsetfromtag
D37F59297B471D9A,getluagamemode
D3905B4414A0A8CC,ShowPlayerOnlyAARMinimap
D3CB483D305C0F1E,uninstallcontent
D3DACD106DDC0D71,StopMenuVideo
D45DEE132C6B12C3,getachievementgamemode
D4719AC6B9A23271,getpositionforindex
D49E4DB5F8C9A05C,setnumcolumnsinc
D4C667603DAFA21A,StoreClosed
D4CEFC758A2E8182,setlastlinepadding
D4D9FB5C7455B6FA,getplayerdisplayrank
D51BD000E00A13D3,isplaylistrotating
D58462107DF222FC,cancelemergencystop
D593D9B102F9DA8C,getworldposeoverride
D5976DAF0A9078FE,GetCurrentBink
D59ABAA37C6780B7,getcontentcards
D5F67BDC5FBA0CA7,isplayerinexecution
D5F8EC1D2E91DFE3,AttachElementToCrossHair
D603A26F08AB3858,DoWeHaveOnlineStats
D6109CFD9EABD814,GetPlayerAvailableDataFlags
D614D394F6F9A18D,GetModelValue
D629AA9BADC85EAD,getweaponhasperk
D64A5464634AF87D,gethorizontalpivot
D66E5B4871785AF6,setuvscale
D672A5E0239BB78D,SetupMultimaskElement
D69E92963BBA0707,GetTacmapPreferredView
D6A78C87A3E6A3F9,GetStatsContextForGameMode
D6D1831EA6E24759,gettweencount
D6D60E06FE7052C2,StartGameMode
D7051DE44CE319A8,sethuevalue
D711B0757528449B,tablereadallrows
D7211C96E531476D,fetchleaderboarddataforsprint
D73231DEDA97B69A,IsXUIDInvalid
D748821293BE1BE5,FavoriteLoadScreen
D777E4843EA5DC3D,purchaseblackcell
D7819A5C1FDA9E9B,IsSuperResolutionEnabled
D79A2159F0A6313E,setverticalalignment
D7C05D8C4B572A3F,isclientbot
D7CF7F74EAA8293B,isserverowned
D7DA23047C8EAC9F,getaccountphonenumber
D7EC2A63ADBA9B6C,setheight
D7F88C2BAA24B3D0,getplayerrank
D7FE4C5AFE1F4377,getangles
D80003C6BEE230FF,getoperatorxpdata
D825D835ED2A8E95,GetColorPresetData
D848AE5FDAC4A960,setupuigrid
D85851A7FEFF01D6,gettop250position
D86BAFB16A56F490,isaccepted
D86D74EDA7CAD200,unblockplayercrossplay
D87BB40E53A8C20F,MultimaskUpdateMaskData
D89568FAED505116,IsIOS
D8997973842527AB,setupuicountdown
D8A3505D355BEB79,getspawndistance
D8ABF895EEE0C7BA,GetUTCTimeForLuaFence
D8B743CFF49E566C,projectrootcoordinate
D8FF2700EFC6CC48,StartPrivilegeResolutionAsync
D9146DCDF5E32C24,MemProfileBegin
D9242D2E2A75E4E5,SetTargetIndexByElement
D925FF01160E0767,AreLanguagesReady
D9550565068844CB,setdata
D95D14FEC385000E,setupanchoredelement
D97649C3A50965BE,clearplaybackflags
D985A9684FB883AA,getplayercharacterinfooperatorskinbyclientnum
D990756990A2A381,getloadedentities
D9948792F69CE076,setimagefiltering
D99CC7A7EFD4E990,getcurrencybalance
D9A0E5D1294753C9,BitwiseAnd
D9A758A10AC820FD,iscodcaster
D9A95ED70C4F54C7,setvmax
D9C46CD70C663449,setvmin
D9C89C00DF9B85ED,setorigin
D9F93CCAF3B68848,getlastfocusedelement
DA0DB94230B1AFC2,GetPlaylistRotationCurrentPlaylist
DA1934CCC4D71F49,ListTheaterClips
DA1DAA3E8650282A,ForceMouseMoveEvent
DA3AD2B5DB8512B0,isrpcrossplayenabled
DA449B9851CF679E,getplaylistgametypesbyplaylistid
DA49A381557AB1CA,getgametypeattachmentstartammo
DA4D795C93C0A079,iscontentenumerationdone
DA70FDE57A75B032,SetPartyReadyUpEnabled
DA9114A95F575AAB,getplayerpartysize
DADFD825E7AC13A3,setstartupdelay
DAF0AE33F1C9DC38,constructviewmodel
DB04FB1143EFB79E,SetHUDInitialized
DB0FA3D79A09CF96,weaponclassisrestricted
DB11188DD2C5542A,getactivechallengetype
DB209FBE4ABAAF81,SetInnerBlurSize
DB31B531779B1C0B,StopShareableRecording
DB35FD310E25F321,playatposition
DB41C822993448D2,getnumchildren
DB433172370D0A5B,CanShowPlayerPlatformProfile
DB540A69FD7191C7,IsBattleNetLanOnly
DB5AE968DA6D3913,SetOperatorInPlayercardCache
DB6C9C9D8AD5A171,SetLuiLayerKeyCatcher
DB7B9DBB2D98080A,breakonunsubscribe
DB827625018E2ECD,arewepartyhost
DBC57887C084EFDB,getmainprofile
DBCC284EA6C1F669,GetActiveProjectKey
DBDFEDE6D2AA9F29,ReplayRewind
DBE610353097D6BA,setmaxvisiblelines
DBFFBD73C93DD344,isready
DC34E106A8C24847,getcurrentweaponattachmenttuninglabels
DC4D5E9810D26F7E,getcurrentanimname
DC5A4E68319C6904,ClearTutorial
DC81AA11DB126586,setnumchildreninc
DC8A53CFAD65FB8B,raiseerror
DCA085C21FCBD7CA,IsAliensMode
DD17B26614ED935F,setfadeintime
DD233BD25B7160F7,getgametypefromparty
DD2A39FED2CEFEC7,setactivesector
DD3AB4A89DB261F9,getdecodeeffecttimelength
DD5369CB37A574EE,ismembervoicerestricted
DD81098A17EA28EE,GetTitleFromTitleID
DD94ABA5504B0475,setisreversed
DDA5A223FDA279C6,ClearDebugTraceHistory
DDAC3885CE254EC8,IsScenarioGroupUninstalling
DDBD8942433973CE,moveinstancequantity
DDC2BB9F425AF400,getfriendsdata
DDDC5BF5B3A0D25B,setthickness
DDE7EBBC53DA633D,continuefrominterupt
DE32A4D25718D1C9,isblackcellowned
DE6F30798441706C,getpendinganimname
DE859FDA0484D3DE,loadmatchrulesdatadefault
DE91A1DDB1780B3A,SetNetHealthIconSeen
DE9D1A85DD24CB71,setteamname
DEC534D9DE1E873C,isenrolled
DED124D2764761D2,GetMicroseconds
DED16629C31833A2,setupfrontendcameramover
DEE7D9ECA418B094,switchactiveclient
DEF1C0CFD827D47F,getvoiceinputdevicelist
DF10F88F72FFD1A1,cachedatafromslot
DF1D8BD5DF8A71A2,IsDownloadForSettingImportComplete
DF26DA4ED6C180C4,hasstoredata
DF379A45B007B1A6,getplayerscoreranking
DF4871EDB11EFA1B,isusingprogressionmodel
DF579C6143F5718D,isplaylistf2p
DF69C2843B1DD26D,ismembersplitscreen
DF6B0CC3002991DB,tablelookupmultiplekeysgetrownum
DF6F1F4913ABA49F,getallfetchedmessages
DFAC8D846FC98123,getpendingregistrationcontroller
DFB66055BF32565F,IsClientWeaponLoaded
DFBDF91870156C67,notifywhenpositionisvisible
DFE4A5D4DCA4A4A8,getreticleprimarydefaultscale
DFF81E7C92B8E86F,SetShadowRGBFromInt
E008E1D00588A2E6,removeallbots
E01DBDEDC4AAD6A3,getlocalizedconfigstring
E021A7FC4EEECC4E,ShouldPopupLoginReward
E0276C7196BA5A37,garbagecollectfull
E02D6016CFF54957,spectateclientnum
E02EE23212DE0899,patchresetstate
E0367F2673E2FED1,ForceKeyBindingReload
E0374B0ADB722087,FormatTimeMostSignificant
E05CC1797B44A781,convertcolumnpixeltoline
E07CB3B9E655C83D,profilecollectioncomplete
E0889F4C243256F0,getrowvisiblesize
E08D32B43FC6E461,tablelookupentirecolumnbynum
E0B47503FBFF95C1,GetAttachmentSlotsBlocked
E1041D6AD330A207,copyweaponbuildnotification
E13579400938A3B4,hasmlgrecipeavailable
E15D98DF5F61904B,DLog_RecordEvent
E1673126E26B5255,UpdateFrequencyPeaksShaderParams
E16A8B517C8280EA,getindexedmapinfobundle
E16DC23DB3DC4FD1,cancelpostgamecelebration
E1B35B87AAF2EC1F,getonlinefriendscountbuckets
E1ED32CA75F0BBD6,SetToggleTacticalADSConfigTypeKBM
E1F9B847E7908FE1,getmaterialconfigstring
E1FAB6D9A30481F8,DvarExists
E205A42FAF897169,ishardmoderaidplaylist
E21DEECE16478C5F,GetXHashHexString
E240BC8B7F2A32FC,GetModelForOmnvar
E24838DFB079A4F7,calloutmarkerping_issquadmode
E24D8346FF9D35DC,getheldweapon
E250B54D49F26767,SetupBallisticReticlePoint
E2525D75712F8AC0,getreticlesecondarydefaultscale
E27785E91BD66A4C,setmsdfrenderingenabled
E2B95CD9D6BB4562,getclientxuid
E2BF4CF40331C04B,getplayerarmorindex
E2DE6F7A69111B92,IsUserSignedInToLive
E2EE6872FF7C7103,settextshrinkingdisabled
E32B7A96F65207EF,SetProjectFromProjectTable
E32D14434C1D4EA2,BootCheckActivate
E3351E3BA387B971,GetXuidBasedRandomIndex
E341C076B36CC16E,setupuimask2
E347AD899EB9467B,gethashedscriptableindex
E35FAB299FE95027,GetStringFromNetConstStringIndex
E363F9ADCFA4269D,GetWZLegacyCashColor
E36848B63692E9FB,IsLanguageInstalled
E3A96C4329FB0AF0,GetActiveSaveSlot
E3B8A241F9DE1936,isrewardclaimedincache
E3C336BE3C5D5564,tablelookupentirerow
E3C78334CDFA9FB0,gettop250leaderboard
E3CB161A5685F7FF,getcategorynewids
E3F3E3CC61E15B00,IsDisplayingNameTag
E40264000945310E,settargetcolumntodefault
E40D83F9B9034411,getteamplacement
E415D7BBBA2B8A82,setcurrentplaylist
E431F0C8AEEAEB79,purchaseitem
E435FB6225B35A9F,getpartyreadycount
E485CFB8E93033B4,IsStringHexCode
E4A205AE5BB28B5C,bindelementxtomodel
E4AF41A6D9F9090B,isuserinvitebuttondisabled
E4C3D5F9A25A652E,setupsafearea
E4CFB267C6FFB83B,setobjectivenotpulsateforscriptindex
E4D323DCA8102595,handleininstallmanagermenu
E4D3C9DBA81734BB,getisplaylistidfiltered
E4DB643FBA1B6F01,mouseactionwebview
E4E2E2D383AE06F6,validateandstorecontentcreator
E4FD5EC3873DE3D1,setupuitriangleimage
E51CB5C434C63793,getplayerclientnum
E51F88DC84C6CF72,queueclientmodelfade
E52848D2DA801BED,getsavedmodemax
E55D7805DA008136,doaction
E5A61BBA1A5DBA82,isimportsettingsenabled
E5BBA6799491D063,SoundLinearToDbSpl
E5D2B17042DE9DCA,setplaylistobjectivepicker
E5D6A58068FDEA12,isinviteonly
E5EA1D2AA97586F2,setplayerstartxp
E5F7594FC2AE9F82,supportsdwcloudstorage
E5FEC779AD0E8E74,issonyeu
E60FB379AD1CDFAB,issonyna
E61756CE547E56AF,parseclusters
E636D3BF423FD414,senduserevent
E63DB790270A1CA3,getlocalclientuidata
E6480FD73E9176CA,resetsettingmenuuserconsent
E66EF69FCCFC21D2,resetfilter
E6A4B10F04AAEAFB,MembersHaveMissingScenarioFlags
E6A8ACAB2CF751F1,subscribetomodelinc
E7203AFE3DF48C4F,isvalidentry
E74AF37B6FF8064C,changeminimapcompasstype
E783E2AEF41B5AD9,IsPartyQueuing
E7954C15113CF57E,getnetworkcountrycode
E7AF3B0F82FE64DB,SetFriendAsFavorite
E7C75E608EA39B5C,Exec
E7F258B99E5D9B4C,triggervirtualkeyboardcallback
E7F5FA9443045C08,purchasegift
E7FD640B7D8FD15E,toggleselfmute
E813BDB5DDDF1A24,setcharacterweaponvisible
E82D0C3EEDBDCDCA,getreceivefriendrequests
E8300EF29CFEE2B8,ResetUserToDefaultCustomization
E83EA19187E7E544,setoutlineopacity
E83EBDB1C753AFA0,iterchildren
E898B12D07DF49BE,GetWeaponAttachmentsByType
E8B8A4E0355DF0C0,setweaponoffset
E8BCA2E4A0E33DF5,Steam_IsOverlayEnabled
E8D353F7F6B19A08,PlayLoopSound
E90A952E4333624B,setimageposition
E9175F15808C1FFF,getnumberofteams
E98E9E6CC762B26F,ReplayForward
E9C0641BC041A6BC,debugprintif
E9ECDDFFB658A09F,getcineid_solo
EA05DEBBD53B802A,DidMemberReadyUp
EA1445D06AC5C647,applycharacteryawrotation
EA578C58DA072532,setallfieldscolor
EA6769AE0AC6FE21,isentitlementowned
EA79C63520FCD69F,GetDefaultKey
EA8F030AC6F78E41,refreshteamdatasources
EABC7878DA81849D,getbufferinfo
EAD471CE4EDDC534,SetTextTypewriterProgress
EAEEADA29F0539A8,acceptfriendrequestcrossplay
EB2F38D056C89C41,openuri
EB328B5B2316C036,getactivegametypeobjectivedata
EB55E6E9AFB2E809,toggleplayermute
EB60A50B4F6E377D,getplaybackflags
EB7B8B7881B0B68E,multimaskremovemask
EB81A5136C5503E4,ExecNow
EB9986263D997459,setautoscroll
EBBE4E088229E5E1,getoperatorvoicepackagebundle
EBCAA28E885DF5F2,rebindsource
EBF66E3D637F684B,getdatainfo
EC08B9E17DC6889E,getnumsubmatches
EC28EFA78474A638,getraritieslist
EC57CC971A175C49,getsounddeviceidlist
ECA901A292359F65,isvehiclehornavailable
ECCB79FDDB412740,LinkKey
ECD8DFD5C958D2FF,GetColorBlindFilterTargets
ECE362F53EEDC7AE,getweaponattachmentwidgettag
ED05F14CF0F1F4D3,setclipboarddata
ED0BDBFEA40C1D31,setadjustsizetocontent
ED131AFE5A6C2ED9,UnlinkKey
ED30CA7431983EB6,animatesequencebinarylooping
ED4361A9402BFF5B,GetDvarEnumList
ED80121BDBED5D1F,GetAppearOfflineStatus
ED81756AE6FE0BDA,getbuiltchildren
ED87B38D9E227ECC,HasDisconnectedAfterSignin
ED8A1AD088F861C5,pushscoreboarddatatoluimodel
ED8C8053D5C7F1A3,isentityalive
ED8D2911412B3EC0,getcurrentweaponattachmenthighlights
ED9887C00CF2B985,getweaponnamewithdefaultattachments
ED9A158A07540163,GetIsSDFRenderingEnabled
EDB5BC10F5103C3E,UsingMultiTeams
EDCC4A13F8310003,gettheaterfiletypestring
EDE18F94B815A481,inkillcam
EE1E8FED08B06DF7,getfriendscount
EE1EACB1CB6C8E6E,startsim
EE211229707F107B,BattlenetApp_ModifyInstall
EE5834060F6632A7,getscoreboardrowdata
EE5B1AD76DED9F3F,getfontsize
EE5D97AD45AD251F,start
EE86BF7D0FE0AF1B,SetArachnophobiaMode
EEA0D359542D8D27,isdenoiserenabled
EEA351614F42432D,debugbreakinc
EEBA833B203B4B69,GetBrClientNumForSquadIndex
EEC09A9EC34884FB,setuprendertarget
EEDBB08708A66156,getclanabbrevoflastknownclientnum
EF22BCF2A1CD54D1,ReplaySpectatePreviousPlayer
EF4F03961D6FE185,setflashfade
EF890784E5EDEDC9,getteamindexplayerindexofclientnum
EFAABE5F8B059F88,claimreward
EFB2B6A81F59E751,OpenContentManagementScreen
EFB9EC84C920B38C,playcinematic
EFE14FA6943AAB90,AddCurrentWeaponRenderIcon
EFF4AF19A494B399,getattestationqrcode
F0167DAE783C5C94,togglememoryprofiling
F0182A1660F9FB6D,setdecodeletterlength
F03B7C6676C22A7F,GetWeaponBlueprintsFromHash
F03C575B1F1D9854,refreshdatasourceview
F04EC34B935AC45D,setassettype
F04EDA614D778A8E,isplaylistdmz
F05C49AA8E3D0E35,getplaylistobjectivestring
F06093D047200548,GetScriptBundle
F06CDBB580B1A439,leaderboardsgetstatus
F06F88195F4741A1,setblurnummips
F0929CB0A3C5047D,GetClientWeaponBounds
F0A88E67D5B4EFF8,getmodelist
F0A98E9884853762,LeaveGame
F0CEDDBF48BA599F,getcharacteroperatorref
F104C669A78D9155,getplayerdeaths
F10ED0BFB4EB6AFE,getteamidforbracket
F113F329CCD0611C,PlayBinkFillerAfterFinish
F11F0BE4615386B7,buttonpresswebview
F12C317C0631D9E2,IsPreviousLobbyIdEqualToAchievementLobbyId
F15351CD23E71D12,setvertexentitytag
F15C60EB1A12545F,getreticlepreviewimagename
F16DAA6E90F403D3,loginexisting
F1929336C0FCACD3,removecommonfromlocation
F1A40F725EF4CCAB,iteratepurchasedbundles
F1ADAC98FA665F8D,sethidechildreniftextempty
F1B02EA775D1B35C,loaddatafromplayer
F1E0517BE691D426,UseRegularDrawList
F21A6399922BB160,getnewtournamentrewards
F22233D40D81295D,getautofillinfo
F225946E47218607,ReplayFreeCam
F2400EA1C47154DC,getidealfontsize
F2414681ECAB880F,SetDvarInt
F25DE438C4265707,UpdateServerDisplayList
F264432A93CCA96D,Corsair_iCue_State
F28966643AFFA611,luielementnewindex
F29E992BBC0F43DF,ismodifiable
F2B7ADE823B837EE,InLoadingScreen
F2D11FC629920BDC,clearnextstreamposition
F2DA37B103378AC5,getcursorfocusstack
F2DA54CF5D6B7F02,IsDevelopmentBuild
F2EF393F1650E09B,setanimation
F35C177B3007E5D4,BootCheckIsBlocking
F35F2FC1A4A30C05,getreticlemaxscale
F363C9B5AE5CC5ED,GetLastInputType
F367ED70F0DB50B0,setfieldcolor
F376744078A977E3,getfillstyle
F379E816A88B4AAA,clearmask
F388F54F3DD5C547,setsaturationcorrection
F395DE1E9756DA1F,getplayerteam
F3A3FA18FDC01515,addfriendcrossplaybyxuid
F3AFE92D2B380DBD,HCompGetSettings
F3C667D78516253C,isnilorinvalidxhashasset
F3E6E396BE68A3AD,isplayerinevent
F3EF334D84AADCEA,setrgb
F3F37DF12DBDF73C,ShouldShowPostMatchSurvey
F3F60218E9A9B2AA,IsLUIProfile
F3F9ACDE59840964,isusinganymodel
F4116328EF7DBB0B,setglitchstyle
F443491A60A2AFF4,getspacing
F45463194FAF01A3,gethexname
F4562B9DD21873D8,GetUserProfileByType
F45ADD213E99C39E,AddBots
F45D1B9EA7EA7F30,getuserbyteam
F4660CE43A8896C4,getrankedplaycrossplaysetting
F481A3D53D8A0353,GetWeaponIconBySlot
F491916651571863,SetWeaponInPlayercardCache
F4C61315DE4B39CE,setglitchdistortrangevmax
F4CA656D60D5D034,getpartysearchtime
F4DE5F06348B71AD,GetColorCustomizationAdvancedColorAtType
F4E12515DE62201C,setglitchdistortrangevmin
F4FB63EE7E9276F8,GetMonthName
F50029CACBE8B7C3,ispositionindataset
F50A57E35D35E36C,setdirection
F528B9FDA7C43828,buildserverlist
F53ABD7BD98D8BB8,LoadGametypeSettingsFromGametypeAsset
F56E849A42348697,getxp
F58152C7B8E5FBBF,getpriority
F5B19EA551964516,upgradefromexisting
F5DD3A839CB23D0B,gettweencountofchildren
F5EE05AD994388B6,UsesMouseCursor
F6342B7DDEEDA5F4,isusingmodel
F63537242F1D48FF,IsInPrivateParty
F63A6AE56DCAC4DE,GetWeaponRootString
F63BA603FA1CB3A2,SetExactBotCount
F64291CCBA218EDF,ClearMapLoadErrors
F65254CD35DD3171,canchangeplayermute
F686DA9768C6E98D,setupuiimage
F6A8C0C84A4BC620,AreAllInfilGameplayTransientsLoaded
F6AC1989CBA73355,getnameoflastknownclientnum
F6BF6AAF98B8A22A,IsVideoFinished
F6F8311E6071AD0D,setrequiredmodifiables
F722F56788C744E9,attachmentisrestricted
F7272F83AD12E8C2,activitypartyreadyuplocalclient
F7455ECDFBE86B27,getcurrentfrontendfastfilename
F75054BE5D442CC6,setshadowsmoothintensity
F762EBBE5F9C5874,startweapondownloadrequest
F7909DFB51795473,GetMinimapStyle
F7A7F3297F2DD715,setzrotation
F7AB05DE64C24FC4,constructluielement
F7ACC9413520E612,SetShadowRGBFromTable
F7C41544F498F8A7,setvisible
F7CA1EC59165F5B1,setupwebview
F805D0407BF691DA,RemoveBackgroundImage
F82505C42EE3A76F,getweaponmodelname
F84F97B4633670E9,open
F85E56A212C62E9F,getainameplateicon
F8705E5C53AF5FCB,setreceivewhispers
F87AEFFF9B1937A4,setmousecursorcontroller
F87C8C8D1016F0F8,getsounddevicelist
F88728D1CBB1EE09,WriteProfile
F891B66DCB9A9243,setimageshadowcolor
F89E75BDB43C5A5B,assert
F8C86A7F13273079,getrect
F8E2161C75D8B369,isuserready
F8E3DCA4146A6C2F,setautoxhashmetatable
F8EB37A11EF36A90,RefreshPremiumPlayer
F8EC01CCAE9EF80B,GetLocalClientXUID
F8F0EB634D1D8564,AreGamerprofilesLoaded
F901AC6AB7A798A3,SetGamepadEnabled
F903B285480EE193,lockmousecursortype
F9055BE3D9B8EA23,fetchsettingmenudocument
F9179ADEB626051B,updatetelescoperequirement
F9242C05FD66A9C7,GetStorageAssetContext
F939403806AFBB3B,ownershipstatusfencestart
F972CE2DC8F1844E,iscategoryincurrentgamemode
F97A5262DF45D230,Corsair_iCue_Event
F9975A12F313FFE5,predictvideomemoryusage
F9A20A6CC3726389,GetDayMonthYearByTimestamp
F9B6288673FCDB34,GetCatalogStatus
F9BA4C31F5D63821,Steam_Overlay_OpenAchievements
F9C434C89B1934C4,getentnum
F9CE6DE13C94E065,getitemcategoryfromid
F9E4A351824F9207,gcstop
FA09D11F619BA7A6,Set9SliceEdgeHeight
FA5EA880DF20ECF1,getfilter
FA79546455376942,GetCurrentWorldMap
FA87C43B74C005C5,GetMinPrivateMatchPlayers
FAB2473C8BAC4961,ScrollToPrevPageInTheater
FAD5E5EABE1EBF2A,setcolumnspacing
FB0463EB9C2D3572,GetNextInternalFocusFromDirection
FB336EC20F262777,GetHighestDifficultyForLevel
FB3ADC1B53E73BEF,setscopeindex
FB3F536475151EAC,getactiveid
FB3F7544F75C8A6F,debugprint
FB3FF25F4703E979,existimage
FB4A39403C48EB56,markviewstatechange
FB608D8D0D93EC9F,setupdynamiccrosshairpips
FB714C022A9EEA56,SetToggleTacticalADSConfigType
FB71BE97DFB50780,setimagedata
FBB24486AC28BC3D,mapvotingplacevote
FBD71010D9F2BF04,AreAnimsLoaded
FBDDA694294534CA,telescopestopallsounds
FBFF036D4A6734EE,GetDvarVector3
FC333B3F926B89CF,gettargetmarkerworldoffsetz
FC457C39F67E5649,getachievementname
FC522B92B1686744,setweaponfadeeffecttype
FC54490BA7C61D26,GetBinkFrameNum
FC57F068D1F8FB67,DeleteProfile
FC73947EFFB52CC5,setfontstyleinc
FC99CAB76F12E539,ProfileEndEvent
FC9C8758C84FC2DF,getverticalcontentsize
FCB04097BE73C5B0,getdepth
FCB5560C752B2AB7,isofflinemodesupported
FCBCF315DE9B8AC6,InLobby
FCC7799E4FDAF16D,fadefrontendscene
FCD7D1E492C1E6C3,setislooping
FCE7A17A2C692B66,setsystemsetting
FCE95719D488D20E,setupconnectionpuzzle
FD09B6C7FEB1C313,getcontentsizembforscenario
FD334E95C56CDFCC,shoulddisablechat
FD33FE206DC971A6,FlagModelToBreakFromLUA
FD36E3CAF4F0D8DB,GetActiveGameModeKey
FD61B5CB684FA27D,GetDownloadHistoryData
FD732C2689291397,iscontrollerxuid
FDE18880E39048FB,downloadinventory
FDEDC4BCAC4FC759,geteventids
FDFDF017CBDC83AE,AreAnyInfilGameplayTransientsRequested
FE0C389D726E8030,OpenPerformanceCaptureDirectory
FE282396C3A4C54B,GetPartyStatus
FE40F95DFDE9A2BF,hasweaponiconcommandwithslotandkeyhash
FE7A3816525739EF,IsUsingReadyUpFeature
FE9F5513A2E6BE7F,getreticleminscale
FEA23CAA4B132C55,setlanguage
FEB211E667DA8403,getsubmatchwinner
FEC418A6543B73E6,setvertexpadding
FED4C31EE38D8BA6,DetachElementFromCrossHair
FED79FCE112C7846,DoesPerformanceCaptureDirectoryExist
FF478C751AD9ACA9,SetUIReadyToProcessCrosslaunch
FF7246C3AD59E397,getmaterialconfigstringindex
FFCF332AA8AC9B0F,PlayMenuVideo
FFD7E1A7AA7F244A,StopIntermissionTimer
FFDBEB79732B0D45,WidgetTypeExists
