hash,name
00012EFC188164CD,ui/generated/widgets/wzm/mobilegenericstepsprogress.lua
00073C3DD920619A,ui/generated/swatches/swatches_wz2_5.lua
00108770A3A23E21,ui/generated/widgets/ingame/mp/loading/mapintroimage.lua
00154A4AEB381865,ui/generated/widgets/frontend/battlemap/battlemapsectorpreviewdetails.lua
001556C86405057E,ui/generated/widgets/frontend/aar/aarcontractgridcontainer.lua
00155D934BF9EC83,ui/generated/widgets/ingame/reticles/reticlehybrid02.lua
0024FDCB45CA4FB4,ui/generated/widgets/frontend/seasonalevent/seasonaleventeventplusconnectinglines.lua
00265FB36A8D2A44,ui/generated/widgets/frontend/aar/aarweaponunlockprogression.lua
002BAE53EF10F4F9,ui/generated/menus/rex/firingrangemenu.lua
002CA8852C055BA3,ui/generated/widgets/ingame/mp/nukewarningcontainer.lua
002FDC644158B386,ui/luimixedelementpool.lua
00316D61BE93F448,ui/generated/widgets/rex/globalpanelchannels.lua
00375A1DEF596EA1,ui/generated/menus/brpubliclobby.lua
003C373C347D912D,ui/generated/widgets/ingame/mp/rex/matchstatusplayerscustom.lua
0044CBDDC450BEF7,ui/generated/widgets/genericoptionbuttonbackground.lua
0045EEAED43F9213,ui/generated/widgets/dmz/collapsedtasktooltipcheckbox.lua
0048E71539241D16,ui/generated/widgets/vehiclefiltermenubutton.lua
004AD63A1210CD92,ui/generated/widgets/ingame/reticles/ret_cer_guide.lua
004D3E5E55EB7759,ui/frontend/frontendscopereticlemanager.lua
005483F6E0AC25AE,ui/generated/widgets/frontend/challengessharedmenu.lua
0056D738B89A46A1,ui/generated/widgets/alwaysloaded/rex/flyinkbmarrow.lua
00585134BA60B4AB,ui/aardatasources.lua
005FAE5DEB16C664,ui/generated/widgets/frontend/aar/aardmzupgradeprogressioncardwrapper.lua
0064A1EE54E7A7CE,ui/generated/menus/frontend/pagedbattlepass/pagedbattlepasspurchasemenu.lua
0066815B79C922A8,ui/generated/widgets/frontend/mp/dmz/dmzinsuredlockdata.lua
00763C89D76E5625,ui/utils/gametype.lua
0082A2C8A9168F55,ui/generated/widgets/frontend/solooperatorbio.lua
0082AFD4DCB045DF,ui/generated/menus/frontend/mp/rex/gamesetupoptionsmenu.lua
00861F4096700551,ui/generated/widgets/frontend/lobby/privatematchstartbutton.lua
0086247C923B36D3,ui/generated/widgets/store/storerownavigationhint.lua
0090E28E27A26E32,ui/generated/widgets/frontend/challenges/currentmasterchallenges.lua
0091EAE02B8FB79C,ui/generated/widgets/frontend/mp/dmz/dmzselectedmissionrewards.lua
009AA592B99A60FB,ui/generated/widgets/ingame/mp/ffascorehud.lua
009D052E07074BA2,ui/generated/widgets/ingame/radialmenuplaceholder.lua
00A00D3951D5344B,ui/generated/menus/frontend/jupdepot/jupbattlepassupsellpopupmenu.lua
00A564C91EC17278,ui/generated/widgets/ingame/mp/rex/pointspopup.lua
00A7E84C4029B5D7,ui/generated/widgets/frontend/lfp/lfppartymemberentry.lua
00AB240EB91AC27A,ui/generated/widgets/frontend/seasonalevent/seasonaleventsleaderboardcelebrationheaderrow.lua
00AD6BCB00672B28,ui/generated/widgets/frontend/aar/aarbattlepasstierdoublewide.lua
00AE8D46D1A59649,ui/generated/widgets/ingame/cp/iw8/cppauseobjectives.lua
00AE91C05D8D41E3,ui/generated/widgets/ingame/reticles/ret_cer_loot_s3over_rangefinder.lua
00B0B6E3F0600E16,ui/generated/widgets/ingame/mp/jup/roundendscore.lua
00B57188DB94CC1C,ui/generated/menus/frontend/mp/outbreak/obactselect.lua
00B883FE58291EE0,ui/utils/mplobbyhints.lua
00BE572CE6802C28,ui/utils/draganddroputils.lua
00BFB59ADDD91A58,ui/generated/widgets/scrollbar/horizontalscrollbarsliderarea.lua
00C4BD41CAE5E522,ui/generated/widgets/ingame/reticles/santavfourx02.lua
00CAE131A084EB01,ui/generated/menus/frontend/mp/cas/weaponlocker.lua
00CC47EDDF9E6F87,ui/generated/menus/frontend/pagedbattlepass/rex/pagedbattlepasstokenpurchasemenu.lua
00CF870CE63D3226,ui/generated/widgets/ingame/mp/vehicle/atvdiagram.lua
00D4E73A4D2F4E9F,ui/generated/widgets/guardattachment.lua
00D7B74E79119E81,ui/std/lazy.lua
00D8863D55F81EEF,ui/generated/menus/dev/uitestmenufontstandardize.lua
00E2A5A40C09F35B,ui/generated/widgets/augmentsgenericheader.lua
00E36C7BA3F67FF0,ui/generated/widgets/frontend/mp/cas/loadoutweaponcluster.lua
00E594F68A268D43,ui/generated/widgets/frontend/lobby/returntoplaylistlistwz.lua
00E7B12E1646C112,ui/generated/widgets/ingame/reticles/ret_cer_varizoom01_def.lua
00EAF0ED52BC94F1,ui/generated/widgets/frontend/unlockcriteria/criteriawidgets/unlockcriteriawinchallengewidget.lua
00ED40320BF09D69,ui/generated/widgets/leagueplay/lpprematchbutton.lua
00F5D4F051D20A88,ui/generated/widgets/ingame/reticles/ret_sat_long_05_wz.lua
00FA47B7F7C08E54,ui/generated/widgets/campaigntimeline.lua
00FCCBB0B740AB9B,ui/generated/widgets/frontend/seasonalevent/seasonaleventsrewardcardultimaterewardbacker.lua
01002C6CD6F9FA7D,ui/generated/widgets/frontend/jupbattlemap/jupbppurchasescreenbracketitemdetails.lua
0101FB49A668AC93,ui/generated/widgets/playerreportcheckbox.lua
010A19A5EC6EA106,ui/generated/widgets/frontend/mp/zm/zmplaymenu.lua
010B6DE2CD5F1CAF,ui/generated/widgets/ingame/hitmarkerstackablequadtype.lua
010F517868300534,ui/generated/widgets/frontend/weapons/loadout/loadoutarmorpips_flc.lua
0112EA8C9DDD7141,ui/generated/widgets/ingame/mp/killcam/rex/killedby.lua
01133CB70ED25343,ui/generated/widgets/ingame/reticles/reticlecrossdotred.lua
0116A077206DC45F,ui/generated/menus/frontend/mp/cas/loadouts/perkselectsidepanelmenu.lua
011943756AAD43A6,ui/generated/widgets/buttondescriptiontext.lua
011A1D238F49486D,ui/generated/widgets/frontend/seasonalevent/seasonaleventsrewardcardenhancedbacker.lua
011B141D64EDB237,ui/generated/widgets/ingame/mp/warmode/warmodelastchancesplash.lua
0122343C30A96208,ui/generated/widgets/frontend/aar/aarscoreboards.lua
0129B81F048CA97C,ui/generated/widgets/cac/itemdetailspanel.lua
012AE2ED1239A217,ui/generated/widgets/ingame/reticles/ret_cer_med_04_zm.lua
013453D727050DCE,ui/generated/menus/mp/trialresults.lua
013781DFC04C719D,ui/generated/widgets/scrollbar/horizontalminimalscrollbarsliderarea.lua
013AE28202A28372,ui/generated/widgets/frontend/seasonalevent/aar/aarseasonaleventeventplusdefaultrewardcolumn.lua
014159F93439AF9D,ui/luigrid2scrollbar.lua
01420F6E9FF17790,ui/generated/widgets/ingame/rex/overlaytargetmarkerenemy.lua
0142A907584A3FCA,ui/generated/widgets/frontend/customize/rex/callingcardpreviewpanel.lua
01442BD98A8B3AB6,ui/generated/widgets/options/rex/settingeffectslayout.lua
014AB8FF9D9A151D,ui/generated/widgets/mastery/masteryfinishedstatsbacker.lua
01539CE2B7DB69A5,ui/generated/widgets/ingame/mp/dmz/quickusepreview.lua
015A8117B9455D85,ui/generated/widgets/ingame/shared/horizontaltapebackerwithedges.lua
015A8E5609863F29,ui/generated/widgets/frontend/lobby/lobbystatuslayout.lua
016684F2E21F7DC6,ui/generated/menus/frontend/mp/outbreak/obreadyup.lua
0167CEBDB1FD59B6,ui/generated/menus/mp/rex/teamselectmenu.lua
016B31F3936E79CC,ui/generated/widgets/customcolorslider.lua
017071A01CDFD2B8,ui/generated/widgets/ingame/mp/mpscoreboardselectedplayerdetails.lua
0172C5530215C394,ui/generated/widgets/frontend/social/channels/channelmemberbutton.lua
01788E371DF27F69,ui/generated/menus/mobilekeepchangesmenu.lua
0179885BD25A6F60,ui/utils/loadscreenutils.lua
017D808A27F2CFA7,ui/generated/widgets/targetmarkers.lua
01807DA401AAE1D2,ui/generated/widgets/ingame/sp/sppausemenubuttons.lua
0181B4EE71D19C14,ui/generated/widgets/frontend/seasonalevent/rex/seasonaleventsrewardinfocardvisuals.lua
018300F00CA1CDCC,ui/generated/widgets/inventory/inventorykeysbacker_dmz.lua
01844175662D16C1,ui/generated/menus/frontend/cp/sorewardspopup.lua
018470B89075107E,ui/generated/widgets/expanderclosebutton.lua
018AF7A7EE03AE2D,ui/generated/widgets/frontend/jupdepot/jupbattlepassmenu.lua
0193B8353C2C1172,ui/generated/widgets/frontend/codhq/codhqwishlist.lua
0197AC569392770D,ui/generated/widgets/ingame/reticles/ret_sat_twox01_def.lua
0198B7B2B8C1E4C3,ui/generated/widgets/ingame/reticles/rex/ret_rex_snscope_cust_04.lua
01A0AB976C460E6C,ui/utils/sp/spsharedutils.lua
01A28E1F03382137,ui/generated/menus/frontend/mp/cas/loadouts/gunsmith/cosmeticattachmentselect.lua
01A4FAB0259A8B71,ui/generated/widgets/frontend/mp/cas/gunsmith/gunsmithattachments.lua
01A72DE92DE95825,ui/generated/widgets/frontend/itemdetails.lua
01ABBCE76DAD5004,ui/generated/widgets/ingame/mp/rex/mplowermessage.lua
01B040C9E7DAEBD7,ui/std/weakcache.lua
01B5D4954E491366,ui/generated/widgets/ingame/reticles/reticleholobase.lua
01B66231DC6B53B6,ui/generated/widgets/frontend/weapons/loadout/loadoutpreviewbg_flc.lua
01B799AF03208C1C,ui/generated/widgets/ingame/mp/vehicle/vehicleseatassignment.lua
01BDD386B6BE9727,ui/generated/widgets/ingame/mp/scorestreaks/rcd/rcdbasecontrols.lua
01BE325919FFDD64,ui/generated/widgets/frontend/social/socialgroupinfo.lua
01BEE1477634B6C0,ui/generated/menus/frontend/mp/tournament/tournamentversus.lua
01C2E836A5250E14,ui/utils/purchasemenuutils.lua
01C42938A7598E22,ui/generated/widgets/ingame/reticles/reticle03.lua
01C9C6520048008E,ui/generated/menus/frontend/depot/battlepasshelppopup.lua
01CA65D5F3BBBFB1,ui/generated/widgets/options/rex/genericinnerbutton.lua
01D111A49FA0CC62,ui/generated/widgets/binkprompts.lua
01D34936D6D3616D,ui/generated/widgets/frontend/weapons/loadout/loadoutitemequipmentbuttonbase.lua
01DFB4FBABD44A3C,ui/generated/widgets/ingame/mp/scorefeed/rex/scorefeedgrid.lua
01E3275F76AAA101,ui/generated/widgets/ingame/mp/killcam/rex/killcamframe.lua
01E3EBB089185FA2,ui/generated/widgets/frontend/progression/progressionrewardbutton.lua
01E53B6842F7FBA1,ui/generated/menus/rex/optionsmenulayout.lua
01EA5C63A214957E,ui/generated/widgets/ingame/bonusperksplashcontainer.lua
01ED487AC7AD2F05,ui/generated/widgets/ingame/mp/payback/paybackmatchstatusteamcash.lua
01EE429FB6997B22,ui/utils/blendmodes.lua
01F0B7A379384CB3,ui/generated/widgets/ingame/reticles/ret_cer_loot_s3nuclear_alt.lua
01F14C18FC0F273C,ui/generated/widgets/ingame/reticles/ret_sat_short_01_mp.lua
01F7B324189BFB56,ui/generated/widgets/ingame/reticles/ret_cer_med_05_wz.lua
02034E998ADD6F1C,ui/generated/widgets/mastery/masterychallengeselecttab.lua
02065458C3C338F2,ui/generated/widgets/frontend/seasonalevent/seasonaleventschallengerewardcardbutton.lua
0208C257BFA8E1B3,ui/generated/widgets/frontend/seasonalevent/seasonaleventseventdynamicbackground.lua
020B64A2A3550B48,ui/utils/ammocounterutils.lua
020F9F7D06543D1D,ui/generated/widgets/ingame/reticles/ret_cer_loot_s45pday_rangefinder.lua
021538AEBA7F23E5,ui/utils/platformutils.lua
021C9852667D807D,ui/generated/widgets/frontend/mp/cas/gunsmith/gunsmithdetails.lua
021DCCE4334D68AE,ui/generated/widgets/frontend/mp/mpmenubutton.lua
0222426F3BC97089,ui/generated/widgets/frontend/jupbattlemap/jupbattlemaptokenpurchasebutton.lua
022BB29E97A0ACFF,ui/generated/widgets/store/storerowtagbonuseffectgenericbacker.lua
0230794025098A1D,ui/generated/menus/frontend/codaccount/rex/accountinformationrequiredscreen.lua
0236AD42B3D9C63F,ui/utils/fenceonlineservicesubscription.lua
023C1EB86B9D3C46,ui/utils/fencepatch.lua
023DB3DFC8E05677,ui/generated/widgets/ingame/reticles/reticledmscopevz01.lua
023F6FC86C255EB7,ui/generated/widgets/ingame/mp/dmz/gunbench/gunbenchattachmentinfopanel.lua
0243137BC1F9547C,ui/generated/widgets/wzscoreboardtitle.lua
02441CB72DA65BDD,ui/generated/widgets/frontend/codhq/codhqpanelbackground.lua
02455ABB463952B3,ui/generated/widgets/frontend/weapons/loadout/loadoutitembuttongroupbacker_flc.lua
0245E0A78FF83208,ui/generated/widgets/ingame/reticles/reticle18hybrid.lua
024C5056C5E65B4A,ui/utils/brlootutils.lua
024C80287588177C,ui/generated/widgets/ingame/mp/rex/mpscoreboardrowscore.lua
025699BE8363F21B,ui/generated/widgets/br/brenemyteamcasharrowmarker.lua
02600DFEB420775A,ui/generated/widgets/frontend/mp/cas/gunsmith/blueprintskinbutton.lua
026162ADC0FA57BF,ui/generated/widgets/frontend/lobby/rex/lobbymembergrid.lua
0263D4CD6909D561,ui/generated/widgets/ingame/cp/pause/missionselectdebug.lua
026509EC179CCB5A,ui/generated/widgets/frontend/battlemap/battlemapbonussectorbutton.lua
026588E71A0333D0,ui/generated/widgets/frontend/mp/playmenu/playmenubuttonrequiredplayers.lua
02690F289403689D,ui/generated/menus/playersurveypopup.lua
026A28E19BE1D2BF,ui/generated/widgets/ingame/mp/arena/rex/arenaloadoutcontainer.lua
026B09886EE6CAA8,ui/generated/widgets/ingame/reticles/reticlesniper08.lua
026DE029DFDD78F3,ui/generated/widgets/ingame/cp/pause/jumptostart.lua
026E7DA9A8B8356E,ui/generated/widgets/frontend/lobby/rex/privatematchmodedetails.lua
02708163A94B4A1D,ui/generated/widgets/ingame/reticles/ret_cer_loot_s2ghillie_therm.lua
027F4B26B424EEFA,ui/generated/widgets/frontend/detailedweaponstatsdamagedistribution.lua
0280600208FD127F,ui/generated/widgets/frontend/lobby/largelobbyplaylistbuttoncontainer.lua
02838BEB3DE136FF,ui/generated/widgets/rex/genericdropdown.lua
0288A2C2AC27871E,ui/generated/widgets/scrollbar/rex/arrowup.lua
028D644A1923D067,ui/generated/widgets/ingame/mp/headquarters/hqnorespawnwarning.lua
029A33291C054AC0,ui/utils/mobilesettingshubutils.lua
029EB6BF45D10EC1,ui/generated/widgets/ingame/reticles/reticle16hybrida.lua
02A24B92921A20AA,ui/generated/widgets/frontend/lobby/lobbyplaylistdetailwidget.lua
02A4FB5A3842B034,ui/generated/widgets/leagueplay/lpplayagaincheckmark.lua
02A61273CDEC846C,ui/generated/menus/frontend/mp/mpmainmenu.lua
02AA91B83514AB7D,ui/generated/widgets/frontend/playercardbutton.lua
02AF161E987120A9,ui/generated/widgets/frontend/seasonalevent/rex/seasonaleventschallengerewardaltcard.lua
02AF39B533C00536,ui/generated/widgets/frontend/depot/battlepasstieritemimage.lua
02B03AF87E3F2C17,ui/utils/menunavigationtrackingutil.lua
02B3757F260B5CB5,ui/generated/widgets/frontend/mp/leagueplay/lprewardpreview.lua
02B9B94752630417,ui/generated/widgets/frontend/customize/stickerbookmasterycard.lua
02BA96DA2D339B4F,ui/generated/widgets/scoreboard/scoreboardteamscore.lua
02C2E070E54FE953,ui/generated/widgets/wzm/ingame/mobileobjectivetitle.lua
02C880E56D9D6DDC,ui/generated/widgets/ingame/reticles/ret_cer_loot_s6upside_rangefinder.lua
02CA9ADFD6C6B02F,ui/generated/widgets/frontend/playlistbuttoncontainer.lua
02CB7C4293FCCDAE,ui/generated/widgets/frontend/operator/operatorbiobase.lua
02CB96F5752029D7,ui/generated/widgets/mobileloadingpips.lua
02CC4395B1882D7E,ui/generated/menus/frontend/battlemapv2/bpsectorpreview.lua
02D140C0A5736DEE,ui/generated/widgets/ingame/reticles/ret_sat_long_04_wc.lua
02D351309ECD5494,ui/generated/widgets/alwaysloaded/legaltextwidget.lua
02D352C892429202,ui/generated/widgets/frontend/pagedbattlepass/pagedbattlepassiteminfotag.lua
02D35C88C58DF378,ui/generated/widgets/ingame/reticles/reticlehybrid03.lua
02D3F03ED7AEC97A,ui/generated/widgets/ingame/mp/rex/matchstatusplayersrow.lua
02D7F93AB321954D,ui/generated/widgets/mousecursorcontextualmenutitlerankcontainer.lua
02DB98133B8853EA,ui/generated/widgets/frontend/weapons/customization/rex/reticlebutton.lua
02DC48BA85E2E052,ui/generated/widgets/frontend/battlemapv2/bpsectorcompletebanner.lua
02DD50A30D5B42FA,ui/utils/streamingutils.lua
02EB5812DCC42287,ui/generated/widgets/frontend/globalpaneleventbutton.lua
02EBE53CF377BE88,ui/generated/widgets/armoredtruckupgrade.lua
02ECFAF6049873D9,ui/generated/widgets/frontend/aar/aarflyoutstats.lua
02F03F659F05400B,ui/generated/menus/frontend/mp/rex/gamemodes.lua
02F38378A4DCA3DD,ui/generated/widgets/ingame/reticles/iw9/reticlesnscoperf01.lua
02F3A6CB2AEDE44E,ui/generated/widgets/frontend/codhq/buttons/codhqlastplayedgamebutton.lua
02F64C94E479DB06,ui/generated/widgets/frontend/lfp/lfppartybrowserfocuspaneldetailscontainer.lua
02F8A882E8E70190,ui/generated/widgets/frontend/mp/dmz/dmztraitlargenode.lua
02F9294DBED16A8B,ui/generated/widgets/frontend/barracks/infilcontextualinfo.lua
0306544BDB1E0C0E,ui/generated/menus/frontend/customize/rex/stickerbookchallengesmenu.lua
03066ABF3E6669D6,ui/generated/widgets/ingame/mp/publiceventsplashedge.lua
030EAA050A046AC8,ui/generated/widgets/frontend/mp/cas/gunsmith/gunsmithprogressionweapon.lua
0311A949081055B9,ui/generated/widgets/frontend/mp/dmz/dmzcashslotmodifierbutton.lua
03138D8E597BE625,ui/utils/fencespinner.lua
0315674BB82215B4,ui/flowmanager.lua
0319E316207B3F62,ui/generated/widgets/chat/textchatfooter.lua
031A5FB7448D4808,ui/generated/widgets/frontend/combatrecord/generic/radialratio3stats.lua
031D5C3792B128B5,ui/generated/widgets/ingame/reticles/ret_sat_short_04_mp.lua
03205ACB4AA00912,ui/utils/mp/esportsutils.lua
0321EB562D61DD83,ui/generated/widgets/ingame/havocmodtimer.lua
0325AA41D555A6E5,ui/utils/tacticalmaputils.lua
03291949A0FC1F1F,ui/generated/widgets/common/subheaderbackerwithtext.lua
03296C66D3F01526,ui/generated/widgets/inventory/inventorydogtagdescriptionunit.lua
032D29F52F601CD0,ui/generated/widgets/genericwidgets/maskedtexturebackground.lua
032E10144E0D8586,ui/generated/widgets/ingame/reticles/ret_cer_loot_s55smuggler_rangefinder.lua
0339C9CEE32CC379,ui/generated/widgets/frontend/weapons/loadout/loadoutitemweaponbuttonbase.lua
033A3C029B56F927,ui/generated/widgets/frontend/cp/cprelicsactivefrontend.lua
033C84D054399912,ui/generated/widgets/ingame/mp/scorestreaks/gunship/rex/gunshipreticle40mm.lua
0341A1E0DBF2C8CC,ui/generated/widgets/globalpanelnotifications.lua
0349730B2805DE9C,ui/generated/menus/frontend/social/channels/channelpanelbase.lua
034A3B8AA6A582A7,ui/generated/widgets/genericwidgets/minimalbutton.lua
034B24A0E033043B,ui/generated/widgets/ingame/reticles/ret_cer_med_08_mp.lua
034DC87CFCF91080,ui/generated/widgets/frontend/barracks/barrackschallengesmissions.lua
03506403F88A7E96,ui/generated/widgets/options/buttonlayoutprompt.lua
0350E938132C1577,ui/generated/widgets/frontend/barracks/barracksbuttonmessaging.lua
035502967E2A9409,ui/generated/widgets/buttons/buttonxlargetextanddesc.lua
03579171F4987D23,ui/generated/widgets/frontend/mp/cas/gunsmith/gunnybutton.lua
035A613829A2D1A9,ui/generated/widgets/frontend/jupbattlemap/jupbattlemaphvt.lua
035E157004582273,ui/generated/widgets/frontend/mp/cas/jup/weaponattributes.lua
035FE156F271692B,ui/generated/widgets/frontend/globalpanelnavnewnotification.lua
0360C245BDED4016,ui/generated/widgets/ingame/mp/splashbaseiconbacker.lua
03651AC6C59473E3,ui/generated/widgets/buttons/buttonbaseinset.lua
03693C5647A87A94,ui/generated/widgets/mappreviewimagebacker.lua
036B8883FA8E4CC0,ui/generated/widgets/frontend/battlemap/battlemapsectorstatetag.lua
036C3447E8A64FB6,ui/generated/widgets/frontend/missioncommandtilefactionprogressline.lua
036DA82003FEE3A9,ui/luitogglelist.lua
036E5560091E22B5,ui/generated/widgets/frontend/worldblurlightbacker.lua
037D6524CA0BBA4C,ui/generated/widgets/ingame/reticles/rex/ret_rex_shscope_01.lua
037DA9EDA5E3D744,ui/generated/widgets/ingame/reticles/ret_sat_short_09_mp.lua
0380D3C0213334D4,ui/generated/widgets/store/storerowhero.lua
038A699ADC1E490A,ui/generated/menus/frontend/barracks/rex/eventsmenucontainer.lua
038CF4BBAE61C513,ui/generated/menus/frontend/codhq/gamepurchasemenu.lua
0398ACC592217883,ui/generated/widgets/frontend/jupbattlemap/jupbattlemapdioramarotationsetupwidget.lua
039BA8EC68146EA4,ui/generated/widgets/ingame/reticles/reticledmscopevz03center.lua
039C71BF304D4747,ui/generated/widgets/ingame/sp/nvg/nvglightmeter.lua
039C8DC0055BC2A3,ui/generated/widgets/ingame/reticles/jupiter/jup_reticle_moscar.lua
039EFBFBF7BC4E9C,ui/generated/widgets/ingame/mp/genericsplashheaderoverlay.lua
03A3640DC47D890B,ui/generated/widgets/store/storebundlediscount.lua
03A559AE72BD5E53,ui/generated/menus/frontend/battlemap/battlemaptokenpurchasemenu.lua
03A78BF17FBCD669,ui/generated/widgets/ingame/cp/iw8/humvee/playernumbox.lua
03AB62677880F7CF,ui/generated/widgets/doublenotchedbacker.lua
03AC62B3FBC5F61E,ui/generated/widgets/ingame/mp/scorestreaks/apache/apachescreenoverlay.lua
03AD2E9CFE25C8D5,ui/generated/widgets/frontend/worldmap/missiondetails.lua
03ADF52B20D0AD97,ui/generated/widgets/ingame/reticles/rex/ret_rex_tech_fluff.lua
03B0FA1F9408B27C,ui/generated/widgets/frontend/mp/cas/gunsmith/blueprintbuildskinbutton.lua
03B396AB2E08BEC2,ui/generated/widgets/ingame/gunscreens/gunscreentalkingwave.lua
03C1F7453A7BA220,ui/generated/widgets/dmz/inventoryactionblockedmodal.lua
03C67054514DE93A,ui/generated/widgets/ingame/calloutmarkerpingpulse.lua
03C81E8F66436B35,ui/generated/widgets/frontend/lobby/rex/lobbyplayerlistteamlabel.lua
03CA66400E0BF659,ui/generated/widgets/ingame/gunscreens/gunscreenenvy.lua
03CB3EA95D1DBCF8,ui/generated/widgets/ingame/mp/vehicle/driverhudatv.lua
03D010B712B19330,ui/generated/widgets/ingame/mp/killcam/rex/killcamapparatusicon.lua
03D04911CF58F3D9,ui/generated/widgets/frontend/stickerdetails.lua
03DB50107CE5BB28,ui/generated/widgets/iconheadermessage.lua
03DC52755B9265A9,ui/generated/widgets/ingame/reticles/ret_sat_holorange_01.lua
03DCCD11AE646E09,ui/generated/widgets/frontend/weapons/jup/gunsmithattachmentdetailbutton.lua
03E3F514EE38797C,ui/generated/widgets/ingame/reticles/ret_cer_loot_s4bnoir_alt.lua
03E604EF1F272DF5,ui/generated/widgets/ingame/reticles/rex/ret_rex_reflex_cust_01_blu.lua
03E9E4DE4D00179F,ui/utils/fencehqentitlements.lua
03ECBA6C7DD1776B,ui/generated/widgets/cancelshaderspopup.lua
03F5918210F3FA1E,ui/generated/widgets/mousecursorcontextualmenu.lua
03F934473F0D2D3D,ui/generated/widgets/brdownedtimer.lua
03FC141F70E69160,ui/generated/widgets/ingame/reticles/ret_sat_short_01_wz.lua
03FE3CFB26ABA3FE,ui/generated/menus/frontend/genericconfirmpopup.lua
03FEB0C114459F0E,ui/generated/widgets/hudeditor/colorpickersquare.lua
0406ACB343C7B4B4,ui/generated/widgets/rex/kbmbuttonwithprogress.lua
0406B208479F083B,ui/generated/widgets/ingame/mp/br/contracts/brmissiontrackerexpandedobjectivecontainer.lua
0408F3396231DAEE,ui/generated/widgets/campaignmenunavigation.lua
04094FA348D1BAD7,ui/generated/widgets/frontend/weapons/loadout/loadoutbuttonhighlightprompt_flc.lua
040E86BF36580D6D,ui/generated/widgets/frontend/lfp/lfppartybrowserfocuspaneldetailpreferenceentry.lua
04103CA79DE9DED0,ui/generated/widgets/ingame/reticles/reticlecrosshairrpg.lua
04123D0288A78608,ui/generated/widgets/frontend/lfp/lfpsearchdetailwidget.lua
0419C98126D4AF29,ui/generated/widgets/frontend/aar/aarbattlepassbonuspanel.lua
041A4BFD48867E0B,ui/generated/widgets/prosocialmessagehint.lua
041C00E9EBB18866,ui/generated/widgets/frontend/seasonalevent/seasonaleventnewrewardtag.lua
041C8A393DFCFEC0,ui/generated/widgets/frontend/jupbattlemap/jupcodpointsbannerlayout.lua
0423E408AA13E71A,ui/generated/widgets/frontend/mp/leagueplay/lpdivisionrewardscontainertwoslot.lua
04273E4723F442D5,ui/generated/widgets/frontend/weapons/apexattachmentbutton.lua
0428E557187985C4,ui/generated/widgets/ingame/mp/trial/rewardtierstars.lua
0429196A0B7491D1,ui/generated/widgets/ingame/reticles/ret_cer_loot_zombiex.lua
042A8AF0CCCCB280,ui/buildandservertext.lua
042F6A103B596E48,ui/generated/widgets/buttons/buttontitlebottomwithbacker.lua
042FA749DB60316E,ui/generated/widgets/frontend/lobby/lobbystarswidget.lua
04313E5E2228D823,ui/generated/widgets/frontend/mp/warzoneprivatematchlobbysquadselectionmenu.lua
04316F36EDB3C675,ui/generated/widgets/ingame/mp/masterchallengeheader.lua
04323B756024A32A,ui/generated/widgets/ingame/reticles/paranormalstatic.lua
0437A856F677B5F1,ui/generated/widgets/doublexp/doublexpnotificationelement.lua
0438B0472268FA13,ui/generated/widgets/frontend/mp/cpmissionrewarditem.lua
044006C23A7EC2FC,ui/generated/widgets/frontend/br/leagueplay/lpbrhowtoplaysrgriditem.lua
04401EA14A2A8898,ui/generated/widgets/frontend/armory/blueprinttag.lua
0446E35EB48CE745,ui/inworldmanager.lua
0447999D7DAD4F88,ui/generated/widgets/frontend/sp/missionselect/levelselectzoommap.lua
044DCF45C586CC14,ui/generated/widgets/frontend/pagedbattlepass/pagedbattlepasstokenbank.lua
0450947FABB050DF,ui/generated/widgets/ingame/mp/br/numberboxbackgroundshine.lua
0457B6A832579EB8,ui/generated/widgets/ingame/reticles/rex/ret_rex_snscope_cust_05.lua
045CB2CA562E8D62,ui/generated/widgets/ingame/reticles/rex/reticlecrosshairjuliet.lua
045E67D307550721,ui/generated/widgets/ingame/reticles/rex/ret_rex_snscope_cust_04_grn.lua
046093BA719E8606,ui/generated/widgets/ingame/reticles/reticlethermal04.lua
046F1B2DD4F11F99,ui/uri.lua
046F6FA61DF70432,ui/generated/widgets/iconpilltab.lua
046F985BD6C52663,ui/generated/widgets/mp/combatdetailsrow.lua
047283AB931873CE,ui/generated/menus/frontend/mp/trialeventmp.lua
047386BA22A34696,ui/generated/widgets/ingame/reticles/ret_cer_loot_s4versus_rangefinder.lua
0479C94BD60B1338,ui/generated/widgets/scrollbar/rex/scrollbarsliderarea.lua
047AA4AF0D5C44D3,ui/generated/widgets/frontend/lobby/lobbytokensbutton.lua
047BC044556BB003,ui/generated/widgets/ingame/zm/zmpowerupsplash.lua
047D326121398A24,ui/generated/widgets/ingame/mp/secure/securescreen.lua
048123834291895C,ui/generated/menus/mobileprivacychoices.lua
04824A2B7791158E,ui/generated/widgets/frontend/barracks/barracksgamestatspreview.lua
048DA76BEBF31F21,ui/generated/widgets/ingame/reticles/reticle06.lua
0494BD3F4CB21379,ui/generated/widgets/chat/textchatbutton.lua
0494FB8A4F279886,ui/generated/widgets/ingame/mp/scorestreaks/dronesentry/dronesentryspeedometerneedle.lua
0496DA66B2E81D82,ui/generated/widgets/ingame/reticles/reticlecrosshairauto.lua
0496DCA56266F37F,ui/generated/widgets/frontend/pagedbattlepass/pagedbattlepasscontextualtipbutton.lua
049B7B1F5CAAC915,ui/generated/widgets/rex/tokenmenu.lua
049BE03A23FA03A0,ui/generated/widgets/frontend/aar/rex/aarxpunlockprogression.lua
04A4445D65555E43,ui/generated/widgets/mousecursorcontextualmenuactiongamepad.lua
04AC0CF324C05554,ui/generated/menus/mp/shop.lua
04B13891C1369EDD,ui/generated/widgets/frontend/leaderboard/leaderboarddatacell.lua
04B15302C1125DAE,ui/generated/menus/reportplayerselectmenu.lua
04B28C13C82A05BB,ui/generated/widgets/frontend/seasonalevent/seasonaleventbanner.lua
04C100611C6A930B,ui/generated/menus/options/optionslayoutpopup.lua
04C1358570257450,ui/generated/widgets/ingame/reticles/ret_sat_short_05_zm.lua
04C1A035EA17084A,ui/generated/widgets/ingame/reticles/ret_cer_med_01_wz.lua
04C9E76A7C9B57B7,ui/generated/widgets/frontend/menubuttonprompt.lua
04CB8BE5ED832D7F,ui/generated/menus/onboardingpopup.lua
04CDE03A3C5E0035,ui/generated/widgets/frontend/mp/cas/gunsmith/gunsmithprogressionmininavbar.lua
04D4E52289AE21B8,ui/generated/widgets/frontend/lobby/playlistrulestile.lua
04D798BB68BDDDE8,ui/generated/widgets/common/hubdottedradialprogress.lua
04DB15EFCD37F921,ui/generated/widgets/frontend/codhq/codhqbpstatus.lua
04E1CC96281111D2,ui/utils/mp/scoreboardutils.lua
04E88DDC520061E0,ui/generated/widgets/ingame/reticles/rex/ret_rex_reflex_cust_15_blu.lua
04EDDB18471F3D4E,ui/generated/widgets/frontend/seasonalevent/seasonaleventsleaderboardrewardsprocessingpanel.lua
04F16B6143017E48,ui/generated/widgets/frontend/depot/battlepassmissiontag.lua
04F23300F8E7A7D5,ui/utils/cinematicutils.lua
04F7C170DFC9D723,ui/utils/mp/dmzutils.lua
04F7F75140249818,ui/generated/widgets/ingame/mp/rex/matchstatusobjectives.lua
04FCB4FA65F0AD05,ui/generated/widgets/scrollbar/mobileverticalscrollbarslider.lua
0502122B2F260E7B,ui/generated/widgets/ingame/gethighmodealtimeterdisplay.lua
0504708FD9B9C210,ui/generated/menus/frontend/mp/cas/weaponprogression/attachmentprogressionmenu.lua
0508EF2E07EF7A89,ui/generated/widgets/weaponwithattachments.lua
05092BEF82BAC8B7,ui/generated/widgets/frontend/lobby/lobbymapvoteentryveto.lua
050C8C757BCE9B1C,ui/generated/widgets/frontend/mp/playmenu/rex/menutab.lua
050ECAFF23806E0F,ui/generated/widgets/medalstackmultiplier.lua
0519DEE4FF61AE9E,ui/generated/widgets/buttons/buttonbootaudiooutput.lua
051C76374332FF58,ui/generated/widgets/ingame/objective.lua
052C9AEA471FC423,ui/generated/widgets/frontend/mp/cas/gunsmith/weaponstatswithdetails.lua
053F080E28611672,ui/generated/widgets/channelconnecttoggle.lua
05453B72438379DB,ui/generated/widgets/ingame/reticles/rexreticleoutercirclefourx02.lua
05513EBFB0F6DF57,ui/generated/widgets/frontend/customize/playercardpreviewpanel.lua
05522E2F6DB23B55,ui/generated/widgets/ingame/radialmenu6slice.lua
05528387E773CA00,ui/generated/widgets/ingame/thirdpersoncenterstatus.lua
0552E225560F9806,ui/generated/widgets/options/subtitlesettingbackground.lua
0554E4569AA516FB,ui/generated/menus/frontend/social/socialprofilemenu/socialshowcaseoperatorselect.lua
05558EC9A1A47F23,ui/generated/widgets/ingame/mp/leagueplay/lpscoreboardrow.lua
0558143F4DD05D55,ui/generated/widgets/dev/uitestlobbymatchmakingstates.lua
055CC73D143423D0,ui/generated/widgets/genericwidgets/scrollablenumber.lua
056598A2F9EF3159,ui/generated/widgets/frontend/aar/aarsummarystattile.lua
056F34C1A2AD77E1,ui/generated/widgets/ingame/gunscreens/gunscreennuketrackerstpaddy.lua
057311C929BD4C1F,ui/generated/widgets/frontend/seasonalevent/seasonaleventmasterypip.lua
0575203FE47D2463,ui/generated/widgets/store/storediscountlabel.lua
057633249E39095F,ui/generated/widgets/ingame/killstreakearnedsplash.lua
057BAB7CC2746CBD,ui/generated/widgets/frontend/mp/tournament/tournamentsignupalpha.lua
05890B1D2FE28903,ui/generated/widgets/ingame/reticles/reticleoutercircleroots.lua
058B16D78FD1ED20,ui/generated/widgets/frontend/mp/leagueplay/lpplayerid.lua
058E93F5D4A27E3F,ui/generated/widgets/ingame/reticles/rex/ret_rex_reflex_01_alt_05.lua
058F46AA2F282468,ui/generated/widgets/ingame/mp/killcam.lua
059062A7C7B9F2FA,ui/generated/widgets/ingame/looticonbacker.lua
0598166EB340590A,ui/generated/menus/genericimagepopupwidget.lua
059B12D9C2E277B6,ui/generated/widgets/store/storefilteroperatorbutton.lua
059CC0FBD7F0346C,ui/generated/widgets/defaultpromptbutton.lua
05A1A2A85F6DC911,ui/generated/widgets/frontend/customize/radialcustomizationmenu.lua
05A4D345B3FE1CA5,ui/generated/widgets/frontend/mp/cas/gunsmith/gunsmithdetailedequippedslots.lua
05A7187DDEE62B0F,ui/generated/widgets/ingame/reticles/reticlecrosshairautoakimbo.lua
05AB8471040A81FB,ui/generated/widgets/frontend/barracks/progressionunlockfriendcard.lua
05ACCC8BC179D2D2,ui/generated/widgets/ingame/mp/gold/goldrushdockedinventory.lua
05AE754514A86D17,ui/generated/menus/frontend/mp/cas/streakselect.lua
05AFF74AB4717AF2,ui/generated/widgets/rex/weaponstatnumericalcomparison.lua
05B08398651A785C,ui/generated/widgets/ingame/squadhud/squadmembercommoninfo.lua
05B0D7A7C3AD81C3,ui/utils/mobilechallengeutils.lua
05B7CABC0A3E30FF,ui/generated/widgets/ingame/reticles/reticlehybrid06.lua
05BF4C647DFCE936,ui/generated/widgets/frontend/mp/cas/fieldupgradesbuttonbase.lua
05C387B6AACCB003,ui/generated/widgets/ingame/reticles/ret_cer_loot_tactvamp_rangefinder.lua
05C47D8F41EAB291,ui/generated/widgets/glowbuttonstore.lua
05C5DF6337311292,ui/generated/widgets/ingame/reticles/ret_cer_loot_s2cartoon_alt.lua
05CA7D383F12372B,ui/ingame/wishlistlayer.lua
05CCA162B320503C,ui/generated/widgets/frontend/mp/cas/gunsmith/gunsmithprogressionmininav.lua
05D036BADF261838,ui/generated/widgets/ingame/mp/scoreboard/teambase.lua
05DC5C72024F20D5,ui/generated/menus/frontend/cp/intel/cpintel.lua
05E347D4A0962EE1,ui/generated/widgets/store/storespotlight_3a.lua
05E7B6C9F7E299B0,ui/generated/widgets/ingame/reticles/ret_cer_loot_s2cartoon_rangefinder.lua
05F9A2B16D480798,ui/generated/widgets/loadouts/loadoutcustomunlock.lua
05FE15488CB3B722,ui/generated/widgets/frontend/battlemapv2/bppurchasebladeproductitemdetails.lua
05FE5A96942A737B,ui/utils/mp/superutils.lua
05FFDD81D7691107,ui/generated/widgets/ingame/reticles/rex/ret_rex_fourx_cust_01.lua
06055A3ED1EE4315,ui/generated/widgets/ingame/reticles/reticle15.lua
0606129AD923E7C9,ui/generated/widgets/ingame/reticles/reddotmagnifiedhybridprimary.lua
06064474CF976B92,ui/generated/widgets/frontend/social/friendsplaying/friendsplayinginfotext.lua
0606EC08AD988988,ui/generated/widgets/frontend/cp/raid/cpraidrewarditem.lua
06090CAE23F125CB,ui/generated/widgets/frontend/mp/dmz/dmzloadoutcustomizationbuttons.lua
06091ECC9D5B0DD3,ui/generated/widgets/frontend/lobby/lobbyplaylistfiltereditem.lua
060D6878B06141D2,ui/generated/widgets/frontend/dailyloginreward/dailyloginrewardbuttoncontent.lua
060DBD42198D34E0,ui/generated/widgets/frontend/customize/rex/stickerbookmasterysetstatspanel.lua
060EE3AE88B01475,ui/utils/fenceinstanceinventory.lua
060F31BAA7F775E1,ui/generated/menus/frontend/codhq/codhqpanelbase.lua
06166B2CB0D3F0BF,ui/generated/menus/frontend/mp/gamesetupoptionsmenu.lua
061AC4664257EC63,ui/generated/widgets/chyrontext.lua
061ECAB7B5432D2C,ui/frontend/mp/frontendcameramover.lua
062005DF7803EF0F,ui/generated/widgets/frontend/social/socialprofilemenu/socialprofilestatuscontainer.lua
06206393E8D1BF63,ui/generated/widgets/frontend/mp/cas/camochallenge.lua
062613C3B1F6FC18,ui/generated/widgets/frontend/seasonalevent/seasonaleventquickselect.lua
0629F869C1984D82,ui/generated/widgets/frontend/challenges/rex/camochallengeunlockinfo.lua
062AAE46BAD09450,ui/generated/widgets/ingame/reticles/ret_cer_loot_s3ev7a.lua
062B2191259C3FC4,ui/generated/menus/frontend/achievementpurchasepopupbase.lua
062DE096A8471FDC,ui/generated/widgets/ingame/reticles/fourxhelimaice.lua
063330D643480B1F,ui/generated/widgets/ingame/rex/killstreakearnedsplash.lua
0633D6BBC3A97CC9,ui/generated/widgets/frontend/seasonalevent/seasonaleventsleaderboardposteventmainmenucelebration.lua
063AC6637FF5C78D,ui/generated/menus/frontend/mp/zm/zmpubliclobby.lua
0647F9034FB63F0F,ui/generated/menus/frontend/codaccount/codaccountauthenticationadv.lua
0652F94E8965C33E,ui/utils/reticleutils.lua
065450141943388D,ui/generated/widgets/frontend/classifiedcountdowntimer.lua
065840261FDFA062,ui/generated/widgets/frontend/seasonalevent/seasonaleventsmenucontenttemplateevolvingcamo.lua
0659EB49CF614B91,ui/generated/widgets/frontend/weapons/rex/baseweaponbutton.lua
065AADD8F2961400,ui/generated/widgets/codeconductthreat.lua
065CAA053232B96F,ui/generated/widgets/objectivecontestedplayercount.lua
06612DAF731FB969,ui/generated/menus/mp/roundendteamhud.lua
0663BDA63DF71733,ui/generated/widgets/ingame/reticles/ret_cer_long_02_zm_rangefinder.lua
0664289B0F1A3C1F,ui/generated/menus/frontend/weapons/weaponarmorytabs.lua
066A005E4E9B6120,ui/generated/widgets/ingame/reticles/jupiter/jup_hsierra_scope.lua
066F33CC3F893BF0,ui/utils/fencesmschallenge_battlenet.lua
0686F3FBBD6D61A6,ui/generated/widgets/frontend/career/careercustomizebutton.lua
06889D3EBB686E33,ui/generated/widgets/frontend/buttonfocusglow.lua
06893BB784FADB9C,ui/generated/menus/frontend/cp/cpaarscoreboard.lua
0689ECC99D41DDF0,ui/generated/widgets/ingame/reticles/rex/ret_rex_snscope_cust_12.lua
068D6D5D32026245,ui/luipagedtext.lua
0699131862DCBA8E,ui/generated/widgets/ingame/mp/scorestreaks/gunship/gunshipcontrols.lua
06996EFF213B42E1,ui/generated/widgets/ingame/weaponpickupflyoutwrapper.lua
069B3733F9B8FA67,ui/generated/widgets/ingame/mp/capturepointstatus.lua
06A30C764978B526,ui/generated/widgets/ingame/reticles/ret_cer_loot_s2bp6_rangefinder.lua
06A77CB885036795,ui/generated/widgets/tooltipheaderwidget.lua
06B28D8CAAD4604E,ui/generated/widgets/frontend/battlemap/battlemapsectorbuttonbase.lua
06BA25A16AA4A827,ui/generated/widgets/frontend/worldmapmenubutton.lua
06BB02179F19A2ED,ui/generated/datasources/settings.lua
06BC1CE15913D2BD,ui/generated/widgets/ingame/reticles/rex/ret_rex_snscope_therm_01_alt.lua
06BD9F1041420336,ui/generated/widgets/frontend/mp/cas/gunsmith/modcustomizationitem.lua
06BE32A2C038382B,ui/generated/widgets/frontend/codaccount/rex/codaccountphonenumbereditbox.lua
06BF96955035C25B,ui/generated/widgets/frontend/globalplayersocial.lua
06C36F41F3E51D08,ui/generated/widgets/frontend/br/brlobbyplaylistselectcontent.lua
06C4CEA65D35C213,ui/generated/widgets/ingame/reticles/rex/ret_rex_fourx_cust_14_blu.lua
06CBD7AF5F2BEBAB,ui/generated/menus/frontend/mp/tournament/tournamentpostmatchpreview.lua
06D2DF586A55C512,ui/generated/widgets/ingame/mp/scorestreaks/gunship/gunshipammo.lua
06D98BCA60B02B90,ui/generated/widgets/ingame/mp/countdownbacker.lua
06DB1D3DB750A45B,ui/generated/widgets/ingame/cp/cparmorbarpipsdynamic.lua
06DBE896E70E5673,ui/generated/widgets/menubuttoncheckboxthreestates.lua
06F006CA4B9F8BE1,ui/generated/widgets/ingame/reticles/rex/ret_rex_fourx_hybcant_01.lua
06F0FC24317CD453,ui/generated/widgets/ingame/mp/statusfeed.lua
06F52DC34C9AE052,ui/generated/widgets/frontend/mp/cas/loadoutweaponbutton.lua
06F60B2878CD8A78,ui/generated/widgets/frontend/battlemapv2/bpminimap.lua
06F6F142F6865369,ui/generated/widgets/scrollbar/scrollbarslider.lua
0700C30C49FF1101,ui/generated/widgets/infopanelgamemodes.lua
0702C3580E2C1368,ui/generated/widgets/barrelattachment.lua
07096D4A7E67439B,ui/generated/menus/frontend/cp/cpmunitionselect.lua
070A306BA0EEF34D,ui/generated/widgets/ingame/reticles/ret_cer_loot_s2bp6_therm.lua
070E57D6CA1A836D,ui/generated/widgets/globalpanelnavbutton.lua
0711DB1B0458C58B,ui/generated/widgets/ingame/reticles/ret_sat_short_09_wc.lua
0715232355CA3EC5,ui/generated/widgets/frontend/events/seasonaleventslootinfostack.lua
071D6B0EFE05D57D,ui/generated/widgets/ingame/mp/mpscoreboardrowwrapper.lua
0725C70A9D7A3A28,ui/generated/widgets/ingame/mp/scorefeed/scorefeedtextbacking.lua
07274BFD4A6243C1,ui/generated/widgets/frontend/seasonalevent/seasonaleventseventpaneldualchallengeoverlay.lua
072971B40083AB10,ui/generated/widgets/ingame/mp/tacmapcontrollerscheme.lua
07297DA171DFBA4D,ui/utils/consumableutils.lua
072C6E29BDB3AE56,ui/generated/menus/frontend/customizetabmenu.lua
072DDDB37075C1BD,ui/generated/widgets/frontend/social/socialgroupsbrowserrow.lua
0730B6616570798E,ui/generated/widgets/ingame/reticles/reticle07.lua
0731D990F73FFBDE,ui/generated/widgets/ingame/reticles/ret_sat_holorange_element.lua
0733583272358159,ui/generated/menus/frontend/mp/leagueplay/lpdivisionrewardsmenu.lua
0733949946C2187A,ui/generated/widgets/ingame/gunscreens/gunscreenrankedwinswz.lua
0734A71667057784,ui/generated/widgets/frontend/mp/dmz/dmzitemslot.lua
0735D6ED86EF8963,ui/generated/widgets/frontend/jupdepot/jupbattlepassonboardingpopup.lua
073716B8736503D0,ui/generated/widgets/cac/loadoutclassliststatusicon.lua
07374CD27DE7BBB7,ui/generated/widgets/ingame/mp/perkshudwidget.lua
0737C24D859C4EE3,ui/generated/widgets/ingame/reticles/jupiter/jup_twofivex06.lua
073BBF703022DB8D,ui/generated/widgets/frontend/cp/cprelicswidgetfrontend.lua
07450BA49A66E77E,ui/generated/widgets/cac/weaponattachmentpiplarge.lua
07456708EC75D276,ui/generated/widgets/simplebuttonhint.lua
07459589660C28B6,ui/generated/widgets/ingame/weaponname.lua
0749BCC28FE76F50,ui/ingame/emotelayer.lua
074B8337EC4E9BA6,ui/generated/menus/frontend/loadoutmanagement.lua
0750045D6DFC1413,ui/generated/widgets/ingame/mp/matchroundpip.lua
07554FB04F95AF23,ui/generated/widgets/ingame/mp/rugby/rugbyprogress.lua
075FBC1261F38AF4,ui/generated/widgets/frontend/mp/cas/perkdetails.lua
07645C31F5EA7C34,ui/utils/labelutils.lua
076545B03E437998,ui/generated/widgets/ingame/mp/scorefeed/rex/scorefeedentry.lua
0777CFBB8A7AC557,ui/generated/widgets/ingame/bodycamhackactive.lua
0779C43F53F53CA8,ui/generated/widgets/frontend/weapons/loadout/loadoutclasslistaddbutton.lua
077A3E0B00644A27,ui/generated/widgets/ingame/mp/scorestreaks/gunship/gunshipfluffcompass.lua
077C2E2B18940C1E,ui/utils/surveyutils.lua
077DCA34185F9914,ui/generated/widgets/frontend/lobby/lobbyplayerlistinvitecontainer.lua
07892EF5E909B57A,ui/generated/menus/frontend/pagedbattlepass/pagedbattlepasspurchaseconfirmationpopup.lua
0792F9DD07294C97,ui/generated/widgets/leagueplay/lpmenutitletimer.lua
07942C6F14F70E3A,ui/generated/luielems/ingame/mp/mobilitycourse/mobilitycourserecapscreen.lua
079468DA5BE9E8A4,ui/generated/widgets/cac/rex/removeattachmentpopupbutton.lua
07995E4554DCA1E8,ui/generated/widgets/ingame/gunscreens/gunscreenranked.lua
079C13061EE8557B,ui/generated/widgets/frontend/pagedbattlepass/pagedbattlepasshvtlandingpagerewardprogress.lua
079E36BC6D1E744C,ui/utils/suggestedfriendsutils.lua
07A5ADCA62FCE823,ui/generated/widgets/frontend/dmzdevonlyinventorybuttons.lua
07A5AF70BA05717A,ui/generated/widgets/frontend/operator/operationstatus.lua
07A5F40F95D5583F,ui/generated/widgets/ingame/reticles/ret_cer_med_08_mp_alt.lua
07AA34B3781D673F,ui/generated/widgets/floorwidgetbuttonshint.lua
07ABEAC494E35DD5,ui/generated/widgets/dmzcrownlocked.lua
07B8354D5C43DA50,ui/hostmigrationmanager.lua
07BBC174EAA4DA2F,ui/generated/widgets/ingame/rex/recondroneparked.lua
07BBEEEC3F347A20,ui/generated/widgets/frontend/mp/dmz/dmzselectedmissionobjectives.lua
07C2015C5CED34D3,ui/utils/playmenuutils.lua
07C35A5A7E0A028C,ui/generated/widgets/frontend/mp/cas/loadoutitemweaponcontainer.lua
07C4DB7BA577298D,ui/generated/widgets/frontend/aar/aarkitprogressiontierfooter.lua
07C5CC68F1705A09,ui/utils/mobilesettingsutils.lua
07D4DE6A5EE0B8CC,ui/generated/widgets/ingame/mp/bradley/tankdiagram.lua
07E3AD484D5B078D,ui/generated/widgets/frontend/jupbattlemap/seasons/jupbpspecialmapsectorswidget_s3.lua
07E727DA7E6794FF,ui/generated/widgets/ingame/reticles/reticledmscope01.lua
07E7E32F236B45FE,ui/generated/widgets/buttons/buttonxxlarge.lua
07FB76A602F25F5B,ui/generated/widgets/frontend/jupbattlemap/jupbpprogressbar.lua
07FD06EB158A61B3,ui/generated/widgets/ingame/gunscreens/gunscreengolddigitalclock.lua
07FE31264D4BE55B,ui/generated/widgets/frontend/career/careercustomizeheader.lua
0801144E2ABB693C,ui/generated/menus/options/rex/vconlinkingaccountscreen.lua
08040F6D1109A2BA,ui/generated/menus/frontend/codaccount/codaccountauthentication.lua
080C0512EE84FCA6,ui/generated/widgets/ingame/reticles/javelinsubcrosshair.lua
080E9AB5CD2B98FD,ui/generated/widgets/genericexpanderexpandwidget.lua
080FF4F286E3ED18,ui/generated/widgets/frontend/events/seasonaleventsmenueventselectionbutton.lua
0815CD552DA3DB86,ui/generated/widgets/squadinfoequipmentglow.lua
08177BC250F1AB5D,ui/generated/menus/dmz/inventoryactionblockedmodalpopup.lua
081B8F585028CB20,ui/generated/widgets/ingame/mp/trial/trialeventrewardprogress.lua
081E99984E36C385,ui/generated/widgets/frontend/pagedbattlepass/pagedbattlepasstierfreebanner.lua
0825F3BE1834FF56,ui/generated/widgets/ingame/mp/rex/teamselectpanel.lua
08270008B4B7DD35,ui/generated/widgets/frontend/seasonalevent/seasonaleventsgamemodetagscontainer.lua
08275614EE5562E4,ui/generated/widgets/frontend/customize/previewaudiobutton.lua
08345D1A16B334C5,ui/generated/widgets/frontend/weapons/weaponbuildbuttonheader.lua
0836F6E7C70D143D,ui/generated/widgets/ingame/mp/mobilitycourse/mobilitycourserecapscreenstatistic.lua
083D44AAD655078C,ui/generated/menus/frontend/codaccount/agewarningpopup.lua
0846270B7C5A6335,ui/generated/widgets/ingame/mp/br/brplayagaincheckmark.lua
084684573A6B65D6,ui/ingame/driverhudpickuptruckcontainer.lua
084775A706018E70,ui/generated/menus/frontend/mp/leagueplay/lpseasonalrewardsmenu.lua
084D3BB1ED808778,ui/generated/widgets/ingame/reticles/reticleholotherm01dark.lua
084DD387F8D98523,ui/generated/widgets/ingame/reticles/rex/ret_rex_arscope_rf_01.lua
0852E5321855BDF7,ui/generated/widgets/fullscreenvideobutton.lua
0855AFC76286BE04,ui/generated/menus/frontend/mp/rex/maps.lua
0860E7630AF59674,ui/generated/widgets/frontend/seasonalevent/seasonaleventsviewbattlepassbutton.lua
08612EE4795058BF,ui/generated/widgets/frontend/sp/missionselect/mapdecorationtriangle.lua
0861A6623137308F,ui/generated/widgets/frontend/dmzpersistentdismissoperatortooltip.lua
086FF7B5B4916AA5,ui/std/class.lua
08700732EE2CFF27,ui/generated/widgets/ingame/reticles/ret_cer_loot_s3nuclear.lua
0870328CAB26FD45,ui/generated/menus/infiltrationloadoutselect.lua
0871CA9206AA2278,ui/generated/menus/options/colorcustomizationfullscreen.lua
08766AB575A31441,ui/generated/menus/store/storeblueprintssubpagemenu.lua
087788A00577C9A7,ui/generated/widgets/frontend/worldblurdarkbacker.lua
087B335E4C1437D5,ui/generated/widgets/ingame/reticles/iw9/reticleargeneric.lua
087B4107FF16B34F,ui/generated/widgets/frontend/mp/dmz/dmznotebutton.lua
088097413A1B1D42,ui/generated/menus/frontend/weapons/loadout/loadoutoverview_zombie.lua
0889096A144D6341,ui/generated/menus/frontend/dmzgearinformation.lua
088BB8F585D8DB75,ui/generated/widgets/weaponprogressiononboarding.lua
089023F3D829BF41,ui/generated/widgets/options/customcolorthumbgenericsliderbar.lua
0892A120FC2AADAE,ui/generated/widgets/ingame/reticles/ret_sat_short_03_mp.lua
089973B5D2458320,ui/generated/widgets/inventorydraganddropcashtile.lua
089F2780945DED18,ui/generated/widgets/ingame/mp/br/brdualscorebars.lua
08AD8CD54CF6737F,ui/generated/widgets/frontend/mp/outbreak/obbackpack.lua
08B1E4F595FBA3BD,ui/generated/widgets/ingame/mp/ammowarning.lua
08B65CB7AE3FECF5,ui/generated/widgets/ingame/mp/scorestreaks/gunship/gunshiptargetlocationcontainer.lua
08B7DC5ADAAFE271,ui/generated/widgets/mobileiconwithtext.lua
08BAA6D1901F8143,ui/generated/widgets/frontend/mp/dmz/dmzselectedmissionobjective.lua
08C0EC066CA71879,ui/utils/mp/emblemeditorutils.lua
08C1C862EC3D6595,ui/generated/widgets/frontend/mp/cas/gunsmith/modificationpreviewattach.lua
08C1F52BD7965B68,ui/generated/menus/frontend/social/socialprofilemenu/socialprofilemenu.lua
08C7D96FAE4F9BA5,ui/generated/widgets/frontend/seasonalevent/seasonaleventsitemattributetagscontainer.lua
08D07269E6A1B413,ui/generated/widgets/frontend/combatrecord/zmsinglestatwidget.lua
08D14CFE3EDC55A0,ui/generated/widgets/ingame/gunscreens/gunscreendanteinferno.lua
08D58645E719A669,ui/generated/widgets/frontend/aar/aarcommendationunit.lua
08DDBE874BD90A08,ui/generated/widgets/frontend/challenges/jupbptokenreward.lua
08DE6E95A5DA8B91,ui/generated/widgets/ingame/zm/zmitemset.lua
08E0CEDBFD1FC3CF,ui/generated/widgets/compassstealthpip.lua
08E764B207B5B299,ui/generated/widgets/frontend/currencies.lua
08EB4DEDAE70661A,ui/generated/widgets/ingame/reticles/ret_cer_med_09_wz_alt.lua
08EB748C0E5CDAF8,ui/generated/widgets/ingame/reticles/reticle17hybrida.lua
08F4F07F01EE2EA3,ui/generated/widgets/frontend/lobby/lobbyplaylistbutton.lua
08FEECAD48329541,ui/generated/widgets/ingame/mp/killcam/killcamframe.lua
0900496C1E10DCBC,ui/generated/widgets/gunsmithpreviewbutton.lua
090700B911BC45DF,ui/generated/widgets/benchmarksummarycontainer.lua
090802043037AB69,ui/ingamempperkdatasources.lua
090CE80985CE664D,ui/generated/widgets/frontend/aar/rex/aarsummarystat.lua
090E25092EA39A0A,ui/generated/widgets/ingame/tutorialmessage.lua
091357C0451B741F,ui/generated/widgets/ingame/reticles/rex/ret_rex_holo_02_alt_02.lua
09146EAD164B060C,ui/generated/widgets/frontend/unlockcriteria/criteriawidgets/unlockcriteriagamemodecompact.lua
0920A5A3FF6AE806,ui/generated/widgets/frontend/aar/aarsummarymedalscontainer.lua
0924C5C5F8829C0C,ui/generated/widgets/ingame/mp/scorestreaks/gunship/gunshipweapon.lua
0929B74CB2955858,ui/ingame/killcamreactionlayer.lua
092AB6ADF68FD93B,ui/generated/widgets/frontend/social/rex/socialfiltersectionheader.lua
093688F168D7F86F,ui/generated/widgets/buttons/primarybuttonbacker.lua
093787EE4DCE2185,ui/generated/widgets/frontend/seasonalevent/lobby/seasonaleventcamochallengecard.lua
093DB5E394B7E2AE,ui/generated/widgets/frontend/customize/emoteselectbutton.lua
0945FE359EDFF415,ui/generated/widgets/ingame/mp/scorestreaks/gunship/rex/gunshipweapons.lua
0948794BCBD05ABA,ui/generated/widgets/dmzwalkablespacehud.lua
0953A779C1819782,ui/generated/widgets/frontend/challenges/challengepopupdetails.lua
09611A605A0118E2,ui/generated/widgets/frontend/career/careervehicleseatsiteminfo.lua
096D30CB0CCAA217,ui/generated/widgets/frontend/aar/rex/aarxpunlockrank.lua
0970D67DBB3B16D7,ui/generated/widgets/frontend/career/careerachievementsbutton.lua
097359A830341BD5,ui/generated/widgets/texturestreamingsysteminfo.lua
09762C3B4C3EF181,ui/generated/widgets/frontend/battlemap/battlemapclaimpips.lua
097AFEB7D55E134D,ui/generated/widgets/dmzfobfiringrangeweaponinfo.lua
097E838707878F21,ui/generated/widgets/infiltrationtoolsprompt.lua
097F3BA85BEF249B,ui/generated/widgets/ingame/mp/loading/mapstatsentry.lua
0988340916B068B7,ui/generated/widgets/generictextelement.lua
098853864F2EE41C,ui/generated/menus/achievementsmenubase.lua
098C613BAEEBF4BE,ui/generated/widgets/frontend/mp/wzsoireesquadmemberbutton.lua
0993CB7579B451DF,ui/generated/widgets/ingame/reticles/ret_cer_loot_s3pink_alt.lua
09965EBEB11220A8,ui/generated/widgets/mp/havocmodifiersrow.lua
09966B69CEF061E4,ui/generated/widgets/ingame/mp/rex/properk.lua
099AC34C4054B4F1,ui/generated/widgets/ingame/reticles/ret_cer_loot_bong_alt.lua
099B66F240C64947,ui/generated/widgets/frontend/lobby/mapdetails.lua
099CAED237FCFBB9,ui/generated/menus/frontend/mp/playmenu/playmenuwrapper.lua
099CC016A608879B,ui/generated/widgets/buttons/mapselectionbutton.lua
099EDEC5E04E56F1,ui/generated/widgets/ingame/reticles/reticleholorange01scifi.lua
09A8DBB8F97CA1E8,ui/generated/menus/frontend/cp/cpgamemodes.lua
09A8F4BB527D2CFB,ui/generated/widgets/frontend/unlockcriteria/criteriawidgets/unlockcriteriatextwithprompt.lua
09AFB75ECAA0E3DD,ui/generated/widgets/frontend/cp/cproleexperience.lua
09B455B2F937678D,ui/generated/widgets/ingame/reticles/reticle20.lua
09B747AA61BE50EF,ui/generated/widgets/frontend/social/channels/rex/socialchanneldescription.lua
09BE0ADD14E32DFF,ui/generated/widgets/frontend/battlemap/battlemapmenubase.lua
09CE129B6FE9C027,ui/generated/widgets/frontend/mp/privatematchpopupbuttons.lua
09CF63CDF5B2CF1C,ui/generated/widgets/ingame/challengecompletedsplash.lua
09DA0B2E42415D64,ui/generated/widgets/ingame/mp/minimap.lua
09DC61C24E89B1C2,ui/ingame/binkskipprompt.lua
09E1BB247EF333A6,ui/generated/widgets/buttons/visibleonfocusbuttonbacker.lua
09E3585E1355D47A,ui/generated/widgets/frontend/seasonalevent/quickplay/seasonaleventsquickplayflyoutwidget.lua
09EAB983B0531B12,ui/ingamempkillcamdatasources.lua
09F22D9755E61084,ui/generated/widgets/loadouteconomycataloginfo.lua
09F7780B3FBCBCC1,ui/generated/widgets/frontend/social/socialpartyplayerlistcontainer.lua
0A09AB1DA65FA129,ui/utils/cp/munitionutils.lua
0A0A70EDD0D4DD51,ui/hudmanager.lua
0A0DC86F79120C6F,ui/generated/widgets/frontend/seasonalevent/seasonaleventtoggleprompt.lua
0A0E1BCD962D8AC0,ui/generated/widgets/frontend/social/socialcardsgrid.lua
0A223E7D03EDCC88,ui/generated/widgets/ingame/reticles/jupiter/jup_reticle_duplex.lua
0A236E462F63A822,ui/generated/widgets/ingame/mp/globalplayersplashbanner.lua
0A2468C1EB4A9CEA,ui/generated/widgets/ingame/mp/bradley/bradleyammocounter.lua
0A249E2A07FE5821,ui/generated/menus/battlepass/blackcellbattlepassflyout.lua
0A279E3D622FFE5C,ui/generated/widgets/frontend/depot/mpdepotmenuverticalbuttons.lua
0A2E787705050A90,ui/generated/menus/frontend/mp/outbreak/obpartymatchmakinglobby.lua
0A30AF90973FECA7,ui/generated/menus/waitpopup.lua
0A3136CEE208A04C,ui/generated/menus/frontend/mp/dmz/dmzreadyup.lua
0A335BFF20242369,ui/generated/widgets/frontend/solooperatorbasicinfo.lua
0A357D3FD77E1713,ui/generated/widgets/frontend/aar/aarsummarypaneltitle.lua
0A39AA43A96B1583,ui/generated/widgets/rex/bonusdailychallengeheader.lua
0A3EFA956FAFE987,ui/generated/menus/frontend/barracks/progressionselectmenu.lua
0A407876F68AACD9,ui/generated/widgets/options/favoriteoptionpreview.lua
0A4230C92DA5DEA4,ui/generated/widgets/hudeditor/hudeditorcolors.lua
0A44BB5799B625E7,ui/generated/widgets/br/brteamcasharrowmarker.lua
0A505CDB50564B8A,ui/generated/widgets/ingame/objectiveheading.lua
0A50D647A11C6C0A,ui/generated/widgets/dmzitemoperatorbonusentry.lua
0A5704FC7F057BA2,ui/generated/menus/frontend/mp/cas/loadouts/equipmentselectbase.lua
0A5B0A13C901C06C,ui/ingame/radialsensorelement.lua
0A5E716FB961C798,ui/generated/widgets/ingame/mp/arena/rex/arenaloadout.lua
0A601D00A051D8E6,ui/generated/widgets/ingame/reticles/ret_cer_med_09_mp.lua
0A6088DF431F18AE,ui/generated/widgets/frontend/mp/cas/loadoutselectbuttonsbase.lua
0A6540E1880C86DD,ui/generated/menus/bindingpreview.lua
0A65F8241663D63E,ui/generated/widgets/ingame/reticles/ret_cer_loot_s2carnival_alt.lua
0A6B02B6F93E0791,ui/generated/widgets/generickillstreakfuelmeter.lua
0A731A0B3CA330A2,ui/generated/widgets/frontend/customize/rex/stickerbooksinglemodemasterycard.lua
0A762EBCADB8B5E4,ui/generated/widgets/ingame/reticles/rex/ret_rex_holo_03_alt_08.lua
0A766DB909E134FD,ui/generated/widgets/alwaysloaded/labelbase.lua
0A79B35508139DD9,ui/generated/widgets/frontend/combatrecord/generic/radialcircle.lua
0A7A400E50CCF0C7,ui/generated/widgets/ingame/mp/mobilitycourse/mobilitycoursedifficultyselectionmenurewardscontainer.lua
0A7AE9B7BCC4FABA,ui/generated/widgets/spidergraphlabel.lua
0A885D91A1E6C385,ui/generated/widgets/ingame/mp/scorestreaks/missiledronecontrols.lua
0A89DD483B27B5A8,ui/generated/widgets/tutorialvideomaximized.lua
0A8CE2E8C6DAF348,ui/generated/menus/frontend/leaderboard/leaderboardfilterflyoutmenu.lua
0A8E7A98B022A9A8,ui/generated/widgets/ingame/mp/vehicle/driverhudmilcargotruck.lua
0A9304DA991556C4,ui/generated/widgets/lootstemlinewidget.lua
0AA0FE1F2F0F713A,ui/generated/widgets/frontend/battlemap/codpointsbanner.lua
0AAB94AA701C2E80,ui/generated/widgets/tooltipwidget.lua
0AAC71E4E4BAA7E7,ui/generated/widgets/ingame/reticles/ret_cer_loot_s6ghost_alt.lua
0AAFB7A5F8327720,ui/generated/widgets/ingame/reticles/ret_cer_loot_s2vtuber_rangefinder.lua
0AB5154CA53CA232,ui/generated/widgets/rex/weaponbuildaddbutton.lua
0AB5CCC8C32B6697,ui/generated/widgets/ingame/reticles/rex/ret_rex_dmscope_therm_01.lua
0AB8C9E2399C626D,ui/generated/widgets/frontend/currencywidget.lua
0ABCFA6DBD75D667,ui/generated/widgets/ingame/chyroncontainer.lua
0AC23F12E7DFA404,ui/generated/widgets/kbmbuttonwithprogress.lua
0AC2C62790AFFFA4,ui/generated/widgets/leagueplay/lptop250leaderboardrow.lua
0AC36B3F449004C5,ui/widgets/buttonlayoutlogic.lua
0ACB5B4B52CFECD4,ui/generated/widgets/frontend/social/socialprofilemenu/socialshowcaseoperatorbutton.lua
0AD603E4473118BC,ui/generated/widgets/frontend/seasonalevent/seasonaleventextrabonusxp.lua
0AD7356C5708394F,ui/generated/widgets/ingame/reticles/ret_cer_loot_90splaid_rangefinder.lua
0AD90B26C07D386C,ui/generated/widgets/frontend/seasonalevent/seasonaleventsplaylistbutton.lua
0ADA9A545BABBE19,ui/generated/widgets/common/redactionmessage.lua
0AE3B1A8901F000D,ui/generated/widgets/ingame/mp/matchstatusrounds.lua
0AEB560A4052FBD8,ui/generated/widgets/ingame/reticles/rex/ret_rex_fourx_cust_11_grn.lua
0AF07C1FB576B6E6,ui/generated/widgets/frontend/mp/leagueplay/lppostmatchflowcontainer.lua
0AF084DFEAD3E228,ui/generated/widgets/firetypecrosshairs.lua
0AF5C80393A88CEA,ui/generated/widgets/ingame/reticles/ret_sat_loot_kingdeath.lua
0AFF3243523CC465,ui/generated/widgets/alwaysloaded/flyinkbmarrow.lua
0AFFDBC6C9274E67,ui/utils/specialutils.lua
0B0528BE739597C1,ui/generated/widgets/ingame/mp/scorestreaks/gunship/gunshipweapons.lua
0B08F239792300D6,ui/generated/widgets/iconlabelbacker.lua
0B0B75F1CA4A1186,ui/generated/widgets/ingame/reticles/reticlesnscopevz02purple.lua
0B0F6301CAB459D1,ui/generated/luielems/ingame/anchoredhint.lua
0B127C2DCC234E75,ui/generated/widgets/frontend/depot/itemsquare.lua
0B18DD7077F8105D,ui/generated/widgets/frontend/weapons/loadout/rex/loadoutclasswidget.lua
0B1A988791FB7DDD,ui/generated/widgets/frontend/mp/outbreak/obselectedmissionreward.lua
0B1AE89CE4056BE3,ui/generated/widgets/frontend/operator/factionswitchprompt.lua
0B1C71B0640901BA,ui/generated/widgets/ingame/mp/killcam/rex/killcamattachmentslist.lua
0B1D76B1A2408A53,ui/generated/widgets/frontend/battlemap/battlemapbonussectorbuttonbase.lua
0B1E7A1674E1DDD5,ui/generated/widgets/frontend/seasonalevent/seasonaleventseventpaneltrophyhuntoverlay.lua
0B20622AEBA1168F,ui/generated/widgets/ingame/reticles/blackdot.lua
0B29AC555476204E,ui/generated/widgets/frontend/pagedbattlepass/pagedbattlepasstokenbonusupsellbanner.lua
0B2ECF5D41528A71,ui/utils/frontendscene.lua
0B331BD88472D028,ui/generated/widgets/miclevelsliderbar.lua
0B38B3D77AE424A2,ui/generated/widgets/ingame/mp/trial/trialstatsbreakdown.lua
0B48EDBD7FFD74AF,ui/generated/datasources/sp.lua
0B49FA8E5577DBCE,ui/generated/widgets/playeremblemstack.lua
0B573F7709F7CC33,ui/generated/widgets/frontend/mainmenu/mainmenubutton.lua
0B5AF25ED75F3419,ui/generated/widgets/cac/gunsmithgenericcostmeticsbutton.lua
0B5C2A4A25A8C56F,ui/generated/widgets/cac/weaponattachmentpip.lua
0B5C534E24AEF4D3,ui/generated/widgets/frontend/fieldacquisitionweapontag.lua
0B5E9C57080412BE,ui/generated/menus/frontend/cp/starsystem/cpstarrewards.lua
0B5FDCDB12FDAAAF,ui/generated/widgets/frontend/sp/campaignbigmapmenu.lua
0B6176B0BAE010C7,ui/generated/widgets/frontend/seasonalevent/seasonaleventsbonusxpboostcontainer.lua
0B644E359081D5BF,ui/generated/widgets/ingame/mp/scoreboard/scoreboardheadersubinfo.lua
0B6854EDCB1E77F7,ui/generated/widgets/frontend/depot/battlepassupsellpopup.lua
0B6A5494B5FFA653,ui/generated/widgets/caccommon/bundleupsellgobblegum.lua
0B70122C7CB20788,ui/generated/widgets/frontend/battlemapv2/bpitemlockup.lua
0B76B4115ED9DDC6,ui/widgets/editboxlogic.lua
0B7AC629024156EB,ui/generated/widgets/frontend/dmzplaylistbutton.lua
0B7DE391575606BB,ui/generated/widgets/genericlistarrowbuttonbackground.lua
0B8CA37CA8FAB904,ui/generated/widgets/frontend/jupbattlemap/jupbattlemaptokenpurchasewidgetbase.lua
0B8CFF30603557BA,ui/generated/widgets/frontend/aar/aarflyoutbutton.lua
0B972D7E0B5CF67C,ui/generated/widgets/genericpopupwindow.lua
0B99AE1E709A73FE,ui/generated/widgets/ingame/mp/scoreboard/teamscores.lua
0B9AB8A7B916BC74,ui/utils/uriutils.lua
0BA1C2B2EEBA2A58,ui/generated/menus/frontend/mp/privatematchprivacysettings.lua
0BA87FE087F1C9FA,ui/generated/widgets/ingame/carrieditemcapacity.lua
0BA8C76790343A91,ui/generated/widgets/ingame/reticles/reticle11.lua
0BAD2A47B6581021,ui/generated/widgets/frontend/mp/supportitemslots.lua
0BB15602BDA576B6,ui/generated/widgets/frontend/challenges/camochallengebutton.lua
0BB29FD1A9289192,ui/generated/widgets/rex/brmenumapkeyheader.lua
0BB30DB8D0D174F6,ui/generated/widgets/frontend/cac/challengeinfoitem.lua
0BB953602426C0D5,ui/generated/widgets/frontend/customize/playercardcollectionbacker.lua
0BC035D629966B8C,ui/generated/widgets/ingame/reticles/ret_cer_short_03_mp.lua
0BCDBE4171910A43,ui/generated/widgets/genericcheckboxbutton.lua
0BCDCA6C20DA2AA3,ui/generated/widgets/frontend/seasonalevent/seasonaleventsloothoverplayer.lua
0BCE651126EFC552,ui/generated/widgets/hudeditor/widgetselectpips.lua
0BD0FB4873D4F0F1,ui/generated/widgets/frontend/mp/tournament/tournamentresultrewardlist.lua
0BD3A0DFE9171B85,ui/generated/menus/frontend/mp/cas/loadouts/charmselectbase.lua
0BD6E96A77D0AE26,ui/generated/widgets/ingame/mp/splashglitchicon.lua
0BD71169CB53BC61,ui/generated/widgets/frontend/weapons/gunsmithattachmentbuttonshared.lua
0BDB9B8F0B1D0E3B,ui/utils/cp/cputils.lua
0BDEEA3958BF2D8F,ui/generated/widgets/ingame/whizbyfront.lua
0BE2AD590841AF56,ui/generated/widgets/featurednotificationcarousel.lua
0BE44A5D6E9DAB5D,ui/generated/widgets/ingame/reticles/ret_sat_loot_aerial.lua
0BE49E654761580F,ui/generated/widgets/ingame/shared/scriptedwidgetgenerictext.lua
0BE61E36B9A6DB37,ui/generated/widgets/frontend/seasonalevent/seasonaleventsrewardcardcoverimage.lua
0BE9EE0E80C61034,ui/generated/widgets/executionhint.lua
0BECD56C3062F989,ui/generated/widgets/frontend/solooperatorselect.lua
0BF31457406370B4,ui/generated/widgets/winnerscircle/winnerscircle.lua
0BF74D86071E9F17,ui/generated/menus/frontend/jupdepot/jupbattlepasspurchasepopupbase.lua
0BFB219B5C35FFB2,ui/generated/widgets/frontend/codaccount/codaccounteditbox.lua
0BFBD34825B091A7,ui/generated/widgets/frontend/mp/dmz/weaponscasepreview.lua
0BFCD1B22A7EB9A7,ui/utils/stealthutils.lua
0BFDFEE2C9A822D4,ui/generated/widgets/frontend/worldmap/claimedterritories.lua
0BFF730578BC65E4,ui/generated/widgets/ingame/reticles/ret_cer_loot_s3swolf_alt.lua
0C00EFBAA62CA840,ui/generated/widgets/ingame/reticles/ret_sat_fourx01_def_compass.lua
0C07FFA37003C2F3,ui/generated/menus/frontend/armory/armorylandingscreen.lua
0C1133074A85A46F,ui/generated/widgets/ingame/recondroneparked.lua
0C222B045056514C,ui/generated/widgets/ingame/reticles/rex/ret_rex_fourx_cust_11_blu.lua
0C2836ABB6830E12,ui/generated/widgets/inventory/inventorydecisionbacker_rex.lua
0C2DCF1BA91D984E,ui/generated/widgets/ingame/mp/arena/arenaloadoutattachments.lua
0C2FDC28F88C08E4,ui/generated/widgets/frontend/social/socialprofilecardsmallempty.lua
0C362698F7A17C31,ui/generated/widgets/frontend/aar/aarrewarditemdescription.lua
0C3A65C7203438CD,ui/generated/widgets/playerdetailsavailabilitybutton.lua
0C3A928D4DE2112B,ui/generated/widgets/ingame/reticles/reticlecrosshairbaseouter.lua
0C3D613D03E9D799,ui/generated/menus/patchnotes.lua
0C3D74BDF94699CC,ui/generated/widgets/frontend/vehicles/vehiclehornselectbase.lua
0C3DA1A55222D473,ui/generated/widgets/frontend/lobby/lobbyplayerlistsplitscreenmessage.lua
0C4526F0FD804F9B,ui/generated/menus/frontend/barracks/leaderboardselectmenu.lua
0C499E709C749C02,ui/generated/menus/frontend/barracks/leaderboardselectmenubase.lua
0C4C0FB6E9C03A0F,ui/generated/widgets/ingame/mp/rex/killcounter.lua
0C4C2862134B7EDF,ui/generated/widgets/frontend/leaderboard/leaderboardrowbutton.lua
0C5151499636577F,ui/generated/widgets/frontend/seasonalevent/seasonaleventspaneloverlaycorneredtextbacker.lua
0C586185A4196DB2,ui/generated/menus/frontend/mp/zm/zmmatchsettings.lua
0C5A9F205D017B42,ui/generated/widgets/frontend/operatorskincount.lua
0C5D9BF6E57F68C4,ui/ingame/accessorymanager.lua
0C633DEBEA77E08D,ui/utils/tiputils.lua
0C655DFB5B9F7EDB,ui/generated/widgets/spcompletionrewardsitem.lua
0C678A12D559489B,ui/generated/menus/frontend/weapons/loadout/loadoutoverview.lua
0C6A59957CFDA840,ui/generated/widgets/options/copyimagebutton.lua
0C6E9DC750605D46,ui/generated/widgets/ingame/mp/scorestreaks/gunship/rex/gunshipammo.lua
0C7209FDEB0F7A28,ui/generated/widgets/ingame/reticles/ret_sat_long_04_wz_therm.lua
0C757C2A831EA9C6,ui/generated/widgets/killstreakbootup.lua
0C7E7ED9DF6D540F,ui/generated/widgets/buttons/mousebuttonarea.lua
0C851EB045C1D905,ui/generated/menus/frontend/mp/leagueplay/lphowtoplaytabsmenu.lua
0C88953BFE15871E,ui/generated/widgets/ingame/mp/br/brhudbunkerkeycardicon.lua
0C8F0A82E847F6D4,ui/generated/widgets/brmenumapkeyvertlist.lua
0C8F1EE19317E0FB,ui/generated/widgets/fencespinner.lua
0C9108610CBBFB74,ui/generated/widgets/frontend/br/leagueplay/lpsraarstatsslideout.lua
0C96C6EA4DE7BF09,ui/generated/widgets/frontend/mp/tournament/tournamentlobbyflow.lua
0C982A327A192313,ui/generated/widgets/ingame/mp/rex/edgeglowoverlay.lua
0CA1BF9BC86DDAA1,ui/generated/menus/frontend/mp/cas/loadouts/camoselect.lua
0CA68379E18C4BA4,ui/generated/widgets/frontend/jupbattlemap/seasons/jupbpspecialmapsectorswidget_s4.lua
0CB6313B15851319,ui/generated/widgets/labeledglowbutton.lua
0CB9130645B38400,ui/generated/widgets/ingame/reticles/ret_cer_loot_80sarsenal.lua
0CBE3C839FBBCFBA,ui/default.lua
0CC04D8017DDBAE7,ui/generated/widgets/ingame/mp/payback/paybackmatchstatusteams.lua
0CC5F5DFCE42BA53,ui/generated/widgets/frontend/lobby/rex/lobbytokensbutton.lua
0CC5F9A7C9F61C3A,ui/ingame/driverhudsuv1996container.lua
0CC80B7534A065A0,ui/generated/widgets/frontend/mapplaylistbuttonrtt.lua
0CCC57241ABA979A,ui/generated/widgets/ingame/mp/vehicle/vehiclewarningdestruct.lua
0CD12EA2085D81B9,ui/generated/widgets/frontend/mp/cpmissionrewards.lua
0CD3DB44F5A7CDEE,ui/generated/widgets/frontend/battlemap/battlemapinspectpanelbase.lua
0CDA823FD2538303,ui/generated/widgets/frontend/mp/cas/gunsmith/gunnybuttonbacker.lua
0CDB8CFD85A354D4,ui/generated/widgets/frontend/mp/cas/previewweaponprompt.lua
0CE05055345261AF,ui/generated/widgets/frontend/mp/dmz/dmztraitline.lua
0CE2BC6211CAC6CC,ui/generated/widgets/ingame/reticles/reticleoutercirclefourx02.lua
0CE4366C1078D67F,ui/generated/widgets/rex/challengesdailycore.lua
0CE80DE7817051D9,ui/generated/menus/frontend/seasonalevent/quickplay/seasonaleventsquickplayflyout.lua
0CEBD2BD5C23640A,ui/generated/menus/rex/smsidentificationchallengescreen.lua
0CF07CCB1D0362C5,ui/generated/widgets/battlepass/blackcellxpboosttokenmenu.lua
0CF74BAB24DF1947,ui/generated/widgets/ingame/inventory.lua
0CFBED243776B7FA,ui/generated/widgets/ingame/mp/loading/loadingparallaxmapinfoheader.lua
0CFD0B6CA186F117,ui/generated/widgets/frontend/aar/aarweaponofchoice.lua
0CFD79E5A9D005CD,ui/generated/widgets/frontend/br/wzsoireeprivatematchlobbychangerolepreview.lua
0D0007195166E3E0,ui/generated/widgets/ingame/reticles/ret_cer_med_03_zm_alt.lua
0D04737042E1CC38,ui/generated/widgets/frontend/battlemapv2/bpmapmetadata.lua
0D060FCE24285884,ui/generated/widgets/rex/genericsliderbar.lua
0D070E1EA4CDCD3A,ui/generated/widgets/frontend/mp/lobby/warzoneprivatematchlobbyexpire.lua
0D0D738C50CCE97B,ui/generated/widgets/frontend/weapons/loadout/loadoutitemgroupbacker.lua
0D0FF3C522A3C1D5,ui/std/table.lua
0D1196962628A9B1,ui/generated/widgets/frontend/seasonalevent/seasonaleventlistspacer.lua
0D1398C1B4910535,ui/generated/widgets/frontend/events/seasonaleventsfieldrepreward.lua
0D146744B7BF3270,ui/generated/widgets/frontend/store/storebundlecollectionfeaturedreward.lua
0D146D76997AE0B6,ui/generated/widgets/ftuetip.lua
0D16E3FD9FF09F61,ui/generated/widgets/frontend/challenges/rex/stickerbookcategorywidget.lua
0D2036534A949738,ui/generated/widgets/frontend/lobby/rex/playlistrulestile.lua
0D23045C56ABF022,ui/generated/widgets/frontend/seasonalevent/seasonaleventsleaderboardrewardstacktopbar.lua
0D2BBCEEE8F41B03,ui/generated/widgets/ingame/reticles/rex/ret_rex_fourx_cust_07_blu.lua
0D2D7D8D344C0A2F,ui/ingame/driverhudtacrovercontainer.lua
0D2F72FA43C74E65,ui/generated/widgets/frontend/barracks/barrackschallengeitemweek.lua
0D334973B406AC93,ui/generated/menus/frontend/mp/cas/loadouts/attachmentappearanceselectbase.lua
0D3A826FC2F842A2,ui/ingame/driverhudmedtransportcontainer.lua
0D3C3B6C3616146D,ui/generated/menus/frontend/mp/cas/loadouts/attachmentselectbase.lua
0D42D9DC31A13DAF,ui/generated/widgets/frontend/dailyloginreward/dailyloginrewarditems.lua
0D44E6512335DB2F,ui/generated/widgets/frontend/battlemap/battlemapseasonrecapbutton.lua
0D47521AA114B824,ui/generated/widgets/frontend/mp/cas/operatorexecutionbutton.lua
0D4B286D259CB2DC,ui/generated/widgets/frontend/customize/emotelistitemfe.lua
0D52A8DC82359D3F,ui/generated/menus/sp/campaignonlyinstalledmenu.lua
0D543177C9C43D7A,ui/generated/menus/mobilebattlemapwelcomeftuepopup.lua
0D57314008BCE3E7,ui/generated/widgets/frontend/challengesmenubutton.lua
0D57F3EF1FB77BA9,ui/generated/widgets/frontend/unlockcriteria/criteriawidgets/unlockcriteriaseparator.lua
0D5DBC94EBF84582,ui/generated/widgets/frontend/pagedbattlepass/blackcell/blackcellcamorewardshowcase.lua
0D6D9D822056E7EA,ui/generated/menus/frontend/challengesmenu.lua
0D7651398DD42448,ui/generated/widgets/frontend/depot/rex/battlepassstatus.lua
0D7862117A896B12,ui/generated/widgets/ingame/mp/rex/fieldupgradenotification.lua
0D7D47E69CCA6F2F,ui/generated/widgets/frontend/operator/operationprogress.lua
0D84559F76F70C63,ui/generated/menus/mp/mpscoreboard.lua
0D8C6C799DCC5AF5,ui/generated/widgets/infiltrationroleperks.lua
0D8E25D4DEC657BD,ui/generated/widgets/ingame/reticles/ret_cer_long_02_zm.lua
0D908B32403950DE,ui/generated/widgets/frontend/mp/cas/loadouts/gunsmith/gunsmithbase.lua
0D97E26C0AC84DDE,ui/generated/widgets/frontend/jupbattlemap/jupbphexagonprogresspiece.lua
0D9CACEDB865A97D,ui/generated/widgets/ingame/mp/scoreboard/scoreboardtitletextfield.lua
0D9DCCBF1B7BE94E,ui/generated/widgets/ingame/reticles/ret_cer_long_05_wz.lua
0D9EFC0C18D4E758,ui/generated/widgets/ingame/reticles/reticlecrosshairdot.lua
0DA22A53259A70A5,ui/generated/menus/frontend/mp/cas/streakreplacepopup.lua
0DA53E6BF646E26A,ui/generated/widgets/frontend/aar/aarkitprogressiontier.lua
0DA54138670DCDD7,ui/generated/widgets/ingame/warningmessagecontent.lua
0DA74F0D7E170ABE,ui/generated/widgets/frontend/mp/tournament/tournamentplayernames.lua
0DAA929819728498,ui/generated/widgets/frontend/pagedbattlepass/blackcell/blackcellupsellbuttonslim.lua
0DAB31F98BC13635,ui/generated/widgets/ingame/ammocounterpanel.lua
0DAB4E73FF0C609A,ui/generated/widgets/ingame/mp/matchstatusteams.lua
0DAC7D0E6256580A,ui/generated/widgets/ingame/mp/vehicle/driverhudhoopty.lua
0DAEE522506DB72F,ui/generated/widgets/frontend/barracks/srchallengeitem.lua
0DB08E0BE2CEDC06,ui/generated/widgets/ingame/codcaster/codcasterobjectiveicon.lua
0DB0B6D27F3E8CC0,ui/generated/widgets/frontend/lobby/rex/privatematchmodeselectbutton.lua
0DB62FA8903F3FEC,ui/generated/widgets/frontend/mp/cas/loadouts/perkdescriptionpanel.lua
0DBF3A8FA0CA3E26,ui/generated/widgets/buttons/buttonlarge.lua
0DBFA3B07F3BF720,ui/generated/widgets/frontend/mp/dmz/pmctag.lua
0DC0D03DF0F32C09,ui/generated/widgets/frontend/career/mpcareermenu.lua
0DC4EE9F2675E368,ui/generated/widgets/ingame/rex/lootsplash.lua
0DC6B82EEE36BE69,ui/generated/widgets/frontend/mp/cas/loadoutcopyreplace.lua
0DC834C6F93836B6,ui/generated/widgets/frontend/customize/callingcardalltab.lua
0DD13C249ADDBBAE,ui/generated/menus/frontend/mp/dmz/dmzmissionsoverview.lua
0DD1DEE855FDD998,ui/generated/widgets/ingame/reticles/reticlehybrid03vday.lua
0DD4D2F895229A29,ui/generated/widgets/options/sticklayoutoptionsmenu.lua
0DDA785F27157F63,ui/generated/widgets/ingame/reticles/ret_cer_long_01_wz_therm.lua
0DE1A48884CAC423,ui/generated/menus/frontend/mp/cas/loadouts/fieldupgradesbase.lua
0DE43185354D93B7,ui/generated/widgets/ingame/reticles/ret_cer_loot_s55beach_alt.lua
0DE615DA378DB327,ui/generated/widgets/frontend/social/socialplayeractions.lua
0DE81B8C4DB293C7,ui/generated/widgets/frontend/mp/cas/gunsmith/gunsmithtunebutton.lua
0DEBB4B46CC16DEE,ui/generated/widgets/frontend/cp/cpdifficultyplaylistinfo.lua
0DED7717418F5357,ui/generated/widgets/frontend/mp/cdlrestrictiontag.lua
0DF0958E5634FA0A,ui/generated/widgets/frontend/store/storebundleitem.lua
0DF50BA214736A95,ui/generated/widgets/inventorysecondarybuttonfocus.lua
0DF589D664FF8B07,ui/generated/widgets/ingame/reticles/reticlesniperlimax.lua
0DF98CD9A8B909C4,ui/generated/widgets/xptonextlevelprogression.lua
0DFD1F93D87873C1,ui/generated/widgets/dmzwalkablespacewidget.lua
0E057877F56F3D92,ui/generated/menus/frontend/depot/battlepasspurchasepopup.lua
0E0A9432E5810310,ui/utils/prenavchecks.lua
0E0E49BA6FB7FC99,ui/generated/widgets/ingame/mp/countdownwithimage.lua
0E1358EB449C63AC,ui/generated/widgets/ingame/reticles/rex/ret_rex_snscope_cust_16.lua
0E13FF63A4087F3B,ui/generated/widgets/ingame/mp/rex/rankupsplashbanner.lua
0E153D81C9643100,ui/generated/widgets/ingame/reticles/ret_cer_loot_s6skateboard_rangefinder.lua
0E165AD9D8269B88,ui/generated/widgets/ingame/reticles/ret_cer_loot_s5pdoctor_alt.lua
0E16D34C205C4FC1,ui/generated/widgets/battlepass/blackcellxpboostbattlepassflyoutperseason.lua
0E1BA5132575FA39,ui/generated/widgets/frontend/events/seasonaleventseventselectionprogressvisuals.lua
0E1C72D5459F3EA5,ui/generated/widgets/brraritycolorbackground.lua
0E286635AAC1DC2E,ui/generated/widgets/frontend/bo6premiumtag.lua
0E28FE67EB36E266,ui/generated/widgets/frontend/challenges/weaponchallengeselect.lua
0E2B0DFA61AEDA8A,ui/generated/menus/frontend/mp/cas/loadouts/fieldupgrades.lua
0E2DF7548F1B455A,ui/generated/widgets/ingame/mp/vehicle/vehiclewarningshockstick.lua
0E2F411D800550B8,ui/generated/menus/executionselect.lua
0E319C36CC96A3C7,ui/generated/widgets/ingame/radialmenu4slice.lua
0E368F69374F4C06,ui/generated/widgets/frontend/aar/rex/aarsummaryheader.lua
0E37A5671E9BCE7E,ui/ingame/hud.lua
0E37F6F37373DF14,ui/generated/widgets/ingame/reticles/rex/ret_rex_fourx_cust_06_grn.lua
0E3B8D296DC9DFE8,ui/generated/widgets/frontend/weaponbuildprojects.lua
0E3BCD48FB8BC4E5,ui/generated/widgets/frontend/mp/playmenubutton.lua
0E3FCB9D0CFBD8C8,ui/generated/widgets/killcamreactionnotification.lua
0E465F7666220980,ui/generated/widgets/ingame/reticles/ret_cer_med_10_wz.lua
0E4CA407C3926A77,ui/generated/widgets/frontend/lobby/lobbymapvoteentry.lua
0E5019AFA7D38E9F,ui/generated/widgets/frontend/battlemapv2/bpupsellreward.lua
0E54DD596C508615,ui/generated/widgets/frontend/jupbattlemap/jupbattlemaptokenpurchasewidget.lua
0E5540764335C727,ui/generated/widgets/scrollbar/pipsecondary.lua
0E610DC0ACB45A74,ui/generated/widgets/frontend/mp/tournament/tournamentrewardpreview.lua
0E649EABA684FC79,ui/generated/widgets/frontend/barracks/barrackschallengeitemmission.lua
0E6960D96C37D518,ui/generated/widgets/mobilegenericswitch.lua
0E6B90510254EBD8,ui/generated/widgets/store/storemorefilterstag.lua
0E6E4FF5F3E87227,ui/generated/widgets/frontend/dailyloginreward/anniversarydailyloginrewardtitle.lua
0E772BE48D68ABA4,ui/generated/widgets/ingame/reticles/reticle27.lua
0E77E9437C6247E7,ui/generated/widgets/frontend/mp/leagueplay/lprankpointsrow.lua
0E8059D8FC3B8C7D,ui/generated/widgets/ingame/rex/weaponaltnotify.lua
0E9066B3C19C028F,ui/generated/widgets/frontend/serverbrowser.lua
0E908CD7B001430F,ui/generated/widgets/ingame/mp/scorestreaks/gunship/jupgunshipcontrols.lua
0EAA52BE65ED3327,ui/generated/widgets/frontend/mp/dmz/dmzbasechallengeobjectives.lua
0EAB506413517D32,ui/generated/requires/frontend/sp.lua
0EAFECF357B0A95E,ui/generated/widgets/ingame/mp/scorestreaks/dronesentry/dronesentryunderwaterindicator.lua
0EB145AD71B3BBA6,ui/generated/widgets/glowbuttoneffects.lua
0EB32CFF19934E3A,ui/generated/widgets/frontend/headquarters/combatrecordstatbox.lua
0EB3620F48E1E10A,ui/generated/widgets/ingame/reticles/ret_sat_med_10_wz.lua
0EB6DE356A20DAEB,ui/generated/widgets/frontend/battlepassprogressbar.lua
0EB80677DD7DC502,ui/generated/widgets/rex/channelconnecttoggle.lua
0EC96F2C33960816,ui/generated/widgets/bootaudiobassbutton.lua
0ED019801D5DE307,ui/generated/widgets/common/locktextbackerresponsive.lua
0ED4AE7E1983FD14,ui/generated/widgets/ingame/spotterscopereticle.lua
0ED8F7AA7AC35BEA,ui/generated/menus/frontend/customize/callingcardshowcaseselect.lua
0ED994970B134ADF,ui/generated/widgets/ingame/squadhud/squadmemberclientcounteroperation.lua
0EE2D042CAE772CF,ui/generated/widgets/frontend/lobby/expandablelobbyarea/expandablelobbylist.lua
0EE59344D66C56DC,ui/generated/widgets/ingame/reticles/ret_cer_med_10_mp.lua
0EE62A6CDEA03FEC,ui/generated/widgets/frontend/seasonalevent/seasonaleventsrewardequippedstatuslabel.lua
0EE711C80AFCAD85,ui/generated/widgets/rex/tooltipheaderwidget.lua
0EEE1708AF3F2454,ui/generated/menus/frontend/challengesdailypopup.lua
0EF8EDD34AADD53C,ui/generated/menus/store/storedisclaimerpopup.lua
0EFC1EF9D55970DC,ui/generated/widgets/ingame/reticles/ret_cer_med_07_wz.lua
0EFECDF7F0F755D2,ui/utils/spraysutils.lua
0EFFCF667EAE7D17,ui/generated/widgets/challengestrackedflyin.lua
0F0395E5979376AE,ui/utils/vehicleutils.lua
0F09C0A4DF73881F,ui/generated/widgets/ingame/reticles/extrareticles/reticleoutercircleacogeast02.lua
0F0A6230F0FEF903,ui/generated/widgets/frontend/mp/dmz/dmztaskempty.lua
0F0B075EE672C80A,ui/generated/widgets/ultimatebuttonfocus.lua
0F0D7FB1F0FE61E5,ui/generated/widgets/frontend/battlemapv2/bpblackcellupsell.lua
0F0E52B2BC74EEF2,ui/generated/menus/frontend/challengesselectmenu.lua
0F0FAC0F8BE52726,ui/generated/widgets/frontend/mp/leagueplay/lpskilloverview.lua
0F15153E6F62E8A6,ui/generated/widgets/ingame/reticles/ret_cer_med_05_wz_alt.lua
0F1E4718FD830174,ui/generated/widgets/ingame/rallyingcrytargetdetector.lua
0F2163791B6EAD01,ui/utils/bindingpreviewutils.lua
0F22ED0B80646D41,ui/generated/widgets/frontend/sp/missionselect/rex/levelselectbutton.lua
0F28EDF32614B459,ui/luigrid.lua
0F2DD1233DC400E6,ui/generated/menus/hudeditor.lua
0F32F80612734BBB,ui/generated/widgets/frontend/seasonalevent/seasonaleventschallengeimagebuilder.lua
0F37515F58254D6F,ui/generated/widgets/frontend/vehicles/vehicletrackselect.lua
0F37F51C9DD81317,ui/generated/widgets/frontend/lobby/lobbyinspectbutton.lua
0F3FD4B27CDE1991,ui/generated/widgets/ingame/reticles/ret_cer_loot_s2wizard_rangefinder.lua
0F401544DD80053E,ui/generated/widgets/frontend/mp/cas/loadouteditbutton.lua
0F414BAE6AB3753F,ui/generated/menus/fullscreenpopup.lua
0F4379D9B58AAA9B,ui/generated/widgets/ingame/mp/onelifemodes/numvnumdigit.lua
0F455460726301B1,ui/generated/widgets/dmzactivedutyoperatorcardtraits.lua
0F45F73D30471DBE,ui/generated/widgets/frontend/combatrecord/zmcombatrecordlandingtab.lua
0F47A8FB68EF4FD2,ui/generated/widgets/emptywidget.lua
0F48D728D996EF58,ui/generated/widgets/options/sticklayoutbutton.lua
0F4B04987A87688F,ui/generated/widgets/options/copyimagebuttonlarge.lua
0F4BB4AF947897AD,ui/generated/widgets/frontend/mp/playmenu/gamemenurow.lua
0F59DAE0A5E058D9,ui/generated/widgets/ingame/mp/scorestreaks/mobileturret/mobileturretammobar.lua
0F5A0E33D7ACAEBE,ui/generated/widgets/ingame/mp/scoreeventlinecontent.lua
0F5DE99011A23708,ui/generated/widgets/options/relatedsettingslist.lua
0F61973EE24F475D,ui/generated/menus/frontend/lootpurchasingpopup.lua
0F69316447542B0E,ui/generated/widgets/ingame/mp/dmz/enteringpoisplash.lua
0F6D697853EA66D5,ui/generated/widgets/buttons/buttongrithighlight.lua
0F6E44E72B0700E7,ui/generated/widgets/ingame/reticles/rex/ret_rex_holo_03_alt_12.lua
0F6ED09A4A7DA540,ui/generated/widgets/frontend/submenutabsbar.lua
0F7E1B05331FB1F6,ui/generated/widgets/frontend/barracks/progressionunlockfriendslist.lua
0F82776F43F37894,ui/luifeedqueue.lua
0F8897929537BD8D,ui/ingame/mp/deadsilenceoverlaycontainer.lua
0F8987EF0DF8CB13,ui/generated/widgets/mp/rex/combatdetailsrow.lua
0F912106B8CAAFD1,ui/generated/widgets/frontend/aar/aarnextunlocks.lua
0F924C526C1FE458,ui/generated/widgets/frontend/mp/lobby/lobbycharacterdetails.lua
0F9A1E343CE4AAC5,ui/generated/widgets/benchmarkreportzonedetailstab.lua
0F9D0564AFFA6A61,ui/generated/widgets/store/storerowfullscreen.lua
0F9F6A75CD9EDD25,ui/generated/widgets/frontend/jupdepot/jupbattlepasstierprogression.lua
0F9FA3616B18CA85,ui/generated/widgets/customcolorsliderbar.lua
0FA0F42111C7DC27,ui/generated/widgets/frontend/lfp/lfppartybrowserfocuspaneldetails.lua
0FA33BAE59F3CD48,ui/generated/widgets/frontend/barracks/rex/challengeitemrerollpopup.lua
0FA85CBFE43C384E,ui/generated/menus/frontend/lobby/inspectlobby.lua
0FAB82A9B0810503,ui/generated/widgets/debuglocalpremiumidentifier.lua
0FB17C2E7BE29F26,ui/utils/hudwidgetcreateconditions.lua
0FB304869338905D,ui/generated/widgets/frontend/mp/tournament/tournamentplayermatchstatus.lua
0FBC20193ED702C9,ui/generated/widgets/dmz/progressionheadertilebacker.lua
0FC157A151694BC4,ui/generated/widgets/ingame/reticles/ret_cer_loot_s5gberet_rangefinder.lua
0FC1A619D220FDCA,ui/generated/widgets/options/importsettingsbuttonlist.lua
0FC833656D414D87,ui/generated/widgets/cac/weaponselectwidget.lua
0FC985152ABEA8C9,ui/generated/widgets/frontend/br/brcqlobbystatustracker.lua
0FCC46DD4EEA5F9F,ui/generated/widgets/ingame/reticles/ret_cer_med_04_mp.lua
0FCEB8C4D75D51DB,ui/generated/widgets/ingame/reticles/rex/ret_rex_holo_03_alt_05.lua
0FD2389136A87638,ui/generated/widgets/ingame/mp/thermalvisionfriendlydefault.lua
0FD2413AFDBFE977,ui/generated/widgets/frontend/lfp/lfppartybrowserfocuspanel.lua
0FD481EDCF7AA06D,ui/generated/widgets/frontend/social/channels/textchat/rex/channeltextchatentry.lua
0FDA625F9AF149FF,ui/generated/widgets/ingame/reticles/ret_sat_loot_chickenlover_element.lua
0FE968575B499222,ui/generated/widgets/frontend/mp/dmz/dmznextbutton.lua
0FF29CD9000C92CB,ui/generated/widgets/ingame/mp/br/wzscoreboardrowtotal.lua
0FF4A6DB16FD8D7C,ui/generated/widgets/frontend/combatrecord/combatrecordmapstats.lua
0FF9C6B501FB1FF9,ui/generated/widgets/ingame/mp/ko/koflagtimer.lua
0FFB8E2841034D70,ui/generated/widgets/ingame/reticles/reticlesniper.lua
0FFD0B0E5C79D422,ui/generated/widgets/ingame/hitmarkerquadwrapper.lua
1003BF402835CE02,ui/generated/widgets/frontend/mp/dmz/stashpopupitem.lua
1008C90BFCBD8A15,ui/generated/widgets/chat/textchatbody.lua
100EA507AFADB882,ui/generated/widgets/frontend/mp/playmenu/motdrow.lua
1013B7921FDBB1A4,ui/generated/widgets/rex/bindingpreviewlayout.lua
1013E83DE2F669AD,ui/generated/widgets/missionselectpreviewbeta_rex.lua
101DE5B9FC6C471B,ui/widgets/iconimage.lua
10223A4E2FD677DD,ui/generated/widgets/trials/trialeventearnedmedalscontainertype.lua
1022CF394AF27172,ui/generated/widgets/ingame/objectivefilltip.lua
10275B4DEC3BE207,ui/generated/widgets/ingame/mp/vehicle/driverhudtacrover.lua
1027BC6FDBF442C0,ui/generated/widgets/frontend/mp/leagueplay/lphowtoplayranksdivisions.lua
102CF3C6416A1F2E,ui/generated/widgets/frontend/lobby/lobbyplaylistdetail.lua
102ED1688A1B3B16,ui/generated/menus/frontend/customize/rex/emblemselectmenu.lua
102EE944CFEF6161,ui/generated/widgets/frontend/social/socialprofilemenu/socialprofilegroupstab.lua
103309BC47AFBC58,ui/generated/widgets/ingame/reticles/drsdigitalthermalsight.lua
103619FA218682E8,ui/generated/widgets/lobbyplayerlistspacerlabel.lua
103FAB47A1DD170B,ui/generated/widgets/ingame/replayseekbar.lua
10429C4B0C68F404,ui/generated/widgets/frontend/store/storemybundlesbutton.lua
10451092F4746326,ui/generated/widgets/common/buttonprimarycer/buttonprimarycer.lua
104B2C52EEDCD68D,ui/generated/menus/frontend/mp/recipedeletemenu.lua
104E48BD46FF31A2,ui/generated/widgets/ingame/reticles/reticlecrosshairspread.lua
104EDFCF48AEB4BC,ui/generated/menus/frontend/dailyloginreward/dailyloginrewardpopup.lua
1051A06B124D2CA3,ui/generated/widgets/frontend/seasonalevent/seasonaleventstrophyhuntrewardcardcostoverlay.lua
10520D6AA97135B5,ui/generated/widgets/ingame/mp/br/brcontrolleritem.lua
105E7D43A810CECF,ui/generated/widgets/frontend/challenges/weeklychallengeselect.lua
105ED6565F6E900D,ui/generated/widgets/store/storerowtagbonuseffectdmz.lua
10614E742965E82A,ui/generated/widgets/frontend/mp/exgm/loadout/dynamicbackpack.lua
106B33AB6FA1F378,ui/generated/widgets/frontend/weapons/loadout/loadoutitemweaponbutton.lua
106BA1EE2A9378F9,ui/generated/widgets/cruisepackagecountdown.lua
106D5773F2C1C758,ui/generated/widgets/frontend/mp/cas/featuredbuttonbackground.lua
106DFAEDBA554950,ui/generated/widgets/store/storespotlight_1.lua
106E8E088CD6B0F3,ui/generated/widgets/frontend/seasonalevent/seasonaleventhunttargetcard.lua
1070AA846A3977FB,ui/generated/menus/frontend/pagedbattlepass/rex/pagedbattlepasspurchasecelebration.lua
1076FC19F8C92D71,ui/generated/widgets/frontend/processingbutton.lua
107B6254543E893C,ui/generated/widgets/frontend/missioncommandtilecontainer.lua
107B637854B44CBF,ui/generated/widgets/killstreakhudtextbacker.lua
10885CECA08D033A,ui/generated/widgets/frontend/social/socialpartyplayerlist.lua
1088F2CB131EAEA3,ui/generated/widgets/hudeditor.lua
108D3363DF20C09B,ui/generated/widgets/frontend/leaderboard/leaderboardfilterbutton.lua
1092FF5DB6D521B7,ui/generated/widgets/frontend/challenges/weeklychallengebutton.lua
1099F44EBC8D1AF1,ui/generated/widgets/frontend/aar/aarflyoutlootunlocked.lua
109ACAC12857CD65,ui/generated/widgets/ingame/reticles/reticlearbase.lua
109B9D0BD436A582,ui/generated/widgets/frontend/mp/eventbanner.lua
109DAFBED2FA986F,ui/generated/widgets/frontend/lobby/lobbystatuswidget.lua
10A408161C292E87,ui/utils/combatrecordutils.lua
10A56AD71024688D,ui/generated/widgets/labeledimageselectionbutton.lua
10A63DF71AA49C60,ui/generated/widgets/ingame/reticles/ret_cer_loot_deadop.lua
10A6BAE545525068,ui/generated/menus/frontend/lobby/playlistcasualsremovalpopup.lua
10B2DCAB88B668D5,ui/generated/menus/frontend/barracks/challengemenu.lua
10B34BCF462223EF,ui/generated/widgets/ingame/reticles/ret_cer_loot_s45pday_alt.lua
10B44C9A1DCF68ED,ui/generated/widgets/buttons/locationselectorbutton.lua
10C2F90B56A527D3,ui/generated/widgets/benchmarkzonedetailstab.lua
10C4B9AF9BDDEB34,ui/generated/widgets/mp/wager/wagerwidget.lua
10C72CC389E5C4F4,ui/utils/fencecancreateemblem.lua
10CCCD98B336A243,ui/generated/widgets/frontend/installprogressbar.lua
10CD4AB7C66A1483,ui/generated/navigation/menunavigation.lua
10D18A847E803292,ui/generated/widgets/frontend/depot/battlepassbutton.lua
10D90669E8FABF51,ui/generated/widgets/frontend/magmaupsellpurchasebutton.lua
10E3E0F32E2D7173,ui/generated/widgets/frontend/seasonalevent/seasonaleventspaneloverlaytextbacker.lua
10E85E39E0F25666,ui/generated/widgets/frontend/header/headerstyle.lua
10EF5E8B83659F96,ui/generated/widgets/frontend/menutitletext.lua
10F248DAA922CDCF,ui/generated/widgets/ingame/reticles/rex/ret_rex_reflex_04_alt_02.lua
10F3607E418A1CFF,ui/generated/widgets/frontend/mp/cas/gunsmith/gunsmithamphighlight.lua
110946ED894A8C97,ui/generated/menus/frontend/seasonalevent/seasonaleventquickplayselection.lua
110AD8675552278C,ui/generated/widgets/store/storetilecarouselinternalmedium.lua
1113E3D3C654A3D9,ui/generated/widgets/frontend/seasonalevent/seasonaleventsrewardcardborder.lua
11209A970237654B,ui/generated/widgets/campaignmissioninfopanel.lua
1126B41F626714CD,ui/generated/widgets/rex/binocularsoverlay.lua
112C417FBAA9D8D6,ui/generated/menus/frontend/mp/cas/loadouts/obacquisitionselectbase.lua
113A042BEE1B45E9,ui/generated/widgets/ingame/mp/pausemenu/pausemenubuttons.lua
113C25A1F99DFFC9,ui/generated/widgets/frontend/aar/aarglitchxpbacking.lua
1146E5CCE3E2010E,ui/generated/widgets/ingame/mp/rex/splashedgeglow.lua
1147801A6006C02F,ui/generated/menus/frontend/challenges/weaponmastermenu.lua
11498D62646F5EC6,ui/generated/widgets/ingame/shared/contextualplayercount.lua
114DF195563ACEB9,ui/generated/widgets/filternotificationspopup.lua
115022530F708270,ui/generated/widgets/frontend/aar/braarparade.lua
1153B036727541C3,ui/generated/widgets/ingame/shared/pausemenubase.lua
1154757E38A45678,ui/generated/widgets/frontend/playlistdetailsmaptile.lua
11577FFF82DC19AA,ui/generated/widgets/ingame/equipmentfill.lua
1160F90A040C8040,ui/generated/widgets/frontend/lobby/privatematchmodeselectbutton.lua
1161C2A5A303DA1F,ui/ingame/weaponbuildsharelayer.lua
1162DE42DA3C86E2,ui/generated/widgets/frontend/jupbattlemap/jupbpsectorcompletebanner.lua
1163286B64040936,ui/generated/widgets/frontend/weapons/customization/reticlebutton.lua
11685FA2F348EDC3,ui/generated/widgets/killstreakweaponbacker.lua
116D676468755550,ui/generated/widgets/frontend/br/leagueplay/lpbrstarsearning.lua
116F40E02AC9585B,ui/generated/menus/frontend/mp/cas/loadouts/gunsmith/deletecustommod.lua
117198C647A671D2,ui/generated/datasources/in_game.lua
11760ABE42F8E747,ui/generated/menus/frontend/customize/infilselect.lua
1176FC723BC57FFD,ui/generated/widgets/playlistmappreview.lua
117DEEAF5DBEA267,ui/generated/widgets/ingame/reticles/ret_cer_loot_s3hydro.lua
117E05D90CF3AA84,ui/generated/widgets/ingame/reticles/ret_cer_loot_s2carnival_rangefinder.lua
117E789DD6B045B8,ui/ingame/scoreboardlayer.lua
1182A9EE0AB03681,ui/generated/widgets/store/storerowtagbonuseffectdmzbutton.lua
1182F2867FBFBBBA,ui/generated/widgets/ingame/reticles/ret_cer_loot_s6skateboard.lua
11832A9EB5EB78A2,ui/generated/widgets/ingame/mp/groundwar/rex/mapspawnlabel.lua
11854065B88125CC,ui/generated/widgets/frontend/store/storetoolbarbutton.lua
118E04DB091DCEED,ui/generated/widgets/rex/buttonhelperbuttonbackground.lua
118E9D389FEEEAE6,ui/generated/widgets/ingame/reticles/reticlesniperhdromeovz.lua
118F17EA75EF0E0B,ui/generated/datasources/notification.lua
1190F0B990C60308,ui/generated/widgets/rex/notificationcenternotification.lua
1197D78D34B48ADD,ui/generated/widgets/frontend/jupbattlemap/jupbpunclaimedrewardupsell.lua
119DC5E8B40FDEED,ui/scopereticleparallaxer.lua
119ED019D9E0F82A,ui/generated/widgets/frontend/worldmap/operationrewards.lua
11A749CAE80094CF,ui/generated/widgets/ingame/mp/jup/fieldupgradenotificationcontent.lua
11ADA31F5B789EA2,ui/generated/menus/frontend/depot/battlepassmenupopup.lua
11AEA060E9931EDE,ui/generated/widgets/genericsidebuttonsrow.lua
11B77B48C523318D,ui/generated/widgets/ingame/objectivepip.lua
11B88D81D3349FFF,ui/luimessagequeue.lua
11BA4F70CA715953,ui/generated/widgets/ingame/mp/fieldupgrademeterlinear.lua
11BB51165E61F999,ui/generated/menus/frontend/weapons/weapontabs.lua
11C14ED17B76A8D8,ui/generated/widgets/notificationsettingsfiltertab.lua
11C4F57C0B51309A,ui/generated/menus/frontend/pagedbattlepass/pagedbattlepassautospendpopupfullscreen.lua
11C9696844E3184A,ui/generated/widgets/frontend/depot/battlepassflare.lua
11D0697C0B3A2512,ui/generated/widgets/mobileloadingpip.lua
11D708C5746F65E1,ui/generated/widgets/frontend/battlemap/battlemaphvt.lua
11D73224993EB0A1,ui/generated/widgets/leagueplay/lpplayagaincheckmarkdivider.lua
11D9EE1453BE97A6,ui/generated/widgets/ingame/reticles/extrareticles/reticleoutercirclecrossbow.lua
11E52D9685BDD42B,ui/generated/widgets/frontend/aar/aarweaponunlockprogressbar.lua
11E5CE9064D9A5B9,ui/textchatlayer.lua
11E63E67A38F072E,ui/utils/colorops.lua
11EE023F4C6476FE,ui/generated/widgets/frontend/career/careerprogressionbutton.lua
11EEF31299945026,ui/generated/widgets/inventory/inventoryperkriginfo.lua
11EF9FDFF8E8F5B9,ui/frontend/splitscreenpopups.lua
11FA1B3EEA5745C8,ui/generated/widgets/ingame/reticles/redwhitebluedot.lua
11FB5DD9BE0F072D,ui/generated/widgets/ingame/mp/littlebird/littlebirdmgdiagram.lua
12060D6546A228A3,ui/generated/widgets/ingame/mp/cmd/cmdmessage.lua
1208AED121CDD298,ui/generated/widgets/ingame/mp/scorestreaks/gunship/gunshipcriticaldamagewarning.lua
120E1EA137F437AF,ui/generated/widgets/bundlepurchaseupsellpopup.lua
12123D410692774A,ui/generated/widgets/frontend/social/socialinputtypeicon.lua
1212ED19732F11C0,ui/generated/widgets/ingame/squadhud/squadhud.lua
1214FFEF9A4B6F4C,ui/generated/widgets/store/storebundlecollection.lua
121661F968219DB0,ui/generated/widgets/frontend/fullgameupsell.lua
1216FB13AFA48AC5,ui/generated/widgets/ingame/trainingcoursemessage.lua
1217038ECBBB2826,ui/generated/widgets/toastnotificationclosingbutton.lua
121D4ECF748A2943,ui/generated/widgets/ingame/mp/progressionunlocksplash.lua
121D6AE65656D112,ui/generated/widgets/operatorrandombutton.lua
121DB4262E4750C6,ui/generated/widgets/ingame/mp/vehicle/rhibdiagram.lua
121E22EE274BF77A,ui/generated/menus/frontend/mp/gamemodeinspect.lua
1222FCB7F658E85B,ui/generated/widgets/ingame/reticles/ret_cer_loot_s4infrared_alt.lua
1227AC9190A75C3F,ui/generated/widgets/genericdropdownlistbutton.lua
1227BE7D486F3001,ui/generated/widgets/frontend/leaderboard/leaderboardbutton.lua
122A193FBBEED968,ui/generated/widgets/frontend/matchmakingstatuswidget.lua
122D09CD56EFC278,ui/generated/widgets/ingame/mp/fieldupgradeicon.lua
1230A7375350D6A4,ui/generated/widgets/ingame/rex/interactiveobjectbutton.lua
1230E966D4BC3273,ui/generated/widgets/trials/trialeventrewardsdetails.lua
123152FB9EE11B71,ui/generated/menus/frontend/codaccount/rex/codaccountphoneverification.lua
1231FD6F78D8409F,ui/generated/widgets/scrollbar/arrowright.lua
123229EF8EC2E147,ui/generated/widgets/ingame/reticles/ret_cer_long_02_mp_rangefinder.lua
12381C98D02D7D1D,ui/generated/widgets/frontendinventorybuttonoverlay.lua
123AF0F40C6BFE5B,ui/generated/widgets/rex/globalpanelsubheader.lua
123D32E124666BA5,ui/generated/widgets/frontend/mp/cas/trackednearcamotab.lua
1241963A538FC3A5,ui/generated/widgets/ingame/reticles/ret_cer_loot_s3bdog_rangefinder.lua
1244B9E0A9136E0D,ui/generated/widgets/dmz/progressionpagetalkinghead.lua
124C1DE6ED0F959A,ui/generated/widgets/frontend/mp/theater/theaterhubloadingoverlay.lua
124E57676A863E65,ui/generated/widgets/ingame/mp/vehicle/armoredpatroldiagram.lua
125102A2FEE9E422,ui/generated/widgets/ingame/rex/itemheldpickupsplash.lua
1254DD6792B87206,ui/generated/widgets/common/genericpanelborderhighlight.lua
125790F15CFD5F70,ui/generated/widgets/ingame/reticles/ret_cer_loot_s3carver_alt.lua
12628477198575F2,ui/generated/widgets/frontend/lobby/mapvotingstatscontainer.lua
12665D4B94E63785,ui/generated/widgets/genericbackgroundgrain.lua
126951307365397D,ui/generated/widgets/seasonaleventcamocard.lua
126F431291D8A634,ui/generated/widgets/frontend/customize/callingcardbutton.lua
12722586C9DB8433,ui/generated/menus/frontend/warzonepremiumpreorderupsellmenu.lua
127BFD777EB28259,ui/generated/widgets/frontend/depot/battlepassitem.lua
127DC0A3064A7FF4,ui/generated/widgets/bestplaycontainer.lua
128BB55A0082B3D0,ui/generated/widgets/frontend/seasonalevent/season_5/seasonaleventjupbacker.lua
12976B6F3B7009F6,ui/generated/widgets/frontend/jupbattlemap/jupbpminimapsector.lua
12A05714E21A5E92,ui/generated/widgets/ingame/reticles/extrareticles/reticleoutercircle.lua
12A5A64C67E93062,ui/generated/widgets/frontend/seasonalevent/seasonaleventsrewardcardtogglepromptvisuals.lua
12A9D488DD1B97F8,ui/generated/widgets/leagueplay/lploadoutitemrestrictionwarning.lua
12AADE4B9C960BF2,ui/generated/widgets/buttons/tilebuttonbase.lua
12AC6C359E17042B,ui/generated/widgets/frontend/seasonalevent/seasonaleventsmenucontenttemplateinformational.lua
12B931B360504D6E,ui/generated/widgets/trials/trialeventlistarrow.lua
12B9BEF0CAEA2578,ui/generated/widgets/ingame/mp/br/braarscoreboardrow.lua
12C97C0C1EE7A2C4,ui/generated/widgets/frontend/barracks/barracksstatbox.lua
12D2CE773CC84837,ui/generated/widgets/mp/rex/mpscoreboardtitleitem.lua
12D9C941795CE698,ui/generated/widgets/frontend/mp/progressionunlockitem.lua
12D9EA34269550C3,ui/generated/widgets/genericdepletionbar.lua
12DDBE483228E81A,ui/utils/actions.lua
12E43A118DC1AF85,ui/generated/widgets/ingame/mp/cas/equippedstreakbase.lua
12E683591CE284B1,ui/generated/widgets/inventory/inventorybackpackbuttontall.lua
12E9B5074D6378D5,ui/generated/widgets/ingame/reticles/ret_cer_short_02_zm.lua
12ECCF6AF241D461,ui/generated/widgets/footer/unmuteallicon.lua
12EE2B00E25AA950,ui/generated/widgets/frontend/social/channels/textchat/channeltextchatentrymessagebacker.lua
12F2797E0EE52798,ui/generated/menus/benchmarkreportmenu.lua
12FAECC998FEB2BE,ui/generated/widgets/frontend/mp/dmz/dmzfactiontabpremiumbacking.lua
1305D7B125006093,ui/generated/widgets/ingame/reticles/reticlehybrid03vdayheartbreak.lua
1309438E5A559624,ui/generated/widgets/borderlessfillbar.lua
130B07713E47E7E3,ui/generated/widgets/rex/mptacticalmaplegendcontainer.lua
13111607F72315AD,ui/generated/widgets/options/rex/colorselectionwidget.lua
1316AF5EC9CFE07B,ui/generated/widgets/acquisitionstashwarning.lua
131B63F2418FD895,ui/generated/widgets/frontend/mp/playlist/playlistpromotedbutton.lua
131D502941E3EBD7,ui/generated/widgets/frontend/lobby/lobbysearchentry.lua
1320A5248389FEBD,ui/generated/widgets/ingame/hitmarkericon.lua
1326746D527228F2,ui/generated/widgets/ingame/shared/horizontaltapebackerblackwithedges.lua
133761D6C8973ADA,ui/generated/widgets/frontend/genericpopupactions.lua
13384BAA8AA1A58A,ui/generated/widgets/sp/missionnumber/parkmissionnumber.lua
133A9EBCFE8318AA,ui/generated/widgets/frontend/events/seasonaleventsfeaturedcontentpanel.lua
133B70C874173101,ui/generated/widgets/frontend/depot/purchasecppopup.lua
1340CF23B659A68C,ui/generated/widgets/ingame/mp/vehicle/driverhudtechorebel.lua
13411646972DBD71,ui/generated/widgets/ingame/reticles/javelinbuttons.lua
13445AA615C3FC98,ui/generated/widgets/subtypetab.lua
134DFA8536797027,ui/generated/widgets/frontend/challenges/weaponmasterdetailspanel.lua
134F457E193D6E40,ui/generated/menus/frontend/social/channels/rex/channelpanelbase.lua
135820F8A666DEB3,ui/generated/widgets/dmzupsellbanner.lua
135BC7EF2E7B4F07,ui/generated/widgets/ingame/hitmarkerkillstackablecontainer.lua
135F004EDA257DF2,ui/ingame/mp/wzmoverlayhud.lua
1364F9C95275F176,ui/generated/widgets/genericwidgets/findmatchbuttonprompt.lua
136BD340B9800F62,ui/generated/widgets/frontend/hudcustomization/hudcustomizationskinstab.lua
136C50A0176F3BDB,ui/asyncpageddataproviderwithfilter.lua
138144A3C192EFD1,ui/generated/menus/frontend/combatrecord/combatrecordlanding.lua
13867334985AC49D,ui/generated/widgets/ingame/mp/escort/escortspeedwidget.lua
1388C927664C22AE,ui/generated/menus/frontend/mp/warzoneprivatematchsquadmenu.lua
138939861EE7690B,ui/generated/widgets/inventory/base/inventoryitemnamedisplaybaseclass.lua
138AD4CA4FA2237F,ui/generated/widgets/ingame/reticles/ret_cer_long_04_zm.lua
138C063FD438F58B,ui/generated/widgets/frontend/codaccount/codaccounteditboxbase.lua
138E4B5A028BC04B,ui/generated/widgets/frontend/mp/cas/armorybadge.lua
13950C64590ED5F8,ui/generated/widgets/ingame/mp/vehicle/driverhudmedtransport.lua
13981143C19BB7F7,ui/generated/widgets/frontend/operator/operatorbiobutton.lua
139DA259B7786177,ui/generated/widgets/riotshieldplant.lua
139DF1F9DB2E84CC,ui/generated/widgets/ingame/reticles/extrareticles/reticleoutercirclesharppostlite.lua
13A0170A7B11E7B2,ui/generated/widgets/optionsgraphicssliderbar.lua
13A42D89EAFDB667,ui/generated/widgets/ingame/reticles/ret_cer_loot_s6jock_rangefinder.lua
13A74908D8B20453,ui/generated/widgets/genericopenfullscreenbutton.lua
13B0546A1C16AD1E,ui/generated/widgets/ingame/reticles/ret_cer_loot_s4dadler_alt.lua
13B070D26FFE6989,ui/generated/widgets/frontend/mp/playmenu/playmenurow.lua
13B4936F9B649D7D,ui/generated/widgets/options/relatedsettingscommonwidget.lua
13B55A6095DF6864,ui/generated/widgets/ingame/reticles/ret_cer_loot_s4dadler_rangefinder.lua
13BC731F1063DC1A,ui/generated/widgets/frontend/seasonalevent/rex/seasonaleventsmasteryrewardcardbackgroundbacker.lua
13BCF9C8D78A5D69,ui/generated/widgets/ingame/reticles/ret_cer_short_02_mp.lua
13BE28CE3BFDAA89,ui/generated/widgets/ingame/mp/infofeed.lua
13C04675D1EE92AF,ui/generated/widgets/mousecursortooltiplocked.lua
13C10ED196E32291,ui/generated/widgets/frontend/mp/playmenu/playmenuplaylistbutton.lua
13C5CAF3097F49A6,ui/generated/widgets/toastholder.lua
13CA08EA29C1B2B9,ui/generated/widgets/ingame/reticles/jupiter/jupreticleouteracogclassic.lua
13DD0E4A4C3115E9,ui/generated/widgets/mastery/masteryshowcaseslot.lua
13E17B8D88511B25,ui/generated/menus/store/vaulteditionpurchasethankyoumenu.lua
13EC7E39CD4DF5BD,ui/generated/menus/mp/roundendtrialevent.lua
13F7B4498ED4C64D,ui/generated/widgets/ingame/mp/reticlephonethermalcenter.lua
13F939D93E7A9504,ui/generated/widgets/sprayprompt.lua
13F94A4834A4ED77,ui/generated/widgets/ingame/mp/trackerminesplash.lua
14022947A86C602C,ui/generated/widgets/frontend/pagedbattlepass/pagedbattlepasstieritemstatus.lua
1402681C79180DAD,ui/cppopups.lua
14029F0F354D8BB6,ui/generated/widgets/ingame/reticles/ret_cer_loot_fireworks_nye.lua
1402A51E926F05F1,ui/generated/widgets/crossfireattackcontrols.lua
1402B17C2A3D7478,ui/generated/widgets/ingame/mp/pointspopup.lua
1402E061794EA2A3,ui/utils/fencegamemodeglobalfastfiles.lua
140586430E136E66,ui/generated/widgets/ingame/advancedcombatdetailsfullbody.lua
140C60CC60B3BC09,ui/generated/widgets/pcwidgetineditormode.lua
140D3D8424155B41,ui/generated/widgets/ingame/inventorybackpackbutton.lua
140EA6EA52E6F1B7,ui/utils/mp/fenceonlinedata.lua
1410A4E6FC640210,ui/generated/widgets/ingame/mp/damageoverlay.lua
14119A71C1D1C24D,ui/generated/widgets/ingame/reticles/reticleammodisplay.lua
141A1BC6919D4D9C,ui/generated/widgets/frontend/br/leagueplay/lpbrhowtosroverviewplayplayerrankdivision.lua
141AB38129C8B307,ui/generated/menus/frontend/groups/socialgroupprofile.lua
1427FC91871A97AE,ui/generated/widgets/frontend/seasonalevent/seasonaleventwagereventmpentryfee.lua
142E4D188952726D,ui/generated/widgets/rex/genericexpanderexpandwidget.lua
142F1079B16C2F37,ui/generated/widgets/frontend/seasonalevent/seasonaleventsfeaturedbonusinfo.lua
1434D96D3BA5ADD5,ui/generated/widgets/ingame/mp/splashsubheaderbacker.lua
143623D1B071B3D9,ui/generated/widgets/frontend/currentweekchallenges.lua
1436A5C4A23326AB,ui/generated/widgets/ingame/reticles/rex/ret_rex_fourx_01.lua
1439D7B0942236B4,ui/generated/widgets/frontend/depot/item2x1wide.lua
143C9F1DE85BD3AE,ui/generated/widgets/frontend/mp/cas/weaponbutton.lua
144361A8C7ED9616,ui/generated/widgets/ingame/hitmarkerexplo.lua
144492AB5FD79BB6,ui/generated/widgets/genericsliderbarpoint.lua
14455D9AF766C399,ui/generated/widgets/inventory/base/inventorybuttonbaseclass.lua
144850CD3E3D2B54,ui/generated/widgets/frontend/cp/soclassic/sototalstars.lua
144C7674104D4E53,ui/generated/widgets/frontend/storeactionbuttonprompt.lua
144D687187A34177,ui/generated/widgets/frontend/leaderboard/leaderboardrow.lua
144EF50FE530204F,ui/generated/widgets/cac/equiploadoutbutton.lua
145B098612BECB8F,ui/generated/widgets/frontend/playerradialprogression.lua
146121F695532586,ui/generated/widgets/mainmenubladeupselloverlay.lua
146278C7E5C0FF82,ui/generated/widgets/ingame/zm/zmscoreboardinventory.lua
146A0FC8730CEED4,ui/generated/widgets/ingame/reticles/reticlecrosshairgolf94.lua
146B7C2284346BD2,ui/generated/widgets/srchallengecore.lua
146EE2A38C95C1CD,ui/generated/widgets/ingame/reticles/ret_sat_long_05_zm_therm.lua
147238D8F84DB31D,ui/generated/widgets/rex/bindingpreviewtext.lua
14752CC73D576381,ui/generated/widgets/ingame/codcaster/codcasterteamlistseparators.lua
14772007520D9206,ui/generated/widgets/frontend/seasonalevent/blackcell/seasonaleventspremiumrewardbanner.lua
14782635B5586696,ui/generated/menus/frontend/mp/cas/loadouts/equipmentskinselect.lua
147C8EC30F1ED857,ui/generated/menus/frontend/gameinstallmanager.lua
147E41C5B1C34BB6,ui/generated/widgets/ingame/reticles/extrareticles/reticleoutercircletango21.lua
147F13B1A9201BCE,ui/generated/menus/cac/rex/removeattachmentrestrictedpopup.lua
14835FB5FD37626A,ui/generated/widgets/frontend/challenges/weaponmasterultimatepanel.lua
148D8A41048B6C1E,ui/generated/widgets/frontend/seasonalevent/seasonaleventmapchallengespecialreward.lua
148F1A2B2277E319,ui/generated/widgets/frontend/rowquickselectbutton.lua
14946A85544BDD07,ui/generated/widgets/scrollabletextwidget.lua
14A8BFACDCBC9B6A,ui/generated/widgets/ingame/calloutmarkerfeedback.lua
14A8E4EBD07C7D58,ui/generated/widgets/frontend/weapons/loadout/loadoutcustomizationbuttons_zombie.lua
14AE49FA8095314F,ui/generated/widgets/frontend/social/channels/whisperbutton.lua
14B767AAE0605379,ui/generated/widgets/comparisonbar.lua
14BD8427B00805F6,ui/generated/widgets/ingame/mp/roundendscoreprogressbar.lua
14BEE824D27B6873,ui/generated/widgets/ingame/reticles/rex/ret_rex_dmscope_rf_01.lua
14C489B84A96DFA3,ui/generated/widgets/mp/missionprogresstrackerbase.lua
14CF57ADDC88CD78,ui/generated/widgets/options/generickeybindoption.lua
14D1E9A7F7FCA0F8,ui/generated/widgets/ingame/reticles/ret_cer_med_07_wz_alt.lua
14E4415E34668BE3,ui/generated/widgets/frontend/battlemap/battlemapbonustext.lua
14E49BB16411B0E8,ui/generated/widgets/ingame/mp/arcademodestatuslist.lua
14E5B714F7D2F05C,ui/generated/widgets/frontend/seasonalevent/seasonaleventscomingsoonlabel.lua
14EA74193CCE3C26,ui/generated/widgets/frontend/aar/aarkitprogressionlayoutchallengestars.lua
14EFA9A4CB400427,ui/generated/widgets/ingame/reticles/ret_cer_short_04_wz.lua
14F15F6E7CC16C25,ui/fencing.lua
14F19D53509970EA,ui/generated/widgets/frontend/events/viewbattlepassbutton.lua
14F4C4BC6C93D25A,ui/generated/widgets/ingame/warningmessage.lua
14F5576F6B5706D7,ui/generated/widgets/numdifferencecount.lua
14FB88FA637669E7,ui/generated/widgets/frontend/lfp/lfppartybrowserrow.lua
14FD5687BCC3C874,ui/generated/widgets/frontend/social/socialprofilecardsmallrecent.lua
14FE3EDFC503CC46,ui/generated/widgets/ingame/mp/spectatingplayercontrols.lua
150076700DF6DFA3,ui/generated/widgets/ingame/shared/deathsdooroverlaypulse.lua
150449BA24B0F167,ui/generated/widgets/trials/trialeventstartpopup.lua
1506B02D866BC3BD,ui/generated/widgets/frontend/events/rex/seasonaleventseventselectionprogressvisuals.lua
15127E61E2D61BAA,ui/generated/widgets/frontend/dmzpersistentoperatorcard.lua
15129369D00FFA0F,ui/generated/widgets/ingame/mp/lrdetectoroverlay.lua
15145325F472E90C,ui/generated/widgets/ingame/reticles/reticleholothermhotel45.lua
151656EC6EEA743E,ui/generated/widgets/ingame/reticles/reticle_fvats.lua
151921A172245521,ui/generated/widgets/ingame/mp/killcam/killcamhealthandarmorcontainer.lua
151AE5A1BF8044A4,ui/generated/widgets/frontend/mp/partymemberstatusinfo.lua
151D3D15C1525450,ui/generated/widgets/exitfullscreenbutton.lua
152229805C9F424C,ui/generated/widgets/ingame/mp/warmode/warmodegesturesmartphone.lua
1525D39710F85C0E,ui/generated/widgets/frontend/customize/rex/profileshowcase.lua
152B1236D2369413,ui/generated/widgets/ingame/mp/scorefeed/scorefeedentrycontainer.lua
152B685E8022DB71,ui/generated/widgets/frontend/barracks/jup/barrackschallengeitem.lua
152C1082EAFFED1D,ui/generated/widgets/ingame/reticles/iw9/reticlesnscope01.lua
152CFBF2EF37DBE8,ui/generated/widgets/frontend/mp/outbreak/obplaymenu.lua
152E2DEC89CA959F,ui/generated/widgets/mp/loadingscreenmap.lua
1536D2FA49A8F062,ui/generated/widgets/dmzitemoperatorbonus.lua
1542DD6BDE3F890A,ui/generated/widgets/frontend/seasonalevent/seasonaleventsoperatorredirectvisual.lua
154EE2E5ACF49429,ui/generated/menus/frontend/social/socialmenu.lua
155973E7160E307C,ui/generated/widgets/ingame/mp/br/brplunderwidget.lua
155A6F93BBF8DB0F,ui/generated/widgets/frontend/weapons/perkpackage/perkbuttonlargetall.lua
155BAA73516F5410,ui/generated/swatches/swatches.lua
155DDBF09CAA5077,ui/generated/widgets/ingame/mp/vehicle/apcdiagram.lua
155F654B9C16F624,ui/generated/widgets/perktypeattachment.lua
15617970C8D9A3BF,ui/generated/widgets/frontend/seasonalevent/seasonaleventeventplusultimaterewardbutton.lua
1563338C233AA46E,ui/generated/widgets/frontend/battlemap/weaponlegend.lua
15685F52D7E026A9,ui/generated/datasources/store.lua
156F7A5788F390C0,ui/generated/widgets/ingame/weaponinspectionitem.lua
1572D068A7A33A61,ui/generated/widgets/ingame/mp/timetobeat.lua
157A1E12C49FE310,ui/generated/widgets/frontend/mp/pmc/swapmissionbutton.lua
157D1BE115DC3293,ui/generated/widgets/frontend/aar/aarsummarylevel.lua
15824E3D71C8DB94,ui/generated/widgets/ingame/mp/genericsplashsubheaderbacker.lua
158760FD44FBDF13,ui/generated/widgets/ingame/whizbyside.lua
1596182E8799D93A,ui/generated/widgets/ingame/reticles/rex/ret_rex_reflex_cust_04_grn.lua
1598E2B3913E95F9,ui/generated/widgets/ingame/reticles/rex/ret_rex_snscope_rf_01_alt.lua
159E079A60B34908,ui/generated/widgets/frontend/mp/cas/gunsmith/mastercraftskincategorymessage.lua
15A0B674255AD25D,ui/utils/contentgridutils.lua
15A306174D0A8635,ui/generated/widgets/frontend/battlemapv2/bpfactioninspectpanel.lua
15AC6C62E5477DFF,ui/generated/widgets/ingame/cp/iw8/wave/purchasewidget.lua
15B52E7B6A59FC42,ui/generated/widgets/ingame/mp/scorestreaks/streaktickgaugemeter.lua
15B89E18A8314AAE,ui/generated/widgets/frontend/cac/unlockcriteriaitem.lua
15BD595D979A8AF3,ui/generated/widgets/mp/mpscoreboardteamscore.lua
15CBB1B4D953D99A,ui/generated/widgets/ingame/mp/vehicle/driverhudtechnical.lua
15D19107F6EAEA20,ui/generated/widgets/frontend/sp/dungeonfrontendinfo.lua
15D839CD032333B2,ui/generated/widgets/ingame/reticles/rex/ret_rex_emissive.lua
15D9B592CC31D373,ui/generated/datasources/missions.lua
15DC52060F46675B,ui/generated/widgets/sp/spparkmissionhangul.lua
15E1466E8C8CA125,ui/generated/widgets/tokenmenu.lua
15E45B52342B0377,ui/generated/widgets/sp/missionnumber/wmissionnumber.lua
15E6117D9D1952D3,ui/luiline.lua
15E9AAAD18DEB74E,ui/generated/widgets/frontend/operators/operatorcustomizebuttonbase.lua
15E9D841AC96812C,ui/generated/widgets/frontend/social/socialgroupdetailsline.lua
15EB448A506B64BD,ui/generated/widgets/ingame/reticles/ret_sat_med_08_mp.lua
15EDD1EB42FB5176,ui/generated/widgets/ingame/mp/scorefeed/rex/scorefeedentryscore.lua
15F808E08B3A8DDC,ui/generated/widgets/ingame/reticles/rex/ret_rex_reflex_cust_15_grn.lua
160189F2470F3580,ui/generated/widgets/imagemaximized.lua
16041A9D2BA0E163,ui/generated/widgets/ingame/reticles/ret_cer_loot_s6record_rangefinder.lua
1609BF99D30E6BD2,ui/luitimer.lua
160AC2FE13FAF669,ui/generated/widgets/progressbarsimpleaugments.lua
160B166B03CC7E00,ui/generated/widgets/ingame/reticles/ret_sat_med_09_mp.lua
160DBE5E618BA355,ui/generated/widgets/frontend/seasonalevent/eventplustabtimer.lua
160E3F72701A5E27,ui/generated/menus/frontend/webview/fullscreenwebviewentry.lua
16140F8A9FAC9034,ui/generated/widgets/ingame/reticles/ret_cer_med_07_zm_alt.lua
1615312FE3D5B07B,ui/generated/widgets/store/storetilecarouselinternalthreequarter.lua
1618C3AC7104881F,ui/ingame/remoteturretoverlay.lua
161C5E7DA3D08726,ui/generated/widgets/frontend/aar/aarsummaryheader.lua
161F23FB6D86FD7C,ui/generated/widgets/common/gradientpixeldissolve.lua
162800F09AC3CAE1,ui/generated/widgets/ingame/reticles/reticlesmgbase.lua
162B25FF45877228,ui/generated/widgets/frontend/social/socialgroupsactionbuttons.lua
162DBCD03DAB8F47,ui/generated/widgets/frontend/mp/playmenu/battlepassstatusmenutablabel.lua
1635DA19D159C8A3,ui/generated/widgets/nondisbandinglobbypanel.lua
163699CA5A76E04B,ui/generated/widgets/ingame/reticles/yellowcross.lua
1638033C2F144C54,ui/generated/widgets/frontend/hqmenugamerow.lua
163BD873A50AC4B2,ui/utils/inventoryutils.lua
163F7A1DB70ED8CE,ui/generated/widgets/ingame/reticles/ret_cer_loot_s5gberet.lua
163FC582BAA5FD28,ui/generated/widgets/frontend/codaccount/interruptionparentalconsentwidget.lua
1645CCCFAD6FD163,ui/generated/widgets/telemetrycontainer.lua
1647FB4FEAA078F8,ui/luivideostreaming.lua
164BD882394A6F34,ui/generated/widgets/ingame/cp/iw8/playernameplate.lua
164DA9C8684DD3E5,ui/generated/menus/frontend/mp/tournament/tournamentmatchpreview.lua
165414DD974DCC47,ui/generated/widgets/ingame/compass.lua
16543F3F5E0F89E4,ui/generated/menus/frontend/seasonalevent/seasonaleventtierskippurchasecelebrationpopup.lua
1655BB0524721601,ui/generated/widgets/ingame/mp/rex/teamstatuscontainer.lua
16561A5890B24464,ui/generated/widgets/ingame/reticles/rex/ret_rex_reflex_cust_11_blu.lua
1658F03E234BBB0B,ui/generated/menus/frontend/operators/operatorexecutionpreview.lua
1659C5C46CC26265,ui/generated/widgets/ingame/mp/rankupsplash.lua
165BB460D191619D,ui/generated/widgets/frontend/lobbycountdown.lua
165CF11E73F6B585,ui/generated/widgets/ingame/reticles/genericimagereticle.lua
166578242E71602D,ui/generated/widgets/ingame/reticles/ret_cer_loot_s4milsas_alt.lua
16667593B3A29A5B,ui/generated/menus/frontend/gobblegumpreview.lua
16697710DCCEEE51,ui/generated/menus/frontend/codaccount/codaccountphoneverification.lua
1670A561EC2B5B34,ui/generated/widgets/buttons/buttonlargeshort.lua
1670A92ED9C70036,ui/generated/menus/alwaysloaded/legal/legalreaccessmenu.lua
167112A715679416,ui/generated/widgets/options/genericiconinnerbutton.lua
167145AB9947EB96,ui/generated/widgets/ingame/mp/scorestreaks/generictabletbordersk.lua
1671E8C41E02260D,ui/generated/widgets/brinflationbackernew.lua
16769F1B1298E6F8,ui/generated/widgets/ingame/reticles/ret_cer_med_10_mp_alt.lua
1676A8CA3DD725AF,ui/generated/widgets/changeplaylistbutton.lua
167DC312C93AB283,ui/generated/widgets/frontend/pagedbattlepass/pagedbattlepasslastchancepageupsellscreen.lua
167DD6BBC4F5E140,ui/generated/widgets/rex/mousecursorcontextualmenuaction.lua
168085E4F164D5A8,ui/generated/widgets/frontend/mp/pmc/dmzbaseslider.lua
16815B713FCAA50D,ui/generated/widgets/frontend/mp/dmz/dmztaskprogress.lua
1682D3ADE52B9D93,ui/generated/widgets/contextualtip.lua
168B581F4732480A,ui/generated/widgets/frontend/seasonalevent/seasonaleventssidedivider.lua
168D83AB81FACD1D,ui/generated/widgets/ingame/reticles/ret_cer_loot_s6record_alt.lua
168FBA41E311B2D3,ui/generated/widgets/ingame/mp/objectiveprogress.lua
168FF45495D4275C,ui/generated/widgets/ingame/mp/vehicle/techorebeldiagram.lua
1690239453B0CB45,ui/utils/brarmorykioskutils.lua
1694451D1EEF32D4,ui/generated/menus/leagueplay/lptop250leaderboardmenu.lua
16950ACF2DC99B67,ui/generated/widgets/frontend/mp/lobby/lobbyflowwidget.lua
1697F5388478DFF7,ui/generated/widgets/frontend/lobby/rex/lobbymapvoteentry.lua
1699640C9C274F8F,ui/generated/widgets/ingame/mp/genericsplashiconalt.lua
169C82E92930CA14,ui/generated/widgets/ingame/shared/nameplates/nameplatehealthbar.lua
169D809FD2C0A450,ui/generated/widgets/trials/trialrewardstarssmall.lua
16A578B579055AFC,ui/generated/widgets/dmz/progressionnotificationswidgetbacker.lua
16A9BCC86BA561A8,ui/generated/widgets/ingame/reticles/reticlelmgbase.lua
16AB4FCD34FF116F,ui/luielementonentityspawner.lua
16B0F3C750F4618B,ui/generated/widgets/frontend/events/seasonaleventsingleeventmenu.lua
16B1423E930DC894,ui/generated/widgets/campaignnavbutton.lua
16B68BEF6AD0CB34,ui/generated/widgets/ingame/weaponinspectionapexitem.lua
16B9CD64F1FA12E5,ui/generated/widgets/frontend/sp/missionselect/levelselectnodedetails.lua
16C171F7866FA0F3,ui/generated/widgets/ingame/reticles/reticleairburstactive.lua
16C89471A9981FA7,ui/generated/menus/frontend/jupbattlemap/jupbattlemaptokenpurchasemenu.lua
16CD53FECB06BBB2,ui/generated/widgets/dmzfobwalletbacker.lua
16D250BDB3F324ED,ui/generated/widgets/frontend/mp/tournament/tournamentroundtitle.lua
16D32C6FD00E5619,ui/utils/fencelegal.lua
16D91021E031697B,ui/generated/widgets/frontend/battlemapv2/bpinspectpanel.lua
16DCC2A28D9FFD7F,ui/generated/menus/frontend/lobby/lobbyplayerdetailspopup.lua
16E389EB67E71535,ui/generated/widgets/frontend/mp/playlist/playlistlist.lua
16E3A15DE3D45B84,ui/generated/widgets/frontend/mp/cas/gunsmith/gunsmithdetailsmodifier.lua
16E87202A1D6AF38,ui/generated/widgets/ingame/mp/vehicle/driverhud2014pickup.lua
16EF52223B7B981A,ui/generated/menus/frontend/codcaster/codcasterteamsettings.lua
16F611B64AB00940,ui/generated/widgets/ingame/mp/br/resurgencerespawncountdown.lua
16F99D0D44B3F559,ui/generated/widgets/mp/mpscoreboardtabsmenu.lua
170041D7FD651A14,ui/generated/widgets/installmanager/installmanager_gamebuttoninstallprogressbar.lua
1703AF8544C6B0F9,ui/generated/widgets/ingame/reticles/reddot_broken_a.lua
170A35C29F144041,ui/generated/widgets/muzzleattachment.lua
1713001379B983C6,ui/generated/widgets/ingame/mp/streakrealism.lua
1713F12B05D08CEF,ui/utils/soundutils.lua
17150CECEE287471,ui/generated/widgets/ingame/mp/br/rex/brcontrollerscheme.lua
17175030ADAD5564,ui/generated/menus/frontend/rex/achievementpurchasepopupbase.lua
1723903968D03A75,ui/generated/widgets/frontend/pagedbattlepass/pagedbattlepassbuttonhighlightprompt.lua
1727CDA721597FAA,ui/generated/widgets/frontend/customize/rex/stickerbookallmodesstatspanel.lua
172BED24C4C4C7B8,ui/generated/widgets/genericoptionbuttonbasemobile.lua
172D24E130680D54,ui/generated/widgets/frontend/seasonalevent/seasonaleventwagereventmpearning.lua
172F932BC896EBCF,ui/generated/widgets/ingame/mp/bradley/tankturretcounter.lua
1731F8E913A8E31A,ui/generated/widgets/dmzstatbutton.lua
1740764FCCB4E835,ui/generated/widgets/frontend/warzonepremiumupselltab.lua
1740999E361A7497,ui/generated/menus/frontend/jupdepot/jupbattlepasstierspurchasepopup.lua
174229CF716AB9EB,ui/utils/mp/fenceplaylists.lua
17522D9DB6A0A35D,ui/generated/widgets/genericborderframe.lua
17565611F42EBBF6,ui/generated/widgets/ingame/reticles/rex/ret_rex_fourx_cust_13_grn.lua
1758799EEB79A8F4,ui/generated/widgets/ingame/mp/javelintargetingbox.lua
175EA52A024CD97A,ui/generated/widgets/motdskipbuttonbackground.lua
17630ACF6E50C95B,ui/generated/menus/frontend/vehicles/vehiclecustomizationbase.lua
1763DDF78BB0D098,ui/generated/widgets/cac/itemdetailspanelmultiple.lua
17655DF41FC43D4B,ui/generated/widgets/rex/toastnotificationbutton.lua
1768B355E479070E,ui/generated/menus/frontend/mp/cas/loadouts/killstreaksreplacepopup.lua
17693C9F2512A8CA,ui/generated/widgets/frontend/weapons/customization/camobutton.lua
176DA64A0712B8C5,ui/generated/widgets/ingame/reticles/rex/ret_rex_fourx_cust_07.lua
176F7505FD962537,ui/utils/esportsconditions.lua
176FC6430761CC55,ui/generated/menus/frontend/mp/cas/loadouts/camocategoryselect.lua
1774EDD1355F8C38,ui/generated/menus/frontend/barracks/barracksrecords.lua
17750E393F105F36,ui/generated/widgets/ingame/reticles/ret_cer_med_09_mp_alt.lua
177A2FBBA2F97BC0,ui/generated/widgets/ingame/reticles/reticlesnscopevz02.lua
1781C60236B5C20C,ui/generated/menus/frontend/smsverificationmenu.lua
1783B3293390A062,ui/generated/widgets/frontend/mp/cas/itemdetailpanel.lua
178D8879CD21EA8F,ui/generated/widgets/ingame/mp/matchstatusenemyteamhealth.lua
179393F8D2D89D60,ui/generated/widgets/options/buttonlayoutbutton.lua
1798DE0327046D50,ui/generated/menus/frontend/weapons/weapontabsbase.lua
1799008D7F9CD2B7,ui/generated/menus/frontend/codhq/rex/codhqinstallmanagermenu.lua
179A16AE97B8565F,ui/generated/widgets/ingame/mp/changeweaponprompt.lua
179EB311A98AEE86,ui/generated/menus/frontend/operators/operatorcustomization.lua
17A14F3113D249A7,ui/generated/widgets/frontend/mp/playmenu/playmenudevbuttons.lua
17A50DB7EC88D327,ui/generated/widgets/frontend/seasonalevent/seasonaleventstierskipitemheader.lua
17B97DAD0D229E52,ui/generated/widgets/medalscollectionitem.lua
17C9898ADBB667D8,ui/generated/widgets/ingame/reticles/ret_sat_short_05_mp.lua
17CF8FB1906A2551,ui/generated/menus/frontend/cp/cpgamesetup.lua
17D0734647711D6E,ui/trialmanager.lua
17D4E71141D840D1,ui/widgets/tabmanager.lua
17D5E1BFB92B3BBA,ui/generated/widgets/frontend/mp/dmzplaymenu.lua
17E114A279A75858,ui/utils/contextualmenuutils.lua
17E344F5C6C60416,ui/generated/menus/frontend/codaccount/rex/emailverificationscreen.lua
17EC7149108326EB,ui/generated/menus/frontend/mp/gamemodes.lua
17F0E8A7DA203641,ui/generated/widgets/ingame/reticles/reticlevz02.lua
17F0FE19471611A2,ui/generated/widgets/brmenumapkeyheader.lua
17F666A11B923E17,ui/utils/aspectratioutils.lua
17F85ABB01DE3523,ui/generated/widgets/frontend/barracks/progressionunlockfriendline.lua
17F875822DD0D233,ui/generated/widgets/frontend/seasonalevent/seasonaleventtrophyhuntrewardpoolspacer.lua
17FFCFB56DD44EC1,ui/generated/widgets/bestplayweaponinfo.lua
1802398911E6E32F,ui/generated/widgets/inventory/inventoryitemdetailstitle.lua
18031F9F80A3389C,ui/generated/widgets/frontend/combatrecord/generic/radialratio2stat.lua
180433E24F4AD514,ui/generated/widgets/ingame/reticles/ret_cer_snprscopear_def.lua
180D61BAC4FA79D2,ui/generated/widgets/frontend/events/storebundlepurchaseoverlay.lua
180E46CAFB2D0AA6,ui/generated/widgets/frontend/depot/purchasecppopupcontent.lua
180FE86240ECE132,ui/generated/widgets/frontend/challenges/weeklychallengesweeklyrewarddetails.lua
181063E84620AF14,ui/generated/widgets/launchchunknewphasepopup.lua
181546C24144EC40,ui/generated/widgets/ingame/carrieditemprompt.lua
181A545B3120C435,ui/generated/widgets/frontend/gamecompatibilitytags.lua
181DAB172B70EEBE,ui/generated/widgets/ingame/reticles/rex/ret_rex_fourx_cust_11.lua
18278CF1E8039B6F,ui/generated/widgets/ingame/reticles/rex/ret_rex_fourx_cust_10_grn.lua
182E8A3C10D13190,ui/generated/widgets/paginationctavertarrows.lua
1831C94AE42FA57D,ui/generated/widgets/ingame/mp/vehicle/driverhudarmoredpatrol.lua
1836BC1E798559C0,ui/generated/widgets/globalsocialcapsule.lua
183C366D60AEDB45,ui/generated/widgets/ingame/reticles/reticleholo04scifi.lua
183D858E36A03CD4,ui/generated/widgets/ingame/reticles/ret_cer_med_10_wz_alt.lua
184204C2DA497703,ui/generated/widgets/ingame/mp/genericsteppedprogressbar.lua
1842244ECC8CD305,ui/luistyledtext.lua
1842F31AC492FBB7,ui/generated/widgets/ingame/reticles/ret_cer_loot_s6milk.lua
184630000C53831E,ui/generated/widgets/infopanelmaps.lua
1846A0B7B5481D85,ui/generated/widgets/frontend/weapons/loadout/loadoutitemperksbutton.lua
184859287226B94F,ui/generated/menus/leagueplay/lpchallengesrewardsmenu.lua
184C62E75C3435A7,ui/generated/widgets/genericwidgets/components/genericlabelcomponent.lua
185153173BFF35E0,ui/generated/widgets/motdwebview.lua
1851B1F6C5C944A5,ui/generated/widgets/frontend/seasonalevent/seasonaleventcommunitymissioncontent.lua
185451CC3E14EA8F,ui/generated/widgets/inventory/inventorydefaultbuttonfocus.lua
1854DEB2085D06AD,ui/generated/widgets/ingame/mp/scorestreaks/locationselectormarker.lua
1856C123BC2B43E3,ui/generated/widgets/frontend/seasonalevent/seasonaleventsrewardinfocardbacker.lua
1858C054C0288E39,ui/generated/widgets/frontend/pagedbattlepass/pagedbattlepasstiertoggledoublewidewithstatus.lua
186009150AA29DDB,ui/generated/widgets/frontend/codhq/codhqinstallmanagerbutton.lua
18700B14A556196C,ui/generated/widgets/frontend/mp/cas/weaponattributesvalue.lua
18780A9528D66F95,ui/generated/widgets/draginfobackpackbutton.lua
18787315B0B50350,ui/generated/widgets/frontend/mp/lobby/rex/lobbygamertagplayershort.lua
1878A1A85046829D,ui/sppopups.lua
187A1AEF3D01CB9F,ui/generated/widgets/frontend/barracks/barrackscustomizeunlockcount.lua
187F7FB60F4FA582,ui/generated/widgets/ingame/reticles/ret_cer_loot_s6skateboard_alt.lua
1881D85107B7EEC0,ui/generated/widgets/frontend/challengeplaylistcontainer.lua
18843EBBF89EB828,ui/utils/mp/mlgutils.lua
18896266C2E9A9DC,ui/generated/widgets/frontend/battlemapv2/bpwarningbacking.lua
1889DB1051592FD4,ui/generated/widgets/frontend/social/socialmenuflyoutheader.lua
188B3E853F020EC4,ui/generated/widgets/frontend/battlemapv2/battlepasslandingdetailpanel.lua
188E0BCCE7AEBA1C,ui/generated/widgets/rex/globalpanelnotifications.lua
188EA1A9A48B6214,ui/generated/widgets/ingame/squadhud/squadmembercounteroperation.lua
188F26C33E3227B7,ui/generated/widgets/frontend/mp/cas/gunsmith/charmselectbutton.lua
18964885200CAD53,ui/generated/menus/reportplayer/reportplayerstatus.lua
189783697A72185A,ui/generated/widgets/frontend/mp/dmz/inventoryitemkey.lua
189F18606D2BBEE0,ui/generated/widgets/ingame/reticles/ret_sat_loot_uap_element.lua
18A200D0F607CDEA,ui/generated/widgets/store/storetilecarouselinternallarge.lua
18A37D59E0489076,ui/buttonhelpertext.lua
18B1A8109C934A61,ui/generated/widgets/frontend/sp/cinematics/spcinematicsmenuentry.lua
18B96810496FB8B3,ui/generated/widgets/ingame/mp/scoreeventfeed.lua
18BC0639608E3BFA,ui/generated/widgets/minimapstealthborders.lua
18BD33936AB8C4A3,ui/generated/widgets/frontend/mp/leagueplay/lppostmatchskillprogress.lua
18BECAE39FD6C55F,ui/generated/widgets/frontend/depot/hotitem.lua
18BF82D37EEA06B6,ui/utils/mp/codtvutils.lua
18C22D5C00F586F4,ui/generated/widgets/ingame/reticles/rex/ret_rex_minired_02.lua
18CB61062DCFB00F,ui/generated/widgets/frontend/mp/cas/uniquecamounlocksheader.lua
18D74322D2D86EC1,ui/generated/widgets/ingame/mp/br/brteamscoreboard.lua
18DE92B4824BA107,ui/generated/widgets/genericeditbox.lua
18F32FC8AEC0F56A,ui/generated/widgets/trainingcoursehudcontainer.lua
18F8412A1BC2C908,ui/generated/widgets/ingame/mp/hqspawnmessage.lua
18F9346456B2FA13,ui/generated/widgets/frontend/lobby/privatematchpopup.lua
18FB6F2C0EB71F67,ui/generated/menus/frontend/mp/outbreak/obacquisitiondestroypopup.lua
18FD082F26880F99,ui/generated/menus/frontend/social/socialaddfriendsselectplatform.lua
19007B3C7CFA2A32,ui/ingame/binocularscontainer.lua
19042C09C299658E,ui/generated/widgets/ingame/reticles/ret_cer_loot_s3carver_rangefinder.lua
190A4FABED724D63,ui/generated/widgets/frontend/mp/pmc/pmcmissionselectbutton.lua
190C49075B4835C6,ui/generated/menus/frontend/jupdepot/jupbattlepassmenupopup.lua
19161EFDB8655F5B,ui/utils/wildcardutility.lua
1918D05EB3A6F17D,ui/generated/widgets/frontend/mp/lobby/lobbywarzoneintropopup.lua
191B6380B882528E,ui/generated/widgets/frontend/seasonalevent/seasonaleventstierskippurchaseflowtracklabels.lua
191BB35C76E2CC98,ui/generated/widgets/frontend/combatrecord/rptopgametypes.lua
191C22F549EAFF93,ui/generated/widgets/frontend/depot/callingcardfocuswidget.lua
191F7A499ACDA3A3,ui/generated/widgets/frontend/social/socialprofilemenu/socialshowcasecallingcardshowcaseslotbutton.lua
191F9AC735BDAF8A,ui/generated/widgets/ingame/mp/matchstart.lua
19221211961CD68C,ui/generated/widgets/cac/rex/removeattachmentpopupbuttonlist.lua
1924E4B273F6F59E,ui/generated/datasources/netstats.lua
1926D9F4BFB398CC,ui/generated/widgets/frontend/weapons/weaponbuildbutton.lua
192D3BC635EBEA55,ui/generated/widgets/ingame/reticles/reticlecrosshairrcdronegb.lua
1931C008901511E3,ui/generated/widgets/rex/screenfade.lua
1939B965979CB27D,ui/generated/widgets/genericwidgets/iconlabeledbuttoncenter.lua
193D8E42D9BA7514,ui/generated/menus/frontend/events/seasonaleventsingleeventmenu.lua
1940533F48A60E6F,ui/generated/widgets/frontend/mp/leagueplay/lpdivisionrewardscontainermedium.lua
1943CBF2A46E670F,ui/generated/widgets/frontend/mp/cas/gunsmith/blueprintbuildskinbuttonwrapper.lua
194ADB6ACBF7C5F0,ui/generated/widgets/ingame/sp/nvg/nvglightmeterneedle.lua
19574B9315144E2C,ui/generated/widgets/ingame/mp/armsrace/defconpointsfeedline.lua
195EA98EAFBD6EFC,ui/generated/widgets/frontend/itemwarningtextbacker.lua
1962BA99714DF082,ui/generated/widgets/frontend/social/socialprofilemenu/socialshowcaseweaponinspectdetails.lua
1962D11055D4FE3B,ui/generated/widgets/cac/weaponloadoutprogressbar.lua
196BC870CFBDCA7B,ui/generated/widgets/frontend/events/eventplustabshell.lua
196C7FFA95F2A10A,ui/generated/menus/frontend/mp/pmc/pmcselect.lua
196DB51BA2D3180C,ui/generated/widgets/genericjupitertechoverlaylowelements.lua
196E49CBBE98E4FE,ui/generated/widgets/scrollbar/arrowleft.lua
196E71E1833E3154,ui/generated/widgets/frontend/barracks/combatrecordbuttons.lua
1971CF6AC46C331D,ui/generated/widgets/havocmodthreshold.lua
1974C285EA154E4B,ui/generated/widgets/frontend/jupbattlemap/jupbpstandardpurchaseblade.lua
197777619CDED4A0,ui/generated/swatches/swatches_jup.lua
197BBC055ABFBDDD,ui/generated/widgets/frontend/operators/operatorvarianttile.lua
198B8CC5F43CE6FC,ui/generated/widgets/ingame/mp/vehicle/vehicletirehealth.lua
198EE04943946C5F,ui/generated/widgets/frontend/seasonalevent/seasonaleventshorizontaldivider.lua
199147F7CEB67C41,ui/generated/widgets/camochallengebadgebacker.lua
199196F4AB78B045,ui/generated/widgets/infiltrationselectedroleinfo.lua
199323EFCE9D0DA8,ui/utils/quartermasterutils.lua
1997463B75B47451,ui/generated/widgets/ingame/mp/dmz/dmzwoundsbar.lua
19A3101F5A025760,ui/generated/widgets/weaponstackitem.lua
19A3FB54814535E5,ui/generated/widgets/frontend/weaponslegacyconfirmation.lua
19A4887624B9C35D,ui/generated/widgets/frontend/mp/outbreak/obtabswidget.lua
19AC92F1D49454D3,ui/generated/widgets/dmzupsellpopuprewardbase.lua
19ACCA0E6AF77C74,ui/generated/widgets/ingame/reticles/pinkdot.lua
19AD669F07710E21,ui/generated/widgets/options/buttonlayoutoptionsmenu.lua
19B6BE6D7727EDC7,ui/generated/widgets/hudeditor/layoutselectpip.lua
19B6CFCBAFC6EE27,ui/generated/widgets/store/storespotlight_3c.lua
19B7E67096C57F64,ui/generated/widgets/ingame/reticles/ret_cer_short_03_zm.lua
19BC4A5F6D5AE2B6,ui/generated/widgets/frontend/installprogress.lua
19BCB68D13FD0888,ui/generated/menus/store/storepurchasecelebrationpopup.lua
19BEC1341C786C4E,ui/generated/widgets/frontend/dailyloginreward/dailyloginrewardbattlepass.lua
19C188A81EBF25E2,ui/ingame/mp/rcdoverlay.lua
19C4AFD896C6ECE5,ui/generated/widgets/ingame/reticles/ret_cer_med_10_zm_therm.lua
19CBAE639109406F,ui/generated/widgets/cac/operatorbiowindow.lua
19CD83655FE962AA,ui/generated/menus/frontend/mp/trialsbr.lua
19CFB3502877772E,ui/frontend/rejoinmanager.lua
19D77546F5794DBB,ui/luimovie.lua
19D795E279F159F5,ui/generated/widgets/ingame/mp/dmz/gunbench/gunbenchattachmentgridbackerxmlw.lua
19D8601B756322F1,ui/generated/widgets/mp/rex/combatdetails.lua
19E07F8A967C2E52,ui/generated/widgets/ingame/interactivebuddyboostarrows.lua
19E3DF99E77D62DC,ui/generated/widgets/ingame/mp/targetmarkeroptics.lua
19E47C3E0E122800,ui/generated/widgets/frontend/aar/aarcommendationitem.lua
19E59CA973B6513E,ui/utils/codcasteranalyticsutils.lua
19E87A011F0245C8,ui/generated/widgets/ingame/inventoryperkpackagetooltip.lua
19F42AD8DF4395CC,ui/generated/widgets/ingame/mp/ctdm/combowidget.lua
19F4C40051BA360E,ui/generated/widgets/frontend/aar/aarxpunlockreward.lua
19F81C2C54222196,ui/generated/widgets/ingame/reticles/ret_cer_loot_s6upside_alt.lua
19FB69F05C84C703,ui/generated/widgets/frontend/pagedbattlepass/pagedbattlepasstierinprogressprompt.lua
19FBF4FC9E30B5EC,ui/generated/menus/fullscreenpopupframe.lua
1A011702703C798B,ui/generated/widgets/frontend/mp/cas/gunsmith/gunsmithprogressionrotatingdot.lua
1A07F5FC6495CDEF,ui/utils/phoneverificationutils.lua
1A088819231A2B12,ui/generated/widgets/frontend/mp/cas/attachmentprogressionbutton.lua
1A0A0561070E3FE9,ui/generated/widgets/ingame/reticles/ret_cer_med_02_wz_alt.lua
1A0A4E017C28B14D,ui/generated/widgets/ingame/mp/battlepasssplash.lua
1A0B99D0B2B9BFFF,ui/generated/widgets/ingame/mp/scorestreaks/outofrange.lua
1A16A4530BEDC910,ui/generated/widgets/ingame/reticles/reticle16.lua
1A19BD71A4D759C0,ui/generated/widgets/ingame/reticles/ret_sat_guide.lua
1A2444CC584B3759,ui/generated/widgets/ingame/reticles/ret_sat_long_02_mp_rangefinder.lua
1A24DEEDDF64E930,ui/generated/widgets/frontend/iconlabelwithbg.lua
1A3B8524FD1C71C2,ui/generated/widgets/frontend/mp/pmc/dmzbaseexpander.lua
1A3D0F7A6354FE55,ui/utils/bindingutils.lua
1A4B717AE9255550,ui/generated/menus/frontend/storeconfirmpurchasekorealegalpupup.lua
1A4CB34DA498358B,ui/generated/widgets/frontend/social/socialaddfriendflowsendrequestbutton.lua
1A50E875DB96896C,ui/generated/widgets/genericparentlessexpander.lua
1A526B0B313DFE7A,ui/generated/widgets/ingame/overheatindicator.lua
1A58C0D346599EB2,ui/generated/widgets/frontend/customize/customizeselectmenubutton.lua
1A59F45CEA804633,ui/generated/widgets/genericopenfullscreensettingstatus.lua
1A5A2D396905B382,ui/generated/widgets/frontend/combatrecord/mpcombatrecordlandingtab.lua
1A5B4FC7CEFA924F,ui/generated/widgets/ingame/reticles/rex/ret_rex_holo_03_alt_09.lua
1A6098E820F3E234,ui/generated/widgets/frontend/weapons/loadout/loadoutitemweaponbutton_flc.lua
1A60F4CC23DD74B9,ui/generated/widgets/ingame/reticles/extrareticles/reticleoutercirclemike32.lua
1A6234A8624B8F83,ui/generated/widgets/frontend/cp/cpgamedifficultybuttons.lua
1A646EB0C325B7A3,ui/generated/widgets/ingame/reticles/ret_sat_long_03_mp_therm.lua
1A6544AEF8C0F0EA,ui/generated/widgets/frontend/mainmenu/upsellbanner.lua
1A65B728050A09AE,ui/generated/widgets/ingame/reticles/jup_hsierra_scope.lua
1A6C9F03148CEF43,ui/generated/widgets/ingame/reticles/santavdotchild.lua
1A6E5C4E6A24FB56,ui/generated/widgets/rex/toastnotificationclosingbutton.lua
1A70754FC2FA07FA,ui/generated/widgets/ingame/mp/killcam/killcamattachmentslist.lua
1A72CB25A2992D14,ui/generated/widgets/ingame/gamemodeinfo.lua
1A767F9C242D3700,ui/utils/mobilehudbuildwhenconditions.lua
1A7BA21AF49B0EA1,ui/generated/widgets/ingame/interactiveobjectbuttonicon.lua
1A7C0B482C7CF591,ui/generated/widgets/frontend/lobby/cppartymembersstatus.lua
1A831F116C7463A1,ui/generated/widgets/ingame/mp/onelifemodes/numvnumsplash.lua
1A84E9BBF27AAE65,ui/generated/widgets/frontend/cp/starsystem/cpweeklystars.lua
1A863E979CF9D16F,ui/generated/widgets/frontend/mp/wzsoireeroleheader.lua
1A8C3E8B264CBDA5,ui/generated/requires/ingame/sp.lua
1A8CE59835533DCE,ui/utils/steamutils.lua
1A8D066AAF23A8BE,ui/generated/widgets/ingame/reticles/ret_cer_loot_s45lowrez.lua
1A98C2D516490737,ui/generated/widgets/launchchunkwidget.lua
1A9A2F12D8DA2D74,ui/generated/widgets/ingame/inventoryperkpackagetooltipperklist.lua
1AA5C2FEFA8CC4F3,ui/generated/widgets/frontend/mp/cas/loadouts/gunsmith/gunsmithcategories.lua
1AA7099588CA36A3,ui/generated/widgets/ingame/mp/littlebird/littlebirdaltimeter.lua
1AA89EC0C22B8AF0,ui/generated/widgets/ingame/reticles/rex/ret_rex_holo_therm_cust_01.lua
1AB01C6A5FFB71E6,ui/generated/widgets/ingame/cp/iw8/wave/wavetimer.lua
1AB0DC0E0778382D,ui/generated/widgets/ingame/mp/ctdm/ctdmdebugwidget.lua
1AB2921D8A537B68,ui/generated/widgets/sp/missionnumber/pricemissionnumbervariant.lua
1AB53E578ACB5A87,ui/generated/widgets/frontend/weapons/loadout/loadoutbutton.lua
1AB564312706CCC2,ui/ingame/mp/tacopslayer.lua
1AC0ED0657D5E185,ui/generated/widgets/ingame/sp/missionspecificequipment.lua
1AC23212009E3B88,ui/utils/automatedtestutils.lua
1AC9E826620BB40C,ui/generated/widgets/frontend/codaccount/interruptiongenericwidget.lua
1AD0B1C8C2DBC68F,ui/generated/widgets/verticalsliderbar.lua
1AD17A7A0CF275A7,ui/generated/widgets/ingame/mp/killedmessage.lua
1AD21D0DBE31CAB3,ui/generated/datasources/global.lua
1AD4BAFEC41776A0,ui/aspectratiofadeframelayer.lua
1AD88A46FB148E6E,ui/generated/widgets/frontend/seasonalevent/rex/seasonaleventxpbaramount.lua
1AD9200A9095B1E8,ui/generated/menus/frontend/mp/privatematchgamecodejoin.lua
1AE0215295B23608,ui/generated/widgets/ingame/reticles/ret_cer_long_03_wz.lua
1AE75CDE9D05DB04,ui/generated/widgets/cac/itemdetailspanelmultipleentry.lua
1AE8AB6BCEB4C91C,ui/generated/widgets/ingame/reticles/ret_sat_long_04_zm_therm.lua
1AF28DA31941FD1A,ui/generated/widgets/frontend/mp/leagueplay/lpskilldivision.lua
1AF664E9A8D91C6F,ui/generated/menus/frontend/lobby/lobbyplaylistselectmenu.lua
1AFA8931E2AE8D0C,ui/generated/menus/frontend/battlemap/bundlepurchasepopupcontainer.lua
1AFCEAB971F31FA4,ui/generated/widgets/mpplayagainpanel.lua
1AFDB0BC674667E1,ui/generated/widgets/frontend/career/careerspraypingwheeltipinternal.lua
1B061E39EFCA053F,ui/generated/widgets/frontend/social/socialprofilecardsmallselect.lua
1B08960E4886EA6E,ui/generated/widgets/frontend/battlemapv2/bparrowbutton.lua
1B0AF5209ABEE83A,ui/generated/widgets/frontend/seasonalevent/seasonaleventsmasteryrewardcardbackgroundbacker.lua
1B0B18732E2323DE,ui/generated/widgets/netstatwidget.lua
1B0CBFEF0DC639B1,ui/generated/widgets/frontend/matchmakingstatuspip.lua
1B1036D6F2D9180C,ui/generated/widgets/frontend/armory/armoryitembutton.lua
1B15284512772B01,ui/generated/widgets/frontend/mp/cas/swapstreakpreview.lua
1B15491E836CFAD4,ui/ingame/apachescreenoverlaycontainer.lua
1B1D87135DF24200,ui/generated/widgets/weaponperformanceheader.lua
1B1D916919A665A2,ui/generated/widgets/buttons/mouseclosebutton.lua
1B28BDE4133D00C1,ui/generated/widgets/genericiteminfo.lua
1B2C97356CDEB27C,ui/generated/widgets/frontend/events/seasonaleventsgroundingline.lua
1B2F7BD0ADE7174C,ui/generated/widgets/store/storebundlecollectiontag.lua
1B35FFEE498AF074,ui/generated/widgets/ingame/mp/bombmodes/bombbriefcasetablet.lua
1B374D2A939DD532,ui/generated/widgets/frontend/depot/billboardarrows.lua
1B38A1DDEF3F3187,ui/generated/widgets/frontend/jupdepot/jupbattlepassupsellpopup.lua
1B4153BBE2D41B1C,ui/generated/widgets/frontend/seasonalevent/seasonaleventsleaderboardrewardstackcard.lua
1B42AD5420501A27,ui/generated/widgets/ingame/reticles/reticleholo.lua
1B465CA43DCB0906,ui/generated/widgets/ingame/compassbase.lua
1B475801712A2AEB,ui/generated/widgets/frontend/pagedbattlepass/pagedbattlepasstierdoublewide.lua
1B4F734168EC18B5,ui/generated/widgets/incompatibleattachwidget.lua
1B5430BC4E97818A,ui/generated/menus/frontend/mp/gamesetup.lua
1B5588742C0E185A,ui/generated/widgets/frontend/barracks/rex/challengeitemrerollbutton.lua
1B59A1159546DE91,ui/generated/widgets/exfilmissionstatus.lua
1B5BECE1DEF89E4A,ui/utils/mobilegrenadeutils.lua
1B635BE800035A98,ui/generated/widgets/ingame/reticles/ret_sat_short_02_wc.lua
1B6C2B3DC39D4FF9,ui/generated/widgets/trials/trialeventaccordionbutton.lua
1B715402DAA0C865,ui/generated/widgets/ingame/mp/cmd/cmdprogressionarrows.lua
1B71655E32A45045,ui/generated/menus/frontend/mp/cas/loadouts/weaponpreviewfilm.lua
1B740ECCB9E9E329,ui/generated/widgets/brinflationbacker.lua
1B743D0E0FF81989,ui/generated/menus/frontend/combatrecord/rex/combatrecordloadoutstats.lua
1B761F97C805E21C,ui/generated/widgets/frontend/battlemapv2/bpmaplegend.lua
1B7913A8B4A7CB1C,ui/generated/widgets/ingame/mp/rex/matchstatusobjectiveprogress.lua
1B7C00E74BF6A6FD,ui/generated/widgets/ingame/reticles/greendot_lime.lua
1B83C7279627031B,ui/generated/widgets/buttons/genericbuttonwithtext.lua
1B89834C14200ED9,ui/generated/widgets/ingame/reticles/rex/ret_rex_minired_01.lua
1B89A921D4A17C19,ui/generated/widgets/bestplaytitlebacker.lua
1B8C429D1BFFC34D,ui/generated/menus/frontend/worldmap.lua
1B8DE8009F034B66,ui/generated/widgets/ingame/mp/dmz/aar/dmzaarscoreboardlineitem.lua
1B9B09EEA5739DC1,ui/generated/widgets/frontend/webview/loginrewardbuttoncontent.lua
1BB07A65FEEB43BD,ui/generated/widgets/ingame/weaponaltnotify.lua
1BB168922B8F8A6E,ui/generated/widgets/hudeditor/hudeditorthemes.lua
1BB31460EB7AB7A9,ui/generated/widgets/rex/brhealthequipment.lua
1BB6352221E08DE2,ui/generated/widgets/ingame/rex/emptargetdetector.lua
1BB81C22B52DC7EA,ui/luiimage.lua
1BBAB5415A78292C,ui/utils/clanutils.lua
1BBC018A54574373,ui/generated/widgets/rex/globalplayerbutton.lua
1BBF6C33512B7181,ui/generated/widgets/objectivebombtimer.lua
1BC2E56CA665B8F6,ui/generated/widgets/ingame/reticles/ret_cer_long_01_mp.lua
1BCB1F30A323988B,ui/generated/widgets/frontend/jupbattlemap/jupbpinspectpanel.lua
1BCE750E3E489D43,ui/utils/mp/fencejumpscareoptout.lua
1BD1C0D1EE8E6789,ui/generated/widgets/frontend/mp/dmz/inventoryquantity.lua
1BE0D8F596B8C0C1,ui/generated/menus/frontend/mp/cas/loadouts/blueprintskinselect.lua
1BE444FE9F381E4F,ui/generated/widgets/frontend/jupbattlemap/jupbattlemapweeklychallengebutton.lua
1BE44BC88DFF9868,ui/generated/widgets/rex/loadingspinner.lua
1BE4649BF6FEEDC0,ui/generated/widgets/ingame/mp/warningtextbacker.lua
1BE7069AC43C60B2,ui/generated/widgets/ingame/objectivecontestedmeter.lua
1BF48A7A0A4C156D,ui/generated/widgets/ingame/mp/scorestreaks/gunship/cergunshipbasecontrols.lua
1BF50C6DFF6A4AEA,ui/generated/widgets/frontend/social/socialplayerpopup.lua
1BF528FFF3B8DDDF,ui/generated/widgets/frontend/mp/dmz/factionrepincrease.lua
1BF6BCB835767ECC,ui/generated/widgets/ingame/mp/disguisesixthsenseoverlay.lua
1BF7665593F0E0A7,ui/generated/widgets/ingame/reticles/rex/ret_rex_reflex_cust_09.lua
1BF7B108F25C598F,ui/widgets/virtualkeyboard.lua
1BF98D2FD10F7863,ui/generated/widgets/ingame/mp/pointspopupwrapper.lua
1BFEB64A2CD694A6,ui/generated/menus/frontend/dailyloginreward/dailyloginrewardentry.lua
1C0260A939A38B38,ui/generated/widgets/frontend/cp/intel/cpintelbutton.lua
1C0312EE0283B391,ui/generated/widgets/frontend/lobby/lobbymembersheader.lua
1C09B6AD0A867CB1,ui/generated/widgets/ingame/mp/scorestreaks/apache/apachebasecontrols.lua
1C0CD80E483E00D0,ui/generated/menus/alwaysloaded/rex/mainlockoutmenu.lua
1C0E6888F3EA7325,ui/generated/widgets/store/rex/storetilecodhq.lua
1C148FF5CFD4943A,ui/generated/widgets/rex/outofboundscountdown.lua
1C1F998480DC4748,ui/utils/gamemodesutils.lua
1C227BB70DBDB66D,ui/generated/menus/frontend/mp/loading/loadingparallax.lua
1C2C87040B7AF9A5,ui/luitest.lua
1C375D2BBB2EE907,ui/generated/widgets/frontend/mp/loading/mapbrinformationcolumnwidget.lua
1C415BB59C00E361,ui/generated/widgets/frontend/lfp/lfppreferncesheader.lua
1C43AD3436C54DCB,ui/generated/widgets/frontend/events/codpointsbalance.lua
1C467546AE969746,ui/generated/menus/rex/cinematicfullscreen.lua
1C472643B34EB39B,ui/generated/widgets/frontend/aar/aarrewards.lua
1C476F17BAFDF96B,ui/generated/widgets/frontend/pagedbattlepass/pagedbattlepasstieritemheader.lua
1C50F87FBBA48629,ui/generated/widgets/killcamreactionselectionelement.lua
1C51D7BE5A564399,ui/generated/widgets/frontend/jupbattlemap/jupbpsectortaglist.lua
1C5239BBDF61D837,ui/generated/widgets/ingame/mp/br/brmissiontrackerobjectiveinfo.lua
1C53E3B5A785E86F,ui/generated/widgets/frontend/operators/operatorcustomizebutton.lua
1C55F2A4F505357B,ui/generated/menus/frontend/genericlootitempreview.lua
1C5671BA175D9D42,ui/generated/widgets/genericbutton.lua
1C56B878548CA009,ui/generated/widgets/ingame/reticles/rex/ret_rex_rangefinder_element.lua
1C6125386DBE0F6B,ui/generated/widgets/countdownlarge.lua
1C6A468E3691BD7A,ui/generated/widgets/ingame/reticles/reticlesnipercharlie725.lua
1C6E203235078CDE,ui/generated/widgets/memorymanagedwidgetcontainer.lua
1C6E4709F1A3E258,ui/generated/widgets/frontend/lobby/largelobbyplaylistbutton.lua
1C75CEC1295CA81C,ui/generated/widgets/store/storespotlight_3b.lua
1C7891E5D6454144,ui/generated/menus/frontend/mp/cas/loadouts/camocategoryselectbase.lua
1C7B85D0DBA83923,ui/generated/widgets/ingame/reticles/reticlethermal03.lua
1C7D1A9754565529,ui/generated/widgets/frontend/operator/detailoperatorname.lua
1C7E02B4DDE9725E,ui/generated/widgets/rex/tooltipdescriptionwidget.lua
1C7F64B4696149E1,ui/generated/widgets/ingame/gamemodescoresheet.lua
1C815F712BF14C80,ui/generated/widgets/frontend/zm/obplaymenubutton.lua
1C86C4527E82CCF4,ui/generated/widgets/genericsliderbar.lua
1C87A3E1DBB98DA0,ui/generated/widgets/leagueplay/lprewardcategory.lua
1C8CB093C1C6B40B,ui/generated/widgets/store/storetoolbar.lua
1C8D2BF86633BB84,ui/generated/widgets/mastery/masterybadgerewardsmalltiers.lua
1C8DA6938A34BD4B,ui/generated/widgets/ingame/reticles/reticledmscopevz01_darkritual.lua
1C8E9058D8EB6534,ui/generated/widgets/frontend/seasonalevent/seasonaleventsleaderboardaargotoeventbutton.lua
1C96F0975C1CED88,ui/generated/widgets/frontend/social/socialhighlightpartymembers.lua
1C9F02ED900A988A,ui/generated/menus/frontend/depot/battlepassvipgiftintro.lua
1C9F5EAB186EDD35,ui/generated/widgets/ingame/reticles/ret_cer_med_06_mp_alt.lua
1CA49060BCE75EA4,ui/generated/widgets/frontend/motd/trialfullwindow.lua
1CA5151D6D45C845,ui/generated/widgets/ingame/reticles/reticlecrossspier9.lua
1CA5D68C04AE37D9,ui/generated/widgets/frontend/lobby/lobbyinfo.lua
1CA6678980A07CB8,ui/generated/widgets/frontend/lobby/lobbymemberslist.lua
1CAEAC699B627F7A,ui/generated/development/frontend/aar/aarxpunlockprogressionprimaryxp.lua
1CAFA6E569027475,ui/generated/widgets/ingame/reticles/rex/ret_rex_snscope_cust_11.lua
1CAFD11A7B66BFA4,ui/generated/widgets/rex/executionhint.lua
1CB4D5A72ACE6C27,ui/generated/widgets/frontend/battlemap/battlemappreviewbuttonlargebase.lua
1CB87CF302F1003B,ui/generated/widgets/ingame/reticles/reddotmagnified.lua
1CBBEA0A523FFBB0,ui/generated/widgets/frontend/seasonalevent/seasonaleventsfeaturedcontentpanelsmall.lua
1CC1C8E5EAE7D5FA,ui/generated/widgets/ingame/reticles/ret_sat_short_07_mp.lua
1CC2AC8B960503B3,ui/generated/widgets/frontend/datasourcebuttonhighlightprompt.lua
1CC6801DD5430C80,ui/ingame/driverhudvancontainer.lua
1CC6D635C3D1234E,ui/generated/widgets/mp/loadouteconomycatalogmemberinfo.lua
1CC754FCCDDC1613,ui/generated/widgets/ingame/reticles/ret_cer_loot_egaux_rangefinder.lua
1CCC08451D1633FD,ui/generated/widgets/mousecursortooltip.lua
1CCC2F3390BF57F3,ui/generated/widgets/cdlinvalidloadout.lua
1CCE359BF4A7A9A5,ui/generated/widgets/frontend/challenges/currentmasterchallengewidget.lua
1CD302F309FD7183,ui/generated/widgets/frontend/seasonalevent/seasonaleventsnavigationtab.lua
1CD803B729C594D4,ui/generated/widgets/ingame/mp/launchconsole/launchconsolescreen.lua
1CD9E21FAD58FA41,ui/generated/widgets/ingame/gameplaystatweaponstat.lua
1CEEB763CAC7AA4C,ui/generated/widgets/frontend/pagedbattlepass/blackcell/blackcellevolvingslidecamogriditem.lua
1CEF0B89C9D62D4A,ui/generated/widgets/frontend/seasonalevent/seasonaleventmysteryboxtab.lua
1CF35CA030C0A834,ui/generated/widgets/ingame/reticles/reticlereflex02snoop.lua
1CF5250031B63C42,ui/generated/requires/ingame/br.lua
1CF7C73B209CED10,ui/generated/widgets/frontend/halationbacker.lua
1CF99F494C68E1B0,ui/generated/widgets/frontend/seasonalevent/lobby/seasonaleventlobbyselectbuttonbig.lua
1CFA0522989EB2DA,ui/generated/widgets/frontend/store/storeitembuttonbackground.lua
1CFF50F87681673D,ui/generated/widgets/frontend/mp/cas/weaponbranding.lua
1D0737F2A123A76C,ui/generated/widgets/connectionmetermphud.lua
1D0A6590A6CB986A,ui/generated/menus/privacychoices.lua
1D0FF6D16482A774,ui/generated/widgets/store/storeactivefiltertag.lua
1D122279A09B37D4,ui/generated/menus/frontend/theaterhubmenu.lua
1D181EE6FA1665B7,ui/generated/widgets/ingame/mp/rex/perkshudwidget.lua
1D1F8A2C522435B3,ui/generated/menus/frontend/mp/outbreak/obaarcontainer.lua
1D2052395CAE6E54,ui/generated/menus/frontend/mpkillstreakselect.lua
1D2595ABB2038779,ui/generated/widgets/frontend/gamesetupdetails.lua
1D32D25FC147B975,ui/generated/widgets/frontend/worldmap/operationobjective.lua
1D3341A559D901AC,ui/generated/widgets/ingame/mp/br/brarmordamage.lua
1D33C1CABB137352,ui/generated/widgets/frontend/seasonalevent/blackcell/seasonaleventsblackcellitemtag.lua
1D372914E910B2CD,ui/generated/widgets/frontend/seasonalevent/seasonaleventtabtimer.lua
1D40BBCE69207232,ui/generated/widgets/ingame/mp/splashheaderwithtexture.lua
1D4279EF677A368C,ui/generated/widgets/ingame/reticles/ret_cer_med_03_mp.lua
1D493CAA1778AAA4,ui/generated/widgets/ingame/reticles/reticlenotchedcircledotred.lua
1D54424649F217D1,ui/generated/datasources/color_customization.lua
1D552D568F3A0A2E,ui/generated/widgets/frontend/mp/worldmapbutton.lua
1D578EA03D118B90,ui/generated/widgets/fullscreencountdownbar.lua
1D5BC9B7ACEDE80F,ui/generated/widgets/frontend/cp/raid/cpraidrewardlist.lua
1D619DBDD735642F,ui/generated/menus/frontend/codaccount/rex/codaccountauthenticationadv.lua
1D63330F6520FDF5,ui/generated/widgets/frontend/mp/leagueplay/lpseasonalrewarditeminternal.lua
1D685A1FF6F7DE78,ui/generated/widgets/ingame/mp/scorestreaks/gunship/rex/gunshipweapon.lua
1D6879CC390802DB,ui/generated/widgets/frontend/battlemapv2/bpendofseasonupsell.lua
1D70A91E79617FCA,ui/generated/widgets/rex/generictogglebutton.lua
1D741362B4B1D07D,ui/generated/widgets/ingame/mp/rex/ammocounter.lua
1D75BF648B49C91E,ui/generated/widgets/frontend/lobby/ltminfomodes.lua
1D760BD12DF6DE19,ui/generated/widgets/ingame/reticles/ret_cer_fourx01_def.lua
1D7B386677703F13,ui/utils/rejoinutils.lua
1D7D424DFC8F4E0D,ui/generated/widgets/options/buttonlayoutbuttons.lua
1D80D7C503FC805A,ui/generated/widgets/ingame/mp/scorestreaks/gunship/gunshipfuiedges.lua
1D8202AC5278DFA1,ui/generated/widgets/frontend/jupbattlemap/jupbpunclaimedrewards.lua
1D83DB11A16DA763,ui/generated/widgets/store/storesubpagefilterbutton.lua
1D8574C89BD1ED14,ui/generated/widgets/ingame/mp/scorefeed/rex/scorefeedtextbacking.lua
1D8B49258E8DEDB4,ui/generated/widgets/ingame/reticles/ret_sat_degree_part.lua
1D8CFA7350B8CE06,ui/generated/widgets/frontend/mp/cas/gunsmith/weaponstatswithdetailsshared.lua
1D97306A72A7FF95,ui/generated/menus/frontend/seasonalevent/seasonaleventpremiumupsellmenu.lua
1D9ACE27E9701D8F,ui/generated/widgets/options/bindinglabel.lua
1DA12863972CDDF6,ui/generated/widgets/hudeditor/customizewindowoption.lua
1DA2C5C1CA15690A,ui/generated/widgets/reportplayer/reportplayeridentitywidget.lua
1DA47E59AEE49BDB,ui/generated/widgets/ingame/reticles/ret_sat_short_02_wz.lua
1DA583A8F267B2AD,ui/generated/widgets/mp/wager/wagerpip.lua
1DAA43ACF3B6EB09,ui/generated/widgets/frontend/dailyloginreward/anniversarydailyloginrewardtag.lua
1DB02FA0F439B342,ui/generated/widgets/ingame/reticles/reticlearscope_vz01.lua
1DB74A25852214A1,ui/luigrid2.lua
1DBB5761F165CD35,ui/generated/widgets/frontend/timedbutton.lua
1DBB6BD80DA10CBD,ui/generated/widgets/sp/sprewardsparade.lua
1DC8795AFFBF4240,ui/generated/widgets/ingame/reticles/ret_cer_loot_bank_robber.lua
1DCB780E38FB8F0E,ui/generated/widgets/frontend/social/socialprofilemenu/socialprofileplayedtogethertab.lua
1DCC270E877DDA48,ui/generated/widgets/gunsmithpreviewbuttonsbase.lua
1DD1206D5E92A6CB,ui/generated/widgets/frontend/seasonalevent/seasonaleventwagereventmpmain.lua
1DD65D929FF24AE9,ui/generated/widgets/subtitlewidget.lua
1DD6CD06E3ABF631,ui/generated/widgets/ingame/mp/trial/trialnexttier.lua
1DD6D6D58A45DBB7,ui/widgets/sticklayoutlogic.lua
1DD882AD5D245BB0,ui/generated/widgets/buttons/codhqbuttonhighlight.lua
1DE095B6C353504F,ui/ingame/mp/trinityoverlaycontainer.lua
1DE28D1F8BF6DFC1,ui/generated/widgets/rex/crossfireattackcontrols.lua
1DE6895A32743E6D,ui/generated/widgets/frontend/unlockcriteria/criteriawidgets/unlockcriteriachallengeprogressbar.lua
1DECBEDBEA592EE5,ui/luiroot.lua
1DEE675236E9859E,ui/generated/colorcorrectionpresets/colorcorrectionpresets.lua
1DF09ABA5359E2EC,ui/ingame/ps4lightbarmanager.lua
1DF09BDC9C0AD993,ui/generated/widgets/frontend/mp/leagueplay/lpoperatorvariantpreview.lua
1DF29561ABD3AFA6,ui/generated/widgets/ingame/reticles/ret_sat_long_05_zm_rangefinder.lua
1DF9EDA06F7F8D2E,ui/generated/widgets/frontend/weapons/loadout/loadoutitemperkpackagebutton_wz2.lua
1DFB961D1CD7337C,ui/generated/widgets/rex/dailychallengesplash.lua
1E173843EACFECF3,ui/utils/mp/codcastersettingsutils.lua
1E1A2999034B6F20,ui/generated/widgets/ingame/mp/thermalvision.lua
1E1B0038699BEB2C,ui/utils/searchutils.lua
1E1D015F75FF5D4E,ui/generated/widgets/creatorcodesearch.lua
1E1D520C40FD8766,ui/loadingscreenmanager.lua
1E23796E4830C9BC,ui/generated/widgets/ingame/reticles/ret_cer_loot_s4versus.lua
1E275239B5C1846B,ui/generated/widgets/buttons/buttonbackground.lua
1E2906311B528F15,ui/generated/widgets/ingame/reticles/reticleoutercirclefourx05.lua
1E29F1A38CB69639,ui/generated/widgets/frontend/mp/dmz/dmztraitnodebacker.lua
1E2D48CD2028A636,ui/generated/widgets/frontend/seasonalevent/seasonaleventsmysteryboxmasteryrewardbutton.lua
1E31DB8FA1BE4204,ui/generated/widgets/ingame/mp/arena/arenaloadoutweapon.lua
1E32076149766DC7,ui/generated/widgets/frontend/texturedspacer.lua
1E3906A4DE986E0B,ui/generated/widgets/ingame/zm/scoreboard/zmscoreboardtitle.lua
1E3A95DFA487A1BD,ui/generated/widgets/frontend/pagedbattlepass/pagedbattlepasspurchasemenubutton.lua
1E401C035D923472,ui/generated/widgets/ingame/mp/invasionpointlabel.lua
1E42515294EE4890,ui/generated/menus/frontend/groups/socialgroupsetupmenu.lua
1E456BA852C310EC,ui/generated/widgets/store/storeupgradetoblackcellbutton.lua
1E494FC56290DD77,ui/generated/widgets/frontend/battlemap/battlepasslanding.lua
1E4BB58B8301BAF8,ui/generated/widgets/frontend/rex/hqmenugamerow.lua
1E4EAAA605CBDB8F,ui/generated/widgets/hudeditor/hudeditoritem.lua
1E52E2D98D3A57A3,ui/generated/widgets/winchallengeitemtag.lua
1E545C98393FDDD9,ui/generated/widgets/frontend/vehicle/vehiclebutton.lua
1E59380000F8BABC,ui/generated/menus/frontend/mp/zm/zmmainmenu.lua
1E5BB67ECA73F1E5,ui/generated/widgets/frontend/pagedbattlepass/pagedbattlepasspurchaserewardinfosingle.lua
1E5E39A3FCA9025F,ui/generated/widgets/ingame/reticles/jupiter/jup_reticle_steyr.lua
1E61F3EB90116F0F,ui/generated/widgets/benchmarksectiontitle.lua
1E648C8A06E3CFB4,ui/generated/widgets/frontend/seasonalevent/seasonaleventcelebrationitem.lua
1E66E3AD52676442,ui/generated/widgets/ingame/mp/dmz/aar/dmzaarpmctask.lua
1E6B55DEEA0D87D7,ui/generated/widgets/frontend/social/socialprofilecardsmallchannels.lua
1E6EBC0DA838EA6B,ui/generated/widgets/restrictsplitscreenpopup.lua
1E70C6AD1E8BF70B,ui/generated/widgets/ingame/mp/killcam/killcamplayerreport.lua
1E77A8628F6F3DFB,ui/generated/widgets/ingame/reticles/purpledot_tim.lua
1E7E35F728756C34,ui/generated/widgets/ingame/mp/objectiveprogressbar.lua
1E855B4E1946472C,ui/generated/widgets/ingame/mp/scorestreaks/jup/streakactivationnukebanner.lua
1E87B8355B209BC5,ui/generated/widgets/installmanager/managefilespopupinfos.lua
1E88894F973A34F2,ui/generated/widgets/frontend/social/socialprofilemenu/socialprofileplayerpresence.lua
1E88DD891FA6650F,ui/generated/widgets/reportplayerslistpopup.lua
1E8A705C603BC920,ui/generated/widgets/frontend/seasonalevent/seasonaleventwagereventmpmodedetail.lua
1E8AC78F6FAEFD20,ui/generated/widgets/ingame/reticles/rex/ret_rex_reflex_cust_02_grn.lua
1E98EB86756088EA,ui/generated/widgets/ingame/reticles/ret_sat_thermalsn01_def_compass.lua
1E9911BD1E36D49E,ui/generated/widgets/ingame/reticles/reticlesniper06.lua
1E9B7961CE77B21F,ui/generated/menus/frontend/obpersistentoperatoritemburdenconfirmationprompt.lua
1E9CB178B644E5A3,ui/generated/widgets/frontend/aar/rex/aarsummary.lua
1EA5A2B445FFA111,ui/generated/widgets/frontend/leaderboard/leaderboardinfouserstats.lua
1EA7ACCD6DA445E0,ui/generated/widgets/common/rex/genericpanel.lua
1EABA29A8FE742DA,ui/generated/widgets/ingame/reticles/reticlearscopevz02.lua
1EAF94690C493FF3,ui/generated/luielems/ingame/mp/cardwidget/cardpurchasemenu.lua
1EB45E9B123DDD93,ui/generated/widgets/ingame/shared/optimalreloadcontainer.lua
1EB6654B0D869A9C,ui/generated/widgets/ingame/reticles/rex/ret_rex_reflex_cust_08.lua
1ECA794B3499C9DA,ui/generated/widgets/frontend/customize/profileshowcase.lua
1ECF58996AC21779,ui/generated/widgets/frontend/worldmapplaymenu.lua
1ED8FC6EEDAFB8CB,ui/generated/widgets/inventory/tokens/inventorygroupdescriptiontoken.lua
1EDDF315096ACD31,ui/generated/widgets/buttontextrevealbackerfade.lua
1EE22BF957013689,ui/generated/widgets/ingame/mp/matchstartcountdown.lua
1EE77064D56BFEC3,ui/generated/widgets/mobilegenerictextbuttonlabel.lua
1EE8A55976A2A7E6,ui/generated/widgets/frontend/events/seasonaleventsfeaturedcontentline.lua
1EEC9BF2E698A417,ui/generated/menus/frontend/spearlyaccessupsellmenu.lua
1EEE8983196D99A4,ui/generated/widgets/caccommon/characterrotator.lua
1EF2BC506D123C60,ui/generated/widgets/frontend/mp/cas/gunsmith/gunsmithprogressionprogressbar.lua
1F04DBEEF0293A16,ui/generated/widgets/frontend/depot/lootitemcard.lua
1F07B7562E823496,ui/generated/menus/frontend/mp/cas/loadouts/weaponpreviewbase.lua
1F0F53E819F9C088,ui/generated/menus/frontend/codhq/codhqwzinstallpopup.lua
1F0FE7D0A6D883FD,ui/utils/mainmenutabutils.lua
1F145359A5196073,ui/generated/widgets/ingame/mp/gameinfo.lua
1F1B6CE4F8E4E50D,ui/generated/widgets/frontend/armory/armorytextdivider.lua
1F333CCA7D289E5E,ui/generated/widgets/frontend/aar/aarseasonaleventleaderboard.lua
1F4804B243C4EA1E,ui/fademanager.lua
1F4B9095B11D1C70,ui/generated/datasources/lp.lua
1F525A5479F41D37,ui/generated/widgets/ingame/matchtimerescort.lua
1F56D579E5420DA0,ui/generated/widgets/frontend/aar/aarprogression.lua
1F57D3A8EE758148,ui/generated/widgets/frontend/mp/leagueplay/lpaarprogressbar.lua
1F5A11741991A39E,ui/generated/widgets/ingame/rex/interactiveobjectpopup.lua
1F60C6222619AFB6,ui/promptmanager.lua
1F631B89330FA9DF,ui/utils/fenceweapondef.lua
1F63AD2A6C56B700,ui/generated/widgets/inventory/inventoryloadoutbacker_rex.lua
1F691AE1CCCDEB45,ui/generated/widgets/genericpanelbuttonwithicon.lua
1F6BC1887ED18F0F,ui/generated/widgets/options/colorcustomizationcontent.lua
1F73FB66AEBD2667,ui/generated/widgets/generatorpullpips.lua
1F74D32640AC0F2E,ui/generated/widgets/ingame/reticles/ret_sat_long_02_mp_therm.lua
1F77DD003C8EFDA2,ui/generated/widgets/frontend/headerglow.lua
1F7BFEDFBE0FB503,ui/generated/widgets/frontend/seasonalevent/seasonaleventsseasoncontentmenu.lua
1F7C0D5C593D3E8E,ui/generated/widgets/frontend/leaderboard/leaderboardmenubuttonlist.lua
1F7D020AB419720C,ui/generated/widgets/ingame/mp/scorefeed/rex/scorefeed.lua
1F8206E09509C0CC,ui/generated/widgets/frontend/customize/darkopsstickerbookgrid.lua
1F83E16497293F7C,ui/generated/widgets/bestplayplayer.lua
1F88BE7D029C6481,ui/generated/widgets/frontend/mp/cas/gunsmith/gunsmithprogressionnextprevnav.lua
1F8995DAE2AEDAF2,ui/generated/widgets/ingame/reticles/rex/ret_rex_snscope_cust_10.lua
1F8FE86A516CDEAB,ui/generated/widgets/ingame/mp/scorestreaks/streakactivationtablet.lua
1F90494524C94F91,ui/generated/widgets/ingame/mp/globalplayersplashtagswithbackground.lua
1F9214F2B382F06A,ui/luitechydigits.lua
1F9B805E7B633A3D,ui/generated/widgets/frontend/pagedbattlepass/blackcell/blackcellskinrewardgroupchallengecontainer.lua
1F9BDC6032A15ED4,ui/generated/widgets/frontend/barracks/barracksvictorystatspreview.lua
1FA4123815E08AA4,ui/generated/widgets/ingame/reticles/extrareticles/reticleoutercirclesmalllines.lua
1FA4C290D0798D44,ui/currentweapondatasources.lua
1FA95C69F53C3C0F,ui/generated/widgets/ingame/mp/killcounter.lua
1FAA1352632BB691,ui/generated/widgets/frontend/cp/cpmodifiersdetails.lua
1FAAA8731CE513F9,ui/generated/widgets/ingame/mp/scorestreaks/dronesentry/dronesentryspeedometer.lua
1FC050E02ED56CE9,ui/generated/widgets/frontend/mp/lobby/matchmakinglobby.lua
1FD470F1D267A0FA,ui/generated/widgets/ingame/mp/augmentcard.lua
1FDA56E5BD29DD50,ui/generated/widgets/rex/fastloadoutclassnotification.lua
1FDC54124390C2A2,ui/generated/widgets/frontend/mp/cas/weaponattribute.lua
1FDE83E5BA45F53E,ui/generated/widgets/frontend/challenges/weaponscasebutton.lua
1FE657683CBDB988,ui/generated/widgets/ingame/reticles/rex/ret_rex_fourx_cust_02_grn.lua
1FEB3D84F3FBDBD2,ui/generated/widgets/frontend/lfp/lfpfindermenu.lua
1FF0C2C7E7A8F6E9,ui/generated/menus/frontend/gifting/giftreceivedpopup.lua
1FF152F6C94F8447,ui/generated/menus/frontend/weapons/loadout/loadoutperkselectmenu_flc.lua
1FF1ADB57108FDBA,ui/generated/widgets/ingame/reticles/ret_cer_loot_forge_dragon_alt.lua
1FFAFFC8E26CD334,ui/generated/widgets/ingame/hitmarkeranchoredspawner.lua
1FFDD6A2D97E87EB,ui/generated/widgets/textbackerverticallines.lua
2007BD9FF9C6C195,ui/generated/menus/frontend/matchmakingreadyup.lua
2007D4D838D5806B,ui/generated/widgets/ingame/overlaytargetmarkerfriendly.lua
200921CAA0E9DB63,ui/menunavigator.lua
200CE80280ECEC0E,ui/generated/widgets/frontend/seasonalevent/rex/seasonaleventtrophyhuntcelebrationoverlay.lua
200D2B02139476C9,ui/generated/widgets/frontend/gifting/gifteebutton.lua
2012F578E2E00206,ui/generated/widgets/frontend/operator/operatorfactionname.lua
20234B4468B1E09E,ui/generated/widgets/ingame/reticles/ret_sat_long_05_mp_rangefinder.lua
2024999EF10FFDCC,ui/generated/menus/rex/globalpanelbase.lua
20306B7E8892731E,ui/generated/widgets/ingame/mp/fieldupgrades/ddos/ddosdevicescreen.lua
2034C08386184C35,ui/generated/widgets/frontend/mp/recipecreatepopupbuttons.lua
2037949BA80296D6,ui/generated/widgets/ingame/reticles/reticleminireddot03elecblue.lua
203B84DF48296CCD,ui/generated/widgets/ingame/reticles/ret_sat_dualzoom_01.lua
203EA7D7FE448932,ui/generated/widgets/ingame/reticles/ret_cer_loot_s5alterego_rangefinder.lua
203FD435801C6C97,ui/generated/widgets/mousecursorcontextualmenuhelperbar.lua
20430D10B4728A5F,ui/generated/widgets/genericwidgets/radiobutton.lua
204484A44B39CEE3,ui/generated/widgets/fxmask.lua
20490E9F1EBB45D3,ui/generated/widgets/cac/apexattachmentpip.lua
2049830B51492E1E,ui/generated/widgets/frontend/mp/outbreak/obaarparade.lua
204A1B0EEA3D0E00,ui/generated/widgets/ingame/mp/globalplayersplash.lua
204B0F624ED4B517,ui/generated/widgets/ingame/reticles/reticle13.lua
204E40A7087B9D41,ui/generated/widgets/ingame/mp/trialstatus.lua
2050AF9A467CE743,ui/ingame/pulsearray.lua
2050F7FC6C1E86E8,ui/generated/widgets/store/storerowspotlight.lua
205185AA5BCE0276,ui/generated/menus/frontend/codaccount/emailverificationscreen.lua
2054933805DF234D,ui/generated/widgets/frontend/lobby/trialbutton.lua
205712C662D6BA46,ui/generated/widgets/rex/popupframe.lua
20579AC46AB6C236,ui/utils/fenceattestation.lua
205931F23CDEEAD0,ui/generated/widgets/frontend/weapons/rex/weaponbuildbutton.lua
205B7D24C4471AD2,ui/generated/widgets/ingame/reticles/extrareticles/reticleoutercirclesharp.lua
20608FCE9F8F25BA,ui/generated/menus/frontend/seasonalevent/seasonaleventseventmenu.lua
20730DD441C5DF65,ui/generated/widgets/cdlwebview.lua
20763DD5BFB0BD4C,ui/generated/widgets/frontend/mp/tournament/tournamentmatchinfo.lua
207E04715B7E4B88,ui/generated/widgets/frontend/sp/missionselect/mapdecorationarrow.lua
208553CC6D221D64,ui/generated/widgets/ingame/spotterscope.lua
20857321A78A93C7,ui/generated/menus/frontend/mp/cas/loadouts/gunsmith/gunsmithtuningmenubase.lua
2086BC3D72F0C9FE,ui/generated/widgets/lobbytrackerbuttons.lua
2088BC3EE069822C,ui/generated/widgets/genericprogressbarvertical.lua
208B399D047FFB97,ui/generated/widgets/frontend/mp/exgm/loadout/exgmloadoutbuttons.lua
2096AE15DCA38DE0,ui/generated/widgets/frontend/mp/lobby/lobbylpcmatchmade.lua
209DDE116997EE99,ui/generated/widgets/frontend/barracks/previousgamestatsbuttons.lua
209EED673D4EA2EB,ui/generated/menus/frontend/codaccount/rex/codaccountregister.lua
209F45EFAFF4FE97,ui/generated/menus/frontend/churnpopup.lua
209FDB7F2AD18B72,ui/generated/widgets/frontend/battlemapv2/bprewardhvtbanner.lua
20AAFC2615523BCD,ui/generated/menus/frontend/mp/brmainmenu.lua
20B45CE8C7D8D796,ui/utils/toastnotificationutils.lua
20BDB7C5D58AC96E,ui/generated/widgets/frontend/emotemenulistitem.lua
20C01E64EA7F58F7,ui/widgets/togglebuttonlogic.lua
20C042DEDC3776BA,ui/generated/widgets/common/premiumbacker.lua
20CC4B122F792445,ui/generated/widgets/ingame/reticles/grapplehookcrosshair.lua
20CD7D51B5039E00,ui/generated/widgets/frontend/pagedbattlepass/pagedbattlepasspurchasemenuinternal.lua
20CE0DD6BA25D894,ui/generated/widgets/frontend/mp/cas/camotitle.lua
20CFFF7329D52BD4,ui/generated/widgets/frontend/mp/cas/gunsmith/blueprintbuildskincategorybutton.lua
20D1A98436E68006,ui/generated/menus/blmfullscreen.lua
20D2C40B1E0496CA,ui/generated/widgets/ingame/mp/vehicle/milcargotruckdiagram.lua
20D470D69C6B560C,ui/generated/widgets/frontend/mp/cas/gunsmith/apexattachmentitemdetails.lua
20D6F83EE0745722,ui/generated/menus/bootpcsettings.lua
20D85C963A587BDA,ui/generated/widgets/ingame/reticles/reticle17hybridc.lua
20DE5746F96A2561,ui/generated/widgets/ingame/reticles/ret_cer_long_04_wz_rangefinder.lua
20E7D340C97CDF22,ui/utils/ministoreutils.lua
20E7E4A44A5D15FD,ui/generated/menus/perkpackageselectmenu.lua
20EA60A8D68D363F,ui/generated/menus/frontend/cp/cpfieldupgrades.lua
20F2BF17918A42C4,ui/generated/widgets/store/storemissionitemunlockcriteria.lua
20F82262AEF2D185,ui/generated/widgets/frontend/rowquickselect.lua
20FAE0BADFF74FBE,ui/generated/menus/frontend/cp/cpstarrewardsintel.lua
2102252D179BF725,ui/generated/menus/frontend/social/socialprofilemenu/socialshowcasecallingcardinspect.lua
2104A8FCA5955C6B,ui/generated/menus/frontend/mp/leagueplay/lpmainmenu.lua
21050F04DC7ECD13,ui/generated/widgets/leagueplay/lphowtoplayrewardstab.lua
2105B12D1007E826,ui/generated/widgets/ingame/mp/rex/splashglitchicon.lua
210C3D2A16331967,ui/generated/widgets/frontend/globalplayernotification.lua
210CE3F0B4AD7FC4,ui/generated/widgets/ingame/reticles/reticlethermal01paranormaldirectional.lua
21126304D5749942,ui/generated/widgets/ingame/mp/genericsplashfullscreenextensions.lua
2117AA004A767B02,ui/generated/menus/frontend/cp/cpkitselect.lua
211BDD2EB42A32B9,ui/generated/widgets/frontend/aar/aarxpwidget.lua
211C0EAAD69B426F,ui/generated/widgets/bundlelitepreviewlist.lua
211E8A5C981F8F4E,ui/generated/widgets/frontend/mp/lobby/warzoneprivatematchyoursquad.lua
211F8A0127125374,ui/generated/widgets/ingame/reticles/rex/ret_rex_reflex_04.lua
213514FE5926F6B6,ui/generated/widgets/frontend/seasonalevent/aar/aarseasonaleventeventplusinstantrewardcolumn.lua
2136540E29E0DD1F,ui/generated/widgets/ingame/rex/lootsplashitem.lua
2140EDF9C3DA5620,ui/generated/widgets/frontend/codhq/codhqmenutitle.lua
214182F2B76D38F4,ui/generated/widgets/brteamscoreboardextrainfo.lua
2145AD4A9F96A76B,ui/generated/widgets/ingame/mp/br/rex/brmenumapkeylistitem.lua
214650652C3711C7,ui/generated/widgets/frontend/dmzpersistentoperatorselectgearinformation.lua
214F3EE2C78760B3,ui/generated/widgets/ingame/reticles/amberdot.lua
214F8C7B2A03F5AC,ui/generated/widgets/mp/rex/combatdetailswrapper.lua
215A28ED1724B5DF,ui/generated/widgets/ingame/mp/scorestreaks/asd/bombdroneframe.lua
2165FFBAB19D2773,ui/generated/widgets/ingame/calloutmarkerpinganchorcontainer.lua
216AB0C6D847AD2B,ui/generated/widgets/frontend/seasonalevent/seasonaleventtrophyhuntrewardcard.lua
216D8177EBCCAFDF,ui/generated/menus/frontend/customize/musicpackselect.lua
2170135C201A5AFE,ui/generated/menus/frontend/challenges/dmzmapchallengeselect.lua
217C3A414AA38FDD,ui/generated/widgets/ingame/reticles/rex/reticlecrosshairsingle.lua
21822B45B238FD1D,ui/generated/widgets/ingame/objectivefill.lua
2182CF21D89A2207,ui/generated/widgets/ingame/mp/scorestreaks/apache/apacheweapons.lua
2185E9F4F6964591,ui/generated/widgets/ingame/reticles/rex/ret_rex_reflex_cust_05_blu.lua
2188E3FF92B34C5D,ui/utils/fencecrossplayprivilege.lua
2191AA6D1A52EC4E,ui/generated/widgets/frontend/vehicles/vehicletrackselectbase.lua
219840BC1FD60247,ui/generated/widgets/frontend/seasonalevent/xpboosttierslist.lua
219A368EE952B82F,ui/generated/widgets/globalpaneltab.lua
219A7A204D8E9CCA,ui/generated/widgets/ingame/mp/playershrapnelhudelement.lua
219E9298A90F26B8,ui/generated/widgets/ingame/mp/scorestreaks/killstreakfuelmeter.lua
21AB275001EDA078,ui/generated/widgets/frontend/mp/cas/gunsmith/gunsmithprogressionrow.lua
21ADB922DA896968,ui/generated/menus/frontend/mp/pmc/dmzbase.lua
21B31CC795AF7361,ui/generated/widgets/frontend/playlistdetailsmodegrid.lua
21B6E414108C1FE3,ui/frontend/mp/codtvpopups.lua
21B893CCE3D70AF8,ui/generated/widgets/ingame/mp/infilgamemode.lua
21BA684F436D58E8,ui/generated/widgets/tooltipbannerholder.lua
21C04486BFDAD2E4,ui/generated/widgets/ingame/reticles/ret_sat_snpr_scope.lua
21C7DBEFB4AE13F3,ui/generated/widgets/perkpackageoptionspopup.lua
21C800CCD3D88BE5,ui/generated/widgets/ingame/reticles/ret_cer_loot_s3brush_alt.lua
21CE81D02BB03761,ui/generated/widgets/accordionpanelbackground.lua
21CE986D6E49B38F,ui/generated/widgets/ingame/mp/rex/fieldupgradenotificationcontent.lua
21CECAA1BFD39303,ui/generated/widgets/frontend/pagedbattlepass/pagedbattlepasstierstatebar.lua
21E0C8C923781D9D,ui/generated/widgets/ingame/reticles/ret_cer_loot_s3over_alt.lua
21E42D6B80AF7902,ui/generated/widgets/mobilepopupfoundationyesno.lua
21E82809268E18EA,ui/generated/widgets/frontend/mp/elderprogression/elderprogressionchallengedetails.lua
21ED770E939D9648,ui/generated/widgets/ingame/gunscreens/gunscreenkdtracker.lua
21F4037F865CBBE1,ui/generated/widgets/frontend/jupbattlemap/jupbpfullupsell.lua
21F50A3F39020134,ui/generated/widgets/frontend/battlemapv2/bpblackcellupsellbpowned.lua
21FCDCB014E48F0D,ui/utils/devactions.lua
21FE9C2C2B8B4A2A,ui/generated/widgets/ingame/reticles/ret_cer_med_09_zm_alt.lua
22000FCBE225C7E4,ui/generated/widgets/memorygraphicsliderbar.lua
2202AA18295574E6,ui/generated/widgets/ingame/reticles/golddot.lua
2202D1474BA66C10,ui/generated/widgets/ingame/reticles/reticlesnprmike4illu.lua
22030975B2D813B5,ui/generated/widgets/frontend/seasonalevent/rex/seasonaleventsmenucontenttemplatechallenge.lua
2205CD046B0CA3DD,ui/utils/aekindsutils.lua
2208D71AA6C415EB,ui/generated/widgets/options/sticklayoutleftprompt.lua
221537355BD05507,ui/generated/widgets/frontend/matchmakingstatusminimal.lua
222B884FF1808100,ui/generated/menus/frontend/mp/cas/loadouts/stickerselect.lua
222F91AE4A4C16CC,ui/generated/widgets/inventory/inventorybuttonoverlay_rex.lua
22307D7BDF9A1F7C,ui/generated/widgets/buttons/challengesectionminibutton.lua
22320AE2698610AC,ui/generated/widgets/ingame/reticles/rex/ret_rex_holo_therm_cust_05.lua
224433778C48CD4B,ui/generated/widgets/frontend/mp/dmz/dmzbackpackintel.lua
2248E45DC1259E9E,ui/generated/widgets/inventory/inventoryconsumabledescriptioncontainer.lua
224D251CE214E67E,ui/generated/widgets/ingame/reticles/rex/ret_rex_fourx_cust_04_blu.lua
225464E2DFD17577,ui/utils/debugutils.lua
225822F25C24903E,ui/generated/widgets/ingame/rex/equipmentcontainer.lua
22595938E9E210BB,ui/generated/widgets/wzm/ingame/mobileobjective.lua
22644C3624328821,ui/generated/widgets/chat/textchatentryline.lua
22677E891DF967C8,ui/generated/widgets/frontend/barracks/progressionunlocktilecontainer.lua
226855DD6E90D75E,ui/generated/widgets/plundercashfillcontainer.lua
226F7F48C9ACCF9B,ui/generated/widgets/ingame/reticles/rex/ret_rex_fourx_cust_07_grn.lua
2271D4F4497595CE,ui/generated/widgets/ingame/cp/sorewardstar.lua
22739592CBE36662,ui/generated/widgets/ingame/looticon.lua
227545A344C3D373,ui/generated/widgets/frontend/mp/leagueplay/lptop250rewardpreview.lua
227843F895F76A7D,ui/generated/widgets/frontend/aar/aarweaponlevelinfo.lua
227B6D114129ED9A,ui/generated/menus/store/bundlestoresecondarymenu.lua
227E4BA5CE4016BC,ui/generated/widgets/frontend/seasonalevent/seasonaleventscondensedtimer.lua
228756BCF567C68A,ui/generated/widgets/ingame/reticles/ret_cer_loot_s2cartoon.lua
22910E503C84E10D,ui/generated/widgets/ingame/reticles/ret_cer_loot_s6record.lua
22952624E01A369F,ui/generated/widgets/frontend/mp/cas/loadoutgunsmithbutton.lua
22960D9089B0167B,ui/generated/widgets/rex/countdownlarge.lua
22993B1EDD8B4DAF,ui/generated/menus/frontend/groups/socialgroupmaxgroupreachedpopup.lua
22A362358674A9BF,ui/generated/menus/frontend/weapons/loadout/inventorymanagement.lua
22A46C343007A41C,ui/generated/widgets/frontend/barracks/barrackschallengemissiondetailspips.lua
22A5CFF83043D60C,ui/generated/widgets/frontend/playlistdetailspopup.lua
22B522AA6D25885C,ui/generated/widgets/scrollbar/rex/scrollbar.lua
22B92B9A303A503B,ui/generated/menus/frontend/mp/brgamemodes.lua
22BD16CD317A7F99,ui/generated/widgets/ingame/mp/splashsubheaderwithbacker.lua
22BE0EB3AF197100,ui/utils/optionsutils.lua
22C52A0D3A60D478,ui/generated/widgets/notificationcenternotification.lua
22C838620155238D,ui/generated/widgets/frontend/aar/aarcppoints.lua
22C96E5EF965D6C7,ui/generated/menus/installmanager/installmanagerpopup.lua
22C9B88A51976E62,ui/ingame/ftuelayer.lua
22CC0AC7E31EA098,ui/generated/menus/frontend/mp/outbreak/obmissionsoverview.lua
22D0379CA5AE0807,ui/generated/widgets/frontend/codhq/codhqglobalplayerinfo.lua
22D4387672AB2949,ui/utils/gridandlistutils.lua
22DA163697439A9A,ui/generated/widgets/ingame/mp/rex/matchstatusteams.lua
22DFA4F0705DB7A3,ui/utils/tweenproperty.lua
22E141AB6B218EBF,ui/generated/widgets/mp/ffascoreboardbase.lua
22E736F757C4BC9A,ui/generated/widgets/frontend/equipmentskinitemdetails.lua
22E73D0E6205ECB8,ui/generated/widgets/ingame/rex/killstreaksradialmenu.lua
22F7A95EDA07E9FC,ui/generated/widgets/frontend/weapons/gunsmithtooltip.lua
22F89BD67499EB31,ui/generated/widgets/frontend/seasonalevent/seasonaleventsrewardcardmultiloottransition.lua
22F9B9C9CA81A75A,ui/ingame/genericoverlay.lua
22FE37C7EF61B6CD,ui/generated/widgets/ingame/inventoryperkpackagebutton.lua
22FF76B639D58D39,ui/generated/widgets/frontend/mp/leagueplay/lpplaymenu.lua
23026C3E4E980F94,ui/generated/widgets/ingame/reticles/ret_cer_loot_s45lowrez_rangefinder.lua
230289C28EE6046F,ui/generated/widgets/options/rex/changemodeprompt.lua
2305600CB1E12ADA,ui/generated/menus/frontend/codaccount/rex/codaccountauthentication.lua
230C55A1FD24F8BC,ui/generated/widgets/hudeditor/layoutselectpips.lua
2311EFD3B5113877,ui/generated/widgets/frontend/depot/item3x1wide.lua
2312D964DA322BC8,ui/generated/widgets/ingame/mp/obituary/rex/obituarykill.lua
231A537DB95F7856,ui/generated/widgets/ingame/mp/fieldupgrades/ddos/empbuttoncombobutton.lua
231A86B64BCC7884,ui/generated/widgets/frontend/leaderboard/leaderboardfilterflyout.lua
2326756528C48F43,ui/generated/widgets/frontend/depot/rex/callingcardfocuswidget.lua
232A86B9502EC229,ui/generated/widgets/mousecursorcontextualmenutitlequickequip.lua
232B8121337CBF0F,ui/generated/widgets/store/rex/storetileportrait.lua
232FA5D554B0386D,ui/generated/widgets/ingame/shared/healthchunks.lua
23315E1C60277D78,ui/utils/bootutils.lua
23336AA8E7E74975,ui/generated/widgets/ingame/mp/scorestreaks/requisitionsstoretablet.lua
2334706EE94FA5DB,ui/generated/widgets/frontend/textwithbracket.lua
23359C934831240D,ui/generated/widgets/frontend/mp/lobby/brpromotedbutton.lua
23386361CCA8968A,ui/generated/widgets/frontend/seasonalevent/season_5/seasonaleventjupprompt.lua
233916D0BBC6F662,ui/utils/mp/streakutils.lua
233B108FBCEDF306,ui/generated/widgets/resurgenceactionfeed.lua
233B6FC283CB02F3,ui/generated/widgets/eventcollectable.lua
234BC835575AB26C,ui/generated/widgets/ingame/mp/vehicle/vehicleprogressbar.lua
234D3D48724C815A,ui/generated/widgets/frontend/mp/cas/streakequippedslots.lua
23551CBCCE575EBD,ui/generated/widgets/ingame/mp/voxelheadsizeplayer.lua
23555FDE203228F6,ui/generated/widgets/frontend/customize/callingcardpreviewpaneltier.lua
23573C4517913C4E,ui/generated/widgets/ingame/mp/scorestreaks/gunship/gunshipreticle105mm.lua
2359F86E23995779,ui/generated/widgets/frontend/mp/leagueplay/lpplayerinfo.lua
235BA58F21B49DE8,ui/generated/widgets/ingame/mp/teamselectbutton.lua
2360AD475E588A3B,ui/generated/widgets/frontend/barracks/emptychallengenotification.lua
236CA0D10D9326C5,ui/generated/menus/frontend/codaccount/codaccountgreeting.lua
236E6D2A71033D7A,ui/generated/widgets/ingame/altfiretypeicons.lua
2370F92D61A15242,ui/generated/widgets/frontend/mp/dmz/dmzfobtabs.lua
2371BB87D938D2DA,ui/generated/widgets/frontend/mp/leagueplay/lprankoverviewbuttons.lua
237B07BBE8F5BAC6,ui/generated/menus/frontend/webview/fullscreenmotd.lua
238511034C3470ED,ui/generated/widgets/frontend/freetrialinfoblock.lua
2389E270B8464224,ui/generated/widgets/ingame/reticles/reticlehybrid03vdayheart.lua
238AAEFE43228DC0,ui/utils/mpcommonutils.lua
238F91BF463762B4,ui/generated/widgets/trials/trialskinnyreward.lua
2392AD3F789014A3,ui/generated/widgets/scoreboard/scoreboardtitleitem.lua
239484F5CBF9FA2D,ui/generated/widgets/ingame/shared/scriptedwidgetgenericicon.lua
2394D646711A8EC5,ui/generated/menus/audiomixpreset.lua
2395364170E10926,ui/generated/widgets/store/storerowfeaturedbackground.lua
2395512EA608CBC4,ui/generated/widgets/mainmenubladengoverlay.lua
2399909F4AC84CDA,ui/generated/widgets/ingame/reticles/ret_sat_short_03_wz.lua
2399BC738DB3CF11,ui/generated/widgets/frontend/career/careertitleanddescriptioniteminfo.lua
239A357F8E43EC86,ui/luitext.lua
239C7E381BFDA376,ui/generated/widgets/ingame/mp/rex/apexunlocksplash.lua
239DD95BBED038F8,ui/generated/menus/dev/uitestmenuperf.lua
239FD3E70DE34B23,ui/generated/datasources/zul.lua
23A884E5EEB96AC8,ui/generated/widgets/wzm/mobilegenerictextbutton.lua
23AADA02C81F247E,ui/generated/widgets/globalplayerchannel.lua
23AD82ECE298B198,ui/generated/widgets/cac/gunnyloadoutdescription.lua
23B1F185D6748ED3,ui/generated/menus/frontend/challenges/rex/camochallengesmenu.lua
23B4D2BF83D3CF15,ui/generated/widgets/frontend/seasonalevent/seasonaleventsbannervisuals.lua
23BB8F4AA5A75AE4,ui/scenelayer.lua
23C433746D318981,ui/generated/widgets/frontend/weapons/tacticalbuildlockup.lua
23C4F8000C363698,ui/generated/widgets/newitemsmallicon.lua
23C6F0272DE562C4,ui/generated/widgets/frontend/cp/cpdailychallengereward.lua
23C71A65D52AA776,ui/generated/widgets/ingameapexattachmentpip.lua
23C7B84F57DF1868,ui/generated/widgets/frontend/barracks/barracksstatssummary.lua
23C8A1CD07FE3B50,ui/generated/widgets/cac/matchcountdowntimer.lua
23C8DAFBB05660F4,ui/generated/datasources/instance_inventory.lua
23CB3D2FFD68FC6A,ui/generated/widgets/frontend/depot/mpdepotmenuhorizontalbuttons.lua
23CC1EA7CF3807B4,ui/generated/menus/frontend/mp/tournament/tournamentprematchpreview.lua
23CF665566F97439,ui/generated/widgets/ingame/calloutmarkerping.lua
23D0A45A33FC22FA,ui/generated/widgets/ingame/reticles/ret_sat_long_01_mp_rangefinder.lua
23D6AE9BA451BE6F,ui/utils/fencebetadlc.lua
23DE2A2B8CD3EADA,ui/generated/widgets/bullettext.lua
23E1EE2ACB28C101,ui/generated/widgets/frontend/mp/cas/streakcostwidget.lua
23E3BF80B935B95E,ui/generated/widgets/ingame/mp/cmd/cmdpoint.lua
23E5029F6A521BF3,ui/generated/menus/frontend/storeconfirmpurchasepopup.lua
23F01282C6CF8456,ui/generated/menus/frontend/mp/cas/weaponprogression/platformprogressionmenu.lua
23F63BFF4C41CE35,ui/generated/widgets/frontend/weapons/loadout/loadoutcustomizationbuttons.lua
23FF7DFDE9FA445A,ui/generated/widgets/frontend/customizemenu.lua
24023B01FB9486DD,ui/generated/widgets/frontend/mp/lobby/rex/lobbysmallteammatchmade.lua
240E8E7EFF99DB0B,ui/utils/lui.lua
240E9CD20ABB3576,ui/generated/widgets/ingame/mp/warmode/warmodeobjectinteractprogress.lua
241430CF4D0C24E2,ui/generated/widgets/ingame/reticles/ret_cer_loot_s5leather_alt.lua
2417ED72D56361C4,ui/generated/widgets/store/storelimitedtagextrainfo.lua
241D4B5E8DD33A73,ui/generated/widgets/options/buttonlayoutprompts.lua
242080556BFCD025,ui/generated/widgets/store/storerowfeaturedsale.lua
24220AD03C9C4B63,ui/generated/widgets/frontend/mp/cas/weaponmasterypanel.lua
24264302B3CCB3FC,ui/generated/widgets/trials/trialeventrewardpopup.lua
2427C51C313F49B8,ui/generated/menus/frontend/jupbattlemap/jupbundlepurchasepopupcontainer.lua
242914AF857CE157,ui/generated/widgets/frontend/barracks/progressionunlockslideprestigebutton.lua
242ABE7B9776C421,ui/generated/widgets/frontend/aar/aarflyoutrankup.lua
242D0485D1C40907,ui/generated/widgets/frontend/rex/datasourcebuttonhighlightprompt.lua
24313B7FB4EB4575,ui/generated/widgets/frontend/aar/nextunlockmini.lua
2432B3E0230E7425,ui/generated/widgets/ingame/reticles/ret_cer_loot_s2bp1_alt.lua
2432D2FFE45F7B85,ui/generated/widgets/frontend/jupbattlemap/jupbpfactioninspectpanel.lua
2434758CAA638383,ui/utils/fencescenarioinstalling.lua
243570A548957E56,ui/watermarklayer.lua
24374E8CD6B1FE1E,ui/generated/widgets/store/storespotlight_5b.lua
243CE161E3F7C494,ui/generated/widgets/frontend/mp/cas/equippedperkplaystylebonusicon.lua
243DB278C80C2E89,ui/generated/widgets/frontend/jupaar/jupaarbattlepassbonuspanel.lua
24408B9BE6D2F85A,ui/generated/widgets/ingame/mp/dmz/gunbench/gunbenchweaponbutton.lua
2444BE1F585514E9,ui/generated/menus/rex/globalpaneloptionssearch.lua
2444D2CBF41233D8,ui/generated/widgets/ingame/mp/vehicle/pickup2014diagram.lua
2450E14C9AFC3EF7,ui/generated/widgets/frontend/seasonalevent/seasonaleventstimer.lua
2455116B456CACB0,ui/generated/widgets/ingame/mp/br/brmenumapkey.lua
24556DC01831DC7E,ui/generated/widgets/scoreboard/scoreboardgrid.lua
245AAF26065EDA35,ui/generated/widgets/dmzupsellpopup.lua
245B11642174C722,ui/generated/widgets/menubutton.lua
246688376FDACE36,ui/generated/menus/frontend/customize/emblemselectmenu.lua
246762F18B82E1A9,ui/generated/menus/frontend/leaderboard/leaderboardselectmenu.lua
246BF9208B4743D5,ui/generated/widgets/ingame/reticles/ret_cer_med_02_zm.lua
246D62027B3D5028,ui/generated/widgets/frontend/hqmenugametag.lua
24731DB3B548C05E,ui/generated/widgets/frontend/storeactionbuttonpromptsmall.lua
2474177755D9369D,ui/generated/widgets/inventory/base/inventorybuttonfocusbaseclass.lua
2476FFE8B9FFDA49,ui/generated/widgets/frontend/seasonalevent/eventgamemodetags.lua
2481D596C5858291,ui/generated/widgets/ingame/reticles/rex/ret_rex_dmscope_hybrid_01.lua
24825DB4876A7AB9,ui/generated/widgets/frontend/jupaar/jupaarbattlepassprogression.lua
2487E78234B523C7,ui/generated/widgets/globalplayeroptions.lua
24920185B7F2DC32,ui/generated/widgets/frontend/mp/printerstatus.lua
2498CD54551FB608,ui/utils/dropdownlogic.lua
24A25E2D625D09A7,ui/generated/widgets/genericheader.lua
24A28E9835F3D04C,ui/generated/widgets/installmanager/installmanager_filepackbutton.lua
24A71CA04A5C3C78,ui/generated/widgets/ingame/reticles/golddotstreak.lua
24A8AE83B79B3B73,ui/generated/widgets/ingame/reticles/ret_cer_loot_s3bdog.lua
24ACE06EAA94AEA7,ui/generated/widgets/mp/mpscoreboardheader.lua
24ADF9BA85251948,ui/generated/widgets/frontend/rex/hqmenugamebutton.lua
24B88C331A48C6C4,ui/generated/widgets/frontend/weapons/loadout/loadoutitemequipmentbutton.lua
24BB434A95BB3C26,ui/generated/widgets/frontend/seasonalevent/seasonaleventscamochallengemasterycard.lua
24BFB88C60F87B6D,ui/generated/widgets/common/commondirectionalarrow.lua
24C008AAB6FD23DC,ui/generated/widgets/frontend/mp/leagueplay/lppostmatchflowskill.lua
24C7DAC40748E2F5,ui/generated/widgets/store/storerowgeneric.lua
24C9DD0B9B04CF63,ui/utils/elementandbuttonutils.lua
24CD9ABA7F1ADAF5,ui/generated/widgets/ingame/mp/scorefeed/rex/scorefeedtextrow.lua
24CDF5E1D6230EDA,ui/generated/widgets/ingame/reticles/rex/ret_rex_scope_asierra12.lua
24DA35F06E699974,ui/generated/widgets/mp/counterattacktimerbacker.lua
24DABEEBEE105571,ui/generated/widgets/ingame/mp/vehicle/jltvdiagram.lua
24DAC38477422AE3,ui/generated/widgets/chat/rex/textchatentrieslist.lua
24DAD77AE9B4104D,ui/generated/widgets/frontend/mp/warzoneprivatematchcreationpopup.lua
24E09CC044F82E59,ui/generated/widgets/frontend/pagedbattlepass/pagedbattlepasstierdoublewidewithstatus.lua
24E43CB756BA5099,ui/utils/mp/fencezm.lua
24E7B3C2B06210A3,ui/generated/widgets/ingame/mp/perkshudwidgetinfo.lua
24F0E754A04DAFA7,ui/generated/widgets/triggerlayoutpreview.lua
24F1CD21F22A1A7B,ui/generated/widgets/frontend/weapons/mpweaponmenubuttons.lua
24F34A69A3D2ABE7,ui/generated/widgets/perkpackagedetails.lua
24F39D19F7CA525E,ui/generated/widgets/ingame/mp/br/brhealthandarmorbars.lua
24F56ABAE79AF271,ui/generated/widgets/newitemnotification.lua
24FB2650A677CC8D,ui/generated/widgets/ingame/mp/cutthroat/cutthroatteamscore.lua
24FD0FE30C6A2371,ui/generated/widgets/ingame/reticles/rex/ret_rex_snscope_cust_15.lua
24FE554C3E17E551,ui/generated/widgets/frontend/challenges/winchallengeunlockitem.lua
24FF3FD82C2EA3DF,ui/generated/widgets/frontend/pagedbattlepass/pagedbattlepassenhancedbutton.lua
2505D28FC15BF3F4,ui/generated/menus/store/storesecondaryfilterflyout.lua
2506C9E33FE76CC9,ui/generated/widgets/objectives.lua
250B1A2101114629,ui/generated/widgets/ingame/mp/bradley/tankchassis.lua
25176A5652237B5D,ui/generated/widgets/frontend/cp/soclassic/sostarrewardnext.lua
251A9104E7750890,ui/luisprite.lua
251E072D65EF1A10,ui/generated/widgets/frontend/worldmap/operationeventbanner.lua
25281774B37EDA96,ui/generated/widgets/frontend/jupbattlemap/jupbpautoswitch.lua
253D30B45643B281,ui/generated/widgets/frontend/mp/playmenu/cdlrow.lua
253F3DE2156E2869,ui/generated/widgets/ingame/reticles/ret_cer_med_02_mp.lua
2542E331D38A51D4,ui/generated/widgets/ingame/reticles/rex/ret_rex_fourx_cust_08.lua
254B33774A9C7BDF,ui/generated/datasources/dmz.lua
254B674FF0BC1DFE,ui/generated/widgets/frontend/lobby/lobbyplaytab.lua
254EFB69DF3AC8C6,ui/generated/widgets/ingame/mp/scorestreaks/gunship/gunshipweaponammo.lua
255C8A4197501953,ui/generated/widgets/screenfade.lua
25608469EB6DF6DC,ui/luirepeatedimage.lua
256C25AD6DCE7170,ui/generated/widgets/ingame/equipmentitem.lua
2571878B483D0D68,ui/generated/widgets/frontend/mp/aar/aarteamscoreboard.lua
2578DFAE20E235AC,ui/generated/widgets/ingame/reticles/ret_sat_long_05_zm.lua
257EFBD7346EF26D,ui/generated/widgets/rex/titleidpricebutton.lua
2582CE85BF24FD59,ui/generated/widgets/frontend/lobby/rex/lobbyinfo.lua
258542D1035119FE,ui/generated/widgets/frontend/pagedbattlepass/pagedbattlepasstiertoggledoublewideinternal.lua
25878DC8EED38B1C,ui/generated/widgets/mastery/masteryxprewarditem.lua
258A3A99B9BEE7B4,ui/generated/widgets/benchmarkzonedetails.lua
258CC30561832AB7,ui/generated/widgets/ingame/autofireaimingcrosshair.lua
2594C8EDD9AA5125,ui/generated/widgets/frontend/lobby/lobbyplayerlistscrollable.lua
259D5BC4AD9F9044,ui/generated/widgets/ingame/mp/arena/rex/arenaloadoutweapon.lua
259E7600401590AD,ui/generated/widgets/frontend/jupdepot/jupbattlepassrewardpopup.lua
259F203C75AB6E70,ui/generated/widgets/frontend/barracks/progressionunlocktilebase.lua
25A724DBA1F781D4,ui/generated/widgets/inventory/inventoryresourcebacker_dmz.lua
25AF227CE33F0869,ui/generated/widgets/frontend/worldmap/territoryoperationreward.lua
25B35303EC9B48FB,ui/generated/widgets/frontend/aar/aarnextunlocklarge.lua
25B588DA9C9436DA,ui/generated/widgets/frontend/social/channels/channelbutton.lua
25B7B3F1D0CC1637,ui/generated/widgets/rex/genericeditbox.lua
25BCA1C602BAD577,ui/generated/widgets/frontend/worldmaptab.lua
25BCDC167FCF51CA,ui/generated/widgets/universalwrapsbonus.lua
25C25EE5EC382387,ui/generated/widgets/ingame/reticles/rexreticlesnscopesnapshot.lua
25C34416B1B93654,ui/generated/widgets/firingrangescores.lua
25C4059F4E0C9665,ui/generated/widgets/ingame/mp/scorestreaks/gunship/gunshipfuelbar.lua
25CA5C4B8B38770B,ui/utils/globalplayersplashcalloututils.lua
25CA919E2E0B03CA,ui/generated/widgets/ingame/reticles/ret_cer_short_05_mp.lua
25CB11090B525464,ui/generated/widgets/ingame/mp/genericsplashheaderbacker.lua
25D6DA92C9BA65AE,ui/generated/widgets/mp/counterattackbombstatuspip.lua
25D8A78C2D6CCD51,ui/generated/widgets/frontend/battlemap/battlemapinspectfooterbuttonbase.lua
25DA1930FB7B7C8E,ui/generated/widgets/ingame/carrieditem.lua
25DA41A29B0D6591,ui/generated/widgets/ingame/reticles/ret_cer_loot_s45diver_rangefinder.lua
25E1189CB506C64D,ui/generated/widgets/ingame/mp/gethighmodealtimetermarker.lua
25E9306539BA1438,ui/generated/widgets/frontend/mp/mpplayerrole.lua
25EE0C51A3E4DCA7,ui/generated/widgets/frontend/lobby/privatelobbysettings.lua
25F0896FA2EFCA4B,ui/generated/menus/genericpopupwidget.lua
25F2E683E3590301,ui/generated/widgets/ingame/mp/scorestreaks/locationselector2d.lua
25F3B6F2DFF2A34C,ui/generated/widgets/frontend/mp/outbreak/obexfilstreakcount.lua
26034633F795C0DB,ui/generated/widgets/frontend/seasonalevent/rex/seasonaleventseventcompletebanner.lua
260491E34980055C,ui/generated/widgets/ingame/reticles/ret_cer_loot_cyberunicorn_rangefinder.lua
260CB7A4B09E18E3,ui/generated/widgets/frontend/barracks/averageindicatorleft.lua
260CFEF9ACAAEFC5,ui/frontenddatasources.lua
261009A639935CA1,ui/generated/widgets/ingame/reticles/rex/ret_rex_arscope_hybrid_01.lua
261F833106440F28,ui/generated/menus/frontend/weapons/weaponbaseselect.lua
261F9D6C99EAB2D6,ui/generated/widgets/frontend/mp/lobby/rex/searchingforlobby.lua
2620C393A179F10E,ui/generated/widgets/frontend/groups/descriptiontooltip.lua
26262BFECF1AEEA1,ui/generated/widgets/frontend/mp/outbreak/acquisitioninventory.lua
262EEDEF77221937,ui/generated/widgets/frontend/mp/cas/gunsmith/gunsmithbalance.lua
262F6D210842BD89,ui/generated/widgets/frontend/qualitymarker.lua
263133E4B4F694AD,ui/generated/widgets/ingame/reticles/rexreticleoutercirclefourx.lua
263895EC46D2CF0E,ui/generated/widgets/frontend/featuredaccordionbutton.lua
263C5ECCDBAC71BA,ui/generated/widgets/mobilepopupbackgroundinternal.lua
26447AABF6706983,ui/generated/widgets/ingame/mp/rex/matchstartobjectivebanner.lua
26453FEEC68FE422,ui/generated/widgets/ingame/emptargetdetector.lua
26483E9D011E57FF,ui/generated/widgets/frontend/mp/leagueplay/lprankpointscounter.lua
2649316042C16EFF,ui/generated/menus/frontend/codaccount/rex/ageconfirmationpopup.lua
264A9F34E48671E5,ui/generated/widgets/frontend/seasonalevent/seasonaleventsmenucontenttemplatecamochallenge.lua
264CDFCB5B318BF8,ui/generated/widgets/frontend/mainmenutabs.lua
26531F7765708E10,ui/generated/widgets/frontend/mp/lobby/lobbyteamdetails.lua
26536D1CC4CC7E43,ui/generated/widgets/frontend/mp/elderprogressionribbon.lua
2654356F71A0924C,ui/generated/widgets/frontend/seasonalevent/seasonaleventspipsquare.lua
265E9403FEEAA565,ui/generated/widgets/ingame/mp/publiceventsplashbanner.lua
2660A4B0D0BBBAAD,ui/generated/widgets/trials/trialobjectivelabels.lua
2661F1EB9F06259E,ui/generated/widgets/medalscollectiondetailpanel.lua
2662543C3DB4BD8A,ui/generated/widgets/ingame/mp/gunfightversusplayer.lua
2662D7E5F8539F9E,ui/generated/widgets/ingame/mp/inactivitywarnings.lua
266683437AC96311,ui/generated/widgets/frontend/mp/rex/tokenbutton.lua
266D9FF43AF83960,ui/generated/widgets/ingame/mp/mobilitycourse/mobilitycourserecapscreenstatisticbonus.lua
266E3C0A88238325,ui/generated/widgets/ingame/reticles/ret_cer_loot_occult_rangefinder.lua
2671EDBE0923CF27,ui/generated/widgets/ingame/reticles/ret_cer_med_04_wz.lua
2674BC0ABEDF0521,ui/generated/widgets/frontend/mp/cas/protunedentrytag.lua
26785BF77E6BC73B,ui/generated/widgets/frontend/mp/leagueplay/lpdivisionrewardmessage.lua
267D829772DA8789,ui/generated/widgets/frontend/pagedbattlepass/pagedbattlepasslastchancepurchaserewardinfo.lua
26844F73B7E10BDD,ui/generated/widgets/ingame/reticles/reticleminireddotgotagochild.lua
26862AC49A25EEBC,ui/generated/widgets/frontend/seasonalevent/itemattributetaglist.lua
2686AAF0F992F8F1,ui/generated/widgets/frontend/mp/rankprogressionslot.lua
268B6AEAAE93096F,ui/generated/menus/leagueplay/lpcheateradjustmentpopupgiveback.lua
268DF14800929FF0,ui/generated/widgets/ingame/mp/killstreaks/streakprompticon.lua
268F8E49B8A48398,ui/generated/widgets/ingame/reticles/ret_cer_loot_s4versus_alt.lua
268FEBB5DCCBCD23,ui/generated/widgets/frontend/social/socialprofiledetailsactionbuttons.lua
26904776E02C6F23,ui/utils/mp/fenceonlineservices.lua
269615E73D605823,ui/utils/fenceownershipstatus.lua
2697A1E3C138FF48,ui/generated/widgets/prestigeprogressbarbacker.lua
26A50CC0992B6D48,ui/generated/widgets/frontend/seasonalevent/seasonaleventslegaldisclaimer.lua
26B4E146491F7167,ui/generated/menus/frontend/social/socialgroupinvitemanager.lua
26B5C1D664BEF5EF,ui/generated/widgets/ingame/reticles/jupiter/jup_reticle_ngsw.lua
26B9515636F288BD,ui/generated/widgets/frontend/seasonalevent/seasonaleventcommunityside.lua
26C27E7CFC87FBA6,ui/generated/widgets/rex/bindingpreviewbutton.lua
26C549B9A202E36D,ui/generated/menus/mp/ffascoreboard.lua
26CAE73D0223354C,ui/generated/widgets/ingame/reticles/rex/ret_rex_fourx_cust_13.lua
26CCC3D66F4E688D,ui/generated/widgets/scrollbargamepadhint.lua
26D19DDA76F88C5D,ui/generated/menus/options/rex/importsettingsscreen.lua
26D9EDD1D6BDE0FF,ui/generated/widgets/frontend/jupbattlemap/jupbpblackcellaltbutton.lua
26DD4F8AF3C98CF1,ui/generated/widgets/frontend/mp/outbreak/obfrontendexfilstreakdisplay.lua
26DDE23C96DCE3A1,ui/generated/widgets/genericpopupframe.lua
26E030C6BBEB0AFA,ui/generated/widgets/frontend/pagedbattlepass/pagedbattlepasspurchasemenubacking.lua
26E1947315A5432B,ui/generated/widgets/inventory/inventoryitemdetailsalert.lua
26F0DCEFEFCB3432,ui/generated/widgets/ingame/mp/rex/mpbink.lua
26F3C10885707A95,ui/generated/widgets/frontend/aar/aarweaponinfo.lua
26F7C2CEBF92A2CD,ui/generated/widgets/frontend/battlemapv2/bptokenprogress.lua
26F970593A6671AA,ui/generated/widgets/ingame/reticles/extrareticles/reticleoutercirclehybridrange01.lua
26FC1C02AD092AE8,ui/generated/widgets/resurgencecqtimedrop.lua
26FCE2F10B8D7CA0,ui/generated/widgets/frontend/codaccount/interruptionaccountdeactivatedwidget.lua
26FF3D67A98CC0D7,ui/generated/widgets/frontend/codhq/rex/codhqinstallmanagerbutton.lua
26FF59549FFE6DAA,ui/generated/widgets/ingame/reticles/rex/ret_rex_fourx_02_alt.lua
2702465D2D381106,ui/generated/widgets/ingame/reticles/ret_cer_loot_cyberunicorn.lua
2702E2BF8BACE9AD,ui/generated/widgets/frontend/launcheventbanner.lua
270A7AC5ABD1BC92,ui/generated/widgets/frontend/battlemap/bundlepurchasepopup.lua
270FD419CD991486,ui/generated/widgets/frontend/depot/lootitemcardflare.lua
2711082CCD200B6F,ui/generated/widgets/genericwidgets/components/genericradialprogresslabelcomponent.lua
2715FAB386CF9928,ui/generated/widgets/frontend/mp/cas/streakkillcategory.lua
2715FFA629CCADF3,ui/generated/menus/frontend/customize/callingcardmasterymenu.lua
27246A4551266565,ui/generated/widgets/checkboxwithimagelabel.lua
272A1B57F757AAFC,ui/generated/widgets/ingame/mp/br/braltimeterdisplayplayer.lua
27308E7C48619A7C,ui/luicountdown.lua
27346F211FDED6A2,ui/generated/widgets/ingame/weaponimage.lua
273E26C1C3581B2D,ui/ingamehintdatasources.lua
273E8746BC7C5F19,ui/generated/widgets/sp/spdifficultydetails.lua
273F6F38FB35F236,ui/generated/widgets/ingame/sp/nvg/nvg.lua
274948B1C5C89F56,ui/generated/widgets/frontend/rex/detailedweaponstatsdamagedistribution.lua
274A2DBA15B5FC6E,ui/generated/widgets/frontend/headquarters/combatrecordmultiplestatbox.lua
274A84072B37B400,ui/generated/widgets/mastery/masterycategoryinfo.lua
27560B981EAF8DA0,ui/generated/widgets/doublexp/rex/doublexpnotifications.lua
275979A3398FDB2F,ui/generated/widgets/ingame/mp/br/brbannersplash.lua
275AB6A82C0B91A7,ui/generated/widgets/mp/mpscoreboardtitleitem.lua
275CEADFD98FA66F,ui/generated/widgets/frontend/social/socialmenucommon.lua
275DCF413877883B,ui/generated/widgets/frontend/mp/leagueplay/lpseasonendtimer.lua
2760384F2698B0EB,ui/generated/widgets/frontend/progression/activelevelfluff.lua
2764B2270AD53693,ui/generated/widgets/genericcheckbox.lua
27685E6BB66135CB,ui/generated/widgets/frontend/pagedbattlepass/pagedbattlepasstiertoggledoublewide.lua
27699270EC62B68E,ui/generated/widgets/frontend/cp/soclassic/sostarrequirementssmall.lua
276E7B7ED0315C8B,ui/generated/widgets/ingame/calloutmarkerfeedbackpip.lua
2774DCF4C20233C4,ui/generated/widgets/frontend/social/socialpartypresencepopup.lua
2777D91CE603B33D,ui/generated/menus/frontend/webview/fullscreenwebviewpopup.lua
277C9EA3020FEE0D,ui/generated/widgets/frontend/seasonalevent/seasonaleventscamochallengeweaponcard.lua
277D62982A2E3D31,ui/generated/menus/frontend/groups/socialgroupemblemeditor.lua
277D905B4796D96F,ui/generated/widgets/frontend/weapons/weaponbuildcontainer.lua
27887E00C512578D,ui/generated/widgets/frontend/mp/elderprogression/elderprogressionemblempanel.lua
27887F676A38B6ED,ui/generated/widgets/ingame/reticles/rex/ret_rex_snscope_therm_01.lua
278A569E7720108D,ui/generated/widgets/ingame/mp/genericsplashcontrolhintbanner.lua
278C1AE398399EED,ui/generated/menus/mp/jup/roundendteamhud.lua
27963BE4C37A5F80,ui/generated/widgets/frontend/mp/cas/gunsmith/receiverbuttonbase.lua
27998658A0481B92,ui/generated/widgets/frontend/br/leagueplay/lpmpaarstarsitem.lua
279DF1326A4A1A05,ui/generated/widgets/frontend/jupbattlemap/seasons/jupbpspecialminimapsectorswidget_s4.lua
27A28E55FAB198C6,ui/generated/widgets/frontend/mp/dmz/dmzreadyuptab.lua
27A473340FC41CB3,ui/generated/widgets/ingame/reticles/ret_cer_med_04_wz_alt.lua
27A99F14C0CE13C8,ui/generated/widgets/trials/trialeventaccoriontimer.lua
27AA3B7FF4A92C82,ui/generated/widgets/frontend/imagetab.lua
27AD253713EAE0B8,ui/generated/widgets/ingame/mp/rex/mpscoreboardselectedplayerdetails.lua
27B362FB0F2B3C2F,ui/generated/widgets/frontend/battlemapv2/bpblackcellaltbutton.lua
27B44F3CDCF5842C,ui/generated/widgets/ingame/mp/scorestreaks/streakactivationnukebanner.lua
27BC847973CEA949,ui/widgets/mousecursorcontextualmenulayer.lua
27CC96F9E225BCDC,ui/generated/widgets/ingame/mp/hudprompt.lua
27D46C0FE8A3ADD8,ui/generated/widgets/frontend/barracks/progressionunlockfriendspopup.lua
27D67A05CA9498B9,ui/generated/widgets/genericjupitermenuglow.lua
27D7107C8C949DBE,ui/luimousecursor.lua
27D79E536258E49C,ui/utils/scriptedwidgetinteractionutils.lua
27DE8CD68D859213,ui/ingame/reportplayerlayer.lua
27DF77DF719C33F5,ui/generated/widgets/frontend/social/socialprofilemenu/socialprofileplayerstatus.lua
27F13165180CC98B,ui/generated/widgets/ingame/reticles/rex/ret_rex_fourx_cust_05.lua
28017FA7FEF2F4A1,ui/generated/widgets/lpgenericrevealprogressbar.lua
28037ECC1DEC9D9D,ui/generated/menus/frontend/mp/mppubliclobby.lua
280610F4807AEE76,ui/generated/widgets/ingame/mp/scorestreaks/dronesentry/dronesentryorientation.lua
2810D59D2656117A,ui/generated/widgets/frontend/mp/cas/camocategorybuttonpreview.lua
28126243FB0A7C70,ui/generated/widgets/frontend/mp/pmc/pmcmissions.lua
281508B017313D34,ui/generated/widgets/frontend/seasonalevent/blackcell/seasonaleventspremiumupsellbanner.lua
281C26717E719912,ui/generated/widgets/dmzselectedmissionreward.lua
28259BBE7D574C21,ui/generated/widgets/frontend/mp/cas/loadoutoptionsbuttons.lua
282D016042004823,ui/generated/widgets/visordamageoverlay.lua
283372F55B643689,ui/generated/widgets/frontend/mp/dmz/dmztrait.lua
28381AF862C7EBA4,ui/generated/menus/pcachievementsmenu.lua
28384DF325E58307,ui/generated/menus/frontend/mp/rex/warzoneprivatematchlobby.lua
283B6D0107DACF44,ui/generated/widgets/selectedmissionobjectivebase.lua
283BB188C35CBE73,ui/generated/widgets/frontend/mp/cas/restrictiongunsmithwarning.lua
284271E3E0C66CE2,ui/generated/widgets/store/storebundlenewtag.lua
2843AEAA64F6BF0D,ui/generated/widgets/frontend/progression/progressionlevel.lua
285006B3EF72C99B,ui/generated/widgets/ingame/mp/streaklist.lua
285154688814B846,ui/generated/widgets/ingame/mp/intelinfosplashbanner.lua
28518503769167AE,ui/generated/menus/alwaysloaded/cdninstallmenu.lua
28525F73D77D9776,ui/generated/widgets/rex/codeconductthreatcontents.lua
285953A8E57BFA8E,ui/generated/widgets/genericduallabelbutton.lua
285C3EFF2859337E,ui/generated/widgets/frontend/mp/lobby/warzoneprivatematchlobbyroles.lua
285C6CAD3D72E8BF,ui/generated/widgets/ingame/mp/genericsplashcap.lua
285C91B4F3139C10,ui/generated/widgets/ingame/mp/rugby/rugbyjugginfohealthfill.lua
285E2FF90FEE9928,ui/generated/widgets/frontend/jupdepot/jupbattlepassstatus.lua
285FBADCA3F20FE3,ui/generated/widgets/frontend/mp/cpmissionxprewarditem.lua
28645567533CA122,ui/generated/widgets/inventory/inventoryconsumableeffect.lua
28687AAC52A8DE08,ui/generated/widgets/ingame/reticles/ret_cer_loot_s2bp6_alt.lua
286A97BC1D6ED03D,ui/generated/widgets/ingame/reticles/ret_cer_loot_tactvamp_alt.lua
286D0B4E41497638,ui/generated/widgets/frontend/seasonalevent/seasonaleventscommunitymissioncardtimegatetimer.lua
286E53D7ABB5C406,ui/generated/widgets/wintoken.lua
28711E865D8BD367,ui/generated/menus/store/storepurchasecelbrationpopup.lua
2878AD7181ECA729,ui/generated/widgets/touch/mobileslideshow.lua
2881FF040FD3AA48,ui/generated/widgets/ingame/mp/rex/splashnotificationheader.lua
288513CA9B86E88B,ui/generated/widgets/ingame/reticles/ret_cer_med_04_mp_alt.lua
288586D431C12D31,ui/generated/widgets/frontend/customize/callingcardchallengebutton.lua
2886D18CF09C5D24,ui/generated/widgets/frontend/seasonalevent/seasonaleventtrophyhunttrophycounter.lua
288815B8C087AC77,ui/generated/widgets/ingame/reticles/rex/ret_rex_fourx_cust_10_blu.lua
288BA14831F1E697,ui/generated/widgets/ingame/rex/hitmarkerquad.lua
288CBC8685C50CEE,ui/generated/widgets/xptokenflyoutnotificationelement.lua
288DCEDB6F868A49,ui/generated/widgets/frontend/barracks/combatrecordstatsgroup.lua
2891AF73778A79AC,ui/generated/widgets/frontend/jupbattlemap/jupbpmaplegend.lua
2899E1A87DCFF3FA,ui/generated/widgets/ingame/mp/warmode/warmodescoreboardobjectiveoverview.lua
28A5887DF4BD3A9F,ui/generated/widgets/options/brightnessguide.lua
28A7807F66FCAB88,ui/generated/menus/frontend/jupdepot/jupbattlepassconfirmpurchasepopup.lua
28A970294478374F,ui/generated/widgets/ingame/reticles/ret_cer_loot_s4improv_alt.lua
28AA766B76333BAA,ui/utils/playlistutils.lua
28B2461E5C047356,ui/generated/widgets/ingame/mp/arena/arenaloadoutminiattachment.lua
28BA0A3AD2B6282A,ui/generated/widgets/ingame/mp/localplayersplash.lua
28BC899CAAFE853A,ui/generated/widgets/frontend/store/storebillboarddescitem.lua
28C04C948D8AFBD2,ui/generated/widgets/ingame/mp/guntablecallouts.lua
28C45389F981346C,ui/utils/fencemotd.lua
28C64BB7FC979012,ui/generated/widgets/ingame/mp/groundwar/mapspawnlabel.lua
28C7CBD298ABAE02,ui/generated/widgets/alwaysloaded/timerlabelwithicon.lua
28CA2FD539574E5A,ui/utils/dailychurnrewardutils.lua
28CA579A3304EFC7,ui/generated/widgets/playercardcompact.lua
28CB944EB32A0D75,ui/generated/widgets/options/sticklayoutbuttons.lua
28CBDFA42770D1A6,ui/generated/widgets/trainingcourseobjectiveslist.lua
28D60C4E129D879C,ui/generated/widgets/wzm/mobileraritylabelsmall.lua
28DE601CC4572456,ui/generated/menus/frontend/mp/zm/zmmapselection.lua
28EC905A4494709A,ui/generated/widgets/frontend/seasonalevent/seasonaleventsmenucontenttemplatewagerevent.lua
28F1332DBB2A4351,ui/generated/menus/store/storecdlmenu.lua
28F36E3D0988731A,ui/generated/widgets/scrollbar/arrowup.lua
28F6958D67A80BC2,ui/generated/menus/frontend/codaccount/codaccountsummary.lua
28FF1CC33C3EA7D2,ui/generated/widgets/ingame/reticles/ret_cer_loot_s2cdplayer.lua
2902556D386F1455,ui/generated/widgets/ingame/mp/mpscoreboardstaticcolumnname.lua
29053960EAB13C2F,ui/generated/widgets/chat/textchatentrieslist.lua
290A70FBDECA4D23,ui/generated/datasources/progression.lua
2916A1009DD121EF,ui/generated/widgets/frontend/mp/gamesetupcategoryoptions.lua
2917775BA250083F,ui/generated/widgets/frontend/jupbattlemap/jupbattlemapseasonrecapdetails.lua
29251A2F215C4472,ui/generated/widgets/mastery/masterybadgeicon.lua
292A8B63A3D25E2D,ui/utils/fencefrontscenerenderable.lua
292D33E4119C009D,ui/generated/widgets/dottedbacker.lua
292E8C2A64727B57,ui/utils/contextualmenudata.lua
292ED365D1D71F01,ui/generated/widgets/ingame/mp/fieldupgradelinearbar.lua
292F7B10973F1AAD,ui/generated/widgets/frontend/battlemap/battletokenprogress.lua
293576724FE956AF,ui/generated/widgets/frontend/cac/loadoutitemdetails.lua
29375A6F87ED321C,ui/generated/widgets/store/storebundlecollectionrewarditem.lua
2939B8E209F7DA9A,ui/generated/widgets/frontend/seasonalevent/seasonaleventsmasteryrewardcardunlockcelebrationoverlay.lua
293DB0DE6B379755,ui/generated/widgets/store/storespotlight_2.lua
293F8B061666C527,ui/generated/widgets/dungeonrewards.lua
29413794DEBC9EC8,ui/generated/widgets/frontend/aar/aarprogressionsummary.lua
29474FBBA8A3D9E8,ui/generated/widgets/frontend/seasonalevent/xpboosttierslistitem.lua
29495C8B83FBE27A,ui/generated/widgets/common/redaction.lua
294CD850381154DC,ui/generated/widgets/ingame/rex/challengecompletedsplash.lua
294EFB558049CD90,ui/generated/menus/frontend/career/profilemenu.lua
2951152927F1FBA1,ui/generated/widgets/frontend/sp/campaignstickerbookmenu.lua
295CE69CBDB91DD6,ui/generated/widgets/cac/gunsmithcosmeticscategorybutton.lua
295E04AF2B5C7A0F,ui/generated/widgets/ingame/reticles/ret_sat_med_02_mp.lua
295E52ECC9AF0A9B,ui/generated/widgets/frontend/basiccurrencies.lua
295EB39E3BD78296,ui/generated/widgets/popupframe.lua
2963307D33ADF04A,ui/generated/widgets/frontend/seasonalevent/lobby/seasonaleventlobbyselectbutton.lua
296803DDF266408F,ui/generated/widgets/frontend/mp/previewcontrolslegend.lua
296D00E17B07A56D,ui/generated/widgets/ingame/reticles/reticlecrosshairsingle.lua
296D1AA88999B936,ui/generated/widgets/ingame/quickprompt.lua
296ECDC2BC124CA8,ui/generated/widgets/frontend/depot/nomoreitemsmessage.lua
29712DBF56748D6A,ui/generated/menus/alwaysloaded/legal/legalmenuflyout.lua
29716F680D9EC6E3,ui/generated/widgets/frontend/mp/cas/gunsmith/compatibleattachmentskinsinformation.lua
2978745A9CBFE34A,ui/generated/menus/frontend/barracks/eventsmenucontainer.lua
297D2197C8036BA0,ui/generated/widgets/leagueplay/lptop250leaderboardcdlplayerinfo.lua
29814657C9309EEC,ui/generated/widgets/ingame/reticles/reticlecrosshairthrowknife.lua
29868F5669426A74,ui/generated/widgets/scrollbar/scrollbarsliderarea.lua
298A8FE0C51FE521,ui/generated/widgets/ingame/mp/currentobjective.lua
298C248D8ADA1391,ui/generated/widgets/ingame/reticles/rexreticleholotherm01.lua
298D009089CCD96D,ui/generated/menus/frontend/mp/cas/gunsmith/gunsmithattachmentselect.lua
298E9AD4FEAEBFF2,ui/generated/widgets/trials/notrialticket.lua
298F671263ED3FAA,ui/generated/widgets/frontend/seasonalevent/seasonaleventsmasteryrewardcardinfooverlay.lua
298FFEB01D842129,ui/generated/widgets/ingame/mp/gameplaysplashcontainer.lua
2992257D7B522F2B,ui/generated/widgets/scrollbar/rex/arrowdown.lua
2992DBB5AE25D231,ui/generated/menus/frontend/customize/customizeselectmenu.lua
299A3D0DAF7CA4A8,ui/generated/widgets/frontend/barracks/mpbarracksmenubuttons.lua
299D60144D4DDDBE,ui/generated/widgets/ingame/mp/rex/tacticalmap.lua
29A25999DD3A7873,ui/generated/menus/frontend/operatorselectscreen.lua
29AEC9205C8622A9,ui/generated/widgets/frontend/seasonalevent/seasonaleventsseasoncontentstorepanel.lua
29BFA8A0FE2AB3F3,ui/generated/widgets/ingame/reticles/ret_cer_loot_s3hydro_alt.lua
29CA8E2C7152E659,ui/generated/widgets/hudlcdpatternexpandable.lua
29CDD9F8DB0A3100,ui/generated/widgets/ingame/reticles/ret_sat_loot_btrap.lua
29CEBFB22AA29A56,ui/generated/widgets/ingame/reticles/reticleoutercirclehybrid02.lua
29CF23BEFE9C2364,ui/generated/widgets/ingame/reticles/reticlefourx04vdayheartbreakr.lua
29D23516476F170D,ui/generated/menus/frontend/jupbattlemap/jupbattlemapseasonrecapmenu.lua
29D8B8EB6E3AFE6D,ui/generated/widgets/buttons/buttonlargetall.lua
29D90F56A24F6796,ui/generated/widgets/playercard.lua
29DE6ADB4BE8D4C1,ui/luiscrollbar.lua
29DEECBE1F178572,ui/generated/widgets/ingame/reticles/ret_cer_loot_forge_dragon.lua
29E0CB3801D8AD2B,ui/generated/menus/frontend/codaccount/accountinfoconfirmationpopup.lua
29E9EADD43F9A882,ui/generated/widgets/frontend/codcaster/esportslobbymatchinfobutton.lua
29EA909DE6075840,ui/generated/widgets/ingame/mp/oic/oicbonussplash.lua
29EDE7F3AE691810,ui/generated/widgets/ingame/reticles/ret_cer_long_02_mp_therm.lua
29F8498F7F9164CD,ui/generated/datasources/ob.lua
29FDBA2DD71FC150,ui/generated/widgets/frontend/mp/dmz/dmzmissionprogress.lua
29FDBF09BA948A20,ui/generated/widgets/dmz/expandedviewtaskwidget.lua
29FE4DA30640C977,ui/generated/widgets/rex/triggerlayoutpreview.lua
29FFCC230D1D0E1A,ui/generated/widgets/frontend/mp/outbreak/acquisitioninsuredbuttoncontainer.lua
2A00ABF0756EADF9,ui/generated/widgets/inventory/inventorylabeltextbacker.lua
2A012805A8EC2F25,ui/generated/widgets/frontend/sp/rex/campaignplaymenu.lua
2A016D9FA78869A5,ui/generated/widgets/plunderdoublechevronprogressbar.lua
2A01CEF154AB18E6,ui/generated/widgets/ingame/reticles/iw9/reticlear02.lua
2A0255F71CE0456B,ui/generated/widgets/ingame/mp/scorestreaks/rex/streakactivationtablet.lua
2A0F6B97177BCA85,ui/utils/mp/elitecontractutils.lua
2A1CD5CA1DBD0CA4,ui/generated/widgets/genericline.lua
2A219E6A05DE1DBA,ui/generated/menus/frontend/mp/leagueplay/lppostmatchflowdebugcontainer.lua
2A283CAD230A2A82,ui/generated/widgets/frontend/challenges/operatorchallengeselect.lua
2A29E1899D59C213,ui/generated/widgets/ingame/mp/rex/matchroundpip.lua
2A2CBB5EBBCC367A,ui/generated/widgets/mp/counterattackbombcountdown.lua
2A2E12CC881AA063,ui/generated/widgets/frontend/lobby/lobbymembersfooter.lua
2A32D2CC541D5B23,ui/luiborder.lua
2A35C1D2354F2F75,ui/generated/widgets/ingame/mp/fieldupgrades/rex/tacinsertspawnoverlay.lua
2A45B40E83525306,ui/generated/widgets/ingame/reticles/rex/ret_rex_reflex_cust_02.lua
2A519D2AE564549F,ui/generated/widgets/fieldupgraderound.lua
2A53948024FBE6D0,ui/generated/menus/frontend/codaccount/rex/codaccounteditphonepopup.lua
2A5425D2C4D3134B,ui/generated/menus/frontend/mp/cas/loadouts/gunsmith/modificationpreview.lua
2A54BA9FB495BD48,ui/generated/widgets/frontend/lobby/expandablelobbyarea/missiondetailslobbyitem.lua
2A5F66A6A7A8694D,ui/ingame/nvgoverlaycontainer.lua
2A637D60EA7A7FF8,ui/generated/widgets/ingame/killstreaksradialmenu.lua
2A63CECBD17E0FE3,ui/generated/menus/frontend/codhq/rex/gamepurchasemenu.lua
2A6B26458F7F8B95,ui/generated/widgets/frontend/pagedbattlepass/pagedbattlepasstiernextrewarditemheader.lua
2A6CECFBAFF2C692,ui/generated/widgets/caccommon/seasonwithtext.lua
2A71C088EE314E64,ui/generated/menus/frontend/missioncommand.lua
2A71DD7F8E56D38C,ui/generated/widgets/frontend/events/storebundlepreviewarrowbutton.lua
2A74EEC57BF9E62E,ui/generated/widgets/frontend/jupbattlemap/jupbattlemapseasonrecapupsell.lua
2A78EAA8BB1732F2,ui/generated/widgets/ingame/reticles/ret_sat_la_fang.lua
2A7E200B768BCEDD,ui/generated/widgets/ingame/reticles/rex/ret_rex_scope_therm_cust_04.lua
2A7E4356F940736D,ui/generated/widgets/ingame/mp/scorestreaks/gunship/gunshipzoommeterguidedynamic.lua
2A80C729C53E6D60,ui/generated/widgets/frontend/missioncommandtilefactionprogress.lua
2A82118F18747421,ui/generated/widgets/ingame/reticles/reticlearscopetherm01.lua
2A871D75758284FB,ui/generated/widgets/frontend/battlenetstoreitembutton.lua
2A8CD2C4D4F4A04C,ui/generated/widgets/ingame/reticles/jupiter/jup_reticle_classictherm.lua
2A90C87AF2716F33,ui/generated/widgets/ingame/reticles/reticlesniper09.lua
2A973D26EBC08477,ui/generated/widgets/ingame/reticles/ret_cer_loot_christmas_alt.lua
2A9897633761CF1F,ui/generated/widgets/options/colorpickerbutton.lua
2A9EAE6EA118ED2E,ui/generated/widgets/frontend/aar/rex/aarxpreward.lua
2AA2538841956E75,ui/generated/widgets/mastery/masterybadgerewardicon.lua
2AA4E73D96173B0C,ui/generated/menus/perkpackageselectmenubase.lua
2AA54314FE6CFECF,ui/generated/widgets/frontend/depot/limitedtimeitem.lua
2AAF305A91A0D080,ui/generated/widgets/ingame/reticles/rex/ret_rex_fourx_cust_04.lua
2AAF9004F97634B6,ui/utils/equipmentradialmenuutils.lua
2AB6926BCC7784E9,ui/generated/widgets/ingame/mp/masterchallengeicon.lua
2AB8DBB114231938,ui/generated/widgets/frontend/seasonalevent/seasonaleventsseasoncontentbutton.lua
2ABA21D0178E647E,ui/generated/widgets/ingame/reticles/ret_cer_med_01_mp.lua
2ABABADD0F2CE17C,ui/generated/widgets/frontend/battlemapv2/bpminimapbutton.lua
2ABEC0D86913E7E2,ui/utils/fencehost.lua
2AC43FBE88816CD4,ui/worldcupmanager.lua
2AC825FBA73ABB9C,ui/generated/widgets/ingame/mp/localplayersplashbanner.lua
2ACBC62AF504C4D1,ui/generated/widgets/frontend/social/socialrecentmenu.lua
2AD5E3F8680EB1F9,ui/generated/widgets/ingame/rex/calloutmarkerping.lua
2ADC6C32F883C89C,ui/generated/widgets/mobilegenericswitchbutton.lua
2ADE535D59FA7B55,ui/generated/widgets/dmzloadoutitemequipmentbutton.lua
2AE07F92DA189F60,ui/generated/widgets/ingame/reticles/ret_cer_loot_anime_mecha_alt.lua
2AE21A2EA17B41F7,ui/generated/widgets/changeplaylistpanelbutton.lua
2AE491BCA8CA8BDC,ui/generated/widgets/frontend/battlemap/battlemaptokenpurchasewidgetbase.lua
2AECF7FAD398F624,ui/generated/widgets/frontend/battlemap/battlepasslandingbuttons.lua
2AEFBFF5697DEFA3,ui/generated/widgets/ingame/reticles/rex/ret_rex_reflex_01.lua
2AF166AF90D1871E,ui/generated/widgets/dockedobjectivebracket.lua
2AF674E8F0D43AD4,ui/generated/widgets/frontend/hqmenugamebutton.lua
2AFF8040A07EB7A1,ui/generated/menus/frontend/mp/loading/rex/loadingparallax.lua
2B01CF995F4ABB1D,ui/generated/widgets/frontend/depot/battlepassrewardpopup.lua
2B037105E8B3E626,ui/generated/widgets/frontend/social/socialplayercallingcard.lua
2B046412DE76BD79,ui/generated/widgets/frontend/weapons/loadout/loadoutslotpreview_flc.lua
2B073501EB99824C,ui/generated/widgets/frontend/lobby/lobbylistheader.lua
2B1053DCFBE8494C,ui/generated/widgets/frontend/unlockcriteria/criteriawidgets/unlockcriteriachallengecompact.lua
2B137272E9A22F96,ui/generated/widgets/ingame/reticles/reticlecrosshairdotadsalpha.lua
2B144830AC31374F,ui/generated/widgets/frontend/dualmenubutton.lua
2B160D368D0DD229,ui/luiscoreboardrow.lua
2B17D45519B2490D,ui/generated/widgets/ingame/fakestreamimage.lua
2B2441169AD3E17D,ui/generated/widgets/frontend/missioncommandtile.lua
2B24CB2B4342DB62,ui/generated/widgets/weaponbuildaddbutton.lua
2B2E8CDBBA520294,ui/generated/widgets/frontend/rex/mainmenutabs.lua
2B3353C82473E040,ui/generated/widgets/frontend/operator/operatorunlockchallenge.lua
2B33E52971918268,ui/utils/pingutils.lua
2B36322E11465823,ui/generated/widgets/rex/genericdropdownbackground.lua
2B37D02071F6CA92,ui/generated/widgets/sliderpoint.lua
2B399B5776CCAA2E,ui/generated/widgets/ingame/reticles/reticleaug.lua
2B3A2A89D4A94A64,ui/generated/widgets/ingame/reticles/ret_cer_med_03_zm.lua
2B3AD62A8EC9A375,ui/utils/gamemenubuttonactionutils.lua
2B3B588FAABB1A7A,ui/generated/menus/frontend/barracks/progressionunlockmenubase.lua
2B3FD2D16C27E6B3,ui/generated/widgets/frontend/zm/zmlobbyinfopanel.lua
2B42F4FDD6884869,ui/generated/widgets/ingame/mp/onworldbombtimer.lua
2B58DD15B613644A,ui/generated/widgets/ingame/reticles/ret_cer_loot_s3ev7a_rangefinder.lua
2B5FA6E2D01E3B31,ui/generated/widgets/ingame/mp/grind/grindicon.lua
2B6B08F4908E5915,ui/benchmarklayer.lua
2B6C911ACAFBC129,ui/generated/widgets/frontend/mp/leagueplay/lpskillprogressbarmarker.lua
2B6CE70170A412A8,ui/generated/widgets/frontend/mp/leagueplay/lpaarperformancedetails.lua
2B771C2F00A3B4E3,ui/generated/widgets/ingame/reticles/rex/ret_rex_arscope_vz_01.lua
2B77BD260E548938,ui/generated/widgets/ingame/mp/smartstreak.lua
2B7A47DEF41495EF,ui/generated/widgets/reviewquote.lua
2B7D81D7903649D7,ui/generated/widgets/ingame/mp/obituary/obituarymessage.lua
2B8561A62BC5A63B,ui/generated/widgets/ingame/reticles/ret_cer_loot_transparent_rangefinder.lua
2B88AD7E4FD9AE09,ui/generated/widgets/colorcustomizationminimapgwobjective.lua
2B8DFC0E3F0D4F03,ui/generated/widgets/ingame/mp/vehicle/driverhudapcrus.lua
2B8F350BF7244EA3,ui/generated/widgets/frontend/aar/aardmzupgradeprogression.lua
2B9162E34F646CCC,ui/generated/widgets/frontend/rex/hqmenugamebuttonbackground.lua
2B95192942F3AA1A,ui/generated/widgets/ingame/mp/br/brbuybacksquadmateprompt.lua
2BA3315DE041400A,ui/generated/menus/frontend/rex/challengesmenu.lua
2BA47C098F5333C7,ui/generated/widgets/ingame/reticles/rex/ret_rex_snscope_cust_08.lua
2BA6D06F4A108B3E,ui/generated/menus/frontend/storefullscreencinematic.lua
2BA7A7B61EB72F65,ui/generated/widgets/options/networkinfoslist.lua
2BAA7F7FD4DEA324,ui/generated/widgets/store/storetilecarouselinternalsquare.lua
2BB5C5844E694F2E,ui/generated/widgets/damageindicators.lua
2BB6625AC9EC6997,ui/generated/widgets/ingame/reticles/ret_sat_long_02_mp.lua
2BB8CF9D204134EF,ui/generated/widgets/frontend/seasonalevent/seasonaleventcommunitygradients.lua
2BBC2F7DF3118720,ui/generated/widgets/frontend/challenges/weeklychallengesbutton.lua
2BC6B10DD65AFD54,ui/generated/widgets/ingame/mp/javelinvision.lua
2BC76030242609B8,ui/generated/menus/frontend/vehicles/vehiclehornselect.lua
2BD07CEE16F185CD,ui/utils/splashutils.lua
2BD68E48ABAE8A77,ui/generated/widgets/ingame/reticles/ret_cer_loot_steampunk.lua
2BE0A42F451052D8,ui/generated/widgets/trials/trialrewardstarslarge.lua
2BE23A1BEE7DE905,ui/generated/menus/frontend/mp/outbreak/obbackpackmenu.lua
2BE3090E3068D2B1,ui/generated/widgets/ingame/mp/vehicle/vehiclefuelmeter.lua
2BE50D399B57233E,ui/generated/menus/frontend/mp/cas/loadouts/loadoutselectbase.lua
2BE76446735184D9,ui/generated/widgets/ingame/mp/objectivecontestedchevrons.lua
2BEC5B5FFE4468F3,ui/generated/widgets/frontend/mp/dmz/dmzinsuredslotdetails.lua
2BF16224DB629679,ui/generated/widgets/frontend/datasourceprogressbar.lua
2BF1A2B378FC7973,ui/generated/widgets/frontend/aar/aarstatsitem.lua
2BF616DC256D62A8,ui/generated/widgets/ingame/reticles/rex/reticlecrosshairdot.lua
2BFCA6879206D8B7,ui/generated/widgets/exitfullscreenvideobutton.lua
2BFEEF2281B57AA2,ui/generated/widgets/frontend/customize/challengesselectprompt.lua
2C02E26BE4784C88,ui/generated/widgets/frontend/iconwarningmessage.lua
2C056AF1632BAA4C,ui/generated/widgets/frontend/mp/detailcodcastersupport.lua
2C0B3E2FE898B96C,ui/generated/widgets/frontend/worldmap/factiondetailsitem.lua
2C0E26AA16ABE0F4,ui/generated/widgets/buttons/findamatchbutton.lua
2C0F2BC2FECE7F72,ui/generated/menus/frontend/codhq/motd/rex/nativemotdmenu.lua
2C1113A0A0FC58C6,ui/generated/widgets/mappreviewimagebanner.lua
2C179FD3E4E3FDD2,ui/generated/widgets/store/storespotlight_3.lua
2C1B3DFC96577092,ui/generated/widgets/buttons/rex/tilebuttonbase.lua
2C1EB1CCD8E2FDEE,ui/generated/widgets/ingame/reticles/ret_cer_loot_s45lowrez_alt.lua
2C1FE06BF3820522,ui/generated/widgets/frontend/leaderboard/leaderboardfilteroptionbutton.lua
2C294ED443EB3601,ui/generated/widgets/frontend/frontendinteractiveobjectbutton.lua
2C32BB36CB4CA9A3,ui/generated/widgets/store/storerowmediumbutton.lua
2C3AA1D6415AA7E9,ui/generated/widgets/frontend/store/storescrollarrow.lua
2C3F51EF8479E173,ui/generated/widgets/ingame/mp/brperkshudwidgetinfo.lua
2C43EAC7C887807A,ui/generated/widgets/ingame/mp/teamstatus.lua
2C45CEE5443D5931,ui/generated/widgets/ingame/rex/itemheldinfo.lua
2C45E86B85F70FD9,ui/generated/widgets/frontend/mp/playlist/playlistdetails.lua
2C5289E2E4C8E57D,ui/generated/widgets/inventory/controllerschemecolumn.lua
2C55F59773D2D2F3,ui/generated/widgets/ingame/reticles/ret_cer_loot_occult.lua
2C569BFD01BEFC52,ui/generated/widgets/receiverwithattachments.lua
2C56CE507AD7B389,ui/generated/widgets/frontend/aar/aarweaponunlockweapon.lua
2C5B5437685D9FAD,ui/generated/widgets/perkinfopanel.lua
2C5B7ABFBE1ED9F5,ui/generated/widgets/genericwidgets/fullbacker.lua
2C5D7F228ACD2E67,ui/generated/menus/sp/campaignmenu.lua
2C6087471CD1792D,ui/generated/widgets/inventory/rex/inventorylabeltextbacker.lua
2C6DE04D2870D1C6,ui/generated/widgets/sendbroadcastbutton.lua
2C6E34FD4DEA1621,ui/generated/widgets/rex/genericradio.lua
2C7042811B59F76B,ui/utils/safehouseutils.lua
2C718B95E7946B54,ui/generated/widgets/secondarytab.lua
2C76FAEF14EA2156,ui/generated/widgets/ingame/mp/teamselectpanel.lua
2C77E7CC2B4F62AB,ui/generated/widgets/ingame/reticles/rex/ret_rex_fourx_cust_14_grn.lua
2C7A34B57DB635F6,ui/generated/widgets/ingame/mp/trial/trialscoreboard.lua
2C7C2182F0E94130,ui/generated/widgets/ingame/reticles/ret_cer_loot_s2bp8_rangefinder.lua
2C8316D9F6FF47A0,ui/generated/widgets/ingame/mp/genericsplashalt.lua
2C8763388E29E95C,ui/generated/widgets/frontend/social/sociallocalpresencedebug.lua
2C87E6246E9D37D0,ui/generated/widgets/ingame/overlaytargetmarkerenemy.lua
2C8AD8E006D2BAF9,ui/generated/widgets/ingame/reticles/ret_cer_loot_s6jock_alt.lua
2C8E77BC54F140A5,ui/generated/widgets/ingame/reticles/ret_cer_loot_christmas_rangefinder.lua
2C9069BCB8488D4C,ui/generated/menus/options/vconlinkingaccountscreen.lua
2C915F0BD171E6CC,ui/generated/widgets/ingame/mp/scoreboard/scoreboardtitlerow.lua
2C92505318507AA5,ui/std/math.lua
2C9A369A1CFB9264,ui/generated/widgets/ingame/reticles/rex/ret_rex_fourx_cust_15_grn.lua
2CA5B25F35F9A37A,ui/generated/widgets/ingame/mp/genericprogressnameplate.lua
2CA9959BD40F5F35,ui/generated/widgets/frontend/mp/cas/gunsmith/gunsmithequippedattachmentinfo.lua
2CB5A1991ED2C48A,ui/generated/widgets/frontend/seasonalevent/seasonaleventsextrainfopanel.lua
2CB5D5D3C4AF9ED3,ui/generated/widgets/frontend/br/leagueplay/lpbrdivisiontableheader.lua
2CB96A5058AAA8AD,ui/generated/widgets/ingame/reticles/ret_sat_thermalsn01_def.lua
2CBAC84F3B32ED48,ui/generated/menus/frontend/social/socialaddfriendsbyplatform.lua
2CBB83BA93A03FAA,ui/generated/widgets/textbackerhardlines.lua
2CC32F20A0B07FD9,ui/generated/widgets/ingame/mp/scorestreaks/gunship/gunshipfuicenter.lua
2CC48B7033458CE3,ui/generated/widgets/frontend/seasonalevent/seasonaleventsiteminfotag.lua
2CC49B497458CDBD,ui/generated/widgets/ingame/mp/br/braltimeterdisplaylabel.lua
2CC4D9B8874E17A3,ui/generated/menus/frontend/rex/attestationpopup.lua
2CC6BD1E23C53846,ui/generated/widgets/frontend/battlemapv2/bpfirstpartybattlepassblade.lua
2CD7DAF1D710693A,ui/generated/widgets/frontend/progression/progressionrewardbuttonbacker.lua
2CDF11CCB5C27482,ui/generated/widgets/mp/br/brtacmappinghover.lua
2CE168D615000FF5,ui/generated/widgets/frontend/challenges/previewintelpopup.lua
2CE29BC8BFE18FF2,ui/generated/datasources/cursor.lua
2CE33CCE378D43B0,ui/generated/menus/frontend/dmzpersistentoperatorconfirmationprompt.lua
2CE62FEC00357686,ui/generated/widgets/pentagramchild.lua
2CE713CB5EE679D6,ui/ingame/driverhud2014pickupcontainer.lua
2CE731B297A67E63,ui/generated/widgets/frontend/lobby/lobbymappreview.lua
2CEA3B10E0ECCB91,ui/generated/widgets/frontend/groups/socialgroupemblemwidget.lua
2CEB4F00EFDBD03A,ui/generated/widgets/ingame/reticles/rex/ret_rex_scope_therm_cust_05.lua
2CEFC23A9D5C404E,ui/generated/widgets/ingame/subtitleentrybase.lua
2CF2419A32A5261E,ui/generated/widgets/frontend/customize/profileinfopanelheader.lua
2CF76A33639727B4,ui/generated/widgets/frontend/battlemap/battlemapholdbutton.lua
2CFE64A08494B03E,ui/generated/widgets/ingame/mp/bombmodes/bombplantedtimers.lua
2D00811A898FF3B3,ui/generated/widgets/ingame/reticles/ret_cer_loot_s55beach.lua
2D011794626DCF6D,ui/utils/mp/fencemp.lua
2D0A51104BCF6C58,ui/generated/widgets/frontend/equippednotification.lua
2D15ECD9A1B1AFAC,ui/generated/colors/colors.lua
2D19E2D63BD28DDE,ui/generated/widgets/ingame/reticles/ret_cer_loot_anime_mecha_rangefinder.lua
2D1D4D779099D5CF,ui/generated/widgets/ingame/reticles/ret_cer_loot_s2icenlava_rangefinder.lua
2D21054B485BA049,ui/generated/widgets/frontend/mp/leagueplay/lpdivisionrewardscontainerbase.lua
2D220192A54287DE,ui/generated/widgets/frontend/seasonalevent/quickplay/seasonaleventsquickplayflyoutbutton.lua
2D23DC387F2E3AE1,ui/utils/popupsutils.lua
2D24A0B475DEC7DD,ui/generated/widgets/frontend/seasonalevent/seasonaleventseventpaneleventcompletebanner.lua
2D25AE1E42006664,ui/generated/widgets/frontend/weapons/loadout/rex/loadoutitemfieldupgradebutton.lua
2D28DEB02AD61576,ui/generated/widgets/frontend/aar/aarbattlepasstiertoggle.lua
2D2AA8411B8F63DB,ui/generated/widgets/genericimagepopup.lua
2D2FF63F37AADE20,ui/utils/mobileoffhandweaponutils.lua
2D3190923C98E96F,ui/generated/widgets/ingame/mp/genericsplashsubheaderalt.lua
2D332AA7B64AF84B,ui/generated/widgets/frontend/jupbattlemap/jupbpstatus.lua
2D3A6AC7D4F6B71A,ui/generated/menus/rex/smsregistrationscreen.lua
2D3B10AF6FD82E6E,ui/generated/widgets/store/storerowoptions.lua
2D3DF8A8A8D7574A,ui/generated/widgets/frontend/mp/missionbutton.lua
2D417EAAB92D81B3,ui/generated/widgets/frontend/challengesdailylayout.lua
2D44008A291BE98E,ui/generated/swatches/swatches_wz2.lua
2D44784DFC9038F4,ui/generated/widgets/frontend/globalplayerpanelprompt.lua
2D44C95133620E05,ui/generated/widgets/options/rex/networkinfos.lua
2D524B968B882791,ui/generated/widgets/ingame/radialmenu2slice.lua
2D599AC894B52E57,ui/utils/channelutils.lua
2D5CBDB9E8695472,ui/generated/widgets/rex/genericbutton.lua
2D5D141A68C0527A,ui/generated/widgets/buttons/buttonhighlightinset.lua
2D6018F78A32058B,ui/utils/profilemarkerutils.lua
2D638992D09D5D0C,ui/generated/widgets/frontend/pagedbattlepass/pagedbattlepasspagemarker.lua
2D6448CA8D92F2F8,ui/generated/widgets/ingame/inventoryportrait.lua
2D6DB66CC39487B6,ui/generated/menus/frontend/mainmenukeyarttransition.lua
2D6ED6397E7F4BE3,ui/generated/widgets/frontend/jupdepot/jupbattlepasstierprogressionloot.lua
2D71C4C891428DA8,ui/generated/widgets/ingame/mp/bradleycontrols.lua
2D720374E8B50892,ui/utils/gamemodescriptbundleutils.lua
2D736FE3377C18EF,ui/generated/widgets/activearmoryoverlay.lua
2D7D21744F8A7D43,ui/generated/widgets/frontend/events/seasonaleventsstatuspanel.lua
2D7D7DFB26A49148,ui/generated/datasources/frontend.lua
2D845183A9844EB8,ui/generated/widgets/frontend/social/socialprofilemenu/socialshowcaseweaponbutton.lua
2D8475284E529141,ui/generated/widgets/benchmarkframegentoggle.lua
2D85FB5A2A83B3B9,ui/generated/widgets/frontend/battlemapv2/bpmap.lua
2D86951F8E607F88,ui/generated/widgets/frontend/mp/lobby/lobbybattleroyalebuttons.lua
2D8CB9AEAA5371D1,ui/generated/widgets/ingame/reticles/ret_cer_loot_s4infrared_rangefinder.lua
2D8EB8C425BA0AAE,ui/generated/widgets/reportplayerlist.lua
2D8EC4BB9A57FC20,ui/generated/widgets/frontend/sp/campaignloadingscreen.lua
2D9010AAA3788EF8,ui/generated/widgets/frontend/mp/dmz/dmzselectedmission.lua
2D91A4E62C014AA5,ui/generated/widgets/rex/outofboundssplashtimer.lua
2D932112BEBA6D7E,ui/generated/widgets/ingame/shared/deathsdooroverlay.lua
2D9C8135B672D4E3,ui/generated/widgets/frontend/mp/tournament/tournamentminiteamstatus.lua
2D9DF1F4BE250AD6,ui/generated/widgets/frontend/depot/battlepassfreebanner.lua
2DAB768194384FDC,ui/generated/widgets/ingame/gameplaycomparevaluestats.lua
2DAC6BA246CFD8EF,ui/generated/widgets/frontend/zm/wonderweaponspecialabilitytext.lua
2DAF6B81B0636A2A,ui/generated/widgets/dmzfobwallet.lua
2DB225C42CD54B7E,ui/generated/menus/frontend/operators/operatorcustomizationcategory.lua
2DB3522068CA83B9,ui/generated/widgets/frontend/mp/outbreak/obbackpacklandingpage.lua
2DB3752D8F158E8B,ui/generated/widgets/leagueplay/lptop250playerinfodetailline.lua
2DBA12F7AE1D3674,ui/generated/widgets/ingame/gunscreens/gunscreengreed.lua
2DBE9A75319CBE11,ui/generated/widgets/frontend/seasonalevent/seasonaleventhunttargetgrid.lua
2DC40ECC597F22A8,ui/generated/widgets/ingame/reticles/reticledmscopevz01_darkritual_heptachild.lua
2DC7FF51BE981EC1,ui/generated/widgets/ingame/mp/fieldupgrades/rallyingcryplayerindicator.lua
2DC844C9DEECB7DA,ui/generated/widgets/frontend/lobby/cppubliclobbyplaymenu.lua
2DC9DD178EC525F6,ui/generated/widgets/ingame/reticles/reticle18.lua
2DCE3B37FDD87536,ui/generated/widgets/ingame/objectivedescription.lua
2DCF40E98267BA71,ui/generated/widgets/ingame/mp/loading/mapstatswidget.lua
2DD3EA64AA6DD6E3,ui/generated/widgets/frontend/events/seasonaleventschallenges.lua
2DD61271DBAB5C5A,ui/friendswidget.lua
2DD6C19EDAD59B7E,ui/generated/widgets/ingame/mp/br/mutationmeter.lua
2DE28F7A15C35FC9,ui/generated/widgets/ingame/pingradialmenu.lua
2DEF6B2ECF86C124,ui/brbillboardsmanager.lua
2E003C66AFFAF118,ui/generated/widgets/ingame/mp/scorestreaks/hellstorm/hellstormclusterbombammo.lua
2E071693D3A9F0D9,ui/viewmodel.lua
2E0D544ED156970E,ui/generated/widgets/frontend/pagedbattlepass/pagedbattlepasspurchasemenubackbutton.lua
2E0EC73C7537B917,ui/generated/widgets/ingame/reticles/rex/ret_rex_reflex_cust_03_grn.lua
2E0F2E50D141DA6E,ui/generated/widgets/frontend/mp/partyindicatorbar.lua
2E120D1CE41C66B6,ui/generated/widgets/frontend/customize/rex/stickerbookmasterysetstats.lua
2E13D4959D94D6F2,ui/generated/menus/frontend/mp/brplaylistmenu.lua
2E1C7393CDE1E81A,ui/generated/menus/frontend/barracks/leaderboardmenubase.lua
2E1CB9D364C42330,ui/generated/widgets/dmz/progressiontasktooltipwidgetbacker.lua
2E1DA14BBD2D1100,ui/generated/widgets/mp/breadcrumb.lua
2E226119493234A5,ui/generated/requires/ingame.lua
2E234C899F9C88B3,ui/generated/widgets/ingame/whizbyback.lua
2E268E0547E8D004,ui/generated/widgets/ingame/reticles/ret_cer_loot_s35ssword_alt.lua
2E318773625C94B2,ui/generated/widgets/frontend/cp/cpgamemodesbuttons.lua
2E32A9C623B8D1C5,ui/generated/menus/frontend/mp/dmz/dmzkeyselect.lua
2E3445B5DF17CD20,ui/generated/widgets/brlaststandmessageprompt.lua
2E3BF09E8D997C16,ui/generated/widgets/inventory/inventoryitemdetailsresourcecount.lua
2E3DA6F1303BC81A,ui/generated/widgets/frontend/seasonalevent/rex/seasonaleventseventpanelleaderboardoverlayvisuals.lua
2E3F6C42110F70D6,ui/generated/menus/rex/privacychoices.lua
2E409E9A28F1B9F8,ui/generated/widgets/ingame/reticles/rex/reticlecrosshairsinglesmall.lua
2E41B724303AA78E,ui/generated/widgets/frontend/career/careervehicleiteminfo.lua
2E45CC4DE9ABFB1F,ui/generated/widgets/ingame/reticles/rex/ret_rex_minired_03.lua
2E4787B52B094BCB,ui/generated/widgets/ingame/ingamelootcardmanager.lua
2E50958DE05E26A1,ui/generated/widgets/frontend/mp/cas/gunsmith/attachmentequippips.lua
2E56900279146771,ui/generated/widgets/ingame/reticles/reticlesniperbase.lua
2E58E83E36CA6009,ui/generated/widgets/challengessummary.lua
2E58ED2BCC896654,ui/generated/widgets/ingame/reticles/reticlenotchedcircledotgreen.lua
2E5ABD8DDCBC11D1,ui/generated/widgets/installmanager/installmanager_gamebutton.lua
2E5C60651B91F743,ui/generated/menus/frontend/codaccount/codaccountauthenticationmethodselect.lua
2E5D203986A29BA3,ui/generated/menus/frontend/pagedbattlepass/pagedbattlepasstokenpurchasemenu.lua
2E5D26E0BD490CC8,ui/generated/widgets/ingame/reticles/satreticleoutercirclesharp.lua
2E624AF9B5654D8F,ui/generated/menus/frontend/prestige/prestigedecisionmenu.lua
2E634D00D84EBE43,ui/generated/widgets/options/settingeffect.lua
2E66580F9D43195F,ui/generated/widgets/cac/gunnyweaponrecommenderpopup.lua
2E6671B5EEAD44F7,ui/generated/widgets/frontend/mp/announcervoice/announcervoiceselectwidget.lua
2E6997AF60F33093,ui/generated/widgets/frontend/gameinstallbutton.lua
2E6AD6A89821CC44,ui/generated/widgets/inventory/inventoryitemdetailsplacard.lua
2E6FAE993A400B59,ui/generated/widgets/frontend/aar/aarbattlepassprogression.lua
2E713C8DE93A8213,ui/generated/widgets/frontend/lobby/cpplayerkit.lua
2E7350C4E64A54B5,ui/utils/quickpromptutils.lua
2E7B592A034EF749,ui/generated/widgets/globalpaneloptionspath.lua
2E7CC92A1460BBDF,ui/frontend/persistentbackground.lua
2E7F2A7DD97B7E5A,ui/generated/widgets/store/storeupsiconultraskin.lua
2E804EFC30D095E2,ui/generated/widgets/ingame/mp/rex/spectatingloadingmessage.lua
2E8B989F507FBEBE,ui/utils/progressbarutils.lua
2E8F18A825F16DBD,ui/generated/widgets/frontend/lobby/lobbyalertwidget.lua
2E94F96BAE984E09,ui/generated/widgets/firetype.lua
2E95BF73088AAF71,ui/generated/widgets/ingame/itemheldinfo.lua
2E9A3A24C59E62B3,ui/generated/widgets/ingame/mp/rex/scoreeventfeed.lua
2EA558A00F5976AF,ui/generated/widgets/frontend/career/careervehicleequippediteminfo.lua
2EA66B065126C41C,ui/generated/widgets/ingame/mp/objectivetracker.lua
2EA89B955AD631B5,ui/generated/widgets/frontend/mp/leagueplay/lptop250position.lua
2EA8E678C69541A6,ui/generated/widgets/frontend/combatrecord/generic/radialratiostat.lua
2EA927F13797D17D,ui/utils/featurebanutils.lua
2EADE9234531CEEC,ui/generated/widgets/frontend/mp/cas/gunsmith/gunsmithcustomize.lua
2EB4DD28931CBEE9,ui/menubuilder.lua
2EB8EA154EB6E880,ui/generated/widgets/ingame/mp/splashtrapheader.lua
2EB91A516857B5CC,ui/generated/widgets/leagueplay/lprewardbutton.lua
2EB942DFA17B0F0F,ui/generated/widgets/mastery/masterybadgerewardsmall.lua
2EBAB263C467A424,ui/generated/widgets/genericselectionbutton.lua
2EBBB13F8AA113C5,ui/generated/widgets/frontend/challenges/rex/stickerbookcategorybutton.lua
2EBF293FD736E22D,ui/generated/widgets/ingame/reticles/rex/ret_rex_fourx_cust_12_blu.lua
2EC0E993D55AF1A4,ui/generated/widgets/common/infotilebase.lua
2EC1BEDE52B5FFE4,ui/generated/widgets/ingame/interactiveobjectbutton.lua
2EC8F1D8180B5EAC,ui/generated/widgets/ingame/reticles/ret_cer_loot_fireworks_nye_rangefinder.lua
2ECDFE7DA190B79B,ui/generated/widgets/frontend/aar/aarcontentheader.lua
2ED1AA14A80C94A5,ui/generated/widgets/mp/counterattackbombstatus.lua
2ED5FB0E4D0BD8C5,ui/generated/widgets/frontend/sp/missionselect/levelselectnode.lua
2EDAB7BA9552E520,ui/luiuseremblem.lua
2EE49FA0DD22F8EF,ui/generated/menus/frontend/barracks/progressionmenu.lua
2EE60396DACFB66C,ui/generated/widgets/frontend/depot/battlepassseasonresetstatus.lua
2EE6F976EE37C214,ui/utils/colorsutils.lua
2EE70CFF067F55D4,ui/generated/widgets/ingame/reticles/reticleholotherm01.lua
2EED6DE5FA74D678,ui/generated/widgets/frontend/mp/cas/largeattachment.lua
2EEF5F75979AEBE8,ui/generated/widgets/ingame/reticles/ret_sat_long_03_mp_rangefinder.lua
2EF046B2C901EB2A,ui/generated/widgets/frontend/pagedbattlepass/pagedbattlepasspagebackground.lua
2EF327E24EC080E6,ui/generated/widgets/ingame/mp/scorestreaks/gunship/gunshipreticle40mm.lua
2EF479E3D5900509,ui/generated/widgets/ingame/reticles/extrareticles/reticleoutercirclereflex03.lua
2EF825E94A81A509,ui/generated/widgets/frontend/mp/cas/gunsmith/gunsmithweaponlevel.lua
2EF9746B3DFC3970,ui/generated/widgets/weaponcooldown.lua
2EFADC8DC57E4A34,ui/generated/widgets/ingame/gunscreens/gunscreenclown.lua
2EFB9FD69CDC9E62,ui/generated/widgets/frontend/mp/leagueplay/lphowtoplayrulesinfocard.lua
2F002BC40F3C467C,ui/generated/widgets/frontend/mp/dmz/dmzlocationbutton.lua
2F04671A34882639,ui/generated/widgets/ingame/reticles/reticleholotherm02.lua
2F06F7CD1006A8C3,ui/luielement.lua
2F0870E4CA59DABE,ui/generated/widgets/listlineseparator.lua
2F0AD0FB09B93E5A,ui/generated/widgets/ingame/reticles/jupiter/jup_reticle_hybridsn_xl.lua
2F0CD5A72629E4E2,ui/generated/widgets/ingame/reticles/ret_sat_long_05_wz_rangefinder.lua
2F0DE6BF5F0A4178,ui/generated/widgets/frontend/mp/pmc/dmzbasesliderthumb.lua
2F0F9AE35CA253E9,ui/generated/widgets/ingame/hitmarkertick.lua
2F1363FA86426B46,ui/generated/widgets/frontend/aar/aarunlocks.lua
2F15B27E65DD29B0,ui/generated/widgets/bindingpreviewactionssection.lua
2F170703136B78CE,ui/generated/widgets/frontend/seasonalevent/seasonaleventsmenucontenttemplateinfogamemodes.lua
2F1AE1C3275D25E9,ui/generated/widgets/touch/touchgenericbutton.lua
2F1BACE928A18CEC,ui/generated/widgets/genericwidgets/emotesdpad.lua
2F20007DBE0BE1A8,ui/generated/widgets/ingame/mp/obituary/obituarykill.lua
2F266A48C9D8D346,ui/generated/widgets/ingame/mp/scoreboard/scoreboardrow.lua
2F287BE8C5BE1B8E,ui/generated/widgets/ingame/reticles/reticlearscopetherm01cyber.lua
2F355C5B46E35FF4,ui/generated/widgets/frontend/lobby/mapvotingbutton.lua
2F37D27666A4801A,ui/generated/widgets/frontend/weapons/loadout/loadoutitemselectionbutton.lua
2F3FB1483D8263F9,ui/generated/widgets/rex/togglebutton.lua
2F40AF315833BAF1,ui/generated/widgets/frontend/rownavigationhint.lua
2F41363D0ABD7FB4,ui/generated/widgets/ingame/reticles/rex/ret_rex_scope_therm_cust_03.lua
2F47AE1029450216,ui/generated/widgets/rex/sendbroadcastbutton.lua
2F4DF00324DFBB0D,ui/generated/widgets/frontend/operator/operatormissionitemcondensed.lua
2F51D9169C88B2E9,ui/generated/widgets/mutestrategyselectpopup.lua
2F53C3FCB3565DDB,ui/utils/seasonutils.lua
2F53F30DF3739804,ui/generated/widgets/ingame/zm/zminventoryitemstages.lua
2F5593E3DD73B98D,ui/generated/widgets/ingame/reticles/reticlephonethermalframe.lua
2F56D71BFD79E865,ui/generated/widgets/rex/dailychallengesplashcontent.lua
2F56F4A9A84EFC59,ui/generated/widgets/rex/firetype.lua
2F5E7A1C5BAD66D8,ui/generated/widgets/frontend/lobby/rex/largelobbyplaylistbutton.lua
2F60D4B8025B4309,ui/generated/widgets/ingame/reticles/ret_cer_loot_90splaid.lua
2F62257E73EA18B4,ui/generated/widgets/ingame/rex/hintscontainer.lua
2F62620E7CD19541,ui/generated/widgets/ingame/reticles/ret_sat_long_04_mp.lua
2F634B59493EF389,ui/generated/widgets/frontend/jupbattlemap/jupbpmap.lua
2F648601246A305D,ui/generated/datasources/wz.lua
2F66AAB861EEF2E9,ui/generated/widgets/weaponattributestat.lua
2F6779FCDAD80573,ui/generated/widgets/frontend/mp/outbreak/obpersistentoperatorbonus.lua
2F6AA80F428BEE6F,ui/generated/widgets/frontend/br/brlobbyplaylistselectbutton.lua
2F6ED21BFDEBB8CC,ui/generated/widgets/frontend/seasonalevent/seasonaleventsleaderboardplayergrid.lua
2F76D63C82D951B1,ui/generated/widgets/ingame/reticles/reticledmscopevz03centerthor.lua
2F8411C836985344,ui/generated/menus/rex/codeconductmore.lua
2F84E095D525F7D2,ui/generated/menus/frontend/seasonalevent/seasonaleventstierskippurchaseoverviewpopup.lua
2F88899740D7CAAB,ui/generated/widgets/frontend/lobby/cpplayerstatus.lua
2F9112DA94B3E75E,ui/generated/widgets/frontend/mp/dmz/dmzexfilstreakglow.lua
2F97DD6F2D36CE38,ui/frontend/codaccountpopups.lua
2F999015248EABAA,ui/generated/widgets/ingame/mp/littlebird/littlebirdmgcontrols.lua
2FA354E056A590A5,ui/generated/menus/frontend/depot/battlepassvipgiftupsell.lua
2FA47E3C8B8530A7,ui/utils/gunsmithutils.lua
2FA62E4D297A8F94,ui/generated/widgets/customcolorpickerbuttons.lua
2FAE345E290603E5,ui/generated/widgets/frontend/depot/billboardarrow.lua
2FB9EEC5F9DD85DA,ui/generated/widgets/frontend/customize/stickerbookmasterysetstats.lua
2FB9EF8904F714E5,ui/generated/widgets/chat/textchat.lua
2FC708D4895C4192,ui/generated/widgets/ingame/mp/scorestreaks/gunship/gunshipaltitude.lua
2FCAB2A515ACCDCA,ui/generated/widgets/frontend/challenges/callingcardmasterchallengepips.lua
2FCE6FDCC9AB62C9,ui/utils/cp/fencecp.lua
2FCFF76B07136969,ui/generated/widgets/ingame/mp/br/brmissiontrackersubobjectiveinfo.lua
2FD0222201F37140,ui/generated/widgets/minimalprogressbar.lua
2FD6EEA01E0AFCEB,ui/generated/widgets/options/thumbgenericsliderbar.lua
2FDAB5B60AF083CB,ui/generated/widgets/ingame/reticles/ret_sat_short_02_zm.lua
2FE3FAB6EF3CD5C1,ui/generated/widgets/ingame/shared/singlearmorpip.lua
2FE63DA8D5396A76,ui/generated/widgets/frontend/mp/cas/acquisitionparserinfo.lua
2FE9BD4FEB562B35,ui/generated/widgets/frontend/depot/itemtall.lua
2FEC574E592A7261,ui/generated/widgets/gunfighterunavailableforwzlegacy.lua
2FF02E981CD60BAD,ui/generated/widgets/ingame/mp/headquarters/headquartersicon.lua
2FF049B7DA0AD2AC,ui/generated/widgets/ingame/reticles/reticlesniper04.lua
2FF1F53012AD4E92,ui/generated/widgets/frontend/depot/cratecontents.lua
3003EBD2FB6E959F,ui/generated/widgets/mainmenubladedisableoverlay.lua
3004B0B0D7C3AFB1,ui/generated/widgets/ingame/gunscreens/gunscreentalkingrobot.lua
300B137C01979F00,ui/luiwebview.lua
300E3329F07A8A80,ui/generated/widgets/frontend/mp/cas/itemselectbuttonsmall_flc.lua
3015E75E5B8E2186,ui/generated/widgets/ingame/reticles/ret_cer_loot_s6upside.lua
301982323D0736B6,ui/generated/widgets/frontend/operator/operationdetails.lua
301AC6B1BF55EF70,ui/generated/widgets/batterylevel.lua
30213B25BC7E8AB6,ui/generated/widgets/ingame/reticles/ret_sat_loot_roadgate.lua
3021EB0C42C65094,ui/generated/widgets/sendbroadcastpopup.lua
3022276742F830EE,ui/generated/widgets/frontend/seasonalevent/seasonaleventpip.lua
3025FB01A44F9F85,ui/generated/widgets/crosshairpreview.lua
30294D4EB27E6837,ui/generated/widgets/ingame/mp/dmz/gunbench/gunbenchweapons.lua
302E38A53E2BF29D,ui/generated/widgets/ingame/reticles/rex/ret_rex_fourx_cust_12_grn.lua
302E7FD4BAB05162,ui/generated/widgets/ingame/mp/risk/riskroundendhud.lua
3035C3585F9E0FA5,ui/generated/widgets/frontend/mp/trialsbutton.lua
3035ED63E1C5CE02,ui/generated/widgets/ingame/gunscreens/gunscreentalkingnpc.lua
3037796CAD29D27A,ui/generated/widgets/genericprogressbar.lua
3038F77499402DEF,ui/generated/widgets/frontend/mp/playmenu/playmenu.lua
303D7AE05A1B49F4,ui/utils/lfputils.lua
303D86D2184F5F13,ui/generated/widgets/frontend/weapons/weaponbuildsonlybutton.lua
3044EF41E1C094D1,ui/generated/widgets/inventory/base/inventorybuttonbackerbaseclass.lua
30459985A6968D99,ui/generated/widgets/frontend/lobby/rex/lobbyplayerlistplayer.lua
30462B72B738648B,ui/generated/widgets/trainingcoursehint.lua
3046BDF502A037FE,ui/generated/menus/mp/hostmigration.lua
3049BA974FDBD187,ui/generated/widgets/ingame/equipmentpanel.lua
304C6ED1CBED455A,ui/generated/widgets/cac/baseloadoutbutton.lua
304E7EA0F9F01BCE,ui/generated/widgets/store/storespotlight_4a.lua
304FAD6EBBFE1193,ui/generated/datasources/dev.lua
30547BF508283A62,ui/generated/menus/frontend/mp/tournament/tournamentmatchmaking.lua
305B7747C8D75DBD,ui/generated/widgets/frontend/weapons/gunsmithbuttonwrapperbase.lua
306305E984460370,ui/generated/widgets/ingame/reticles/rex/ret_rex_holo_01_alt_02.lua
306930C84BA277A1,ui/generated/widgets/controllerlayout/controllerimage.lua
306B94511785767C,ui/utils/weaponblueprintskinutils.lua
306DD8FAB3DD35FD,ui/generated/widgets/ingame/reticles/ret_cer_thermalholo_def.lua
306FF8BE090B2F7B,ui/generated/widgets/ingame/mp/scoreboard/teambaseprogress.lua
3071F1F3DD65D7BD,ui/generated/widgets/floorwidget.lua
307447E2ED052EC1,ui/generated/menus/frontend/social/socialprofilemenu/socialshowcaseoperatorinspect.lua
30767781C69B55D4,ui/generated/widgets/scrollbar/genericcyclelistpip.lua
3076A94B1BCF2255,ui/generated/widgets/ingame/reticles/ret_cer_loot_s35magic.lua
30780DFA2EC956D8,ui/generated/widgets/frontend/social/socialpartysettingspopup.lua
3078C3F4900521CB,ui/generated/widgets/killcamreactionselection.lua
307E30952C4FB6D7,ui/generated/widgets/lobbyfilterplaylistdetails.lua
308079BBB80B3FFE,ui/generated/widgets/ingame/reticles/reticlelaunchergromeo.lua
3088CB67E022EF97,ui/generated/widgets/ingame/mp/killstreakconnectionwindow.lua
3090A6131C3BC98F,ui/generated/widgets/ingame/inventorylabel.lua
3093193B51519C65,ui/generated/widgets/ingame/reticles/jupiter/jup_reticlerussian01.lua
3096B1F9B0A09345,ui/ingame/mp/gunshipoverlay.lua
30998F86E4D97D61,ui/generated/widgets/frontend/favoritednotification.lua
309C77E78DA01AB6,ui/generated/widgets/ingame/reticles/reticlereflex06elecblue.lua
30A9C8FCBCA58EE4,ui/generated/widgets/frontend/weapons/loadout/loadoutdetailpanel.lua
30AC7DDC7D722785,ui/generated/datasources/mp.lua
30BABBA1EF68A788,ui/generated/widgets/leagueplay/lpwinchallengestab.lua
30BB5C0588C21D81,ui/generated/widgets/options/networkinfos.lua
30BD7773986D44D4,ui/generated/widgets/ingame/mp/obituary/obituarykillmodoverlay.lua
30BF31691560B706,ui/generated/widgets/ingame/reticles/rex/ret_rex_reflex_cust_08_grn.lua
30CB80ABA21CC704,ui/generated/widgets/ingame/reticles/reticlehybridwest02.lua
30CDFAFF19E3FE4A,ui/utils/onlineeventsutils.lua
30CE58DC8DEC2175,ui/generated/widgets/ingame/reticles/rex/ret_rex_holo_therm_cust_02.lua
30D08A29AF59AE0B,ui/generated/widgets/genericbuttonwithvalue.lua
30D16015C02DD27D,ui/generated/widgets/ingame/mp/ammocounter.lua
30D699B92BB88EA3,ui/generated/widgets/frontend/social/socialhighlightdetails.lua
30DCE208945138D1,ui/generated/widgets/frontend/mp/leagueplay/lpskillrankoverviewbase.lua
30DFA276DC1AECDD,ui/generated/widgets/ingame/reticles/ret_cer_short_06_wz.lua
30E0A0A068170005,ui/luifeed.lua
30E1C36AEDA06AA9,ui/generated/menus/frontend/combatrecord/combatrecordmaps.lua
30E9316376CE4513,ui/generated/widgets/ingame/mp/edgeglowoverlay.lua
30EB280FA7F41967,ui/generated/widgets/ingame/mp/vehicle/driverhudjeep.lua
30F05B5518A74021,ui/generated/widgets/frontend/weapons/gunsmithattachmentpointer.lua
30F1D0DFD0CF2BE5,ui/generated/widgets/frontend/br/brplaymenusubbuttons.lua
30F27F79438F19AD,ui/generated/widgets/ingame/mp/scorestreaks/jup/locationselectormarker.lua
30F3C9CFB36AB56F,ui/generated/widgets/frontend/jupbattlemap/jupbpupsellreward.lua
30F47981BBE2BFA3,ui/generated/widgets/ingame/reticles/ret_cer_loot_s6ghost.lua
30F9644593F917D1,ui/generated/widgets/ingame/mp/br/contracts/brchampionsquesttimer.lua
30FBDABB7289BCAD,ui/generated/widgets/ingame/mp/sdmessage.lua
30FE5DC82C625807,ui/generated/widgets/frontend/lobby/lobbystartbutton.lua
30FF1C77CE36D16A,ui/generated/widgets/frontend/mp/leagueplay/lphowtoplayoverview.lua
3101832E09237DCA,ui/generated/widgets/outofboundscountdown.lua
310E764017F7C866,ui/generated/widgets/cac/camocategorytitleanddescription.lua
31137B9842E92DBA,ui/generated/widgets/frontend/battlemapv2/bppurchasebutton.lua
31146DB53B2781E8,ui/generated/widgets/ingame/reticles/ret_cer_snprscopedm_def.lua
311C0960E113E1F7,ui/generated/widgets/buttons/buttonstatustag.lua
3125BC61272A168C,ui/generated/widgets/frontend/social/socialpartyinvitation.lua
3126EA160A05D401,ui/generated/widgets/ingame/reticles/ret_cer_loot_90splaid_alt.lua
312D47AF410CF78D,ui/generated/widgets/ingame/mp/legacyhudprompt.lua
312E56A8788C32FD,ui/frontend/luiweaponmodel.lua
313596361CAB3744,ui/generated/widgets/ingame/shared/nameplates/nameplateicon.lua
313A106A39697604,ui/generated/menus/frontend/battlemap/battlemapsectorpreview.lua
314452C5195E2779,ui/generated/widgets/frontend/mp/playmenu/anchoredplaymenurow.lua
3153717EABBEF71C,ui/generated/widgets/timerlockedbutton.lua
3158E28C90BD976D,ui/generated/menus/frontend/mp/rex/brmainmenu.lua
315A959FBD4DF8F7,ui/generated/menus/rex/genericpopupwidget.lua
3162944934008953,ui/generated/widgets/frontend/aar/aarchallengeprogressioncard.lua
31650636B40A4179,ui/generated/widgets/inventory/inventoryitemdetailscashvalue.lua
316A6CD37EA76F78,ui/generated/widgets/ingame/reticles/extrareticles/reticleoutercirclearscope01.lua
316CE5B264C953F3,ui/generated/widgets/frontend/operatorfactionsbackground.lua
316F3A420359CB7C,ui/generated/widgets/frontend/weapons/gunsmithattachmentdetailbuttonbase.lua
31704FFEC547B41A,ui/generated/widgets/ingame/mp/scorestreaks/teunteunframe.lua
3176D0079AC00DC1,ui/generated/menus/frontend/vehicles/vehicleselect.lua
318091F0EA231D0D,ui/generated/widgets/aarmoviewidget.lua
3182BCE8DEF6067B,ui/generated/menus/frontend/mp/outbreak/obloadoutmanagement.lua
3184E6DD965049EE,ui/generated/widgets/ingame/mp/obituary.lua
31871C2F45855B43,ui/generated/widgets/frontend/lobby/lobbyplaylistselectbutton.lua
31946DB4E358228C,ui/generated/widgets/ingame/mp/br/brhudhealthandarmorcontainer.lua
3195484A3C40C523,ui/generated/widgets/gunsmithradialapex.lua
319587E73F7A3D6C,ui/generated/widgets/frontend/customize/stickerbookallmodesmasterycard.lua
319CC2EA654DDE4E,ui/generated/widgets/settingsnotificationspopup.lua
31A00AE9D5BA9145,ui/generated/widgets/ingame/mp/tacticalmapnodata.lua
31A6CCAA931E58F7,ui/utils/seasonaleventchallengeutils.lua
31B7C95BF72963DE,ui/generated/widgets/rex/xptokenflyoutnotificationelement.lua
31B7CD1130DEBBB0,ui/generated/widgets/frontend/vehicles/vehiclecustomizationtab.lua
31BE75519D394244,ui/generated/widgets/frontend/mp/outbreak/obgenericbackpackslot.lua
31C3047223676120,ui/generated/widgets/frontend/aar/aarnextunlockwidget.lua
31C4651EB910279D,ui/generated/widgets/ingame/killstreakearnedsplashstack.lua
31C7293A2DBE56A2,ui/std/color.lua
31C9296453911276,ui/generated/requires/ingame/fr.lua
31CDB62C1D6300BE,ui/generated/menus/frontend/operators/operatormissions.lua
31D382BDC887A297,ui/generated/widgets/ingame/reticles/ret_cer_loot_knights_templar_alt.lua
31D7C8A9989C748D,ui/generated/widgets/ingame/mp/vehicle/rex/vehiclefuelmeter.lua
31DE30B71BEE6FE8,ui/generated/widgets/ingame/mp/vehicle/cargotruckmgdiagram.lua
31DEE7159E881017,ui/generated/widgets/frontend/events/ministorecontainer.lua
31E9904041E64011,ui/utils/currencyutils.lua
31EA076C6590C9D3,ui/generated/widgets/ingame/mp/killcam/rex/killcamrespawnmessage.lua
31EBF42AE30D0ED0,ui/generated/widgets/globalpanel.lua
31F2A925E6E105F1,ui/generated/widgets/ingame/mp/scorestreaks/gunship/gunshipflares.lua
31F385B26071216F,ui/generated/widgets/ingameattachmentpipswidget.lua
31F46695ABFE0D42,ui/generated/widgets/frontend/challenges/camochallengeunlockinfo.lua
31F4EF415D77BB11,ui/generated/widgets/ingame/reticles/ret_cer_short_02_wz.lua
3203543E040D2C3D,ui/generated/menus/frontend/social/socialprofilemenu/socialshowcaseeditself.lua
3207364C3B477991,ui/generated/widgets/ingame/mp/killstreaks/activestreak.lua
3209904B8A72B429,ui/luifixedaspectratioimage.lua
320A75FF0965FD22,ui/generated/widgets/inventory/inventorybackpackbutton.lua
3213D9C48CA48D82,ui/generated/widgets/ingame/reticles/ret_cer_loot_s4bnoir_rangefinder.lua
32151F8BB7A798AC,ui/generated/widgets/ingame/reticles/ret_cer_loot_s5pdoctor.lua
3215E5959CE037C1,ui/generated/widgets/frontend/depot/battlepassblackcellteaser.lua
321B02E9CF574443,ui/generated/widgets/frontend/worldmap/factiondetails.lua
321B6CFC21EE2BF4,ui/generated/widgets/ingame/mp/momentummeter.lua
321B9D016E79B640,ui/generated/widgets/ingame/mp/squadspawnwarning.lua
321BD43787BF67EA,ui/generated/widgets/frontend/career/careervehiclecamoiteminfo.lua
321DDFD34D50DFC6,ui/generated/widgets/frontend/lobby/mapvotingstat.lua
3220BFF05D77558F,ui/generated/widgets/ingame/mp/fieldupgradenotificationcontent.lua
32228DAB4E4B4FC4,ui/generated/widgets/tacsprintmeter.lua
3223CF92BCE6F9D2,ui/generated/widgets/frontend/pagedbattlepass/blackcell/blackcellmenuinternal.lua
32279A523522E405,ui/generated/widgets/ingame/reticles/ret_cer_short_06_mp.lua
322826EAA29A72C1,ui/generated/menus/frontend/operators/operatorskinvariantselect.lua
322D879DFE7A6F4B,ui/themes/theme_z1.lua
322E565BDC51E98E,ui/generated/widgets/frontend/seasonalevent/seasonaleventxpbaramount.lua
32365A5E42C7C2E6,ui/generated/widgets/frontend/seasonalevent/seasonaleventscelebrationoverlay.lua
323C753668AF3F35,ui/generated/widgets/ingame/mp/littlebird/littlebirdfuelmeter.lua
323CE9BA34A3F3EF,ui/generated/widgets/challengesdailycore.lua
3241CC9A513E1485,ui/generated/widgets/ingame/mp/scorestreaks/turretspinreticle.lua
3245FF28DAB95981,ui/generated/widgets/ingame/reticles/jupiter/jup_reflex04.lua
3247C235A56B8F3F,ui/generated/widgets/frontend/seasonalevent/seasonaleventseventpanelcommunitymissionoverlay.lua
3247F6A998D0AC59,ui/generated/widgets/frontend/dmzpersistentoperatorupsell.lua
3248257CD381EEAF,ui/generated/widgets/mp/cashdroppedmessage.lua
324DD4217E9E1748,ui/generated/widgets/generickillstreaknkframe.lua
324F2F5FAFD499FD,ui/generated/widgets/ingame/mp/thermalvisionenemydefault.lua
3252AE72A786544A,ui/generated/menus/frontend/codaccount/logoninterruptparentalconsentscreen.lua
3253CF21848E053F,ui/generated/widgets/detailedweaponstatsfiretypesentry.lua
3254D6555DA19FCB,ui/generated/widgets/mobilebuttonindicationborder.lua
325A493933995492,ui/generated/widgets/ingame/reticles/reticle14.lua
325B4D4C8C95C2C9,ui/generated/widgets/mp/havocmodifierslegend.lua
325C974FCD944E3A,ui/generated/menus/frontend/barracks/previousgamesstats.lua
326DA2080C6EF858,ui/generated/widgets/operatorskinbutton.lua
326DF8E2E74CA929,ui/generated/widgets/options/colorselectionwidget.lua
327A778D8A0C36A9,ui/generated/widgets/ingame/objectivebrackets.lua
327A77F61719A66B,ui/generated/widgets/frontend/aar/aarxpunlockprogressiondoublexpcountdowngfx.lua
327C51A9FD250749,ui/generated/widgets/ingame/mp/scorestreaks/remoteturret/remoteturretbasecontrols.lua
327DBC2FDA1185E1,ui/generated/widgets/vehiclefilterpopup.lua
327E759FB56D7F99,ui/generated/menus/frontend/jupdepot/jupbattlepassvipgiftupsell.lua
327FC55528788E8A,ui/generated/widgets/frontend/codhq/layouts/codhqbattlepass.lua
3285D5B1232B4DA0,ui/generated/widgets/loadoutcustomizationbutton.lua
32905693B41F378F,ui/generated/widgets/ingame/mp/dmz/gunbench/gunbenchattachmentslotbutton.lua
3294E3770F5D0C43,ui/generated/widgets/store/storetagzombies.lua
3299E0B74B7855FA,ui/generated/widgets/frontend/lobby/lobbyplayerlistlabel.lua
329C9DF37F5941BE,ui/generated/widgets/ingame/reticles/rex/ret_rex_snscope_01_alt.lua
329FD7DBB6CA419D,ui/generated/widgets/frontend/depot/billboardfocusarea.lua
32A2DD70305A3E7C,ui/generated/widgets/ingame/mp/nukeactivationphone.lua
32A345E1353DDC80,ui/generated/widgets/frontend/barracks/barrackschallengesdaily.lua
32A5181C018C76F2,ui/generated/widgets/common/commonlockedinfowidget.lua
32B2CAA250914697,ui/generated/widgets/cac/operatorbiowidget.lua
32BBAA12E84BD0D7,ui/generated/widgets/ingame/reticles/ret_cer_twox01_def.lua
32BDE0DC419D2DEF,ui/generated/widgets/ingame/reticles/reticleholorange01.lua
32CE7187E90AFC65,ui/generated/widgets/ingame/mp/rex/rankupsplash.lua
32CEC2CA90E5B742,ui/generated/widgets/ingame/mp/scorestreaks/gunship/rex/gunshipreticle105mm.lua
32D0C665891D3982,ui/generated/widgets/genericoptionbuttonbase.lua
32D3964B932FDBEB,ui/generated/widgets/sticklayoutpreview.lua
32D3A330341C7E63,ui/generated/widgets/options/rex/colorpickerbutton.lua
32D46485B44E13C2,ui/generated/widgets/buttons/rex/mouseclosebutton.lua
32D61B96DCBE9606,ui/generated/widgets/ingame/reticles/rex_reticleholo_udot.lua
32D92434685F902F,ui/generated/widgets/frontend/seasonalevent/rex/seasoneventmasterypipcontainer.lua
32D9450CBE24675F,ui/generated/widgets/ingame/mp/loading/loadingparallaxmapinfo.lua
32DD0B0CDA8995BF,ui/generated/widgets/frontend/seasonalevent/seasonaleventscamochallengesidechallengecard.lua
32DD589DBF14F7B4,ui/generated/widgets/squareframetextbacker.lua
32DF24DC29E9B072,ui/generated/widgets/tutorialvideo.lua
32EF07CE3780DCA1,ui/generated/datasources/zm.lua
32F9742FFD80FC17,ui/generated/widgets/frontend/customize/callingcardcategorytab.lua
32FA001359F7D96F,ui/generated/widgets/frontend/br/leagueplay/lpbraarstarsitem.lua
330621566FF50368,ui/generated/widgets/ingame/reticles/rex/ret_rex_fourx_cust_15_blu.lua
330980A110054EBF,ui/generated/widgets/store/rex/productupsell.lua
330A0F8F3720B760,ui/generated/widgets/ingame/reticles/reticle_fvats2.lua
330D5BADDC86D2C6,ui/generated/widgets/voicechattab.lua
3317EBCEA755A92E,ui/generated/widgets/frontend/social/socialprofilemenu/socialshowcaseoperatorinspectdetails.lua
331C6FE84DDD66D5,ui/generated/widgets/dailydownloadlimit.lua
331FA10D2D97B138,ui/generated/widgets/frontend/mp/dmz/dmzmissionsbutton.lua
3325BB346401FE4C,ui/generated/menus/mainmenu.lua
3325EE14FE0AAE39,ui/generated/widgets/ingame/reticles/rex/ret_rex_fourx_cust_05_blu.lua
333708A4521C47AE,ui/generated/widgets/genericwidgets/buttons/genericlabeledbutton.lua
33438E845D6A8723,ui/generated/widgets/scrollbar/pip.lua
334576B33AE5953F,ui/generated/widgets/store/productupsell.lua
33499786044F37FA,ui/generated/widgets/frontend/career/careerstatsbutton.lua
3350CA761A468FC7,ui/generated/widgets/frontend/social/channels/channelbuttonheader.lua
3357E6302696ADB8,ui/generated/widgets/frontend/codhq/buttons/codhqtabsarrow.lua
336323805F529C9C,ui/generated/widgets/frontend/barracks/barracksheader.lua
3366516C3A7EB749,ui/generated/widgets/frontend/lobby/trialdetails.lua
336AAE56088BD864,ui/generated/widgets/ingame/reticles/jupiter/jup_reticle_moscar_classic.lua
336C462BB447C08A,ui/generated/widgets/ingame/reticles/reticlethermal.lua
33763540600A0241,ui/generated/widgets/buttons/obbuttonhighlightwide.lua
3376D177922673EF,ui/generated/widgets/spdifficultydetailslevel.lua
337F54776D2B2F92,ui/generated/widgets/buttons/buttonsmall.lua
3381EBF6FA41D02E,ui/generated/menus/options/rex/boothdrblackpoint.lua
33845F13CD00E6C9,ui/generated/widgets/frontend/barracks/progressionunlockdescription.lua
3387ED949DE99E25,ui/generated/widgets/options/ps4sticklayout.lua
33882AE1F6EA8178,ui/generated/widgets/frontend/jupbattlemap/jupbattlemapsectorstatetag.lua
338B4FD21A3BB12C,ui/generated/widgets/ingame/mp/br/brzombiesyringecount.lua
339B09905068590E,ui/parallax.lua
339CFF5294EFDB5D,ui/generated/widgets/customiteminfopanel.lua
339E8FC56DCC6943,ui/generated/widgets/ingame/reticles/ret_cer_med_09_zm_therm.lua
33A3DA2CD93456BE,ui/generated/widgets/listpiphorizontal.lua
33A3E9C93998ABBE,ui/generated/widgets/ingame/reticles/rex/ret_rex_holo_03_alt_02.lua
33A847D2079887F2,ui/generated/widgets/ingame/reticles/rex/ret_rex_holo_therm_cust_03.lua
33AB2D7D9C4E3649,ui/generated/menus/alwaysloaded/legal/rex/legalmenu.lua
33B239518C9E29F8,ui/generated/widgets/textbackerroundedrectangle.lua
33B9F7E22DB462ED,ui/utils/fenceonlinecommunicationsprivilege.lua
33BA94BCEABF8902,ui/generated/datasources/scoreboard.lua
33BFC2969C45EBCB,ui/generated/widgets/spdifficultybutton_gl.lua
33CAAB5598199E0E,ui/generated/widgets/frontend/progression/playerprogressiontile.lua
33CC6102C824AA40,ui/generated/widgets/frontend/aar/aarbattlepasstiertoggledoublewide.lua
33CD407F54B6FBF1,ui/generated/widgets/gunsmithpreviewbuttons.lua
33CE23E2F0554634,ui/generated/widgets/ingame/mp/rex/objectiveprogressbar.lua
33CF9662B9F9115E,ui/generated/widgets/channelsettingslearnmorepopup.lua
33D25443EE74A4A1,ui/generated/widgets/ingame/gunscreens/gunscreenvaluablesdmz.lua
33D65A2113BD34ED,ui/generated/widgets/ingame/reticles/ret_cer_loot_s3pink_rangefinder.lua
33DE45A9614D82AE,ui/generated/widgets/ingame/mp/br/brmenumapcontrollerscheme.lua
33E3F7D8FC345F70,ui/generated/widgets/ingame/mp/killcam/rex/killcamweaponinfo.lua
33E5646D75D38C97,ui/generated/widgets/frontend/pagedbattlepass/pagedbattlepasscontextualtip.lua
33ED16917D431973,ui/generated/widgets/frontend/mp/cas/weaponchallengeunlock.lua
33F4E6E6D235A564,ui/widgets/shaderpreloadlayer.lua
33F73432253E176E,ui/generated/widgets/frontend/customize/stickerbooksinglemodemasterycard.lua
33F90AC9E6F508D4,ui/generated/widgets/frontend/jupbattlemap/jupbpmetatag.lua
34036A07C4D40B93,ui/utils/filemanagementutils.lua
34048C08DFE59A6B,ui/utils/fencewzcountdowngate.lua
340556B12D58DB76,ui/generated/widgets/frontend/battlemap/battlemappreviewbuttonlarge.lua
340EF28BBB3EE48C,ui/generated/widgets/ingame/mp/scorestreaks/dronesentry/dronesentryprogressbar.lua
341062ABAEAAD9BF,ui/generated/widgets/ingame/reticles/ret_sat_long_04_wc_therm.lua
34146A4EC3DA2DE4,ui/generated/requires/ingame/codcaster.lua
342262BF764BCF16,ui/generated/widgets/ingame/mp/pipscontainer.lua
3422E9611C05A57B,ui/generated/widgets/ingame/radialmenu8slice.lua
3426EBEEB93B9453,ui/generated/widgets/store/storerowlarge.lua
342EF8FFD0791288,ui/generated/widgets/frontend/customize/rex/emblemsortfilterpopup.lua
3435AFB3872BDFA1,ui/generated/widgets/frontend/battlemap/battlemaphorizontalsectorrewards.lua
344031DE12C5D48C,ui/utils/weaponutils.lua
344380B0362F33CC,ui/generated/widgets/ingame/mp/rex/nukewarning.lua
34511936FD744427,ui/generated/widgets/jup/genericoptionbuttonbackground.lua
345179F1C37888E6,ui/generated/widgets/frontend/mp/lobby/lobbystartmatchbutton.lua
345C779DC5C9A818,ui/generated/widgets/frontend/pcachievements/pcachievement.lua
345F5E1F4509EE14,ui/generated/widgets/frontend/depot/mpbillboardmenubutton.lua
34672C4D474C7F2A,ui/generated/menus/alwaysloaded/legal/rex/legalmenuflyout.lua
346A2443EF319921,ui/generated/widgets/ingame/reticles/ret_cer_short_06_zm.lua
346B68A5741A7CDF,ui/generated/widgets/frontend/mp/announcervoice/announcervoiceselectbutton.lua
346BC0FB50B33E94,ui/generated/widgets/ingame/reticles/ret_sat_short_06_wc.lua
346C799DA5E36B71,ui/generated/widgets/frontend/lootitempreview.lua
346F9EBB77091193,ui/generated/widgets/frontend/social/channels/rex/socialchannelbutton.lua
3473E7D294462B05,ui/generated/widgets/ingame/mp/rex/obituarycontainer.lua
3477FE5998E4F8F4,ui/generated/widgets/frontend/mp/outbreak/obactpercent.lua
3479061555F4EB43,ui/utils/mplobbyutils.lua
348938880273429A,ui/utils/filterutils.lua
348CD12EDB709DB0,ui/generated/menus/frontend/codaccount/codaccounteditphonepopup.lua
348F76CE29CA81A5,ui/generated/widgets/ingame/mp/vehicle/hooptytruckdiagram.lua
3491812E6E8681CA,ui/generated/widgets/frontend/hqfreetrialinfoblock.lua
3491F9578B2F58B1,ui/generated/widgets/frontend/mp/cas/gunsmith/mininextunlockitem.lua
3495DA247923B289,ui/generated/widgets/frontend/seasonalevent/seasonaleventsrewardunlockcelebrationbanner.lua
34A452DA55098B7E,ui/generated/widgets/frontend/lobby/privatematchlobbybuttons.lua
34A6773E8104E477,ui/generated/widgets/ingame/reticles/ret_cer_loot_zombiex_rangefinder.lua
34A8D9DA20968768,ui/generated/widgets/frontend/aar/rex/aarscoreboards.lua
34AA413139E4C9E9,ui/generated/widgets/genericwidgets/scrollabletabs.lua
34ABE3A976593D3E,ui/generated/widgets/ingame/reticles/ret_sat_med_10_mp.lua
34ADEB46A25A9129,ui/generated/widgets/ingame/reticles/rex/ret_rex_fourx_cust_05_grn.lua
34AF3401339033D6,ui/generated/widgets/frontend/aar/aarcommendationsdetails.lua
34B46E7EFC6D1333,ui/generated/widgets/ingame/reticles/reticlearscopetherm01gold.lua
34B5864ED43A327F,ui/generated/widgets/ingame/reticles/rex/ret_rex_fourx_cust_09.lua
34B89BF453A4A345,ui/utils/styleutils.lua
34B966F34B5DA03F,ui/generated/widgets/buttons/highlightinnerbutton.lua
34C0A0C43526A502,ui/generated/widgets/ingame/gunscreens/gunscreenghosttracker.lua
34C2E56BEE588DE6,ui/generated/widgets/ingame/mp/fieldupgrademeter.lua
34C47EEAD734CBB8,ui/generated/widgets/scrollbar/mobileverticalscrollbarsliderarea.lua
34C757271E8AE401,ui/generated/menus/frontend/social/socialprofilemenu/socialshowcaseweaponinspect.lua
34CAD31E8EB808A1,ui/generated/widgets/operatorequippedicon.lua
34CB429CBC6AC6B0,ui/generated/widgets/frontend/privatematchmenucontainer.lua
34D194A7CDAD8E57,ui/generated/widgets/frontend/seasonalevent/seasonaleventsmenucontenttemplatedualchallenge.lua
34D1DDEC3B7EB145,ui/generated/widgets/supportingcreatorcode.lua
34D5804E0D3DC3C1,ui/generated/widgets/ingame/mp/hvt/valuereadout.lua
34DA88FDFA881B3A,ui/generated/widgets/frontend/weapons/loadout/loadouttabbacker.lua
34DD448ADBC88BBA,ui/generated/widgets/frontend/tabsspacer.lua
34DF538DAA56E9AD,ui/generated/menus/options/importsettingsscreen.lua
34E2850E2803F2D5,ui/generated/widgets/frontend/jupdepot/jupbattlepasspurchasebutton.lua
34E60DF345F32E25,ui/generated/widgets/frontend/social/flyinpopupcontainer.lua
34EEBC40F7DE7660,ui/generated/menus/frontend/barracks/leaderboardselectmodemenu.lua
34F240A7E7F8E3C3,ui/generated/widgets/rex/genericopenfullscreenbutton.lua
34F9E0FEFD86819A,ui/generated/menus/frontend/mp/cas/loadouts/attachmentappearanceselect.lua
34FA57D7C3DC083A,ui/generated/widgets/frontend/mp/cas/gunsmith/gunnynewrecommendedweaponnoticebutton.lua
34FBC137823B069C,ui/generated/widgets/ingame/mp/genericsplashicon.lua
34FDF9167E8CF63E,ui/generated/widgets/ingame/reticles/ret_cer_loot_s2thai_alt.lua
3501B670356E053A,ui/utils/lootutils.lua
350BA04AF5DEE597,ui/utils/gameplaystatsutils.lua
3510FFCAEA722D7B,ui/generated/widgets/ingame/cp/iw8/playernameplatecontainer.lua
35142A8DFFBB28FC,ui/generated/widgets/genericwidgets/labeledimagebutton.lua
351CB6AED337C72B,ui/generated/widgets/premiumupsellbutton.lua
351F8E50EB7B5200,ui/generated/widgets/ingame/mp/streakpip.lua
351FAA6A17CFA4FE,ui/generated/widgets/dockedobjective.lua
35251B822EF95607,ui/generated/widgets/ingame/rex/radialmenu4slice.lua
3534C556B83D4AE3,ui/generated/widgets/ingame/reticles/rex/ret_rex_reflex_cust_14_grn.lua
353ABED89EA4C0B2,ui/frontend/mp/lobbystatus.lua
353B39F2A25CF7A9,ui/generated/widgets/frontend/depot/pricebuttonsmall.lua
353B83F933BA5723,ui/generated/widgets/frontend/store/storeitempurchased.lua
35454536943D5DF3,ui/generated/widgets/frontend/cp/cpnextreward.lua
354B51E2411BAF43,ui/generated/widgets/frontend/customize/rex/careerselectitembutton.lua
35511D7790037A62,ui/generated/widgets/ingame/social/ingamesocialplayerdetails.lua
3556AE8C4B9BD58C,ui/generated/menus/frontend/codaccount/codaccounteditemailpopup.lua
35623D321733918F,ui/generated/widgets/ingame/mp/dmz/gunbench/gunbenchattachmentcategorybutton.lua
3562DB0F4B906164,ui/ingame/overlayhud.lua
356814720F6D792E,ui/generated/widgets/frontend/lfp/lfpfindpartybutton.lua
356D2F9A43A07471,ui/generated/widgets/options/expandcollapsebutton.lua
35759441ACB158AE,ui/generated/widgets/ingame/reticles/ret_cer_loot_s4dadler.lua
3576E398EE184CDB,ui/utils/gamex.lua
357BA1205711FA13,ui/generated/widgets/frontend/progression/playerprogressiontileheader.lua
357FD417E4DBD467,ui/generated/widgets/settingsmenubackground.lua
35837AC859D15AB1,ui/generated/widgets/ingame/mp/br/contracts/brchampionsquestbombstatuscontainer.lua
3583CEC29D765DB8,ui/generated/datasources/input.lua
3586065E900A7ADE,ui/generated/widgets/ultimatebuttonbacker.lua
3588D5ADCF7D7F4D,ui/generated/menus/frontend/rex/fencefrontscenedialog.lua
35899B0D536B0575,ui/generated/widgets/iconheader.lua
358B8C775ED5C045,ui/generated/widgets/ingame/mp/pillage/pillageicon.lua
358D947361275874,ui/ingame/mp/navbarhud.lua
358E12247217AA4A,ui/generated/widgets/ingame/mp/littlebird/littlebirdcontrols.lua
3590B34FC15ABCAD,ui/generated/widgets/frontend/mp/dmz/dmzexfilstreakcard.lua
359EC9D6F1E49761,ui/generated/widgets/leagueplay/lpdemotionprotectioninfo.lua
35A271DF4884392D,ui/generated/widgets/frontend/mp/previewcontrolslegendelement.lua
35A727841A8024D7,ui/lobbydatasources.lua
35A9927C5C62E808,ui/generated/widgets/ingame/reticles/mintdot.lua
35A9E6E7E57040C4,ui/generated/widgets/ingame/mp/risk/riskroundendteam.lua
35AC6788B0759D9E,ui/generated/widgets/ingame/equipmentrechargehighlight.lua
35AD7DF74F9F00DE,ui/generated/widgets/frontend/seasonalevent/seasonaleventpersonalside.lua
35B054D8F8A208B2,ui/generated/widgets/frontend/mp/mpchallengeprogressbar.lua
35B2571B01E11DC2,ui/generated/menus/frontend/social/socialaddfriendsbulkatvi.lua
35BD08B84A0A662C,ui/generated/widgets/frontend/depot/magmaupsellfullscreenpopup.lua
35BFDBEB48ABF398,ui/generated/widgets/frontend/lobby/rex/privatematchlobbyplaymenu.lua
35C08F287B8C8AAF,ui/generated/widgets/frontend/customize/callingcardmasterycard.lua
35C12D85ACED6968,ui/generated/widgets/ingame/reticles/ret_cer_loot_s4bnoir.lua
35C47E1C8C46A613,ui/generated/widgets/ingame/mp/shoulderswaphint.lua
35C5E04ECBAEE9C4,ui/generated/widgets/frontend/aar/aarkitprogressionlayoutitemunlocks.lua
35CF735E9F969311,ui/generated/widgets/ingame/reticles/extrareticles/reticleoutercircleacogeast.lua
35CF85F17129987F,ui/generated/widgets/rex/globalpaneltab.lua
35D2EECC1AD6AB8B,ui/generated/widgets/ingame/gameplayprogressionstats.lua
35D74DD1B7D1A28B,ui/generated/menus/frontend/cp/cppublicmatchmenu.lua
35DC8FD3880A4A32,ui/luiprototypelayer.lua
35EF8D6499B617A0,ui/generated/widgets/frontend/lobby/gamerules.lua
35F234BB6A1690C6,ui/generated/widgets/cac/itemdetailsgeneralinfowidget.lua
35F8F966C3284895,ui/generated/widgets/frontend/aar/aarplayhead.lua
35F92B38D0488AA0,ui/weburimanager.lua
35FE433750DC82C5,ui/generated/widgets/infiltrationselectedroledetails.lua
35FF6CA450F2ACBB,ui/generated/widgets/frontend/seasonalevent/seasonaleventsmenucontenttemplatepreorder.lua
3605A194936AA246,ui/generated/widgets/ingame/reticles/rex/ret_rex_holo_spier9.lua
3607C0FAA061208D,ui/generated/widgets/ingame/motionsicknesscontainerunderlay.lua
360C95B8253D3B90,ui/generated/widgets/generatorpullcontainer.lua
360DAADC1A660D4A,ui/generated/widgets/frontend/progression/rex/playerprogressiontile.lua
3611FEDA6E41A24C,ui/generated/widgets/frontend/aar/aarxpboosttag.lua
36135E094E47553A,ui/generated/widgets/frontend/seasonalevent/seasonaleventsleaderboardgriditem.lua
3616598F91289A6D,ui/generated/widgets/ingame/mp/scorestreaks/rex/locationselectormarker.lua
3616C76E54C532E0,ui/generated/widgets/ingame/reticles/reticleairburstaimrangetext.lua
3619101B2AFA00FA,ui/generated/widgets/ingame/reticles/ret_cer_loot_deadop_rangefinder.lua
361A66F583F8FB63,ui/generated/widgets/frontend/lightleaknoiseoverlay.lua
361B1793A0D3FE5B,ui/generated/widgets/frontend/submenutabwithtimer.lua
361E85D5E7FD56F9,ui/generated/widgets/ingame/reticles/ret_cer_loot_decay_alt.lua
36221D9917AB533D,ui/generated/widgets/ingame/mp/vehicle/vehicleabilityprogress.lua
362D56225E72A9A1,ui/generated/widgets/ingame/reticles/ret_cer_loot_decay.lua
362FB93860DF32F7,ui/generated/widgets/ingame/reticles/reticlepiscope01.lua
363523B9BEEE4547,ui/generated/widgets/stickercount.lua
3639BD09E446DFD4,ui/generated/widgets/mp/statustext.lua
3639F4D43BCC572E,ui/generated/widgets/frontend/mp/cas/loadouts/importweaponbuildattachment.lua
364333A31DD1E008,ui/generated/widgets/ingame/mp/fieldupgraderealism.lua
3643586F80841270,ui/generated/widgets/mp/perceptioncombatdetails.lua
3645DAA2DF104213,ui/generated/widgets/ingame/mp/killcam/killcamrespawnmessage.lua
3645F115B8C7AC49,ui/generated/widgets/frontend/pagedbattlepass/pagedbattlepasstokenpurchasebutton.lua
3646C85F0E8CC6DB,ui/codcaster/codcasteractions.lua
364B1210921E497D,ui/generated/widgets/ingame/weaponaltnotifybacker.lua
3658ADBB4007FB2C,ui/utils/aeuserstateutils.lua
365994CC13CBD6B2,ui/generated/widgets/calloutmarkerpings.lua
3659FAB62658342A,ui/generated/widgets/ingame/mp/rex/mpscoreboardrow.lua
365DF071DD4D7A4A,ui/generated/widgets/ingame/tutorialmessagebackground.lua
3663B76A7330D73B,ui/generated/menus/frontend/depot/purchaseitemmenu.lua
36655F46ADA64DD3,ui/generated/widgets/frontend/store/store4itemsrow.lua
366AAE56B243608B,ui/generated/widgets/ingame/mp/scorestreaks/streaknumericalgaugemeter.lua
366B623B6ED278D4,ui/generated/widgets/frontend/seasonalevent/itemattributetag.lua
366FA58AD6BACBE8,ui/generated/widgets/frontend/mp/dmz/dmzdogtagsstat.lua
367349921AAA0646,ui/generated/widgets/ingame/reticles/ret_cer_loot_fireworks_nye_alt.lua
3675F2AAFD10514A,ui/generated/datasources/cg.lua
36799D99395EEEBE,ui/generated/widgets/frontend/customize/callingcardpreviewpanel.lua
367C37E0FB0139C3,ui/generated/widgets/store/storebundleprojecttag.lua
367C64D0FF661864,ui/generated/menus/frontend/pagedbattlepass/pagedbattlepasslastchanceupsellmenu.lua
367EFCA67D0FC47D,ui/generated/widgets/frontend/social/channels/channelmembers.lua
3682BE2710709981,ui/generated/widgets/frontend/seasonalevent/seasonaleventscelebrationoverlayrewarddetails.lua
3687063AD9BF905B,ui/generated/widgets/frontend/seasonalevent/seasonaleventscamochallengesecretcamopanel.lua
368D30A5A65D68A1,ui/generated/widgets/lobbyquickplaydetail.lua
3690FF2356940A79,ui/generated/widgets/ingame/reticles/ret_sat_long_05_wz_therm.lua
3694AF09ED25C347,ui/generated/widgets/iteminfobox.lua
369DDD5A5F1015C6,ui/generated/widgets/footer/footernvidiaicon.lua
36AB7BD8AA8CD74A,ui/generated/widgets/frontend/lobby/rex/modedetails.lua
36B105C898CE29C0,ui/generated/widgets/frontend/pagedbattlepass/blackcell/blackcellcamorewardmenu.lua
36B27F359BC14759,ui/generated/widgets/mousecursortooltipdescription.lua
36B309E37B108FB4,ui/generated/widgets/ingame/mp/squadvote/squadvotewidget.lua
36C1E3768230AA45,ui/generated/widgets/mp/tacopsmap.lua
36C3453899AE3B2B,ui/ingame/binkskippromptlayer.lua
36C955750EF498EA,ui/generated/widgets/frontend/social/socialmenulayoutnew.lua
36CB4AC5E7A013ED,ui/generated/widgets/frontend/operator/operatorcard.lua
36CDD9DBEE1F4488,ui/utils/widgetoptionsutils.lua
36CDE22D0B04193D,ui/generated/widgets/frontend/pagedbattlepass/blackcell/blackcellupsellpanelmaximum.lua
36D01E532A9747D9,ui/generated/widgets/ingame/reticles/ret_sat_med_04_mp.lua
36D2C6CF6694815B,ui/generated/widgets/motionreductioncontrolpreview.lua
36DEA2CFE7B71AFE,ui/generated/widgets/frontend/dmzpersistentoperatorinformationtile.lua
36E10C990D25F4F4,ui/generated/widgets/rex/globalpanelbackground.lua
36E1B96791A36F71,ui/generated/widgets/buttons/buttonhighlight.lua
36E3451962BF28FA,ui/generated/widgets/ingame/reticles/ret_sat_pistol_scope_01.lua
36E566ABD0F90582,ui/generated/widgets/ingame/reticles/reticlesniper11.lua
36E8D20444BFBD10,ui/utils/fencesocialnetworksharingprivilege.lua
36EB1FB00F3886F3,ui/generated/widgets/plunderfader.lua
36F0BE572F6937C4,ui/generated/widgets/ingame/shared/armorbarpipsdynamic.lua
3702C8488238EF0B,ui/generated/menus/rex/fencedialog.lua
370663C902B4FBDC,ui/generated/widgets/frontend/playlistdetailsmapgrid.lua
370F1EEDA4907C3E,ui/generated/widgets/frontend/challenges/challengecamopreview.lua
371C8A3FDB673C60,ui/generated/widgets/tabbacker.lua
371E26168E4FBD63,ui/generated/widgets/frontend/seasonalevent/seasonaleventsrewardcardbutton.lua
3723AF71C6B7C515,ui/utils/fademanagerutils.lua
3727716AAA2F5CC0,ui/generated/widgets/frontend/groups/socialgrouponlinecounter.lua
372961C9A6C4D57D,ui/generated/widgets/frontend/seasonalevent/aar/aarseasonaleventeventplusreward.lua
372F677C7BC50847,ui/generated/widgets/ingame/reticles/reddot.lua
3732F290A8E082C4,ui/generated/menus/frontend/mp/elderprogression.lua
37397F1535E06879,ui/generated/widgets/ingame/gunscreens/gunscreendoomguy.lua
37482E2955411921,ui/generated/widgets/ingame/reticles/ret_cer_med_02_mp_alt.lua
37484ED6247CF611,ui/generated/widgets/frontend/dmzpersistentoperatorcardcontainer.lua
374CD5B76BEECECA,ui/generated/widgets/ingame/reticles/ret_cer_med_05_mp.lua
374F7DD956327671,ui/generated/widgets/ingame/mp/killstreakfriendlytarget.lua
375244C6CDB6FB8B,ui/generated/widgets/ingame/reticles/genericunderhandreticle.lua
375E397EC81BE16D,ui/generated/widgets/ingame/mp/scorestreaks/gunship/gunshipzoommeterdynamic.lua
3762419C9C9CCEA4,ui/generated/widgets/ingame/reticles/ret_sat_long_04_wc_rangefinder.lua
3762CF28C6F1BE66,ui/generated/widgets/frontend/seasonalevent/seasonaleventsleaderboardfirstplacepanel.lua
376439AFED0B4A1D,ui/generated/widgets/ingame/reticles/reticlethermal01.lua
376A1CC23C86FA6A,ui/generated/widgets/frontend/mp/cas/blueprintstorebutton.lua
376A3371ED1FFA83,ui/generated/widgets/ingame/sp/nvg/nvgbattery.lua
376D20FD78D9DC23,ui/generated/widgets/ingame/reticles/rex/ret_rex_dmscope_therm_01_alt.lua
3772953DFFAA96AD,ui/generated/widgets/debuglayerwidget.lua
3772FF7FFF7ED883,ui/generated/widgets/touch/mobilestaticuidescription.lua
37734B8394918480,ui/generated/widgets/frontend/pagedbattlepass/rex/pagedbattlepasspurchasemenuinternal.lua
3773F511CCBC2D90,ui/generated/widgets/alwaysloaded/talkersentry.lua
377C02A35B314977,ui/utils/sp/fencegamerprofile.lua
377ED1446F459918,ui/generated/widgets/ingame/reticles/reticlesniperkilo98.lua
3780578C051B8FA3,ui/generated/widgets/ingame/reticles/ret_cer_med_04_zm_alt.lua
37848842F974A7F4,ui/generated/widgets/frontend/mp/splitscreenoperator.lua
378840ADA558189B,ui/generated/menus/frontend/mp/leagueplay/lpbrmainmenu.lua
378DC72437AF67F3,ui/generated/widgets/ingame/mp/genericsplashcapthinalt.lua
378F1EB9FF729A79,ui/generated/widgets/options/hdrblackpointguide.lua
3795F5615838BC7E,ui/generated/widgets/frontend/events/purchasebundlespopup.lua
37A41B4643B2802F,ui/generated/widgets/ingame/reticles/ret_sat_long_04_wz_rangefinder.lua
37AA03EB7968A178,ui/generated/widgets/ingame/mp/vehicle/medtransportdiagram.lua
37ADF6BB3D04EADF,ui/generated/widgets/ingame/reticles/ret_cer_loot_s5gberet_therm.lua
37B50F25815B18A4,ui/generated/widgets/frontend/mp/cas/streakbutton.lua
37B95355E9CE8A77,ui/generated/widgets/mugikillstreakhudactiontextbacker.lua
37C85D5FCB42768A,ui/generated/widgets/frontend/datasourcecheckbox.lua
37CADF0E7043C873,ui/generated/widgets/ingame/reticles/ret_cer_loot_christmas.lua
37CB99591F1A3AB9,ui/generated/widgets/frontend/aar/aarseasonaleventeventplus.lua
37D5DFF8C715D56D,ui/generated/widgets/frontend/career/careershowcasetooltiplabel.lua
37D64404D4F5777C,ui/generated/widgets/frontend/customize/playercardmasterycard.lua
37DF077749C6BB3C,ui/generated/widgets/ingame/reticles/ret_cer_loot_s5sensei_alt.lua
37DF07C76A17ED17,ui/generated/menus/frontend/weapons/weaponarmory.lua
37E3B0A75966BBA9,ui/generated/widgets/ingame/mp/br/rex/brhudplayerstatusicon.lua
37E73D82C722C48D,ui/generated/widgets/frontend/lobby/lobbyinspectmemberbutton.lua
37F651A343E23C60,ui/generated/widgets/frontend/jupbattlemap/jupbpitemdetails.lua
3803996539D6A0F5,ui/generated/widgets/weaponperformancecategory.lua
380BE78523531EAB,ui/generated/widgets/frontend/mp/customizationdetailpanelbase.lua
3810D1F9D8B02AB7,ui/generated/widgets/frontend/challenges/weaponmasterbutton.lua
3811310C0BAAFD95,ui/generated/widgets/ingame/reticles/rex/ret_rex_fourx_cust_14.lua
3811EFE2D17C560E,ui/generated/widgets/ingame/reticles/rex/ret_rex_snscope_01.lua
3814059AB2E91006,ui/generated/widgets/frontend/seasonalevent/seasonaleventsmenucontenttemplateversus.lua
382005429FBE1DBA,ui/generated/widgets/frontend/seasonalevent/seasonaleventcommunitymissionblade.lua
38207AA0F4094621,ui/generated/widgets/slamexecutionsplash.lua
38207C4D7B4277CB,ui/generated/widgets/frontend/jupbattlemap/seasons/jupbpspecialminimapsectorswidget_s6.lua
38211F922E76F098,ui/generated/widgets/frontend/mp/tournament/tournamentplayerstatus.lua
3826C702FEC89999,ui/generated/widgets/ingame/mp/scoreeventline.lua
3827179EC4BB9ED2,ui/generated/widgets/ingame/mp/infect/nvgbatteryicon.lua
382D89318C9EF1AB,ui/generated/widgets/ingame/mp/scorestreaks/jup/streakactivationtablet.lua
38309EA33EB9CE26,ui/std/bit.lua
3834BAF20D317FB5,ui/generated/widgets/frontend/seasonalevent/seasonaleventscurrenteventdescription.lua
383578107CE4FF38,ui/generated/widgets/frontend/armory/armoryactiveitemdetails.lua
3836E361524C85D9,ui/generated/widgets/ingame/rex/calloutmarkerpingpartynum.lua
3839962743407564,ui/generated/widgets/frontend/systemlinkjoinmenurow.lua
383BDA328503C471,ui/generated/widgets/frontend/genericheadertitleicon.lua
383C29BD91B88669,ui/frontendtooltipbannermanager.lua
3843E6C4D285E24F,ui/generated/widgets/genericradialprogressbar.lua
384538DCDC4F4826,ui/generated/widgets/ingame/reticles/rex/ret_rex_reflex_01_alt_06.lua
3846EDC67B6ADF3D,ui/generated/widgets/frontend/seasonalevent/seasonaleventhunttargetwidget.lua
38492FD236DAE745,ui/generated/widgets/ingame/reticles/fourxhelima.lua
3849D261804E8949,ui/generated/widgets/frontend/depot/battlepassgridcontainer.lua
384F340675DD7BCA,ui/generated/menus/frontend/mp/tournament/tournamentloadingscreen.lua
386B4BC65C2F550F,ui/generated/widgets/frontend/events/rex/seasonaleventsstatuspanel.lua
386C1842A3074E76,ui/generated/widgets/cp/missionrewardsprogress.lua
386E6FA311EAFAE6,ui/generated/widgets/ingame/reticles/reticlehybrid05.lua
386F6A60B6DD920B,ui/generated/widgets/frontend/customize/profileinfopanel.lua
3877A847BE2ABCDC,ui/generated/widgets/mp/rex/mpscoreboardteamname.lua
3879E16098FA4D91,ui/generated/menus/codeconduct.lua
3881BD4258292F72,ui/generated/widgets/ingame/reticles/reticlesniperhdromeovzballistics.lua
388883F54C38F945,ui/generated/widgets/ingame/reticles/ret_cer_med_02_zm_alt.lua
3889A2ABB859AB22,ui/generated/widgets/resurgencerespawnscorefeed.lua
389110616A535277,ui/generated/menus/brprelobbymainmenu.lua
389305BFE8189F89,ui/generated/menus/alwaysloaded/legal/legalmenu.lua
389612D7AAEF9293,ui/generated/widgets/frontend/customize/radialcustomizationitempreview.lua
389679CF5A5B793F,ui/generated/widgets/ingame/reticles/extrareticles/reticleoutercircleacogwest.lua
389AD1CD404CE445,ui/generated/menus/wzftuexpdetailmenu.lua
389B99B3E6E6C31F,ui/ingame/heartbeatsensorelement.lua
389F731EA5C3B2BA,ui/generated/menus/fullscreencountdown.lua
38A0CADC4259BCAD,ui/generated/widgets/frontend/mp/tournament/tournamentloading.lua
38A44E632CC77BCB,ui/ingame/bradleycontrolscontainer.lua
38A6B807D112ACAA,ui/ingame/squadeliminatedlayer.lua
38A8A7BE8B7EFA4D,ui/generated/widgets/frontend/social/socialfriendsearchbutton.lua
38ADC8D9F1DF6D2C,ui/generated/widgets/frontend/depot/battlepassctabutton.lua
38AEA8F4624AF27E,ui/generated/widgets/ingame/cp/iw8/objectivetimer.lua
38B319342611A6AD,ui/generated/menus/frontend/fencefrontscenedialog.lua
38B91501CD84B573,ui/generated/widgets/frontend/aar/aarrewardheader.lua
38BAD2083B0DFDAB,ui/utils/mobilehudutils.lua
38BEB0E5ACEDEF14,ui/generated/widgets/ingame/reticles/ret_sat_short_01_zm.lua
38C1230E90511025,ui/generated/widgets/frontend/aar/jup/aarplayhead.lua
38C3059F338C6EC9,ui/generated/widgets/frontend/seasonalevent/seasonaleventseventpanelleaderboardoverlay.lua
38C3A70B6069F723,ui/generated/widgets/ingame/mp/vehicle/driverhudapc.lua
38CA08D404F34F14,ui/generated/menus/frontend/leaderboard/leaderboardviewmenu.lua
38D15E723CFCC4D1,ui/generated/menus/frontend/codcaster/codcasterteamidentity.lua
38DB5CA444A51926,ui/generated/widgets/frontend/seasonalevent/seasonaleventscommunitymissionrewardcard.lua
38DBE8D36E508859,ui/generated/widgets/ingame/ingamegunsmithbutton.lua
38E0005EFA05223A,ui/utils/fencestatsgroup.lua
38E27A1577198D6F,ui/generated/widgets/frontend/zm/zmquestrewards.lua
38E8F709FCAA8DE2,ui/generated/widgets/ingame/mp/loading/loadingparallaxstats.lua
38EA73219DAA75BE,ui/directivecolors.lua
38EFA75D2F5513FA,ui/generated/widgets/frontend/aar/frontendparadeweapon.lua
38F1A0FFE3D41657,ui/generated/widgets/codhqglow.lua
38F2A7530C5D948B,ui/generated/widgets/ingame/reticles/rex/ret_rex_snscope_hybrid_01_alt.lua
38F7E46744C98B37,ui/generated/widgets/frontend/progression/logotag.lua
38F84FCEF3C1F37F,ui/generated/widgets/ingame/reticles/reticleshscope01.lua
38FA0A30D8B3AC84,ui/generated/widgets/ingame/reticles/ret_rex_golf94.lua
38FA87F59E1E3104,ui/generated/widgets/frontend/seasonalevent/seasonaleventmysteryboxcollectablepurchasebutton.lua
38FBAE9A8FBD13A4,ui/generated/widgets/globalpanelbackground.lua
39025CFBCE97A405,ui/utils/fencechurnreward.lua
390A70B04F4C8746,ui/generated/widgets/frontend/battlemapv2/bpminimapsector.lua
390BE869B3B580A8,ui/generated/widgets/ingame/mp/br/brmissiontracker.lua
390E02796023CCFC,ui/generated/widgets/ingame/jumphanghint.lua
3910F3FF5229FBCC,ui/generated/widgets/frontend/social/socialprofilemenu/socialprofileshowcaseplayerdetails.lua
391365BE0A6EFE7F,ui/generated/widgets/frontend/customize/rex/profileinfopanel.lua
39147B4C5774F9A8,ui/utils/accountregistrationutils.lua
3916A37BBA4C7BCC,ui/generated/widgets/frontend/lobby/rex/lobbylistheader.lua
391CE7773D4B0DE4,ui/generated/widgets/ingame/reticles/ret_cer_loot_anime_mecha.lua
391E878B58157AA3,ui/generated/widgets/frontend/unlockcriteria/criteriawidgets/unlockcriteriachallenge.lua
39213A291D4B036C,ui/generated/widgets/rex/genericpopupwindow.lua
39248E3B902C53BE,ui/generated/menus/frontend/leaderboard/leaderboardlandingmenu.lua
3928F7E382431F3D,ui/generated/menus/firingrangemenu.lua
3929DD5AF16AB0B7,ui/generated/widgets/frontend/pagedbattlepass/pagedbattlepasstiertoggleprompt.lua
393F39ECD502B3B8,ui/generated/widgets/frontend/mp/cas/streakcategory.lua
3940ED5313B70103,ui/generated/menus/frontend/attestationpopup.lua
3951C36BEDF556C5,ui/generated/widgets/frontend/webview/loginrewardcardgfx.lua
3954C754D6E9CDF1,ui/generated/menus/cac/executionpreviewmenu.lua
395C0ADE918BAD50,ui/generated/widgets/challengesdaily.lua
395DEE8EF71B9E84,ui/generated/menus/frontend/mp/cas/loadouts/gunsmith/gunsmithprogressionmenu.lua
39605A9B008FE4D2,ui/utils/mp/aarutils.lua
3960DA90A49157CC,ui/widgets/popups.lua
3961A505C8CAAD8F,ui/generated/widgets/store/storetileportrait.lua
396281D9109C6427,ui/ingame/littlebirdmgcontrolscontainer.lua
3965036826E6F84D,ui/generated/widgets/frontend/cac/challengeinfo.lua
3969FF7084D52C7A,ui/generated/widgets/ingame/mp/roundendenemyscore.lua
3970BEF6AE8407ED,ui/generated/widgets/ingame/mp/loading/loadingparallaxmapinfoloading.lua
3974B420A326D2EF,ui/generated/widgets/frontend/mp/leagueplay/lpskilldivisions.lua
397565A260AADEEC,ui/generated/widgets/frontend/mp/leagueplay/lpdivisionrewardverticalline.lua
397BEAA712FD478B,ui/generated/widgets/ingame/reticles/reticleholobcell.lua
3984442DECEA9C78,ui/generated/widgets/frontend/lobby/operatorskincarousel.lua
3987834889AA829F,ui/generated/menus/frontend/challenges/friendchallengeselect.lua
3989E3223189B447,ui/generated/widgets/ingame/reticles/ret_sat_short_06_zm.lua
398AE2CD55B6057E,ui/generated/widgets/ingame/mp/scorestreaks/gunship/gunshipswapweaponhint.lua
398DF24D27EF8627,ui/generated/widgets/frontend/seasonalevent/seasonaleventcamomasterychallenge.lua
3997F4CCAD71E05B,ui/generated/widgets/ingame/reticles/rex/ret_rex_reflex_cust_07_blu.lua
399B1425E24BF54F,ui/generated/widgets/frontend/customize/callingcardmasterypreviewbutton.lua
39A04A7631A44ECD,ui/generated/widgets/frontend/combatrecord/zmstatsmainquestinfo.lua
39A4257DF6E7A610,ui/generated/widgets/frontend/br/brpracticemodespopup.lua
39A7CD70273E2E2E,ui/generated/widgets/frontend/seasonalevent/seasonaleventscurrenteventlogo.lua
39AC8E1DAE405A79,ui/generated/widgets/inventory/tokens/inventorygroupbuttontoken.lua
39B293514D32D746,ui/generated/widgets/frontend/sp/cinematics/spcinematicsmenuheaderentry.lua
39B72F2783C4C550,ui/generated/widgets/rex/codeconductthreat.lua
39BB0FB5C2A708E0,ui/generated/widgets/rex/accordionpanelheader.lua
39C10369451860BC,ui/frontend/worldmapelement.lua
39C40C960224EC73,ui/generated/widgets/buttons/buttonhighlightsingleaction.lua
39C8B97E1F02BF5B,ui/generated/widgets/frontend/customize/rex/stickerbookmasterycard.lua
39C92C50280BD921,ui/generated/widgets/ingame/mp/br/contracts/brmissiontimer.lua
39C93322159DB27F,ui/generated/widgets/sp/missionnumber/parkmissionnumbervariant.lua
39CA0CA6DF906EBB,ui/generated/widgets/ingame/mp/scorestreaks/gunship/gunshipreticle25mm.lua
39CA58BD63432D8F,ui/generated/widgets/frontend/battlemapv2/battlemapseasonrecapdetails.lua
39CDCA0107A8C4E2,ui/generated/widgets/frontend/combatrecord/rptopgametypestats.lua
39CFF9ACDD1E29A8,ui/generated/widgets/ingame/reticles/ret_cer_long_02_wz_therm.lua
39D30A342A5E93C8,ui/generated/widgets/frontend/events/seasonaleventseventselectionprogress.lua
39DC2CD6EE56B0A7,ui/generated/widgets/store/storerowtagbonuseffectgeneric.lua
39E0729E11C316D1,ui/generated/menus/frontend/magmaupsellpopup.lua
39E4373D708C24A2,ui/generated/widgets/frontend/mp/cas/perkbutton.lua
39E82B7631B0AF2E,ui/generated/widgets/ingame/mp/hudpromptwithlabel.lua
39E94C4C2E17BA5F,ui/generated/widgets/ingame/mp/invasionkillimage.lua
39EA97E76DE54572,ui/generated/widgets/frontend/barracks/unlockslootitem.lua
39EC78E872758010,ui/utils/togglebuttonutils.lua
39ED90774246F9C2,ui/generated/widgets/frontend/customize/emotedetailspanel.lua
39EE3AD1987B8329,ui/luilist.lua
39F0203BB0D3A510,ui/generated/widgets/ingame/mp/ctdm/ctdmactiondetailcontainer.lua
39F032A11552543E,ui/generated/widgets/frontend/aar/aarbattlepasstierdoublewidewithstatus.lua
39F2C9C27EB4A626,ui/generated/widgets/ingame/reticles/rex/ret_rex_snscope_cust_03.lua
39F6729A6501AFFB,ui/generated/widgets/ingame/mp/spiketraptimer.lua
39F9DD5143DEF4E5,ui/generated/widgets/frontend/customize/filterlistheader.lua
3A0042E268827669,ui/generated/widgets/frontend/seasonalevent/seasonaleventsleaderboardpointsneededbanner.lua
3A063AC5DEFEDD21,ui/utils/fenceffotd.lua
3A083F936ADC03DA,ui/generated/menus/frontend/mp/cas/streakskinselect.lua
3A0D20011920D3FF,ui/generated/widgets/ingame/reticles/ret_sat_loot_hallucin.lua
3A12AC4DD8C528C2,ui/generated/widgets/frontend/br/brplaymenumapdisplay.lua
3A1CDCE0177298E2,ui/generated/widgets/ingame/reticles/ret_sat_short_10_mp.lua
3A23891C4F8D3EA1,ui/generated/widgets/frontend/groups/socialgroupmemberstab.lua
3A2620691E465B43,ui/generated/widgets/frontend/aar/aarsummary.lua
3A26207C15D531CD,ui/generated/widgets/frontend/weapons/loadout/loadoutclasslistbutton.lua
3A29AB3D7B28A9C3,ui/generated/widgets/frontend/earnratebuff.lua
3A2EE2A1636911AF,ui/generated/widgets/wzaccentmenuoverlay.lua
3A2FAB43DBF3A4BB,ui/generated/widgets/ingame/reticles/reticlehybrid03altvday.lua
3A35FAC483296BDF,ui/conditions.lua
3A3CBF99E8D4A2B5,ui/generated/widgets/frontend/store/storereticlepreview.lua
3A441CEBFCC143CB,ui/ingame/driverhudsedanhatchbackcontainer.lua
3A4E48EDC32C16AB,ui/generated/widgets/frontend/battlemapv2/bpprogressbar.lua
3A4E7614475A3D64,ui/generated/widgets/frontend/seasonalevent/seasonaleventglowingprogressbar.lua
3A4E7E3544EBFD50,ui/generated/widgets/frontend/social/channels/rex/channelchat.lua
3A52216B2B15C7DA,ui/generated/widgets/frontend/social/socialplayerstatus.lua
3A53129BF121D23D,ui/generated/widgets/battlepassarrowkbm.lua
3A566E1A85D3184B,ui/generated/widgets/globalpanelsubheader.lua
3A5B3417A6A5A0C2,ui/generated/widgets/frontend/aar/aarunlockitem.lua
3A5C4BC051414AC4,ui/generated/menus/frontend/mp/leagueplay/lppubliclobby.lua
3A6257E535586E4C,ui/generated/widgets/ingame/reticles/reticlesnscope06.lua
3A7160B86197FFA9,ui/generated/widgets/store/storeclearfiltertag.lua
3A73EC19FE71B4A3,ui/generated/widgets/ingame/mp/matchstatusteamhealth.lua
3A8BC9523E49B456,ui/utils/fencestoragepermission.lua
3A8C8F31F95FD906,ui/generated/widgets/magazineattachment.lua
3A952E8F265C74D8,ui/generated/widgets/tabhighlight.lua
3A975F50DB4DCB7A,ui/generated/widgets/frontend/listspacer.lua
3A9CDCE202885CCA,ui/widgets/arrowbuttonlogic.lua
3AA3B6E8C8C417DD,ui/ingamepowerdatasources.lua
3AA6C614BBC96C95,ui/generated/widgets/globalsocialpartymember.lua
3AA79C49403336D8,ui/generated/widgets/frontend/mp/cas/loadoutitembackerwithrecharge.lua
3AAE3E72E0AD6F4F,ui/generated/widgets/activearmorytag.lua
3AB5F96F7D112D35,ui/generated/widgets/frontend/br/brlobbyplaylistselectcontentpulse.lua
3ABCCCD5DB7D7A53,ui/utils/objectivetrackerutils.lua
3AC20B10731C86FC,ui/generated/widgets/frontend/social/channels/channelpanel.lua
3AC498B0E0DC94A7,ui/generated/widgets/frontend/leaderboard/leaderboardfriendsnapshotrow.lua
3AC515EF4934D625,ui/generated/widgets/frontend/seasonalevent/seasonaleventstierskipbutton.lua
3AC8BFE15C8A582D,ui/generated/widgets/frontend/cp/cpmapbutton.lua
3ACB753432EC9ECA,ui/generated/widgets/buttons/buttonxtall.lua
3AD0E953789B172D,ui/generated/widgets/ingame/mp/matchstatusplayerscustom.lua
3AD924F6A97A8BD8,ui/generated/widgets/ingame/reticles/rex/ret_rex_fourx_cust_06_blu.lua
3ADFD800744CEBE9,ui/generated/widgets/options/rex/networkinfoslist.lua
3AE2490D39DE3C0F,ui/generated/widgets/frontend/barracks/gamestatswidget.lua
3AED9B50A1B873E9,ui/generated/widgets/ingame/mp/matchstatusplayer.lua
3AEF581825FB2CF4,ui/generated/widgets/frontend/weapons/loadout/loadoutitemfieldupgradebutton.lua
3AF0CE555FE45030,ui/generated/widgets/frontend/mp/dmz/dmzlocationselect.lua
3AF16D66A8BCC1DF,ui/generated/widgets/frontend/depot/numberofitems.lua
3AF292AAA36FED36,ui/generated/widgets/frontend/customize/callingcardotherstab.lua
3AF49BABF54B9F12,ui/generated/menus/augmentselectionmenu.lua
3AF4C2E21D8DFB6E,ui/generated/widgets/ingame/mp/scorestreaks/killstreakrcjoystick.lua
3AF519EEBDA44B51,ui/generated/widgets/ingame/mp/jup/heartbeatsensortablet.lua
3B00BC103C898CDE,ui/generated/widgets/frontend/challenges/challengemenubuttons.lua
3B03B38210D6D642,ui/generated/widgets/frontend/itemexchangepopup.lua
3B05D1DCB4A016D5,ui/generated/widgets/frontend/prelobbytabs.lua
3B0F30D93D80CA84,ui/generated/widgets/ingame/reticles/ret_cer_loot_s2thai_rangefinder.lua
3B17D1DCBEB714E5,ui/generated/widgets/frontend/seasonalevent/seasonaleventsleaderboardposteventrewardscelebration.lua
3B1A890F2C19F89D,ui/generated/menus/frontend/loadscreenmenubase.lua
3B1D30BD7CF1FF86,ui/generated/widgets/ingame/reticles/ret_cer_loot_s55queen.lua
3B2212E3B7FBD127,ui/generated/widgets/ingame/reticles/rex/ret_rex_reflex_cust_10_grn.lua
3B303D0721C49199,ui/generated/widgets/store/itemmetadata.lua
3B32551998509125,ui/generated/widgets/options/hudbounddraggablesidevertical.lua
3B3B023E1DF6B0FB,ui/generated/widgets/camogridlayout.lua
3B3DFCE0F93353A7,ui/generated/widgets/premiumupsellfreetrialbutton.lua
3B41A0B6886A84CC,ui/generated/menus/frontend/vehicles/vehicletrackselect.lua
3B466EAE4432927D,ui/generated/widgets/ingame/reticles/reticledmscopetherm01.lua
3B46A2C9285A1145,ui/generated/widgets/frontend/operator/operatorfactionfavorite.lua
3B4A923F0B237A29,ui/generated/widgets/ingame/mp/loading/loadingtipscontainer.lua
3B4BFFA7FB8CA88C,ui/generated/widgets/frontend/globalplayerinfo.lua
3B4F7F11A48742BB,ui/generated/widgets/frontend/cp/cpkitselectbutton.lua
3B51266C4D4D8694,ui/generated/widgets/ingame/reticles/rex/ret_rex_reflex_cust_02_blu.lua
3B57C620BE1AF1D9,ui/generated/widgets/ingame/reticles/rex/ret_rex_reflex_cust_03.lua
3B666234364A6C9B,ui/generated/widgets/frontend/battlemap/battlemappreviewbuttonsmallbase.lua
3B66E63FEC710B1F,ui/generated/widgets/ingame/reticles/rex/ret_rex_snscope_cust_02_blu.lua
3B6CB0B0C2FDE71D,ui/generated/widgets/ingame/reticles/reticlethermaloutercircle.lua
3B6F09DD35ABAC63,ui/generated/widgets/ingame/zm/roundchalkmark.lua
3B70EB62AE593927,ui/generated/widgets/frontend/battlenetstoreitemdescription.lua
3B72B7569B9FF15D,ui/generated/widgets/ingame/mp/br/brkiosksupplyrundiscountheader.lua
3B7805CD0448DC39,ui/generated/widgets/ingame/reticles/ret_cer_loot_s6milk_rangefinder.lua
3B78B1655754C90F,ui/generated/menus/frontend/customize/leveliconselectbase.lua
3B7D80C30E15D2CF,ui/generated/widgets/ingame/reticles/iw9/reticlesntherm01.lua
3B80E9EF57CC9573,ui/generated/widgets/store/storerowmedium.lua
3B83D911F0B37D2A,ui/generated/widgets/inventory/inventoryperkrigmodule.lua
3B848422C29096F9,ui/generated/widgets/frontend/battlemapv2/bprewardbuttonsmall.lua
3B8A71DD4D8BB29F,ui/generated/widgets/ingame/inventoryweaponbutton.lua
3B8C5241B6BA7B62,ui/utils/customizemenuutils.lua
3B9C22454CBD033E,ui/generated/widgets/frontend/aar/jup/aarxpreward.lua
3BA9F70D3C86546D,ui/generated/widgets/ingame/reticles/ret_cer_med_06_wz_alt.lua
3BAB4F9C7FBFB265,ui/generated/widgets/frontend/aar/aarrewarditem.lua
3BAF75C978E9AE2C,ui/generated/widgets/frontend/mp/outbreak/obmenubuttonprompt.lua
3BB091C814DCA769,ui/generated/widgets/ingame/reticles/reticleoutercirclehybrid03.lua
3BB19C1E1E6F4E19,ui/generated/widgets/bundlelitepreviewcursor.lua
3BB242280594978A,ui/generated/widgets/ingame/mp/rex/gunfightversusplayer.lua
3BB5D5F9C33B839E,ui/generated/widgets/frontend/pagedbattlepass/pagedbattlepasstierdoublewideinternal.lua
3BB817366D71FC87,ui/generated/widgets/ingame/mp/obituary/obituarykillmessage.lua
3BBC36F2E7D31FA0,ui/generated/widgets/ingame/hitmarkerstackable.lua
3BC37D12AD81D51C,ui/generated/widgets/ingame/mp/leagueplay/lpsuspensionpopup.lua
3BC7A162529B228D,ui/generated/widgets/ingame/havocprogress.lua
3BCB7B09C4D8CE57,ui/generated/widgets/frontend/social/socialfiltersectionheader.lua
3BCCBF2BFFB86067,ui/generated/widgets/ingame/rex/weaponstatusinfo.lua
3BD27ABB2710BB82,ui/generated/widgets/ingame/reticles/jupiter/jup_reticle_acog02.lua
3BE39ED7E991FFD6,ui/ingame/driverhudcargotruckcontainer.lua
3BE54D072D9B5A3B,ui/generated/menus/frontend/storegameupsellpopup.lua
3BEC7DE520EF10E7,ui/generated/menus/operatorskinselect.lua
3BEF2D590BADC649,ui/utils/texteditutils.lua
3BF0AE4DBC0853D1,ui/generated/widgets/ingame/mp/onelifemodes/numvnumtext.lua
3BF0B25D0F3D779C,ui/generated/widgets/frontend/seasonalevent/seasonaleventquickselectbutton.lua
3BF3DBDB1BB1F3FF,ui/generated/menus/frontend/customize/callingcardselect.lua
3BFA0E59114D8ED3,ui/generated/widgets/ingame/reticles/ret_cer_loot_s4milsas_rangefinder.lua
3BFBAF3AA53A214C,ui/generated/widgets/ingame/mp/subfactionsplash.lua
3BFCDD1EE38741DB,ui/generated/menus/frontend/storepreviewitempopup.lua
3C00F96C454174C8,ui/generated/widgets/store/partyskinbundledetailspanel.lua
3C0449FADFA5B383,ui/generated/widgets/ingame/reticles/reticlesnscope05classic.lua
3C09A2C81C4C2B82,ui/generated/widgets/ingame/mp/genericsplashanimatedaccentcap.lua
3C0D9B151C329CE0,ui/generated/widgets/frontend/mp/lobby/lobbyindividualmatchmade.lua
3C0F1D65F3C3B363,ui/generated/widgets/ingame/emotelist.lua
3C16E5D28F3A0F8B,ui/generated/widgets/frontend/cp/cpcheckpointwidget.lua
3C1B276DDBC0F6E8,ui/generated/menus/leagueplay/lpeventtop250leaderboardmenu.lua
3C2A7C28E7866BB8,ui/generated/widgets/frontend/store/bundlelitepreviewbutton.lua
3C2A7EC171054CB5,ui/generated/widgets/frontend/roundedprogressbar.lua
3C2EDB38788314E7,ui/generated/widgets/frontend/social/socialprofilemenu/socialprofilemutualfriends.lua
3C38E7BCE2AB625E,ui/utils/promptutils.lua
3C39FBD52CCC8520,ui/generated/widgets/ingame/reticles/ret_cer_short_07_zm.lua
3C45AF2D761C0A09,ui/generated/widgets/ingame/reticles/reticle19.lua
3C45B6ED4960F473,ui/utils/detailedweaponstatsutils.lua
3C480E3FC942D70F,ui/generated/widgets/ingame/reticles/ret_cer_long_05_zm_therm.lua
3C54260C33F32D71,ui/generated/widgets/frontend/battlemapv2/bplandingupsell.lua
3C61F8D8861B9D59,ui/generated/menus/frontend/groups/socialgroupmembers.lua
3C69EF8D832EB5CF,ui/generated/widgets/eventcollectioninfo.lua
3C6CE30BEEE1D1F3,ui/generated/widgets/frontend/progression/warzonelogotag.lua
3C6D9380557AC0E4,ui/generated/widgets/diagonalcorners.lua
3C72AD12E3829623,ui/generated/widgets/genericiconbutton.lua
3C7B76EEBA6F6354,ui/generated/widgets/genericwidgets/secondarybuttonprompt.lua
3C7D191CDDC05D90,ui/generated/widgets/ingame/mp/vehicle/vehicleinstruction.lua
3C845202ED45A9A7,ui/generated/widgets/frontend/mainmenu/mainmenublade.lua
3C8516ED3D1F6FB6,ui/generated/menus/frontend/mp/genericeditboxpopupmenu.lua
3C89FA0F23D2C34E,ui/generated/widgets/ingame/mp/frontlineimmuneicon.lua
3C8A27F68C3B5630,ui/generated/widgets/ingame/mp/br/brhealthandarmorbarspartymember.lua
3C8A75390E884C3F,ui/generated/menus/frontend/customize/contrailselect.lua
3C8D1DF3FBC88579,ui/generated/widgets/options/rex/detailsoption.lua
3C94723AE926F511,ui/notificationmanager.lua
3C9CD6F368B4AE1D,ui/generated/widgets/options/colorselectionbutton.lua
3C9F022538CDF37E,ui/generated/datasources/luielems.lua
3CA5ED1EF7B46BE0,ui/generated/widgets/frontend/leaderboard/leaderboardgamemodebutton.lua
3CA74407D6BD11E2,ui/generated/widgets/buttons/secondarybuttonbase.lua
3CAE1C148951F206,ui/generated/widgets/frontend/pagedbattlepass/pagedbattlepasshvtcalloutitemdetails.lua
3CAE9EBA74DC78B0,ui/generated/widgets/ingame/reticles/ret_cer_med_10_zm_alt.lua
3CB22E1C804D680C,ui/generated/widgets/ingame/reticles/reticlereflex06animeshine.lua
3CB6883190F06127,ui/generated/widgets/frontend/mp/cas/gunsmith/gunsmithdetailsmodlist.lua
3CB71560FDFD443C,ui/generated/widgets/installmanager/installmanager_gamebuttonneedupdate.lua
3CBBDDFDDC3A7590,ui/generated/menus/frontend/weapons/weaponbuildsselect.lua
3CC017994B8F5416,ui/generated/widgets/frontend/seasonalevent/seasonaleventcommunitymissionpanel.lua
3CC5FB6B6B4B075B,ui/utils/hcomputils.lua
3CC6BC35BDA6EF01,ui/generated/widgets/wzm/settings/mobilebacktosettingsgridbtn.lua
3CC91EA31CE5ED07,ui/generated/widgets/ingame/rex/compass.lua
3CD006A4C048C8F2,ui/generated/widgets/ingame/reticles/ret_cer_loot_art_deco.lua
3CD087144C7F59E0,ui/generated/widgets/frontend/br/leagueplay/lpbrrankedserieshowtoplay.lua
3CD684DA13513189,ui/generated/widgets/frontend/career/careerachievementsprogressbar.lua
3CE514A88C66C76A,ui/generated/widgets/frontend/mp/cas/loadoutitemweaponcontainer_wz2.lua
3CE73E85343CA1AB,ui/generated/widgets/ingame/reticles/ret_cer_loot_s2bp1_rangefinder.lua
3CE7AD4A4DFF6006,ui/generated/menus/fullscreenwebview.lua
3CE8452D8303F6F4,ui/generated/widgets/ingame/hintscontainer.lua
3CEB9234FAE8EEB7,ui/generated/widgets/frontend/unlockcriteria/criteriawidgets/unlockcriteriabase.lua
3CEEF8D2EE5E44D9,ui/generated/widgets/frontend/mp/tournament/matchgrouprightside.lua
3CEFF95EE8D2AD71,ui/generated/widgets/ingame/reticles/extrareticles/reticleoutercircleacogwest02.lua
3CF98C409A77B83A,ui/generated/menus/frontend/customize/emoteselectionmenu.lua
3CFAACC758C9DFBE,ui/generated/widgets/ingame/mp/tacticalmap.lua
3CFC48256D06AC10,ui/generated/widgets/frontend/mp/playmenu/projectfiltertab.lua
3CFD699B8519816F,ui/generated/widgets/frontend/battlemap/battlemapsectorbutton.lua
3D0F2B50CEDA299A,ui/generated/widgets/ingame/mp/prop/whistletimer.lua
3D1713270287722A,ui/frontend/frontendscene.lua
3D199416D794FA19,ui/generated/widgets/mousecursortooltiptitle.lua
3D1DE415FBC76CB8,ui/generated/widgets/ingame/reticles/ret_cer_loot_art_deco_rangefinder.lua
3D28D052C4FA2520,ui/generated/widgets/ingame/mp/tombstone.lua
3D2EE0F3104EB790,ui/generated/widgets/frontend/aar/aarunlockrownextlabel.lua
3D318C231CE62A72,ui/generated/widgets/frontend/unlockcriteria/criteriawidgets/unlockcriteriaactionprompt.lua
3D3B27195658D826,ui/generated/widgets/bestplayplayercard.lua
3D3B6F9EA31613BD,ui/generated/widgets/frontend/leaderboard/leaderboardinfo.lua
3D3C28187CAC5AE5,ui/generated/widgets/rex/channelserviceunavailablewarning.lua
3D4342E657DEC187,ui/generated/widgets/ingame/reticles/reticle16hybridc.lua
3D4508A5F99E0BFA,ui/generated/widgets/ingame/reticles/reticlefourx04vdayheartbreak.lua
3D4620960009209C,ui/widgets/holdbuttonlogic.lua
3D46416B04C16516,ui/generated/widgets/frontend/mp/lobby/searchingforlobby.lua
3D5097FAE62A9AFA,ui/generated/widgets/mpflakjacketdisplay.lua
3D534DB0357BE731,ui/generated/widgets/ingame/mp/br/braltimeterdisplayplayers.lua
3D60A0670A4293FB,ui/generated/widgets/ingame/mp/scorestreaks/rex/locationselectortablet.lua
3D6EAB64A27EB99D,ui/generated/widgets/frontend/seasonalevent/seasonaleventsleaderboardloadingoverlay.lua
3D71FFB739ED674C,ui/utils/dsetemplateutils.lua
3D76EC4B8B842993,ui/generated/widgets/buttons/buttonhighlightfocus.lua
3D931440CB6E9FF3,ui/utils/fencedisccheck.lua
3D9476E16B52DA52,ui/generated/widgets/ingame/mp/equippedperkssplash.lua
3D9ACA27EB43FE5D,ui/generated/widgets/ingame/subtitlebacker.lua
3D9DBF3DF1988393,ui/generated/widgets/frontend/depot/battlepassonboardingpopup.lua
3D9F3E1AA9A5BBE7,ui/generated/widgets/frontend/splitscreentip.lua
3D9FFAD8849F14AF,ui/generated/widgets/frontend/weapons/weaponinfopanelbase.lua
3DA08953ED64ED74,ui/generated/widgets/frontend/depot/battlepasspurchasebuttonbase.lua
3DA26B7A7AE9EEDA,ui/generated/widgets/frontend/customize/stickerbookcard.lua
3DA319F7A8A8A69D,ui/generated/widgets/frontend/mp/loading/loadinghintsoverlay.lua
3DAB57A63C5023A7,ui/generated/widgets/ingame/mp/rex/killedmessage.lua
3DB1E92056A551F7,ui/generated/menus/frontend/mp/cas/loadouts/obacquisitionselect.lua
3DB3DA8A182759B0,ui/generated/menus/frontend/codaccount/rex/codaccounteditpopup.lua
3DB437B638DDB688,ui/generated/widgets/frontend/customize/rex/stickerbookcollection.lua
3DB49E34C9F0F511,ui/generated/widgets/ingame/reticles/rex/ret_rex_fourx_cust_10.lua
3DBAD15645C34494,ui/generated/widgets/frontend/jupbattlemap/jupbattlepasslandingdetailpanel.lua
3DBBBF0726C57D33,ui/generated/menus/onboardingfeaturepopup.lua
3DBDD9D9F888E92B,ui/generated/widgets/frontend/customize/infilselecttab.lua
3DBE9EE32A37F75C,ui/generated/widgets/ingame/mp/vehicle/driverhudcargotruckmg.lua
3DBF83B6CDEB2A19,ui/generated/widgets/frontend/store/storemybundlesbuttonhint.lua
3DC2F18F2FE72338,ui/generated/menus/frontend/challenges/classifiedchallengepopup.lua
3DC7FA1E9CEDD311,ui/generated/widgets/frontend/battlemap/battlemaptokenpurchasebutton.lua
3DC9467E933D844A,ui/generated/widgets/frontend/seasonalevent/quickplay/seasonaleventsquickplayflyoutlistspacer.lua
3DCBC3D20E9179DF,ui/generated/widgets/ingame/reticles/ret_cer_loot_bank_robber_element.lua
3DD7BF245D57B0B0,ui/generated/menus/alwaysloaded/mainlockoutmenu.lua
3DE5B0A9B2231780,ui/generated/widgets/ingame/reticles/reticledmscopevz03thor.lua
3DF4350602A7D09B,ui/generated/widgets/mpslayerbuff.lua
3DFE6612B01DA421,ui/generated/widgets/frontend/challenges/stickerbookcategorywidget.lua
3DFF4661619D7B09,ui/themes/themeutil.lua
3E0C3A82BDC9B6B0,ui/generated/widgets/mp/rex/breadcrumb.lua
3E13B1B640DE25DC,ui/generated/menus/frontend/mp/lobby/lobbywarzonetutorial.lua
3E1709DB8D4B2B55,ui/buttonhelpertexttooltip.lua
3E17521CBDE16515,ui/generated/widgets/scrollbar/horizontalminimalscrollbar.lua
3E17541F2A96A251,ui/generated/widgets/frontend/unlockcriteria/unlockcriterialist.lua
3E193747D30350F4,ui/generated/widgets/ingame/mp/miscmessagescontainer.lua
3E1EFDBD2FBCC2A3,ui/generated/widgets/globalplayerbutton.lua
3E1F02AD0E2CA258,ui/generated/datasources/sat.lua
3E24D8B1648A7601,ui/generated/widgets/ingame/reticles/purpledot_rich.lua
3E24E900E3E3C67A,ui/generated/widgets/frontend/jupbattlemap/jupbpvaultbattlepassblade.lua
3E28A771AA5B2B97,ui/utils/mpunlockutils.lua
3E2A8715C819ACA7,ui/generated/widgets/frontend/mp/outbreak/obactselectbutton.lua
3E36DBD4F9C3D8D4,ui/generated/widgets/ingame/mp/scorestreaks/apache/apachescreen02.lua
3E3964A5826B1311,ui/generated/widgets/frontend/mp/cas/loadouts/equipmentskinbutton.lua
3E3F52E6D7C7A39B,ui/generated/widgets/frontend/mp/cas/equippedstreaksbase.lua
3E4619DBCFFF3E9B,ui/generated/widgets/ingame/mp/matchstatusscorebar.lua
3E49BAB4328791D3,ui/generated/widgets/mptacticalmaplegendcontainer.lua
3E4EE67D07E69541,ui/generated/widgets/ingame/mp/mperrormessage.lua
3E4FE908A3E5B4B4,ui/generated/widgets/frontend/itemdetailscontainer.lua
3E50D555DEE50AD4,ui/generated/widgets/frontend/seasonalevent/rex/seasonaleventrewardinfocard.lua
3E5265866457DA27,ui/generated/widgets/gamemodeinfosmall.lua
3E52778A2714C79A,ui/generated/widgets/frontend/seasonalevent/seasonaleventxpbar.lua
3E53B3C35CA2372A,ui/generated/widgets/frontend/connecteditemdetailspanel.lua
3E5435F027CCA939,ui/generated/widgets/ingame/mp/scorestreaks/apache/apachescreen01.lua
3E6880B9E291EA12,ui/talkerslayer.lua
3E6B1D050394D864,ui/generated/widgets/frontend/weapons/rex/reticlepreview.lua
3E6DE4F57FBA35C0,ui/utils/mp/codcasterteamsettingsutils.lua
3E704B3E57B6BF21,ui/generated/widgets/frontend/challenges/masterchallengepip.lua
3E717E4901B278E2,ui/generated/widgets/ingame/mp/edgeglowoverlaytrials.lua
3E7339AADF89B375,ui/generated/widgets/ingame/mp/scorestreaks/gunship/gunshipvisionsystem.lua
3E73AA9F469A6C7C,ui/generated/widgets/mappreviewimage.lua
3E75C1C7C5B33640,ui/generated/widgets/ingame/reticles/rex/ret_rex_minired_emp.lua
3E8119F1C5BA8B15,ui/generated/widgets/skillsplash.lua
3E8624C284CB33C4,ui/uilfpglobalwidget.lua
3E86F143710DC23A,ui/generated/widgets/frontend/customize/emotedpadbuttonfe.lua
3E8B60A7E0C2364E,ui/generated/widgets/ingame/mp/escort/escortgoalprogress.lua
3E8C97B1FE70E375,ui/generated/widgets/ingame/reticles/reticlesniper03.lua
3E910612BF8840DE,ui/generated/widgets/mastery/masterybadgegridicon.lua
3E951EA54492FFF0,ui/generated/huds/mprhud.lua
3E9699FD826B83AF,ui/generated/widgets/seasonaleventmasterylock.lua
3E96F2BB79D62E16,ui/generated/menus/frontend/mp/cas/loadouts/gunsmith/gunsmithtuningmenu.lua
3E97ADCCFCF3A4CF,ui/generated/widgets/colorcustomizationpreviewcarouselelement.lua
3EA18E39B8E9A340,ui/generated/widgets/inventory/inventorybackerfocus.lua
3EAABAAA49464A11,ui/generated/widgets/frontend/customize/callingcardemptygrid.lua
3EAD9FFF67461B4F,ui/generated/widgets/frontend/barracks/gamestatbar.lua
3EAE565C5C23C8C2,ui/generated/widgets/rex/genericbuttonbackground.lua
3EB2B23636E8F168,ui/generated/widgets/ingame/mp/cyber/cyberempsensor.lua
3EB709EA423742E1,ui/generated/widgets/frontend/mp/leagueplay/lppostmatchflowrank.lua
3EB9F6B697A4A397,ui/generated/widgets/frontend/challengescontainertabs.lua
3EBB9E79AF484AC0,ui/generated/widgets/ingame/mp/br/brhudsquadstatuscontainer.lua
3EBE330A09611F07,ui/generated/widgets/winnerscircle/winnerscirclesubheader.lua
3EC1652E583D9794,ui/generated/widgets/frontend/depot/mpstorebillboardlist.lua
3ECCD5DDC9AF2694,ui/generated/widgets/frontend/customize/callingcardfilterpopup.lua
3ECD1CF15BC83B5C,ui/generated/widgets/frontend/mp/outbreak/obloadoutbackpackcontainer.lua
3ECD55F98E3CE43E,ui/generated/menus/frontend/mp/cas/shareweaponbuildpopup.lua
3ECDA927C36540F2,ui/generated/widgets/ingame/reticles/reticlesnadjust01.lua
3EE3B038F9EF84D4,ui/generated/widgets/frontend/mp/leagueplay/lppostmatchflowpoints.lua
3EE479FC31D3EEBF,ui/generated/widgets/ingame/mp/dmz/gunbench/gunbenchattachmentinfodetails.lua
3EE6AB0C8974EA17,ui/generated/widgets/imageautofitcontainer.lua
3EE70B89D0F84092,ui/generated/widgets/frontend/barracksiteminfo.lua
3EE8311957227DCA,ui/generated/widgets/frontend/mp/leagueplay/lphowtoplaymapsmodes.lua
3EE87FC749113B98,ui/generated/widgets/frontend/pagedbattlepass/pagedbattlepasscelebrationtokenwidget.lua
3EEA23FB6DCF96F7,ui/generated/widgets/frontend/pagedbattlepass/pagedbattlepasshvtcalloutrightpanel.lua
3EF43681E9C82023,ui/generated/widgets/operatorbloodtype.lua
3EF5A25DC8F3C8FA,ui/generated/widgets/frontend/mp/emblemeditor/emblembutton.lua
3EF641CA3529AF6C,ui/generated/widgets/overheatedwarning.lua
3EF70702DCFB28A1,ui/generated/widgets/frontend/cp/cprewarditem.lua
3EF8CC01DDB81308,ui/generated/widgets/operatorskinpreview.lua
3EFB78E7BDEC4FBF,ui/generated/widgets/limitedtimenotification.lua
3F00DBF360EAFDD8,ui/generated/widgets/buttonhighlightbar.lua
3F023E510213F05A,ui/generated/widgets/store/wishlistprompt.lua
3F0931977EF73285,ui/generated/widgets/ingame/mp/br/rex/squadidinfo.lua
3F0934EFC7506154,ui/generated/widgets/ingame/reticles/reticleholorange01scifipstl.lua
3F0BB09D41574BE3,ui/utils/touchfirebuttonutils.lua
3F0E7C65B54F9580,ui/generated/menus/mastery/masteryshowcaseslotselect.lua
3F10BF8A6E4EAE60,ui/generated/widgets/ingame/reticles/reticleholotherm01penumbra.lua
3F1266E007F78FF5,ui/generated/widgets/frontend/gifting/giftinginfopanel.lua
3F1268F81457A4C1,ui/generated/widgets/frontend/mp/cas/rechargeratewidget.lua
3F14D4717FC11E10,ui/generated/widgets/ingame/reticles/ret_cer_loot_s3swolf.lua
3F1CE07AD78DD632,ui/generated/widgets/leagueplay/lprewarddetails.lua
3F21E9FB749BD398,ui/generated/menus/disturbingcontent.lua
3F2A6591DF37BC9E,ui/generated/widgets/frontend/br/leagueplay/lpsraarstatspostmatch.lua
3F30EA58AB7D835F,ui/generated/widgets/frontend/mp/cas/gunsmith/gunsmithprogressionoverviewbutton.lua
3F328906CBADED1F,ui/generated/widgets/weaponstack.lua
3F38F7821C1818AF,ui/generated/widgets/frontend/customize/customizemenubuttons.lua
3F399AB9F6FCBDB4,ui/generated/menus/frontend/operators/operatorshowcase.lua
3F3ACF2E7AD445A8,ui/generated/widgets/wzm/mobilepopupbackground.lua
3F41AD30DCDD9ED6,ui/generated/widgets/frontend/operator/operatorselectbuttonbase.lua
3F479EE48E378ADC,ui/generated/widgets/ingame/mp/rex/hudprompt.lua
3F47E318777BD1C6,ui/generated/widgets/ingame/mp/br/wzscoreboardmenu.lua
3F4E5603B90370E9,ui/generated/widgets/ingame/shared/contextualobjective.lua
3F61A3F3B7667F71,ui/generated/widgets/frontend/mp/cas/loadoutitembacker.lua
3F61AE4FC23DA011,ui/generated/widgets/ingame/reticles/ret_sat_loot_polarb.lua
3F632C1064C2612C,ui/generated/widgets/ingame/reticles/ret_cer_long_03_zm.lua
3F648161D8AAED96,ui/generated/widgets/ingame/zm/roundnumber.lua
3F655BE124E91B2E,ui/generated/widgets/frontend/depot/mybundlebillboardbutton.lua
3F69C1B314F489BA,ui/utils/fencenetworking.lua
3F6C12E53D1F1203,ui/generated/menus/frontend/codhq/crosslaunchtransition.lua
3F74E0D580D1358F,ui/generated/widgets/ingame/mp/trial/trialeventscoreboardtierhint.lua
3F80DE0BC0C05D27,ui/generated/widgets/ingame/reticles/ret_cer_loot_s2special_alt.lua
3F823BA4B89AD80E,ui/generated/widgets/frontend/mp/lobby/lobbybattleroyalegamesetup.lua
3F8357544467A864,ui/generated/menus/frontend/koreanratingpopup.lua
3F87FBF57BD34559,ui/luibuttoncombinationlayer.lua
3F8BFC730F16EB11,ui/ingamempbrdatasources.lua
3F8DD65BA993C30E,ui/generated/widgets/ingame/mp/scorestreaks/streakhealthbar.lua
3F905074B65AC185,ui/generated/widgets/frontend/battlemapv2/bpsectortag.lua
3F905EF4160958D5,ui/generated/widgets/mastery/masterychallengebutton.lua
3F972D05E231434E,ui/generated/widgets/frontend/seasonalevent/seasonaleventsrewardcardprogressionoverlay.lua
3F987018E3D544E4,ui/generated/widgets/frontend/social/socialprofilemenu/socialshowcasebuttonhighlight.lua
3F990DA06FFC2F6E,ui/generated/widgets/gridcountarrows.lua
3F99BD8E03F24DC3,ui/generated/menus/mainmenuoffline.lua
3F99FB797B9EB0B0,ui/generated/widgets/mainmenubladestoreoverlay.lua
3F9AB444A7EB1A94,ui/generated/widgets/activearmorypromo.lua
3F9BCD008028D502,ui/generated/widgets/frontend/lfp/lfpfindermenubuttongrid.lua
3FA0E3EA53A41B7D,ui/generated/widgets/ingame/reticles/reticlethermalanov94.lua
3FA6E61950093632,ui/generated/widgets/frontend/submenutab.lua
3FBA36586DF4DDB3,ui/generated/widgets/frontend/social/channels/channelsettings.lua
3FC7DDDCB2634268,ui/generated/widgets/ingame/mp/rex/killcam.lua
3FC94D0A94D2FC09,ui/generated/widgets/mp/rex/mpscoreboardtabsmenu.lua
3FCB58FDADBF3DD7,ui/generated/widgets/mpplayagainbuttons.lua
3FDE3300F592D974,ui/utils/anchoredutils.lua
3FDF127272676B67,ui/generated/widgets/options/xb3layout.lua
3FDF6BB379C81AE4,ui/generated/widgets/frontend/store/storebundlemediaitem.lua
3FE2AF4EFEF5FABB,ui/generated/menus/trainingcoursetriptychs.lua
3FE74624CE12827A,ui/generated/widgets/ingame/reticles/rex/ret_rex_minired_04.lua
3FE78480018F075F,ui/generated/widgets/ingame/mp/scorestreaks/trinitybaseoverlay.lua
3FF52C596132CE0B,ui/generated/menus/multiplerewardpreviewpopup.lua
3FFD6C51BACACBAD,ui/utils/mp/challengeutils.lua
40023425187B13AC,ui/frontend/gunsmithpopups.lua
400DA68A19E7B55E,ui/generated/widgets/ingame/mp/obituary/obituarykillsub.lua
401013150113FFC5,ui/generated/widgets/ingame/reticles/ret_cer_loot_s35magic_alt.lua
4010CE11E73DFCDE,ui/generated/widgets/frontend/systemlinkjoinmenutitlerow.lua
40191BFBCA741ECC,ui/generated/widgets/ingame/reticles/ret_sat_short_09_zm.lua
401BCE7E4E9C1A28,ui/generated/menus/options/boothdrwhitepoint.lua
401D5F19AF573286,ui/generated/widgets/selectbaseperkpopup.lua
401D6601E53AE057,ui/generated/widgets/store/storespotlight_4.lua
401DF4FA3EA5E122,ui/generated/widgets/frontend/br/leagueplay/lpbrhowtoplaysroverviewdisplay.lua
40256C0FB7B53DD1,ui/generated/widgets/frontend/cac/createaclassbutton.lua
4025B10BFC3E37E9,ui/generated/widgets/frontend/aar/aarperformance.lua
4032CF4C08A88BBB,ui/generated/widgets/ingame/rex/radialmenu8slice.lua
40342636FB876EFD,ui/generated/menus/frontend/cp/cpgamedifficulty.lua
4034DFAF991645AD,ui/utils/codui.lua
403C94F71FD794EC,ui/generated/widgets/ingame/reticles/reticledmscopetherm01domascus.lua
403FF2A56C252ED0,ui/generated/widgets/frontend/customize/rex/stickerbookallmodesmasterycard.lua
4044AEAADE88ADDA,ui/generated/widgets/ingame/reticles/ret_cer_loot_s5leather.lua
404A7B1679451AF7,ui/generated/widgets/frontend/mp/leagueplay/lpdivisionrewardscontainerlarge.lua
404DD19D00378A37,ui/generated/widgets/ingame/hitmarkerstackablecontainer.lua
4050467F7AC07CF6,ui/generated/widgets/options/emptysettings.lua
4052129096812D8D,ui/generated/widgets/frontend/battlemapv2/bpunclaimedrewardupsell.lua
4054C5D885D598CD,ui/generated/widgets/buttons/buttonhighlightinsetdoubleaction.lua
4057BFDC916E5AEF,ui/generated/widgets/ingame/lootsplashcontainer.lua
4057DAFEED740EE2,ui/generated/widgets/frontend/seasonalevent/seasonaleventsdualchallengeside.lua
405CB5BE6869E51F,ui/utils/switchlogic.lua
406156ACE1224751,ui/generated/menus/contextualtipmenu.lua
4062D790B430A55A,ui/generated/widgets/ingame/mp/scorestreaks/gunship/gunshipspeedstats.lua
406623742BAB3CA4,ui/generated/widgets/wzm/mobilealtheader.lua
406DBCE815B70C0A,ui/generated/menus/frontend/mp/benchmarklobby.lua
4074DD18AEB31DE6,ui/generated/widgets/frontend/weapons/customization/rex/camobutton.lua
4075C36A8C3CA166,ui/generated/widgets/frontend/jupdepot/jupbattlepassfreebanner.lua
4076AB0624C62D04,ui/generated/menus/mastery/masterybadgeselect.lua
40828903504576E6,ui/generated/widgets/chat/channelnewmessage.lua
4088E789AE4EDF76,ui/generated/widgets/frontend/store/storecarouselheader.lua
4089928C820EA30C,ui/generated/widgets/frontend/customize/callingcardequipoptionspopup.lua
408AF17ED66AA7A2,ui/generated/widgets/ingame/mp/turretplacement.lua
408B3F8101E018EE,ui/generated/widgets/frontend/lobby/lobbyplayerliststatus.lua
408E6D697DE1DFA9,ui/generated/widgets/frontend/lobby/rex/lobbyplayerlistpartyindicator.lua
409627CC792E3D39,ui/generated/widgets/frontend/mp/outbreak/obloadoutitemslots.lua
409948D461C477EB,ui/generated/widgets/ingame/mp/matchstatusscores.lua
409A0F4E7614287E,ui/utils/fencesmschallenge.lua
409BF1B07B1CA247,ui/generated/widgets/ingame/mp/doublexpsplash.lua
40AE1802CE0B24C5,ui/generated/menus/frontend/challenges/masterchallengesmenu.lua
40AEB1B3D8D61C17,ui/generated/widgets/ingame/mp/trial/trialscoreboardtierhint.lua
40B52E5C3716C184,ui/generated/widgets/ingame/spotterscopeoffhand.lua
40BAAA2CAC8C2D7A,ui/generated/widgets/ingame/reticles/reticlesniperdelta.lua
40BE40C9DE50B4FD,ui/generated/widgets/ingame/mp/minimaphoverobjective.lua
40C0AEF4275A3B7A,ui/generated/widgets/frontend/mp/lobby/lobbybattleroyalegamemodebutton.lua
40C23CF9A073E965,ui/generated/menus/rex/patchnotes.lua
40C38AE88E0B4802,ui/generated/widgets/frontend/jupdepot/jupbattlepassbutton.lua
40CA24EBE100DF03,ui/generated/widgets/frontend/jupbattlemap/jupbpunlockreticle.lua
40CC398C076540B5,ui/generated/menus/sp/campaignmenubeta_rex.lua
40CD0D28DC1D4E4F,ui/generated/widgets/frontend/mp/obpvp/devobentrancedebugoverlay.lua
40CDDFC60701EF4C,ui/generated/widgets/ingame/mp/vehicle/driverhudcargotruck.lua
40CF3EDFFF28DBE7,ui/utils/fenceclientconnect.lua
40D2740C5932DFE6,ui/generated/menus/frontend/sp/dungeonstatspopup.lua
40DEDFFC7F4D2C2C,ui/generated/menus/frontend/mp/cas/loadouts/perkselectbase.lua
40E086ED740F8E19,ui/generated/widgets/ingame/mp/youindicatorright.lua
40EBF966477F6897,ui/generated/widgets/frontend/dmzpersistentoperatorgearinformationbutton.lua
40F770E686A60B15,ui/generated/widgets/frontend/jupbattlemap/jupbptoggle.lua
40FE7620AF820329,ui/generated/widgets/frontend/seasonalevent/rex/eventgamemodetags.lua
40FFBDAB02E0346F,ui/utils/installutils.lua
40FFFA21C1CAC848,ui/generated/widgets/infiltrationroleweapon.lua
4101E1D7E6E65754,ui/generated/widgets/ingame/reticles/reticle21hybrid.lua
4104F4BB38E0F8FE,ui/generated/menus/frontend/lobbyrejoinconfirmpopup.lua
4106E988CE822838,ui/generated/widgets/mastery/masteryshowcaseslothint.lua
41089235C722CAC4,ui/generated/widgets/options/rex/copyimagebutton.lua
410DADC9E3B94396,ui/generated/widgets/juggernautframe.lua
410DF32C66A2803A,ui/generated/widgets/options/subtitlesettingpreview.lua
410DF67F3A54FA20,ui/generated/widgets/trials/trialeventcontainer.lua
410EE58229A6FD24,ui/generated/widgets/ingame/rex/spotterscope.lua
4110149239D5F206,ui/generated/menus/frontend/combatrecord/rex/combatrecordrecentmatches.lua
41161DCB879BF8D7,ui/generated/widgets/ingame/mp/scorestreaks/gunship/gunshipcoordinates.lua
4118D6DCA3423C75,ui/generated/widgets/frontend/mp/cas/gunsmith/gunsmithbuttongroupbase.lua
4119525201CD40DD,ui/generated/widgets/ingame/reticles/ret_sat_loot_testingf.lua
411E67142EC40F2D,ui/generated/widgets/frontend/rtt/rttstoreitemscreen.lua
411EBE1002E1ACDB,ui/generated/widgets/toastnotificationbutton.lua
412210E888916D7A,ui/generated/widgets/ingame/reticles/rex/ret_rex_holo_therm_01.lua
4128F5F1EF5A8E17,ui/generated/widgets/frontend/aar/aarxpunlockprogressiondoublexptexts.lua
41298BD414244F27,ui/generated/widgets/mp/teamscoreboardbase.lua
413C339B9C65DFB7,ui/generated/widgets/frontend/store/storebundlepreviewlist.lua
413F985BEDDF0B9C,ui/generated/widgets/store/storecarryforwardmessagetext.lua
41448E634F738081,ui/generated/widgets/frontend/mp/tournament/tournamentevent.lua
414806178C117C9D,ui/generated/widgets/frontend/pagedbattlepass/blackcell/blackcellupsellbutton.lua
414B5FA583020C50,ui/generated/widgets/ingame/lootmenuping.lua
414F03B9F7114622,ui/generated/widgets/frontend/pagedbattlepass/blackcell/blackcellupsellpanelmedium.lua
41527A802FC4A516,ui/generated/widgets/cac/weaponblueprintdata.lua
4154E2D8CE7A1716,ui/generated/widgets/frontend/codhq/layouts/codhqstore.lua
41551A4AC075D80E,ui/generated/widgets/store/storespotlight_5b_alt.lua
4158CBF99B069F66,ui/generated/widgets/frontend/weaponscasedetailscontainer.lua
415DD52EF08F17DF,ui/generated/widgets/ingame/reticles/rex/ret_rex_scope_therm_cust_02.lua
4161D1A714EFA56E,ui/generated/widgets/dmzbonusicon.lua
416686A7781D49F2,ui/generated/widgets/ingame/reticles/reticlesniper02.lua
4168FCE5B35B0011,ui/generated/widgets/frontend/jupbattlemap/jupbpmapwidget.lua
416EFD9DD4DBF451,ui/generated/widgets/frontend/barracks/unlockslootpanel.lua
41733C64C427C13F,ui/generated/widgets/chat/channelautomessage.lua
417351DC5CC98CF4,ui/generated/widgets/weaponperformancestats.lua
417676677DC70BEA,ui/generated/widgets/ingame/reticles/ret_sat_med_10_zm.lua
4176E57698082A2F,ui/generated/widgets/ingame/reticles/ret_cer_loot_s45diver.lua
4189FBAB4C279B4E,ui/generated/widgets/ingame/reticles/iw9/reticlesnscoperf01hip.lua
419C1F0FC800E758,ui/generated/menus/ingame/mp/benchmarkcontainer.lua
41A5631172E3FFFB,ui/luipips.lua
41AAFD83FDC6FA3E,ui/generated/widgets/ingame/reticles/ret_cer_loot_s55ademon_alt.lua
41B84458B3F9ED3C,ui/generated/menus/frontend/depot/playstoremenu.lua
41BDCEB73480968E,ui/frontend/frontendpresencemanager.lua
41C1DB5FCF6E65A7,ui/generated/widgets/ingame/shared/nameplates/nameplatearmorhealthbarsingle.lua
41CCD2527EA4714D,ui/generated/widgets/ingame/reticles/ret_cer_long_03_zm_therm.lua
41CEACB381E23078,ui/generated/widgets/frontend/pagedbattlepass/pagedbattlepasshvtcalloutleftpanel.lua
41D099F80DABB758,ui/generated/menus/frontend/mp/tournamentbracket.lua
41D999404B335997,ui/utils/timeutils.lua
41DC2F67E3228967,ui/generated/widgets/ingame/reticles/reticle04.lua
41F1C11BE1EAD3DA,ui/generated/widgets/frontend/pipswithnavigation.lua
41F4CB7473763BDA,ui/generated/widgets/frontend/store/storebasicitembutton.lua
41F89BAAD33A27C4,ui/generated/widgets/frontend/seasonalevent/seasonaleventschallengeimage.lua
41F96B5E97D13351,ui/generated/widgets/frontend/trackedchallengebutton.lua
41F97D38926A01F1,ui/generated/widgets/frontend/mp/cas/loadoutweaponclusterbase.lua
41FCB83F9E77FCEA,ui/generated/widgets/frontend/br/leagueplay/lpbrseasonalrewardlist.lua
41FD11F5D549EA82,ui/generated/widgets/ingame/reticles/reticleminireddot03spider.lua
41FD5FD46161C4F2,ui/generated/shadowpresets/shadowpresets.lua
4206F925DA918017,ui/generated/widgets/buttons/buttonloadoutitemicon.lua
420700A2371D5931,ui/generated/widgets/ingame/zm/jup/zmpoweruptimer.lua
420708986CE9014D,ui/generated/widgets/tooltipwidgetarrow.lua
4207459A92B70F13,ui/generated/widgets/genericeditboxtrailing.lua
420C382C814D6D95,ui/generated/menus/frontend/barracks/leaderboardfiltermenu.lua
420D5762BD692BF7,ui/generated/widgets/frontend/seasonalevent/seasonaleventseventexclusivetagvisuals.lua
420F5E1D5F386664,ui/generated/widgets/ingame/mp/br/gethighmodealtimeterdisplayplayers.lua
4213A0D250A69C80,ui/utils/mp/CodcasterAnnouncementsManager.lua
42156E7FD1355443,ui/generated/widgets/frontend/progression/rex/logotag.lua
421ACB3B8290AD25,ui/generated/widgets/exfilmissionlayout.lua
421DF8A8152736C4,ui/ingame/scopereticlemanager.lua
42201498FDA819A6,ui/generated/widgets/ingame/mp/br/brammotypenocount.lua
42237E52CB3363B0,ui/generated/widgets/frontend/seasonalevent/seasonaleventsrewardcardimage.lua
422991CAADA5916B,ui/generated/widgets/genericwidgets/challengeprogressicon.lua
422AB2CA7E9C0AB9,ui/generated/widgets/frontend/aar/rex/aarsummarystattile.lua
422B0FDC7D835014,ui/generated/menus/frontend/mp/leagueplay/lpbrpubliclobby.lua
422F9E92A8DE0E5E,ui/generated/widgets/frontend/barracks/challengeitemrerollbutton.lua
42322350D2019955,ui/generated/widgets/ingame/mp/ffaplayerscore.lua
42359AD2798EAEF6,ui/generated/widgets/xptokenflyoutnotification.lua
423897B6DCAD79A9,ui/generated/widgets/ingame/interactiveobjectbuttons.lua
4239B50E6E28F189,ui/generated/widgets/ingame/zm/zmplayerinfo.lua
423CA3458F78DA5B,ui/generated/widgets/ingame/reticles/reticle17.lua
424C8A8B7CE3A2B8,ui/generated/widgets/frontend/depot/battlepassstatus.lua
4250E3532F27808E,ui/generated/widgets/frontend/aar/aarcash.lua
4255B40D697CF021,ui/generated/widgets/frontend/mp/pmc/dmzbaselist.lua
425E0A6687474DA6,ui/generated/widgets/ingame/mp/splashtimersubheader.lua
4260A624ED5C0623,ui/generated/widgets/ingame/reticles/rex/ret_rex_reflex_cust_05.lua
4261E69019FEB7DD,ui/generated/widgets/ingame/reticles/ret_cer_med_06_wz.lua
426927649C33243C,ui/generated/widgets/frontend/jupbattlemap/seasons/jupbpspecialminimapsectorswidget_s3.lua
426D6EF1F392A12A,ui/generated/widgets/frontend/aar/aarxpelderprogression.lua
4278774D4330351E,ui/generated/widgets/frontend/mp/lobby/lobbymatchoperatordetails.lua
4278B5E737B9F0D1,ui/generated/widgets/frontend/codhq/buttons/codhqwhatshotbutton.lua
427C01F0567ADAB7,ui/generated/widgets/frontend/weapons/weaponarmorybase.lua
427E023BD67140C0,ui/generated/widgets/frontend/aar/aarxpunlockprogression.lua
427FA950EA909B4C,ui/generated/widgets/frontend/events/seasonaleventsmenueventselection.lua
4280A9178FADE28D,ui/generated/widgets/frontend/battlemapv2/bppurchasescreenbracketitemdetails.lua
4283176218673C93,ui/ingame/driverhudarmoredpatrolcontainer.lua
42847E3012186D6F,ui/generated/widgets/frontend/seasonalevent/seasonaleventsmenucontenttemplateleaderboard.lua
42867CC6DFD23822,ui/generated/widgets/ingame/reticles/reticlefourx05.lua
4287CAFC3E629690,ui/generated/widgets/frontend/mp/cas/rechargeratebuttonbackervm.lua
428CE3EF66A9F4AE,ui/utils/weaponrttmanager.lua
428F35FE133CF055,ui/generated/widgets/frontend/seasonalevent/seasonaleventsmenucontenttemplatechallenge.lua
429002074E174F26,ui/ingame/driverhudtechorebelcontainer.lua
4292D6CEAFC7AD19,ui/generated/widgets/frontend/jupdepot/jupbattlepassgridcontainer.lua
42938281B39B0476,ui/generated/widgets/frontend/mp/leagueplay/lpcareerbutton.lua
42944C5F7DBDD9F4,ui/generated/widgets/frontend/challenges/callingcardmasterchallengewidget.lua
4297285F035C06C7,ui/generated/widgets/store/storecarryforwardgames.lua
429A362A02130CD6,ui/generated/widgets/ingame/reticles/extrareticles/reticleoutercirclesnapshot.lua
429BB348040891AE,ui/generated/widgets/frontend/mp/cas/gunsmith/ampbutton.lua
429C3ABF6DD2D3BF,ui/generated/widgets/ingame/mp/trial/trialstatdivider.lua
42A06C45E578E11A,ui/generated/widgets/frontend/seasonalevent/seasonaleventsmodeprogresstracker.lua
42AB8A908ED62CAE,ui/generated/widgets/ingame/equipmentbase.lua
42ACBA4C499C9708,ui/generated/menus/options/screenmargins.lua
42ADF04A2F15FDF2,ui/generated/menus/frontend/mp/outbreak/obmissionselect.lua
42B69C23712B6483,ui/generated/widgets/batterylevelprogress.lua
42B7D1391571F65F,ui/generated/widgets/frontend/seasonalevent/seasonaleventsmenucontenttemplatemapchallenge.lua
42BBCDE675534639,ui/generated/widgets/frontend/seasonalevent/rex/seasonaleventsrewardcardborder.lua
42C05E3054531987,ui/generated/menus/frontend/hudcustomization/hudcustomizationmenu.lua
42CF047230096D2A,ui/generated/widgets/frontend/progression/progressiontileprestigedetails.lua
42D15F91998D5827,ui/generated/menus/frontend/social/socialaddfriendsbysearch.lua
42D4C40F68BED119,ui/generated/widgets/howtoprogressbrcard.lua
42D55CDFBC4C0863,ui/generated/widgets/newtag.lua
42D771F9D0DF2CFF,ui/generated/menus/frontend/mp/cas/loadouts/equipmentselect_flc.lua
42D8E20F914A7F15,ui/generated/widgets/ingame/theaterhudrecordingcountdown.lua
42D9A77A92929781,ui/utils/mp/fencestore.lua
42DC86D9CCF1F46E,ui/generated/widgets/frontend/lobby/lobbypartysettingsbutton.lua
42E311D62A58A176,ui/generated/widgets/genericeditboxoption.lua
42E4F6A26A039EBC,ui/generated/widgets/ingame/reticles/ret_cer_med_07_mp_alt.lua
42E7627FCAB88BDA,ui/generated/widgets/buttonpromptcontainer.lua
42E7B706596E5E03,ui/utils/eulautils.lua
42EC712C5D776A82,ui/generated/widgets/frontend/cac/weaponattachmentsinfo.lua
42F3F46F218E2765,ui/generated/widgets/ingame/mp/br/rex/brgasmaskreadout.lua
42F4A35051823C57,ui/generated/widgets/frontend/mp/tournament/tournamentbannedpopup.lua
42F66BE52E8CC4A5,ui/generated/menus/frontend/languageselect.lua
42F69EC872C8316B,ui/generated/widgets/ingame/reticles/ret_sat_long_05_wc.lua
42F6EA7F724ACFB8,ui/generated/widgets/ingame/mp/arena/arenaloadoutequipment.lua
42F78A17CC4670BB,ui/generated/widgets/ingame/objectivetitlebase.lua
42FC83B09E2F717E,ui/generated/widgets/ingame/reticles/ret_cer_loot_s5gberet_alt.lua
430B27D35417E676,ui/utils/fencescenariomissing.lua
430BEBA37D8EE489,ui/generated/widgets/ingame/rex/pingradialmenu.lua
430DA015D9A6ECE3,ui/generated/widgets/ingame/reticles/ret_cer_loot_s2special.lua
43136D8BD865AE73,ui/generated/widgets/ingame/mp/escort/escortspeedarrows.lua
43183EE8DE5200EA,ui/generated/widgets/frontend/mp/mpplayerdetails.lua
431A4816231852C6,ui/generated/widgets/frontend/seasonalevent/seasonaleventstierskipbuttonvisuals.lua
431E095F43ED7869,ui/generated/widgets/notificationeventcontainer.lua
4320D9A79DEC00AA,ui/generated/widgets/ingame/reticles/ret_cer_loot_s2saintpat.lua
4321D442A8195947,ui/generated/widgets/ingame/mp/scorestreaks/gunship/gunshipreticlecompassflat.lua
43286F547DA85AA3,ui/generated/widgets/ingame/mp/rex/perkshudwidgetinfo.lua
432FA4A3422D18DF,ui/generated/widgets/missionselectpreview.lua
4333B8EA9DE9100E,ui/generated/widgets/store/rex/storetilefeatured.lua
433EF04FCBF145FE,ui/generated/widgets/ingame/reticles/reticlehybrid03pshock.lua
433F1D5FE6DCC75B,ui/generated/widgets/ingame/mp/vehicle/driverhud.lua
434171E0B903D37D,ui/generated/widgets/ingame/reticles/ret_cer_loot_s4improv_rangefinder.lua
4344627BEE318390,ui/generated/widgets/ingame/reticles/rex/ret_rex_reflex_cust_06_blu.lua
43452DBB2511A099,ui/generated/widgets/buttons/buttontextrevealbacker.lua
4353DEFDB2F08AD7,ui/generated/menus/frontend/operators/operatorcustomizationbase.lua
4355755F5EBFE3E8,ui/generated/widgets/ingame/mp/vehicle/technicaldiagram.lua
435A9CED657C7947,ui/generated/widgets/trainingcoursetutoriallistitem.lua
435B02E5594B1AFA,ui/generated/widgets/frontend/seasonalevent/rex/seasonaleventsmasteryrewardcardunlockcelebrationoverlay.lua
43629CA9D287341F,ui/generated/widgets/genericwidgets/splitbackerbottom.lua
436AD19E2CAB532D,ui/generated/menus/frontend/events/ministorepopup.lua
43705C940AF62622,ui/generated/widgets/frontend/weapons/loadout/loadoutitemequipmentbutton_wz2.lua
437235CEC3FC12FF,ui/generated/widgets/zm/zmoperatorportrait.lua
43769CBB7E84D2BB,ui/subtitleslayer.lua
4376D26500A3EE84,ui/generated/menus/frontend/mp/zm/zmplaylistselect.lua
4377335A9B5B8611,ui/generated/widgets/ingame/reticles/ret_cer_med_02_wz.lua
437839C7FCF48816,ui/generated/widgets/ingame/mp/escort/escorttankwidget.lua
437E90C528989C6D,ui/generated/widgets/ingame/reticles/ret_cer_loot_tactvamp.lua
437EACC3CE4532F6,ui/generated/widgets/store/storetilecarouselinternalsmall.lua
43813254E3E4A6D3,ui/generated/widgets/ingame/reticles/rex/ret_rex_dmscope_vz_01.lua
438229EC1260F85B,ui/generated/widgets/ingame/mp/trial/trialstatlinebottom.lua
4387039C7756C1E3,ui/generated/widgets/inventory/inventorybuttonbackerrarity_rex.lua
438C1F3B24FA9166,ui/generated/widgets/rex/subheaderwithprompt.lua
438C313FF1E953CD,ui/generated/widgets/ingame/mp/benchmarkstatsingamehorizontalcontainer.lua
439D8E1D7523D174,ui/generated/menus/frontend/mp/dmzmainmenu.lua
43A0975A790E7F9D,ui/generated/development/frontend/aar/jupaarprestigeradialcurrentprogressmarkers.lua
43A1A4065C3CFE9F,ui/generated/widgets/genericeinkbackground.lua
43A5E4B216D98BAF,ui/generated/widgets/frontend/modeplaylistbuttonrtt.lua
43A8E837D463426E,ui/generated/widgets/frontend/customize/rex/customizeselectmenubutton.lua
43A9DE6B7306AF05,ui/generated/widgets/ingame/reticles/ret_cer_med_06_mp.lua
43B4A45B745D0344,ui/generated/widgets/frontend/aar/aarbreakdown.lua
43BB6894D7A47223,ui/ingame/mp/mobileturretoverlay.lua
43CA27A61EC41541,ui/generated/widgets/frontend/barracks/rex/barrackschallengeitem.lua
43CAB3BC01F7D2DF,ui/generated/widgets/ingame/reticles/rex/ret_rex_fourx_cust_03_grn.lua
43D1C3E4D46998D1,ui/generated/widgets/frontend/seasonalevent/seasonaleventstitleanddescription.lua
43D4E9E31A5E3E72,ui/ingame/driverhudtechnicalcontainer.lua
43D75AB861DD7605,ui/generated/widgets/frontend/sp/missionselect/mapdecorationline.lua
43DE084A76A323C1,ui/generated/widgets/ingame/reticles/jup_snscope_hsierra2.lua
43E1BF7B7997430F,ui/generated/widgets/frontend/mp/leagueplay/lpdivisionrewardscontainersmall.lua
43E3BB07E6212590,ui/ingame/driverhudmilcargotruckcontainer.lua
43EB06AEC1E7F2BF,ui/generated/menus/frontend/mp/battleroyale.lua
43F06C9B22A43505,ui/generated/widgets/frontend/pagedbattlepass/pagedbattlepasstierclaimhighlight.lua
43FC907FC36D6B59,ui/utils/clickstream.lua
43FC990F25234E84,ui/generated/widgets/ingame/reticles/ret_cer_loot_s55ademon_rangefinder.lua
440653FCC4181179,ui/utils/playercardutils.lua
44076BD94598ED5B,ui/generated/widgets/itempreviewcinematic.lua
440835693EAA88F6,ui/generated/widgets/ingame/reticles/ret_cer_short_05_zm.lua
440E59FDFE480965,ui/generated/widgets/ingame/mp/miscmessages.lua
441E6C0214E41B2D,ui/generated/widgets/frontend/rex/rowquickselectbutton.lua
441F25AA24EB3C8D,ui/generated/widgets/frontend/barracks/unlocksrankpanel.lua
442A99D2B44FBC64,ui/generated/widgets/bundleupsellbutton.lua
442E90DE5C536ED4,ui/generated/widgets/frontend/customize/stickerbookmasterysetstatspanel.lua
442F9875963078F8,ui/generated/widgets/ingame/reticles/reddotmagnifiedhybridgreen.lua
443321FA45212FEE,ui/generated/widgets/ingame/reticles/fourxhelimawhite.lua
44417AE3B3A7BB0E,ui/utils/seasonaleventutils.lua
44423E0E5FD556DD,ui/generated/widgets/frontend/br/brchallengestypelist.lua
444D2EFF3A58C226,ui/generated/widgets/quickplaybuttonbackground.lua
44572DE2B47ACD79,ui/generated/menus/frontend/pagedbattlepass/pagedbattlepassftuemenu.lua
4458A1DA0B44AD93,ui/generated/widgets/ingame/reticles/reticle22.lua
445B46BDEDB170BE,ui/generated/widgets/frontend/aar/aarlooteditems.lua
445B59A8D90FA4CB,ui/generated/widgets/frontend/pagedbattlepass/pagedbattlepassbuttonhighlight.lua
445C832EB8756CA4,ui/generated/widgets/ingame/reticles/reticleholobasebcell.lua
445C8C3EB6890263,ui/generated/widgets/ingame/reticles/ret_sat_med_06_mp.lua
445FBF28AF63180A,ui/generated/widgets/frontend/weaponquickequipcontainer.lua
4461EE95F98CD065,ui/generated/widgets/ingame/reticles/crimsondot.lua
4467AB4ABE6109EC,ui/generated/widgets/ingame/reticles/ret_cer_long_01_mp_rangefinder.lua
446FF24CFE08B2CA,ui/generated/widgets/frontend/mp/lobby/locallobbymap.lua
44707DF7CBD45917,ui/generated/widgets/ingame/reticles/ret_cer_varizoom02_def.lua
44780AB9D1F22761,ui/generated/menus/firingrangetargetsettingsmenu.lua
447ACE4801664298,ui/generated/widgets/frontend/depot/mpstorebillboardgridrow.lua
447E64D1DB30F952,ui/generated/menus/frontend/mp/cas/loadouts/fieldupgrades_flc.lua
447EE6E41248B33B,ui/generated/widgets/ingame/matchtomatchcontainer.lua
44813B2908BF4914,ui/generated/widgets/frontend/lobby/rex/lobbyplayerlistbutton.lua
44823353D1CF0546,ui/generated/widgets/caccommon/qualitywithtext.lua
4484FE5670D33AF1,ui/generated/menus/frontend/barracks/unlocksmenu.lua
44968FDFBEF96C6F,ui/generated/widgets/ingame/shared/contextualplayercounticon.lua
449A2E5D5CB6905C,ui/generated/widgets/ingame/reticles/reticle05.lua
44A09EF027FD2A36,ui/generated/menus/frontend/mp/leagueplay/lprankrewardsmenu.lua
44A39377C599E99E,ui/generated/widgets/ingame/mp/rex/inactivitywarnings.lua
44AA16F44BACDB9B,ui/generated/widgets/frontend/challenges/weeklychallengesseasonalrewardpanel.lua
44B83C2C907B4D2F,ui/generated/widgets/frontend/combatrecord/combatrecordlandingtab.lua
44BBCA5383F750B4,ui/generated/widgets/frontend/mp/cas/addnewloadoutmenu.lua
44BE97AB278D4CAE,ui/generated/widgets/ingame/mp/gunfightversuscontainer.lua
44BFE0703C70C798,ui/generated/widgets/ingame/mp/trial/trialrewardprogress.lua
44C0789F913F7FB5,ui/generated/widgets/ingame/reticles/ret_cer_loot_s2special_rangefinder.lua
44C50174B8DD5D80,ui/generated/widgets/inventory/inventorygroupfocusinternal_rex.lua
44C5EC12E978E5D6,ui/generated/widgets/frontend/radialcustomizationbutton.lua
44CBF4D944FDAB82,ui/generated/widgets/frontend/gifting/giftmessagebacker.lua
44CD159873E541AD,ui/generated/widgets/frontend/battlemap/battlemaptokenpurchasewidget.lua
44D04B7D541577F0,ui/generated/widgets/frontend/lobby/lobbymembers.lua
44D08C1EB49FCC52,ui/generated/widgets/frontend/aar/aarflyout.lua
44D633471F9C5D05,ui/generated/widgets/rex/bindingpreviewmouse.lua
44D63F37823388DE,ui/generated/widgets/frontend/events/ministoreinputprompt.lua
44D64EAB1F8EBED3,ui/generated/widgets/frontend/social/channels/rex/channelsettings.lua
44D7B14BAFE4C847,ui/generated/widgets/ingame/mounthint.lua
44D9AC60FC743CD0,ui/generated/widgets/codballgrenadeprompt.lua
44DB3EDDB26DBB2B,ui/generated/widgets/dmz/progressionnotification.lua
44DFDE6B860727C4,ui/generated/widgets/frontend/challenges/camopreviewchallenge.lua
44DFEC8373EF9D32,ui/generated/widgets/ingame/reticles/rex/ret_rex_reflex_cust_08_blu.lua
44E3560D2C6DF0D2,ui/generated/widgets/ingame/reticles/ret_cer_med_05_mp_alt.lua
44E6471A0E7F9A90,ui/generated/widgets/ingame/mp/scorestreaks/apache/apachecontrols.lua
44FA79EA8DFD37BD,ui/generated/widgets/frontend/career/careerchallengesbutton.lua
44FB18E2FA4D99E2,ui/generated/widgets/ingame/reticles/catdot.lua
44FFB98F39E0E554,ui/generated/widgets/frontend/mp/leagueplay/lprankiconbuttonmedium.lua
45025110D3FBB7A2,ui/generated/widgets/vaultweaponbonus.lua
45026B0242793145,ui/generated/widgets/frontend/gamemodeprompt.lua
4502F8D079226ABA,ui/generated/menus/campaignmenuoffline.lua
450390DF51F4BB8C,ui/utils/fencefreetoplayprivilege.lua
4504415EA8F2A215,ui/generated/widgets/frontend/codhq/motd/rex/motdwidget.lua
45091AF8A5EDCA32,ui/generated/widgets/ingame/mp/mpbink.lua
450A79A1D309B08F,ui/generated/widgets/ingame/mp/scorestreaks/locationselectorinfo.lua
450D436D487CEBD6,ui/generated/widgets/cac/rex/gunsmithcosmeticscategorybutton.lua
45109BD26A027C96,ui/generated/widgets/frontend/social/socialplayerdetails.lua
45111142E3629EA8,ui/generated/widgets/ingame/reticles/ret_sat_short_09_wz.lua
45135D65382DA6DB,ui/generated/widgets/frontend/lobby/igrxpbonustip.lua
451AC4A92CDA298D,ui/generated/widgets/ingame/radialselectionarrow.lua
451B8445DFA56011,ui/generated/widgets/ingame/mp/heartbeatsensortablet.lua
451EBD51FFEBCB71,ui/generated/widgets/ingame/reticles/rex/ret_rex_snscope_cust_04_blu.lua
4521D95FF6D8537A,ui/generated/widgets/generictogglebutton.lua
45275352D3C385F4,ui/generated/widgets/ingame/reticles/ret_cer_loot_s3carver.lua
4529DECEAB80FA2E,ui/generated/widgets/frontend/seasonalevent/seasonaleventsinformationalbundlesbutton.lua
45311560D8C74100,ui/generated/widgets/frontend/seasonalevent/seasonaleventgridnavigationarrow.lua
45339260786C57F0,ui/generated/widgets/ingame/mp/groundwar/squadstatusitem.lua
453599F99C61C9E3,ui/generated/widgets/store/storetilemedium.lua
45409F067B8FD496,ui/luiradialprogressbar.lua
4540AFCF5D3E2E1C,ui/generated/widgets/detailedweaponstats.lua
4541C56493C3B396,ui/generated/widgets/ingame/reticles/rexreticlepiscope01.lua
454D923B0F2804E0,ui/generated/widgets/contextualbuttonprompt.lua
4555F94186EE7ED8,ui/generated/widgets/store/storetilethreequarter.lua
455EC27620BC8EF5,ui/generated/widgets/battlepass/blackcellxpboost.lua
456181F398DA3744,ui/utils/fenceshaderupload.lua
45623B6C59C613AF,ui/utils/uicustomizationutils.lua
4563236AE0992598,ui/generated/widgets/ingame/mp/br/brredeploysolos.lua
456551DD42B24B3A,ui/generated/widgets/frontend/jupbattlemap/jupbundlepurchasepopup.lua
45668F3C7387BE33,ui/generated/widgets/frontend/battlemapv2/bpunlockreticle.lua
457248F30C7B4C49,ui/generated/widgets/frontend/seasonalevent/seasonaleventschallengerewardaltcard.lua
457EDA5339EB01C1,ui/generated/widgets/ingame/mp/mpscoreboardmenu.lua
4581FAB212B49036,ui/generated/widgets/frontend/aar/aarbattlepasstiertoggledoublewidewithstatus.lua
45821F256967C865,ui/generated/widgets/inventory/inventorygroupfocus_rex.lua
45842B5F40715E60,ui/generated/widgets/ingame/reticles/ret_sat_long_01_mp.lua
4587B82378217229,ui/luimodelrotationarea.lua
4588578610BA522E,ui/generated/widgets/frontend/mp/leagueplay/lpplacementmatchespips.lua
45889F2FBD142ADB,ui/generated/widgets/frontend/mp/leagueplay/lprewardlistspacer.lua
4588F16F2EC2DA70,ui/generated/widgets/featurednotificationtag.lua
45891FA45664E6F5,ui/generated/menus/frontend/mp/cas/loadouts/blueprintskincategoryselect.lua
458C4287822099C4,ui/generated/widgets/buttonglow.lua
458DA0C5EB8B859A,ui/utils/mp/fencemultilogin.lua
4592BAF6C4E5250B,ui/generated/widgets/frontend/seasonalevent/seasonaleventlootrewarditem.lua
459B002B8E386700,ui/generated/widgets/ingame/sp/nvg/nvgfillbar.lua
45A0AEBD0DCC9517,ui/generated/widgets/ingame/reticles/ret_cer_long_04_mp.lua
45A0EF09FAABBEDD,ui/generated/widgets/ingame/mp/br/healthbar.lua
45A69AE6B172850A,ui/generated/widgets/frontend/operators/operatorcustomizeskinbutton.lua
45A913FCE9A2AF5B,ui/ingame/brtutorialendgameflowlayer.lua
45B4A5A407AACF67,ui/generated/widgets/ingame/cp/iw8/eventtimer.lua
45B6AFA203B29FDA,ui/generated/widgets/ingame/reticles/ret_cer_loot_s2cdplayer_alt.lua
45B6BFB977328C92,ui/generated/widgets/ingame/inventoryhint.lua
45BAB80FA9114C30,ui/generated/widgets/frontend/social/channels/textchat/rex/channeltextchatentrymessagebacker.lua
45BF3FFD7642C1CF,ui/generated/widgets/frontend/seasonalevent/seasonaleventbonusrewardpanel.lua
45C0954B8C6C1412,ui/generated/menus/frontend/sp/cinematics/spcinematicsmenu.lua
45C1E5EB6E8E8586,ui/generated/widgets/frontend/sp/cinematics/cinematicselectbutton.lua
45C6104ABBCD79DF,ui/generated/widgets/mastery/masterybadgebutton.lua
45C6191933645DCB,ui/generated/widgets/ingame/mp/cyber/cyberempicon.lua
45CC9FE2833F2533,ui/generated/widgets/frontend/mp/cas/gunsmith/gunsmithprogressionlevelheader.lua
45D09B29E813380E,ui/utils/gameutils.lua
45D0D1921AFB3AA9,ui/generated/menus/frontend/mp/dmz/dmzinventoryoverview.lua
45E71FA29EC41A23,ui/generated/widgets/genericboxfillandstroke.lua
45E91FB93BFE1F03,ui/generated/widgets/ingame/zm/jup/zmpowerupsplash.lua
45EC685D2D156421,ui/generated/widgets/ingame/reticles/ret_cer_med_06_zm.lua
45F353DD298DD71C,ui/generated/widgets/frontend/customize/callingcardcollection.lua
45FCA14D0DDD5ED8,ui/generated/menus/frontend/social/socialgrouplabelseditpopup.lua
45FE80B1C299960E,ui/generated/widgets/ingame/rex/subtitleentrybase.lua
46091D157BEB1AD0,ui/generated/widgets/frontend/weapons/jup/gunsmithattachmentcategory.lua
4611CBDFF2621F24,ui/generated/widgets/ingame/reticles/ret_cer_loot_s3ev7a_alt.lua
46120F14FBDAB486,ui/generated/widgets/brwarningicon.lua
461257CC40D6ABE8,ui/generated/widgets/frontend/seasonalevent/seasonaleventstrophyhuntinsufficienttrophiesbacker.lua
461624891B233F28,ui/generated/widgets/frontend/career/careermenubutton.lua
4618D6CD8CBA91AF,ui/generated/widgets/objectivebonusoutline.lua
461971F346C66B9F,ui/generated/menus/frontend/barracks/prestigemenu.lua
462392F6353FE5A4,ui/generated/widgets/ingame/mp/gold/goldrushobjectives.lua
4625CDD8681BCC4E,ui/generated/widgets/frontend/mp/tournament/tournamentfinalsbracket.lua
4626BFEDF40CE896,ui/generated/widgets/frontend/mp/cas/equipmentbutton.lua
46273BE25A246858,ui/generated/widgets/store/rex/storetilethreequarter.lua
4627B7132F52B7EA,ui/generated/widgets/frontend/social/socialplayerbuttonemblem.lua
462E6A3DA643067E,ui/generated/widgets/frontend/social/socialpopupgenericlist.lua
4635714666D65F9B,ui/generated/widgets/menubuttoncheckboxnew.lua
463E4E2EABB3157A,ui/generated/widgets/ingame/mp/playermicdisplaybase.lua
463E91C6B153AB05,ui/generated/widgets/ingame/reticles/rex/ret_rex_reflex_cust_01_grn.lua
46405C0D07038BBD,ui/generated/widgets/frontend/customize/rex/equippedemblemcallingcard.lua
4648662D5F4B0677,ui/generated/widgets/frontend/progression/rankiconwithhighlight.lua
464989EFE00DCA10,ui/generated/menus/frontend/mp/pmc/pmcmissionselect.lua
4651A373CC92BAC9,ui/generated/widgets/ingame/mp/escort/escortovertime.lua
465AEAE0991D4B27,ui/utils/mp/fencedmz.lua
465D5456BC02C5AD,ui/generated/widgets/frontend/pagedbattlepass/pagedbattlepasstier.lua
465F4A5F924AF5C2,ui/generated/widgets/frontend/mp/activearmorylabel.lua
4662946A744D6F14,ui/utils/mp/perkutils.lua
4665991B9968B9E8,ui/generated/widgets/frontend/battlemap/codpointsbannerlayout.lua
466B2AD6BA1C5E38,ui/generated/widgets/frontend/mp/cas/itemselectbuttonlarge_flc.lua
466BD87CB629DB33,ui/generated/widgets/genericarrowbutton.lua
4673A06DC9071D0B,ui/generated/widgets/frontend/matchmakings.lua
46747A1D5307CE03,ui/generated/widgets/ingame/zm/scoreboard/zmscoreboardselectedplayerdetails.lua
46754F2960927BEF,ui/generated/widgets/frontend/social/channels/rex/whisperbutton.lua
467ABA800B778428,ui/generated/widgets/frontend/aar/aarrewarditemlarge.lua
467E101D77924F9D,ui/generated/widgets/frontend/tooltip.lua
46817D7E921D3F77,ui/generated/widgets/frontend/weapons/loadout/rex/loadoutbutton.lua
4688C005500699F5,ui/generated/widgets/ingame/reticles/rex/ret_rex_holo_01_alt_01.lua
46925F8EE700F2A3,ui/generated/widgets/options/buttonlayoutleftprompt.lua
469C8C6013F7F460,ui/generated/widgets/ingame/reticles/ret_cer_loot_s5leather_rangefinder.lua
469CDF35A106FA34,ui/postgamemanager.lua
469FDFB2DAE4107D,ui/generated/widgets/ingame/reticles/rex/ret_rex_dmscope_02.lua
46A36505E615CA12,ui/generated/widgets/ingame/reticles/ret_cer_loot_s2bp8_alt.lua
46AAC352F2E0D976,ui/generated/widgets/frontend/pagedbattlepass/pagedbattlepasshvtstatusseparator.lua
46AE2D40F0755ACE,ui/generated/widgets/ingame/mp/scorestreaks/gunship/jupgunshipbasecontrols.lua
46AFBBD6D452156C,ui/generated/widgets/frontend/mp/gamesetupbuttons.lua
46B10E79CA47F633,ui/generated/widgets/frontend/mp/cas/gunsmith/jup/gunsmithtunebutton.lua
46B67B8F948709B0,ui/generated/widgets/ingame/mp/killstreaks/earnedstreak.lua
46BC16952853754D,ui/generated/widgets/store/storerowfullscreenbutton.lua
46C0897567AB8752,ui/generated/widgets/frontend/systemlinklobbybuttons.lua
46C3BB442E6A0F0A,ui/generated/widgets/ingame/reticles/rex/ret_rex_holo_04.lua
46C5A9EEFE4F46AE,ui/ingame/mp/dronesentryoverlay.lua
46C7D8F4204BFDFA,ui/generated/widgets/brtrialsplaybutton.lua
46CA7AEBBCFB80D3,ui/generated/widgets/frontend/seasonalevent/seasonaleventsmenucontenttemplatetrophyhunt.lua
46CB1BEDE8B88B8F,ui/generated/widgets/ingame/mp/scorestreaks/jup/locationselectorinfo.lua
46CCD9782D8FCACB,ui/generated/widgets/mp/mpscoreboardroundpip.lua
46CFC53D804BD7A6,ui/generated/widgets/ingame/mp/scorestreaks/locationselectormain.lua
46D49E9D25488C9E,ui/generated/widgets/theaterclipdownloadingpopup.lua
46D6FD1A923F8103,ui/generated/widgets/options/colorpickergrid.lua
46DA00AFA1D89271,ui/generated/widgets/ingame/reticles/reticlesniper07.lua
46DE30BE77C360C0,ui/generated/widgets/frontend/mp/cas/gunsmith/gunnygenericbutton.lua
46EE9239228543E0,ui/generated/widgets/frontend/aar/aargunsmith.lua
46F376741AA1104E,ui/generated/widgets/benchmarkhardwareconfiguration.lua
46F4CF8B66EF5F9C,ui/generated/widgets/frontend/mp/outbreak/obreadyuptab.lua
46F8C243393E90BF,ui/utils/fpskuutils.lua
46FD1C694758DEFD,ui/generated/widgets/frontend/lfp/lfppreferences.lua
46FEB2FD1E9C5661,ui/generated/widgets/frontend/seasonalevent/seasonaleventsmenucontenttemplatehunt.lua
47005E1677808E6B,ui/generated/widgets/store/storetilesmall.lua
4704108EC07354A0,ui/generated/widgets/frontend/operator/operatorquippreview.lua
4706AA8F37820CEC,ui/generated/widgets/frontend/weapons/weaponblueprintbranding.lua
470725312E753D91,ui/generated/widgets/frontend/mp/backgroundblur.lua
470876FC02495A46,ui/generated/widgets/frontend/seasonalevent/seasonaleventsmenucontenttemplatetrophyhuntrewardpool.lua
4713D38744B3DEDF,ui/generated/widgets/frontend/mp/dmz/dmzpersistentoperatorselectinternal.lua
471FC863341FC7DB,ui/generated/widgets/ingame/reticles/ret_cer_sawblade.lua
473888E1214488A3,ui/generated/widgets/frontend/frontendfiringrangehud.lua
473A78AED04A0086,ui/generated/widgets/ingame/reticles/ret_cer_med_05_zm_alt.lua
473C0B21CEE3CDC8,ui/generated/widgets/frontend/events/seasonaleventsstatpoints.lua
47441381B5915D18,ui/generated/widgets/ingame/interactivebuddyboost.lua
474467F955B446DF,ui/generated/widgets/ingame/mp/payback/paybackmatchstatusenemyteamcash.lua
4747964BBFAEC221,ui/generated/widgets/ingame/reticles/ret_sat_loot_pixel.lua
474A310AF459E23C,ui/utils/mp/codcasterutils.lua
47519CB55F79A9D0,ui/generated/widgets/mousecursorcontextualmenuaction.lua
475491F62E986BEF,ui/generated/widgets/ingame/mp/rex/matchstatusremaininglives.lua
47553D4F628780E7,ui/generated/widgets/ingame/sp/nvg/nvgbase.lua
475ACA200BBA8524,ui/generated/widgets/frontend/cp/cpkitselectroles.lua
476326A92E868F94,ui/generated/widgets/frontend/customize/rex/stickerbookcardpreviewpanel.lua
4763F5BF8FF60F8F,ui/generated/widgets/frontend/battlemap/battlemapinspectpanel.lua
4766770020C54AFC,ui/generated/widgets/frontend/seasonalevent/seasonaleventseventdescription.lua
4768BFFEB91C6745,ui/utils/menuutils.lua
476A23A3347A291C,ui/generated/widgets/frontend/battlemapv2/bpctamessage.lua
47745EC65D0954A3,ui/generated/widgets/frontend/mp/lobby/brplaybutton.lua
477639B8F28C7917,ui/generated/widgets/frontend/lobby/splitscreenprompt.lua
4778DB2CF39D4BF6,ui/utils/commandsutils.lua
47792ABAA78C1891,ui/asyncpageddataprovider.lua
477EF75E21156D4B,ui/generated/widgets/frontend/mp/playmenu/rex/playmenu.lua
478294005F298D8C,ui/generated/widgets/frontend/mp/cas/gunsmith/gunsmithdetailsbase.lua
4782B922EC030A8C,ui/generated/widgets/ingame/mp/globalplayersplashcallout.lua
4783ECEE79AB9CE5,ui/generated/widgets/ingame/reticles/ret_cer_loot_s3comics.lua
47862C8D2E1DA0F8,ui/generated/widgets/mastery/masterybadgeitem.lua
478A14905EBDBC13,ui/generated/widgets/frontend/clientcharactercontainer.lua
478BA8C1D7F6F668,ui/generated/widgets/inventoryvisibleemptybutton.lua
479485ECBF130FFE,ui/generated/widgets/frontend/lobby/rex/privatematchlobbybuttons.lua
4794E35B62BAB058,ui/generated/widgets/ingame/mp/arena/arenaloadout.lua
4797DCE4B6A0003D,ui/utils/mp/trackedchallengeutils.lua
47991310046FBDA6,ui/generated/widgets/ingame/reticles/pinkdot2.lua
479A5736728017B3,ui/generated/widgets/genericwidgets/playlistdetaillabelbacker.lua
479E3BCA53D05D69,ui/generated/widgets/ingame/mp/br/squadidinfo.lua
47A0CD6341AB35CC,ui/generated/widgets/ingame/mp/nukewarning.lua
47A21FDDB3A5265D,ui/generated/widgets/ingame/mp/vehicle/sedanhatchbackdiagram.lua
47A29972379C5E47,ui/generated/widgets/frontend/mp/tournament/tournamentrewarditem.lua
47A4FD99BDC903CF,ui/generated/widgets/frontend/customize/careerselectitembutton.lua
47A562157D40FE79,ui/generated/widgets/ingame/circledamageindicator.lua
47A6D398F1AAA938,ui/generated/widgets/frontend/mp/dmz/dmzselectedmissionscount.lua
47A9D62AC13EC26B,ui/utils/touchvehicleutils.lua
47AE0E0007EF6A77,ui/generated/widgets/ingame/reticles/rex/ret_rex_holo_therm_cust_04.lua
47AFD384BD45C71F,ui/generated/widgets/frontend/rex/frontendfiringrangehud.lua
47B17718AA01184E,ui/generated/widgets/options/sticklayoutdirections.lua
47B2255E335508B6,ui/generated/widgets/frontend/jupbattlemap/jupbpfirstpartybattlepassblade.lua
47B264407ECE0A06,ui/generated/widgets/frontend/codcaster/codcasterteamsettingsportrait.lua
47B2B3CDC81E1222,ui/generated/widgets/generatorpullpip.lua
47B90207D9D78E67,ui/generated/widgets/frontend/social/channels/rex/channelbuttonheader.lua
47BA9AD92245C974,ui/generated/widgets/ingame/mp/scorestreaks/gunship/gunshipdepthlines.lua
47BC141BBA1A74DB,ui/generated/widgets/frontend/genericpopuplist.lua
47BE0FD5364BE89E,ui/utils/commonitemutils.lua
47BFCE3A5C2CB090,ui/generated/widgets/frontend/mp/lobby/lobbygamertagplayershort.lua
47C25E5FB5346723,ui/generated/widgets/ingame/reticles/ret_cer_long_05_mp_therm.lua
47C3EF0F4DD8C6C3,ui/generated/widgets/frontend/aar/aarmostusedweapon.lua
47C9A36E5C90765F,ui/generated/widgets/frontend/pagedbattlepass/pagedbattlepassautospendoptionbutton.lua
47CA31F693BEBE44,ui/utils/postgamefanfare.lua
47CC4D21BB142EED,ui/generated/widgets/mp/genericobjective.lua
47CCF0E70828080E,ui/generated/widgets/frontend/gifting/giftreceivedcelebrationlayout.lua
47CFBD87E6A00624,ui/generated/widgets/buttons/textbutton.lua
47DC79948BC69254,ui/generated/widgets/ingame/reticles/ret_sat_med_09_wz.lua
47DEB702621137E2,ui/generated/widgets/completeditemnotification.lua
47DF0E0C0D14F8B2,ui/generated/widgets/globalpanelplayerprogressbutton.lua
47E4EC90F7AC0A2E,ui/generated/widgets/ingame/mp/mpmodemessage.lua
47EE5E9F19626407,ui/generated/widgets/frontend/br/leagueplay/lpbrrankedserieshowtoplaygriditem.lua
47EF12A2A4ACF344,ui/generated/widgets/mp/mptacticalmapkey.lua
47F4924A83A96DFA,ui/generated/menus/imagefullscreen.lua
47F5AEF5FBE698AE,ui/generated/widgets/ingame/carrieditemcounter.lua
47FB750AD0F8733A,ui/generated/widgets/ingame/mp/bradley/tankreload.lua
480191ACFCA8BD0A,ui/ingame/vehicletechnicaloverlay.lua
480586715BF4F391,ui/generated/widgets/winnerscircle/winnerscirclefanfare.lua
480691138239DE0E,ui/generated/widgets/frontend/codhq/codhqbundleitem.lua
480A15AD05CC15D1,ui/generated/widgets/frontend/social/socialplayergridempty.lua
480D1428BEA6F112,ui/generated/widgets/ingame/mp/fieldupgradenotification.lua
480EB0BAF471FA6B,ui/generated/menus/webviewloadingdialog.lua
4820D9D702ABD784,ui/widgets/spinner.lua
48221CB36FE977DD,ui/generated/widgets/frontend/cp/cpmodifierslist.lua
48236FDD79B718B2,ui/generated/widgets/options/calibrationguide.lua
482706176A1A8B1B,ui/generated/widgets/ingame/reticles/reticleholo04pink.lua
482A8FD008FD3005,ui/generated/widgets/ingame/mp/splashbodytext.lua
4830F850C51D2FFD,ui/generated/widgets/ingame/reticles/rex/ret_rex_reflex_cust_09_blu.lua
4834C8D1387E1889,ui/generated/widgets/ingame/reticles/ret_sat_loot_general.lua
483561A500587FBB,ui/generated/widgets/frontend/groups/socialgrouppageactionbuttons.lua
483D846820C3DEB1,ui/generated/widgets/frontend/perktab.lua
4840DF94F166B5CA,ui/generated/widgets/frontend/lobby/modedetails.lua
4844A2C9F42F4EFA,ui/generated/widgets/ingame/reticles/rex/ret_rex_reflex_02.lua
48469B1AC0C3789C,ui/generated/widgets/ingame/reticles/ret_cer_long_02_zm_therm.lua
4847133DE5A5748E,ui/generated/menus/store/revealpurchasethankyoumenu.lua
48497638465FD8EC,ui/generated/menus/store/storebundlecollectioncompletecelebrationpopup.lua
484BE7B04E4BFDF2,ui/generated/widgets/buttons/utilityitembutton.lua
484D69F657EE451C,ui/generated/widgets/ingame/shared/optimalreload.lua
48528E2C07B54A12,ui/generated/widgets/frontend/aar/aarranknumber.lua
4853011E387E5E3E,ui/generated/widgets/frontend/pagedbattlepass/pagedbattlepasspagewidget.lua
4865203DFC124E51,ui/generated/widgets/rex/camocategories.lua
48666482E11D668B,ui/generated/widgets/ingame/mp/invasionimagelist.lua
4868EBB057B9535E,ui/generated/menus/options/audiotestmenu.lua
4873E9B3BDB642E4,ui/generated/widgets/frontend/detailedweaponstatsdamagedistributionline.lua
48748391C566447D,ui/generated/widgets/ingame/mp/scorestreaks/streakactivationphone.lua
4881B46C07D1323D,ui/generated/widgets/ingame/reticles/leafchild.lua
48849D502B2DB244,ui/generated/widgets/frontend/customize/stickerbookmodestatspanel.lua
488A5375225D611E,ui/generated/widgets/frontend/mp/aar/aartab.lua
488BE8C0FCD51406,ui/generated/widgets/ingame/mp/ingamemenutimerstatus.lua
48905076D0356770,ui/generated/widgets/ingame/reticles/ret_sat_hybrid_01.lua
489C5EE110B8C1C8,ui/generated/widgets/ingame/mp/scorestreaks/remoteturret/remoteturretcontrols.lua
489EEB3AF4F0560E,ui/generated/widgets/frontend/zm/zmsavefilebutton.lua
48A06E75F3F6F4AC,ui/generated/menus/frontend/codaccount/rex/agewarningpopup.lua
48A53A5355BFAD4D,ui/generated/widgets/frontend/mp/theater/theaterclipbutton.lua
48A5EAD8D810684B,ui/generated/widgets/frontend/barracks/rex/barrackscustomizeunlockcount.lua
48AF2E8D8ABF6A48,ui/generated/widgets/frontend/aar/aarrewardchallengetiers.lua
48B0E6AEA7610428,ui/generated/widgets/ingame/mp/br/brkiosksalediscountheader.lua
48B5D9BE64ADA23F,ui/generated/widgets/frontend/mp/outbreak/oboperatorprestigerequirementwidget.lua
48B938B2D4D5A0E0,ui/generated/widgets/ingame/mp/lowhealthhud.lua
48BA637054004971,ui/generated/widgets/ingame/mp/trial/trialobjectivestatus.lua
48BBA4CD71F77AB3,ui/generated/widgets/frontend/seasonalevent/seasonaleventsrewardcardunlockcelebrationoverlay.lua
48BC9B676FBC75A7,ui/generated/widgets/frontend/mp/cas/streakequippedstack.lua
48BD960F57BB04D1,ui/generated/widgets/ingame/mp/ctdm/ctdmactiondetail.lua
48BE8D3D39D890E8,ui/generated/widgets/ingame/mp/tacopsmapspawn.lua
48C3EEEE6162FFBF,ui/generated/widgets/ingame/mp/scorestreaks/gunship/gunshipcannonammo.lua
48C5F263C6630DC4,ui/generated/widgets/frontend/armory/armoryactiveitemchallengeslide.lua
48D082478892CFDA,ui/generated/menus/rex/bootaccessibilitysetting.lua
48D129C1A1695403,ui/generated/widgets/ingame/mp/scorestreaks/gunship/satgunshipbasecontrols.lua
48D2D0521B04747C,ui/generated/widgets/scrollbar/horizontalscrollbar.lua
48D30C0CECF61D90,ui/generated/menus/frontend/mp/cas/loadouts/weaponselectbase.lua
48D58CAFFD276750,ui/generated/widgets/frontend/seasonalevent/seasonaleventsquickplaybuttonvisuals.lua
48DBCF072F6CB9D0,ui/generated/widgets/playerdetailsavailabilitydropdown.lua
48E1C53B657A12EF,ui/generated/menus/frontend/weapons/loadout/rex/loadoutoverview.lua
48E6008671F7C6C2,ui/generated/widgets/dmzitembonus.lua
48E7DBD25CA429CF,ui/utils/interactiveobjectutils.lua
48F300EA84B863C6,ui/generated/widgets/rex/notificationsettingsalerttab.lua
48F7E4F769A905DF,ui/generated/widgets/ingame/reticles/ret_cer_long_04_wz.lua
48F8A271D37DFA81,ui/generated/widgets/ingame/mp/escort/escortcontainer.lua
48FB234A0E2D6EF7,ui/generated/widgets/ingame/reticles/rex/ret_rex_snscope_cust_02_grn.lua
4905D9E0017BF2DA,ui/generated/widgets/frontend/mp/systemlinklobbyplaymenu.lua
49078CE4CF3044D4,ui/utils/gesturesutils.lua
490D86FE9CE03646,ui/generated/widgets/codeconductthreatcontents.lua
49127CCA81918994,ui/generated/widgets/ingame/mp/infofeedmessage.lua
4919CDF21F9FED24,ui/generated/widgets/infopanelprompts.lua
492525CA3A01E869,ui/generated/widgets/frontend/mp/tournament/matchgroupfinals.lua
4925811FE6CF3200,ui/generated/widgets/ingame/mp/genericsplashsupportsymbol.lua
49282E67DB3AF5EE,ui/generated/widgets/scrollbar/verticalscrollbarsliderarea.lua
492AE0697D44E4FC,ui/generated/widgets/winnerscircle/winnerscirclescorecard.lua
492AEDD48ABADF96,ui/generated/widgets/ingame/reticles/ret_cer_loot_s55queen_alt.lua
492D49E12190CDD8,ui/generated/menus/options/rex/boothdrwhitepoint.lua
4939F0D3E90F1694,ui/generated/widgets/ingame/reticles/rex/ret_rex_reflex_01_alt_04.lua
494CAE70C0B1C0C1,ui/generated/widgets/ingame/reticles/ret_cer_long_02_mp.lua
494D577A3B3392F8,ui/generated/widgets/mastery/masterycategorybutton.lua
494EDC17C8EAF0A2,ui/generated/widgets/frontend/career/careerleaderboardbutton.lua
495266A58E04A2E0,ui/generated/widgets/frontend/customize/callingcardprestigetab.lua
49574AEF1717E6F9,ui/generated/widgets/ingame/reticles/rex/ret_rex_reflex_01_alt_07.lua
4957AC41EC830263,ui/generated/widgets/frontend/mp/dmz/dmzglobalpanelstatusitem.lua
4958CAE1A019408D,ui/generated/datasources/_root.lua
495F276AEF5D0F4D,ui/generated/widgets/ingame/reticles/reticleoutercirclehybrid03vday.lua
49651F7770D4FD33,ui/generated/widgets/buttons/rex/buttonhighlightfocus.lua
4968A594709B800B,ui/generated/widgets/ingame/mp/arcadeperkstatuswidget.lua
496DA576D47DD27A,ui/generated/widgets/frontend/lobby/rex/lobbyplayerlistlabel.lua
49714724F063C6C1,ui/generated/widgets/frontend/barracks/rex/progressionunlock.lua
4971A2DA0DE386AC,ui/generated/widgets/frontend/progression/progressiongamemodetag.lua
497A42013D43C65A,ui/generated/widgets/frontend/mp/cas/gunsmith/gunsmithblockedattachmentwidget.lua
497C9DE1958ECA74,ui/generated/widgets/incompatattachcomparewidget.lua
498086FB60C365DD,ui/generated/widgets/frontend/combatrecord/zmstatshighestrounds.lua
498E29174A766DFC,ui/generated/widgets/ingame/reticles/reticlelauncherrpapa8lockonframe.lua
498F0DEDF43E0267,ui/generated/widgets/trainingcoursetargetshitcounter.lua
49923D302E6DBFB4,ui/generated/widgets/frontend/customize/callingcardcollectionbacker.lua
49929615D98321F1,ui/generated/widgets/frontend/challenges/stickerbookclassificationwidget.lua
49991EEA7197F9E7,ui/generated/widgets/ingame/mp/scorestreaks/requisitionsstoreprogressbar.lua
4999D349F2B5ECE3,ui/generated/widgets/gunsmithradialapexnode.lua
49A07DA0008004A8,ui/generated/widgets/ingame/reticles/ret_cer_short_07_mp.lua
49A9AB2211781CE7,ui/generated/menus/frontend/customize/emblemselectmenubase.lua
49AC2DAA916BE60B,ui/generated/menus/rex/firingrangepausemenu.lua
49ACEB9329F1BDE7,ui/generated/widgets/frontend/seasonalevent/seasonaleventmapchallengepoiarea.lua
49B3CABFEB9BD5D6,ui/generated/widgets/frontend/friendsplayingcount.lua
49BBAD7CF0AC2B01,ui/generated/widgets/scoreboard/mpscoreboardrowjoiningsearching.lua
49C340863D9D6D1E,ui/generated/widgets/ingame/mp/scorestreaks/rcd/rcdmarker.lua
49C89449BC4FB936,ui/generated/widgets/frontend/dmzpersistentoperatorconfirmationpromptbuttongroup.lua
49D248A000FAC0D0,ui/generated/widgets/genericwidgets/genericlistheader.lua
49D79ABBB203B99A,ui/generated/widgets/glowanimatedforheaders.lua
49DB4FE6BE684BCB,ui/generated/menus/cac/operatorpreviewmenu.lua
49E28814326A896C,ui/generated/widgets/ingame/inventoryhintprompt.lua
49E46114C2FFD15A,ui/generated/widgets/ingame/mp/br/brlootrarityicon.lua
49E59F20C3E647A0,ui/generated/widgets/ingame/reticles/jupiter/jup_reticlerussian02.lua
49E63932B90B2530,ui/generated/widgets/buttons/buttonlargebanner.lua
49E91B999CB21B4B,ui/generated/menus/frontend/codhq/codhqnewgamepurchased.lua
49E92B41172E7A5A,ui/generated/widgets/frontend/seasonunlockspopup.lua
49EE2ECFB5913A7D,ui/generated/widgets/frontend/seasonalevent/seasonaleventwagereventcounter.lua
49EE2EE5FAD63ED2,ui/generated/widgets/generatorpullprogress.lua
49EFFDBBCF4B214B,ui/generated/widgets/genericprogressbarcompleted.lua
49F9042F2E24DD57,ui/generated/widgets/frontend/lobby/lobbyfilterbutton.lua
49FA6A6526C08E7D,ui/generated/widgets/frontend/lfp/lfppreferencestoggle.lua
4A04CF2B7D9500C3,ui/generated/widgets/brteamcash.lua
4A10CF509A13808A,ui/generated/menus/frontend/customize/parachuteselect.lua
4A173A451A02934B,ui/generated/widgets/frontend/events/storebundlepreviewwidget.lua
4A1B4C115B954E64,ui/generated/widgets/ingame/mp/perkslayout.lua
4A1BEDF545E1C8A6,ui/generated/widgets/ingame/mp/br/runningbar.lua
4A1E2E0A6599B01E,ui/generated/widgets/doublexpeventbanner.lua
4A251EF45CA610E5,ui/generated/widgets/killstreakhudactiontextbacker.lua
4A2BE23E2BDEE291,ui/generated/widgets/ingame/mp/vehicle/apcrusdiagram.lua
4A2C3D7A0A761A2B,ui/generated/widgets/globalpanelsocial.lua
4A2DC5620039EBDC,ui/generated/widgets/ingame/reticles/ret_cer_loot_s55queen_rangefinder.lua
4A2F1093C276C413,ui/generated/widgets/frontend/battlenetstoreeditionimage.lua
4A309E6B667AA747,ui/generated/widgets/ingame/shared/dynamicarmorsquaduserinfobase.lua
4A330719D0863AB8,ui/utils/datasourcesutils.lua
4A382C976E1ADFC7,ui/generated/widgets/ingame/mp/gethighmodealtimetermarkerenemy.lua
4A3990C827A9D60F,ui/generated/widgets/ingame/reticles/ret_sat_short_06_mp.lua
4A3BFE2416E817CF,ui/generated/widgets/frontend/social/channels/socialchanneldescription.lua
4A49C2C1891DD650,ui/generated/widgets/frontend/battlemapv2/bpitemdetails.lua
4A4E53E1E2F6F6A7,ui/generated/widgets/frontend/codpointsbasicdisplay.lua
4A4FC922FDBDB1B1,ui/generated/widgets/frontend/seasonalevent/seasonaleventsactivexptoken.lua
4A54832AD9639E18,ui/generated/widgets/frontend/seasonalevent/seasonaleventwagereventcountersmall.lua
4A61276FD2DAA51F,ui/generated/widgets/frontend/seasonalevent/seasonaleventseventpanelcamochallengeoverlay.lua
4A61949D8BF8A778,ui/utils/fenceregion.lua
4A66DA33332D3EAB,ui/generated/menus/frontend/webview/loginreward.lua
4A6FA6FE671EAF1E,ui/generated/widgets/ingame/cp/sandboxspecialequipmentcontainer.lua
4A70588CA775D8DD,ui/generated/widgets/frontend/pagedbattlepass/pagedbattlepassblackcellinclusioncontainer.lua
4A73D38D48D54129,ui/generated/widgets/frontend/pagedbattlepass/pagedbattlepasstiertogglebehind.lua
4A74A346F7844CC9,ui/generated/widgets/frontend/playlistdetailsmodetile.lua
4A775C54C0431639,ui/generated/widgets/frontend/barracks/progressionunlockfriendscontainer.lua
4A799654A550C436,ui/utils/hudboundsutils.lua
4A7ADDB5DFB752A9,ui/generated/widgets/frontend/battlenetstoredeveloppers.lua
4A7BDB41B98E6B18,ui/generated/widgets/globalpanelchannels.lua
4A7DF3CE08945E5F,ui/generated/widgets/frontend/weapons/loadout/loadoutvestprompt_flc.lua
4A7DF52B7CFDA092,ui/generated/widgets/ingame/reticles/reticleoutercirclefourx04.lua
4A81C4D1F6E2C895,ui/generated/widgets/bindingpreviewmouse.lua
4A8A1221D0E76BE4,ui/generated/widgets/ingame/reticles/ret_cer_med_03_wz_alt.lua
4A8B0B7F4EBD3266,ui/generated/widgets/operatorvariantinfo.lua
4AA0327FA8880D43,ui/generated/widgets/frontend/mp/cas/itempreviewwindow.lua
4AA032C5DB9537F9,ui/generated/widgets/frontend/mp/leagueplay/lpseasonendflowmedal.lua
4AA3F7770C8D95EC,ui/generated/widgets/ingame/reticles/reticlelaunchermike32.lua
4AADD28A17A67EE6,ui/generated/widgets/frontend/seasonalevent/seasonaleventfeaturedbonus.lua
4ABA6BDC64C893A0,ui/generated/widgets/frontend/sortprompt.lua
4ABABFF4CAEE06D5,ui/generated/widgets/ingame/mp/warmode/warmodescoreboardobjective.lua
4AC1C8E18934A878,ui/generated/widgets/lastusedtag.lua
4AC541B5BF4F23E4,ui/generated/widgets/rex/secondarytab.lua
4ACA1A58DD891170,ui/generated/widgets/frontend/aar/aarcontractgriditem.lua
4ACD64FA324D0531,ui/generated/widgets/smokewallrepeat.lua
4AD60D4AD28A37DE,ui/generated/widgets/frontend/mp/dmz/dmzdogtagsstatspage.lua
4ADA1350446A940E,ui/generated/widgets/ingame/gamemodescoreelement.lua
4AE3930D2C14C685,ui/generated/widgets/bestplayrtt.lua
4AE78011F5660509,ui/generated/widgets/ingame/mp/dmz/dmzingamemissionsoverview.lua
4AE781B98B747494,ui/generated/widgets/ingame/reticles/rex/ret_rex_snscope_cust_01.lua
4AEDF526D4A858E1,ui/generated/menus/frontend/cp/cpmunitionreplacepopup.lua
4AF0111B964AAF14,ui/generated/widgets/store/storetilecarouselinternalportrait.lua
4AF69D7CF464BA4F,ui/generated/widgets/ingame/mp/scorestreaks/asd/asdbasecontrols.lua
4B004F9223C15A6E,ui/generated/widgets/ingame/reticles/rex/ret_rex_reflex_cust_13_grn.lua
4B04DBD4B97D44F9,ui/generated/widgets/ingame/reticles/rex/ret_rex_snscope_cust_02.lua
4B068BC4A69E95E6,ui/generated/widgets/frontend/groups/socialprofilecardsmallgroupmemberselectnewowner.lua
4B17FEACC07EA334,ui/generated/menus/crosslaunchingcountdownpopup.lua
4B21E838C61E9B30,ui/generated/widgets/frontend/seasonalevent/quickplay/seasonaleventsquickplayflyoutlabel.lua
4B232C988E25B26A,ui/generated/widgets/mastery/masterycategoryshortinfo.lua
4B25F4FA38765219,ui/generated/menus/frontend/battlemap/battlemapseasonrecapmenu.lua
4B29126A50135FB7,ui/generated/widgets/frontend/jupbattlemap/jupbpmapsector.lua
4B34149AD0443126,ui/generated/widgets/frontend/seasonalevent/seasonaleventquicknavigationbutton.lua
4B3469CEE94934EC,ui/generated/widgets/frontend/depot/battlepasstierpanel.lua
4B3766F6B1A6EF19,ui/generated/widgets/ingame/reticles/reticlesniperhdromeovzreset.lua
4B3CB8E9C62E9C50,ui/generated/widgets/weaponstatcategorydifferencebarcomparison.lua
4B40FF67F885DF2A,ui/generated/widgets/hudeditor/layoutselectwindow.lua
4B4337E98482B4AD,ui/generated/widgets/frontend/aar/aarcashbreakdown.lua
4B44920AD1FA9D9A,ui/generated/widgets/frontend/mp/leagueplay/lphowtoplaymapitem.lua
4B47536F37CCE4FC,ui/generated/widgets/frontend/seasonalevent/seasonaleventsmenucontenttemplateweeklychallenge.lua
4B4933355E67E63E,ui/generated/menus/frontend/jupdepot/jupbattlepassvipgiftintro.lua
4B58BD6AB49D67E2,ui/generated/menus/frontend/vehicles/vehiclecustomization.lua
4B5B4D6BA90318D5,ui/generated/menus/store/storepurchasepopupbase.lua
4B5B515AC55B5E41,ui/generated/widgets/ingame/reticles/rex/ret_rex_fourx_cust_03.lua
4B60116B05FF246F,ui/subscriptionsholder.lua
4B6747D0319C3511,ui/generated/menus/frontend/codaccount/rex/logoninterruptwireframe.lua
4B68FAB5003FEFE0,ui/generated/widgets/ingame/mp/roundendmatchbonus.lua
4B6A78C76EA2FE9E,ui/generated/widgets/ingame/reticles/reticledmscopevz02.lua
4B72A358D35982FF,ui/generated/widgets/juggernautoverlay.lua
4B763AEBE44E1D47,ui/utils/mp/grouputils.lua
4B774B40342FBF28,ui/generated/widgets/frontend/mp/cas/weaponlevel.lua
4B79CDE059070BEE,ui/generated/widgets/frontend/lobby/privatematchmodedetails.lua
4B7BE2209AF8C885,ui/generated/widgets/ingame/juptutorialmessagebackground.lua
4B7EDC080D7D09E7,ui/generated/widgets/frontend/battlemapv2/bpupsellitem.lua
4B8188A380B1CD37,ui/generated/widgets/ingame/reticles/ret_sat_short_06_wz.lua
4B8204E041C84EA1,ui/generated/widgets/jup/loadinghintsection.lua
4B8A5A1D60647864,ui/generated/widgets/overheatedwarningbacker.lua
4B8BF02DF298FE81,ui/generated/widgets/ingame/mp/scorestreaks/rcd/rcdweapons.lua
4B98BEFF46624C87,ui/generated/menus/frontend/mp/zm/zmloadoutconfirmation.lua
4BA06EFB60992A1B,ui/generated/widgets/frontend/seasonalevent/rex/seasonaleventbanner.lua
4BA44636129EE7DB,ui/generated/widgets/frontend/challenges/winchallengechallengeselect.lua
4BA90FB23119FF46,ui/generated/widgets/buttons/buttonupdatehighlight.lua
4BAE6E6A1DCEF246,ui/generated/widgets/warzonepremiumupselloperatorspreview.lua
4BB211861BF38D1F,ui/generated/widgets/ingame/resourcepips.lua
4BB336ADEF270199,ui/generated/widgets/frontend/barracks/barrackschallengessummary.lua
4BBFC4E312B0B2A3,ui/generated/widgets/frontend/mp/cas/gunsmith/stickerdisplay.lua
4BC2F8331D779885,ui/generated/widgets/genericrevealprogressbar.lua
4BCC1A34F18390BF,ui/generated/widgets/frontend/mp/outbreak/acquisitionslotdetails.lua
4BD047E3F48B62BE,ui/utils/inventorydraganddroputils.lua
4BD314E6166BA77B,ui/generated/widgets/frontend/aar/braarrewardsbutton.lua
4BD387664FBC67B4,ui/generated/widgets/ingame/gameplaystatvaluedata.lua
4BE0D9EFD9CE9228,ui/generated/widgets/cac/fieldupgraderechargerate.lua
4BE489BA6684ECE8,ui/widgets/hintslayer.lua
4BF19EE2CAC2A2D2,ui/generated/widgets/ingame/reticles/swagdot.lua
4BF8FB6F8E6B86D4,ui/generated/widgets/ingame/reticles/jup_hybridtherm01.lua
4BFBEA6D8DEAB71E,ui/generated/widgets/frontend/lfp/lfpflyout.lua
4BFE6F1F4B422AA4,ui/generated/widgets/navigationarrow.lua
4BFF598771827D3D,ui/generated/menus/frontend/mp/cas/loadouts/gunsmith/nextunlockspopup.lua
4C027479AEF6277F,ui/generated/widgets/rex/blockedplayerspanel.lua
4C0D4B94301CEB43,ui/generated/widgets/frontend/barracks/barracksupsellpurchasebutton.lua
4C10FD23E00E33D1,ui/generated/widgets/frontend/gifting/giftinggifteeselectpanel.lua
4C153CF81A4EA41D,ui/generated/widgets/winchallengequeue.lua
4C16558ABC745739,ui/generated/widgets/ingame/reticles/jup_hybridtherm02.lua
4C1A4E8C4EEA2434,ui/utils/mp/missionutils.lua
4C1A84CB401E1418,ui/generated/widgets/ingame/reticles/reticlethermal02.lua
4C204F00844B3FB5,ui/generated/widgets/frontend/aar/aarbattlepasstiertoggledoublewideinternal.lua
4C32DB80A96EE2C7,ui/generated/widgets/rex/genericdropdownlist.lua
4C3399030BC277FB,ui/generated/widgets/frontend/lfp/lfpgenericbuttonwithdetail.lua
4C3CC288251A956B,ui/generated/widgets/ingame/reticles/ret_cer_loot_s45pday.lua
4C3F2A6934EC0B67,ui/generated/menus/frontend/pagedbattlepass/pagedbattlepasspurchasecelebration.lua
4C446E64E6730E71,ui/generated/widgets/frontend/weapons/gunsmithweapondetails.lua
4C45D1BF0ABB2795,ui/generated/widgets/bulletlist.lua
4C46DF7AD495A1BB,ui/generated/widgets/buttons/rex/mapselectionbutton.lua
4C563E5106D3CA32,ui/generated/widgets/ingame/mp/br/respawntimedrop.lua
4C5761129983E04C,ui/generated/widgets/glowbuttonbacker.lua
4C5AB272B5AFACEE,ui/generated/widgets/frontend/worldmap/operationbriefing.lua
4C5E2E221A3E267B,ui/generated/widgets/frontend/social/socialplatformpresence.lua
4C5FB9C923DB3F04,ui/generated/widgets/trials/trialeventleaderboard.lua
4C682C84AFA7F139,ui/generated/widgets/ingame/mp/scorefeed/scorefeedtextrow.lua
4C6C0BE2B76D23A8,ui/generated/widgets/frontend/weapons/weapontabsbutton.lua
4C6D21FEA218EDF5,ui/generated/widgets/frontend/seasonalevent/seasonaleventsleaderboardinformationpanel.lua
4C6F412091C16B44,ui/generated/widgets/ingame/rex/spotterscopeoffhand.lua
4C6FC0EA374F1023,ui/generated/menus/sp/rex/campaignmenu.lua
4C75033A5E1052F4,ui/generated/widgets/mp/rex/mptacticalmapkey.lua
4C783D7F5A53BBF1,ui/generated/widgets/store/storespotlight_5c.lua
4C7B7B76B04CA115,ui/generated/widgets/frontend/dailyloginreward/anniversarydailyloginrewarditems.lua
4C7FE648A62E520D,ui/generated/widgets/frontend/seasonalevent/quickplay/seasonaleventsquickplayflyouttooltip.lua
4C842D99D0D62583,ui/generated/widgets/hudeditor/editlayoutselector.lua
4C850A9A9739589A,ui/utils/projectthemeutils.lua
4C8612F43DDD49E1,ui/generated/widgets/playerdetailsavailability.lua
4C8958F94EC75858,ui/generated/widgets/ingame/reticles/ret_cer_snprthermal_def.lua
4C8EA0C001539B20,ui/generated/widgets/common/genericpanel.lua
4C93D88E48506E0F,ui/generated/widgets/cac/gunnyweaponsgridtitle.lua
4C9422953D45F84E,ui/generated/widgets/ingame/mp/scorestreaks/gunship/rexgunshipbasecontrols.lua
4C94C529F56EC830,ui/generated/widgets/ingame/mp/genericsplashheaderbaralt.lua
4C999CC6833CDE82,ui/generated/widgets/warzonepremiumupsellmapspreview.lua
4C9FBD53FE265FA7,ui/generated/widgets/rex/generictextelement.lua
4CAA85B78D05DDB4,ui/generated/widgets/ingame/mp/scorestreaks/trinityoverlay.lua
4CAC241A3FCD64BD,ui/generated/widgets/skillgapbonustype.lua
4CAC3D89EC795BCD,ui/generated/widgets/frontend/battlemap/newweapontag.lua
4CAC443DFB214BF6,ui/generated/widgets/meatshieldhint.lua
4CB0B47F10D495A4,ui/generated/widgets/ingame/perkpackagesplash.lua
4CB217665BC8CB21,ui/generated/widgets/operatorbutton.lua
4CB6A136FDECC4C7,ui/generated/datasources/hud_editor.lua
4CB6F3AE0B0326E9,ui/generated/widgets/frontend/unlockcriteria/criteriawidgets/unlockcriteriawinchallenge.lua
4CBAE1DFD72F9A4C,ui/utils/fencebootcheck.lua
4CBD2A2C68856D4C,ui/generated/widgets/frontend/mp/leagueplay/lphowtoplayoverviewcard.lua
4CC11838DF8C912E,ui/generated/widgets/frontend/rtt/rttplayercardscreen.lua
4CC143877A759A85,ui/generated/widgets/ingame/reticles/ret_cer_loot_s35jcrafts_rangefinder.lua
4CD0B0F7ABBA1E26,ui/generated/widgets/frontend/weapons/loadout/loadoutaddbutton.lua
4CD1FC2CDC7F85F4,ui/generated/widgets/ingame/reticles/ret_cer_loot_pmorte_alt.lua
4CD2C2D532BABEAE,ui/generated/widgets/ingame/reticles/ret_cer_long_04_mp_therm.lua
4CD5689F16238C72,ui/lobbystatuslayer.lua
4CD6395AE2C002BA,ui/generated/luielems/mp/br/minimap/minimapborder.lua
4CDA564FE09FFE7B,ui/generated/widgets/ingame/reticles/extrareticles/reticlesnprparallax.lua
4CE736DC95BE7BC8,ui/generated/widgets/frontend/mp/leagueplay/lpplayerinfointernal.lua
4CE91B9096C62579,ui/generated/widgets/frontend/depot/battlepasspurchasebackground.lua
4CEC786D158C18CE,ui/generated/widgets/inventoryfillbacker_rex.lua
4CED5EC680626070,ui/generated/widgets/frontend/lobby/mapvoting.lua
4CEFAB89D94359C5,ui/generated/menus/globalpaneloptionssearch.lua
4CF36C5A7285E0B0,ui/generated/widgets/mousecursorcontextualmenurankwidget.lua
4CF3A230F05EFAE2,ui/generated/widgets/frontend/mp/cas/weaponlockerbutton.lua
4CF7E72141E717A1,ui/frontend/lobbystatuslayer.lua
4CF871ED8CC557FB,ui/utils/codaccountutils.lua
4CFAEDC76288C746,ui/generated/widgets/frontend/weapons/loadout/loadoutbuttonbase.lua
4CFDB1DD52EB94A9,ui/generated/widgets/frontend/mp/lobby/rex/matchmakinglobby.lua
4D0BACAAFD0A8795,ui/generated/widgets/frontend/mp/leagueplay/lprankrewarditemcontainer.lua
4D0F65E4DF895B6B,ui/generated/menus/frontend/customize/profileselectmenu.lua
4D13A0DB6C0A6BFB,ui/generated/widgets/ingame/reticles/ret_cer_loot_s3comics_rangefinder.lua
4D149ED9625EEB01,ui/utils/carrieditemutils.lua
4D153CC06646C1C1,ui/generated/widgets/buttons/radialholdbutton.lua
4D18925F3C083935,ui/generated/widgets/ingame/reticles/ret_sat_long_05_mp_therm.lua
4D195341B38B075E,ui/generated/widgets/frontend/groups/socialprofilecardsmallgroupmemberbase.lua
4D1D59E6AA4CFCA0,ui/generated/requires/frontend/mp.lua
4D1FBE7DA9A74477,ui/generated/widgets/wcnotificationsplashiconbacking.lua
4D246B6FF06089C4,ui/generated/widgets/frontend/mp/elderprogression/elderprogressionprogressnode.lua
4D2B3F616BCB3BC2,ui/generated/widgets/frontend/weapons/armorybutton.lua
4D34AD89A44BE5A5,ui/generated/widgets/frontend/depot/battlepasspurchasebutton.lua
4D36D830D40F50E0,ui/generated/swatches/swatches_rex.lua
4D3C8ED5DC42E187,ui/generated/widgets/frontend/br/brchallengebuttonlarge.lua
4D3EAFAD473D9489,ui/generated/widgets/bestplayweapon.lua
4D4B4AF8F6BC9DEF,ui/utils/publiceventutils.lua
4D5105F112B4EADC,ui/generated/menus/frontend/mp/playlistfiltermenu.lua
4D5327FCB202A955,ui/generated/widgets/frontend/mp/outbreak/obmissionselectbutton.lua
4D56EEDF2C4E8E1D,ui/generated/menus/frontend/mp/cas/loadouts/perkselect.lua
4D597C4653D156FC,ui/generated/widgets/ingame/mp/vehicle/driverhudvan.lua
4D5A08434B5AA700,ui/generated/widgets/frontend/seasonalevent/rex/seasonaleventsmenucontenttemplateeventplus.lua
4D5D1E20D2899700,ui/generated/widgets/frontend/mp/tournament/tournamentteamstatus.lua
4D5D492B4B5AFFD2,ui/generated/widgets/frontend/mp/customizationdetailpanel.lua
4D5E94E741523848,ui/generated/widgets/frontend/cp/cpdetailstab.lua
4D67E975C09D1451,ui/generated/widgets/frontend/mp/leagueplay/lprankedendtimer.lua
4D6D4660C05BF9A0,ui/utils/fenceprivilegeutils.lua
4D6FEB37E561DF40,ui/generated/widgets/frontend/headquarters/combatrecordweapons.lua
4D6FFA17DA4B55D8,ui/utils/mp/fencecodtv.lua
4D71CC2F8EEC91FD,ui/generated/widgets/ingame/interactiveobjecticon.lua
4D743FF6540740D0,ui/generated/widgets/frontend/social/socialprofilelabel.lua
4D77CA3824D73ADF,ui/generated/menus/frontend/firstbootsetupcomplete.lua
4D8290D754B05600,ui/generated/widgets/slamexecutionsplashcontainer.lua
4D844942D1539857,ui/generated/menus/frontend/mp/outbreak/obspawnselect.lua
4D84C1CFE3D917D7,ui/generated/widgets/cp/cpscoreboardheader.lua
4D88088357B9ECF3,ui/generated/widgets/ingame/reticles/rex/ret_rex_snscope_cust_06_grn.lua
4D933EBEC7435486,ui/generated/widgets/ingame/mp/mpscoreboardgrid.lua
4D95E670BBF2EE2C,ui/generated/menus/buttonlayout.lua
4D98C1CDD8172A62,ui/generated/widgets/frontend/unlockcriteria/criteriawidgets/unlockcriteriawinchallengecompact.lua
4D9B1E8542F095C4,ui/generated/datasources/alwaysloaded.lua
4D9C362C02E1A42C,ui/generated/widgets/mp/mpscoreboardteamname.lua
4D9C3753D0E5F886,ui/generated/widgets/caccommon/specialweaponattributewithtext.lua
4D9EB00651474B24,ui/generated/widgets/ingame/cp/aar/cpaarstarsinfo.lua
4DA5B14450CD4AD9,ui/generated/widgets/ingame/reticles/ret_cer_long_04_mp_rangefinder.lua
4DA6064E6A8619C8,ui/wireframecomponent.lua
4DA97EF1FA73B97F,ui/generated/widgets/ingame/mp/scorestreaks/apache/apachescreen03.lua
4DAC82200641592B,ui/generated/widgets/globalsocialbuttonprompt.lua
4DAD33C28C6D8295,ui/generated/widgets/trials/trialeventstartpopupmedalcontainer.lua
4DAFD7D0C0D3BDC8,ui/generated/widgets/frontend/weapons/loadout/rex/loadoutitemweaponbutton.lua
4DBC3FEE6AB05020,ui/generated/widgets/ingame/reticles/ret_cer_med_07_zm.lua
4DC0F25E175A6DCF,ui/generated/menus/frontend/mp/trialeventbr.lua
4DC44B9CFDDE7154,ui/generated/menus/frontend/loadscreenmenu.lua
4DC4E7B9CC5D1837,ui/utils/navbarhudobjectivesutils.lua
4DCC71206BEF5E3D,ui/generated/widgets/frontend/mp/cas/loadoutitembuttonbackground.lua
4DD0739C2D4089A7,ui/generated/widgets/frontend/seasonalevent/seasonaleventsrewardcardhighlightoverlay.lua
4DD10A16E03D7359,ui/generated/widgets/options/xb3sticklayout.lua
4DD2D430E2C711E2,ui/generated/widgets/ingame/reticles/reticlecrosshairdotchild.lua
4DD7675DD4080D53,ui/generated/widgets/frontend/mp/playmenu/newavailable.lua
4DD8E79932CEE9D5,ui/generated/widgets/ingame/mp/littlebird/littlebirdaltimetermarker.lua
4DE0387223625C6D,ui/generated/widgets/ingame/mp/scorestreaks/gunship/gunshipcontrolsprompts.lua
4DEAD1567D094DD8,ui/generated/widgets/frontend/cp/soclassic/sostarreward.lua
4DEDA96090D7698D,ui/generated/widgets/ingame/reticles/ret_cer_loot_s3over.lua
4DF322CDAC977CA2,ui/generated/widgets/ingame/reticles/ret_cer_loot_s2vtuber_alt.lua
4DF3B9F7C9B4E1FE,ui/utils/interactivemaputils.lua
4DF6F20D53F1A116,ui/utils/languages.lua
4DF8AFDA8807218F,ui/generated/datasources/uv.lua
4DF8D067BAA5F72E,ui/generated/widgets/frontend/battlemapv2/bphexagonprogresspiece.lua
4DF8D102317A09D7,ui/generated/menus/moviefullscreen.lua
4E015077E10C0871,ui/generated/menus/frontend/codaccount/logoninterruptwireframe.lua
4E0799177AF74399,ui/generated/widgets/ingame/mp/rex/scoreeventline.lua
4E07BB5A6B4665BB,ui/generated/widgets/genericbuttoniconandtext.lua
4E08D0B453501ABE,ui/generated/menus/frontend/firingrangeopticselect.lua
4E0F35C2FA9F81EA,ui/generated/widgets/challengessummaryitem.lua
4E0FDDBF0BA000F5,ui/generated/widgets/frontend/seasonalevent/rex/seasonaleventsbannervisuals.lua
4E1170B0D540A762,ui/generated/widgets/ingame/reticles/ret_cer_short_09_zm.lua
4E140F2293A6DE1F,ui/generated/widgets/ingame/reticles/rex/ret_rex_reflex_cust_01.lua
4E202E2D16FE4E6B,ui/utils/aegameeventsutils.lua
4E22645262C71BED,ui/generated/widgets/ingame/mp/matchstartobjective.lua
4E3C82958EEF014C,ui/generated/widgets/frontend/jupbattlemap/jupbpctamessage.lua
4E47FDB2FAD335B9,ui/generated/widgets/frontend/mp/outbreak/obselectedmissioncontainer.lua
4E4B070F7E5D2411,ui/generated/widgets/alphatag.lua
4E4C8302E92BBA75,ui/generated/menus/store/storebinkpreviewpopup.lua
4E50BF96E502393A,ui/generated/widgets/ingame/reticles/ret_cer_loot_art_deco_alt.lua
4E5C9B8CB5FAB348,ui/generated/widgets/ingame/mp/dmz/gunbench/gunbenchmodificationcountcontainer.lua
4E62054CDDD59BE5,ui/generated/widgets/frontend/barracks/barracksgametimestatbox.lua
4E630A8CDF886D58,ui/generated/widgets/ingame/mp/streakpoints.lua
4E639362F11802FC,ui/generated/widgets/ingame/mp/progressionunlocksplashcontent.lua
4E63FF2956465266,ui/generated/widgets/frontend/srchallengelayout.lua
4E66793A2480AC02,ui/generated/widgets/jup/genericbuttonbackground.lua
4E66810D33501C61,ui/generated/widgets/frontend/seasonalevent/seasonaleventsrewardcardtoggleprompt.lua
4E66DC125E24C75A,ui/generated/widgets/ingame/mp/vehicle/vandiagram.lua
4E6B90EEA65B943B,ui/generated/widgets/ingame/mp/fieldupgrades/tacinsertspawn.lua
4E722DDA0C061CCF,ui/generated/widgets/frontend/lobby/inspectlobbywidget.lua
4E751834B49B1B83,ui/generated/widgets/ingame/mp/matchstartobjectivebanner.lua
4E7C38A1F289D0CF,ui/generated/widgets/frontend/perkspecialistinfo.lua
4E83C75CE9853817,ui/generated/widgets/buttons/utilityitembuttonvm.lua
4E889818EFA37645,ui/generated/menus/frontend/social/phoenixtoolmenu.lua
4E8EB1D47041C3A4,ui/generated/development/frontend/aar/aarweaponunlocktopolines.lua
4E92D8D3F6CD2D0E,ui/generated/widgets/codhqpanelnavigation.lua
4E94E5AEDAB193D6,ui/generated/menus/frontend/mp/rex/genericeditboxpopupmenu.lua
4E960033553391EC,ui/generated/widgets/ingame/gunscreens/gunscreenemblems02.lua
4E980F9F3DC50220,ui/generated/widgets/frontend/cp/cpnextrewardconatiner.lua
4E9B85BF549E8357,ui/generated/widgets/frontend/mp/cas/fieldupgradesbutton.lua
4EA4160A88246DAC,ui/generated/widgets/ingame/mp/brbuystationcashdisplay.lua
4EA4A4A1562993FB,ui/generated/menus/ingame/mp/leagueplay/lpsuspensionpopup.lua
4EA7BC300E7D3A52,ui/generated/widgets/exfilchallengescore.lua
4EA9122B9020CA5B,ui/generated/widgets/ingame/reticles/rex/reticlecrosshairbaseouter.lua
4EA9375A37D26E39,ui/generated/widgets/frontend/barracks/progressionunlocktile.lua
4EA96C852AFE134A,ui/generated/widgets/scrollbar/verticalminimalscrollbarslider.lua
4EACB1F73D2E9EBB,ui/generated/menus/frontend/jupdepot/jupbattlepasspurchaseprogresspopup.lua
4EB60D6D60D1A670,ui/generated/widgets/frontend/social/channels/textchat/systemmessagetextchatentry.lua
4EC4A2518CEF210C,ui/generated/widgets/frontend/barracks/barrackschallengesweekly.lua
4EC5E1254B8B4525,ui/generated/widgets/frontend/sp/missionselect/mapdecorationcompass.lua
4EC6E085147D8F10,ui/generated/widgets/gridpagepips.lua
4EC9F252B1227B47,ui/ingamempkillstreakdatasources.lua
4ED844BA04A88082,ui/generated/widgets/objectivestatusplate.lua
4EDA40794D1961E4,ui/generated/widgets/frontend/operator/operation.lua
4EE20807B3FBF9FF,ui/generated/widgets/ingame/mp/hvtplayermessage.lua
4EF002C8F7E4F0D4,ui/generated/widgets/frontend/br/leagueplay/lpbrplaymenu.lua
4EF7DD21271ABB5E,ui/generated/widgets/footer/footermouseicon.lua
4EFB029F6D68F0C9,ui/generated/widgets/ingame/damageindicatorcontour.lua
4F0177C370F9D08D,ui/generated/widgets/rex/genericsidebutton.lua
4F038AA6B0711C57,ui/generated/widgets/leagueplay/lpoperatorskinvariant.lua
4F0504F5EBBE92C4,ui/generated/widgets/inventory/inventorydogtagyourstats.lua
4F0AFA96E2AFF3AF,ui/generated/widgets/ingame/mp/killcam/killcamperkinfocontainer.lua
4F0DF7A987A20C63,ui/generated/widgets/minimapincomingdangerwarningborder.lua
4F0E2C1BBA451BA6,ui/generated/widgets/genericwidgets/challengeprogresswidget.lua
4F0E332C2E6461E2,ui/generated/widgets/frontend/leaderboard/leaderboardmenubackground.lua
4F10850643A011C6,ui/ingame/codcasterlayer.lua
4F15A45E7A2B9AB4,ui/generated/widgets/ingame/mp/outbreak/reconpointscount.lua
4F22037C3D7D191D,ui/generated/widgets/ingame/reticles/ret_sat_long_05_wc_rangefinder.lua
4F26DB51B3901285,ui/generated/widgets/ingame/mp/splashslashcap.lua
4F27C8EAC4C09FAE,ui/generated/widgets/frontend/jupaar/jupbpaarprogression.lua
4F28C80A04EA6AA9,ui/generated/requires/development.lua
4F28EAEA62E0F9BF,ui/generated/widgets/frontend/lobby/rex/lobbyprivatematchstartbutton.lua
4F2C9D23907D5383,ui/generated/widgets/options/ps4layout.lua
4F2F26155644A4E7,ui/generated/widgets/frontend/aar/aarrankdisplay.lua
4F310A8688F4D69E,ui/generated/widgets/ingame/reticles/ret_sat_loot_spider.lua
4F34DE47DA14EEAC,ui/generated/widgets/frontend/barracks/challengeitemrerollpopup.lua
4F3C821186D932CA,ui/generated/widgets/frontend/seasonalevent/seasonaleventsstatuspanelstack.lua
4F411B4446E3CB12,ui/generated/widgets/buttons/editloadoutwithfavbutton.lua
4F42EA95BAE01EAB,ui/generated/widgets/frontend/barracks/mpbarracksmenu.lua
4F42F2DCA33C52C9,ui/generated/widgets/frontend/pagedbattlepass/pagedbattlepasspurchaserewardinfo.lua
4F433524D4C4DEDB,ui/generated/menus/frontend/battlemapv2/bpautoswitchpopup.lua
4F441791B883DB37,ui/generated/widgets/ingame/weaponinspectionpanel.lua
4F45AC815E331E6F,ui/generated/widgets/frontend/depot/itemcompact.lua
4F49E97813BC8670,ui/generated/widgets/globalsocialcapsulebacker.lua
4F4CDCC581109ED1,ui/generated/widgets/ingame/mp/genericprogress.lua
4F548015D31E7626,ui/generated/widgets/ingame/reticles/ret_cer_long_04_wz_therm.lua
4F5501B00F9E3CBE,ui/generated/widgets/ingame/mp/arena/arenaloadoutcontainerbase.lua
4F5C2BA918838D97,ui/utils/textchatutils.lua
4F5DD4374BB543E4,ui/generated/widgets/ingame/mp/properk.lua
4F6578E031BE86EE,ui/generated/widgets/frontend/weapons/loadout/loadoutheaderlist.lua
4F66A4BC6D0F8C2F,ui/generated/widgets/ingame/replaycontrolbutton.lua
4F6899DDBD7F44C5,ui/generated/widgets/ingame/reticles/rex/ret_rex_reflex_cust_12_blu.lua
4F7573CF815C965B,ui/generated/widgets/ingame/reticles/rex/genericunderhandreticle.lua
4F776F725CBCD0BB,ui/generated/widgets/aspectratiofadeframe.lua
4F81C1480CC1F550,ui/generated/widgets/ingame/rex/weaponaltinstruction.lua
4F81CC6B78734165,ui/generated/widgets/frontend/jupaar/jupaarbattlepassglowdigits.lua
4F8410D230101553,ui/generated/widgets/ingame/social/playerdetailsmenupopup.lua
4F84DFE957DB6B34,ui/generated/menus/sticklayout.lua
4F8CB8A072C9E7C9,ui/generated/widgets/frontend/mp/cas/gunsmith/gunsmithblockremovegroup.lua
4F8D86236F5B647B,ui/generated/widgets/frontend/store/storebillboarditem.lua
4F8F647A2B0C3D48,ui/generated/widgets/frontend/mp/obexfilstreakglow.lua
4F91CC3260601B87,ui/generated/widgets/customcolorpicker.lua
4F926DF3EA5A8D47,ui/generated/widgets/frontend/customize/callingcardmasterypreview.lua
4F95BB89BDF6070A,ui/generated/widgets/ingame/mp/scorestreaks/lockedbyenemywarning.lua
4F996EF8C9F2F910,ui/generated/widgets/ingame/reticles/ret_cer_short_03_wz.lua
4FA0F8F3B73BCADD,ui/generated/widgets/ingame/reticles/ret_cer_loot_egaux.lua
4FA4038F9AE82DC5,ui/generated/widgets/frontend/seasonalevent/seasonaleventwagereventmpmoderuleentry.lua
4FA5E1256C07AAFE,ui/utils/layoututils.lua
4FAA881D88E64BF6,ui/generated/widgets/rex/trainingcourseobjectiveslist.lua
4FAD1F469B74ADD7,ui/generated/widgets/frontend/mp/lobby/lobbywarzoneintrorewardspopup.lua
4FAEE15B2C0DD61F,ui/generated/widgets/frontend/seasonalevent/rex/seasonaleventsseasoncontenteventpanelvisuals.lua
4FB09B197293DFD4,ui/utils/fontscalingutils.lua
4FB205AB5AD1537F,ui/generated/widgets/frontend/aar/aarbattlepassprogressbarpip.lua
4FB45AE9DE730C62,ui/generated/widgets/ingame/reticles/rex/ret_rex_fourx_cust_13_blu.lua
4FB9FEB151CF781F,ui/generated/widgets/ingame/mp/shopedgeglowoverlay.lua
4FBF7579899E7606,ui/generated/widgets/buttons/buttonsocialaction.lua
4FC05E2A6D26D622,ui/generated/widgets/ingame/reticles/rex/ret_rex_fourx_cust_04_grn.lua
4FC19976D7A32082,ui/generated/widgets/store/storetilecarousel.lua
4FC6A4FACAE93AA9,ui/generated/widgets/benchmarkimpactedsettingscontainer.lua
4FD4AD917DA7DE65,ui/generated/widgets/ingame/mp/loading/loadingtip.lua
4FD4BC4FB33B16CD,ui/generated/menus/mp/rex/roundendteamhud.lua
4FD55A3F4A0D383F,ui/generated/widgets/ingame/reticles/ret_cer_loot_shroudhitman.lua
4FDBD4B94CD4EC37,ui/utils/mp/instancelootutils.lua
4FDD98419E502C67,ui/generated/widgets/ingame/hitmarkerstackablemanager.lua
4FE20ED980C4197F,ui/generated/widgets/frontend/mp/outbreak/obexfilstreakcard.lua
4FE435315515193E,ui/utils/itemdatasourceutils.lua
4FE46CE046283F83,ui/generated/widgets/ingame/mp/br/brhealthandarmorbarsteamplunder.lua
4FE4F87B0C7388CC,ui/generated/widgets/ingame/reticles/reticleairburstinactive.lua
4FEF051E21033580,ui/generated/widgets/ingame/reticles/rex/reticlecrosshairrpg.lua
4FF6E1756E0D7FF7,ui/generated/widgets/frontend/leaderboard/leaderboarddatarow.lua
4FFB930B0C374D7B,ui/generated/menus/options/editbuttonlayout.lua
4FFBBD884BA7E053,ui/generated/widgets/ingame/reticles/ret_cer_loot_knights_templar.lua
4FFBC5C7420A67C8,ui/generated/widgets/ingame/reticles/reticlecrosshairsinglesmall.lua
4FFD02EDC2CBE1B1,ui/luibuttonrepeater.lua
4FFE716476AD46BB,ui/generated/widgets/jup/countdownlarge.lua
4FFF909E2058C7B3,ui/generated/widgets/store/storetilesquare.lua
5002AD1CC74C5D4E,ui/generated/menus/frontend/prelobbymainmenu.lua
50038C2911FB8B98,ui/generated/widgets/ingame/mp/youindicatorleft.lua
5009E4697AFFEE43,ui/generated/widgets/ingame/mp/br/brteamscoreboardrow.lua
500A17B0EFB7B748,ui/generated/widgets/dmz/expandedviewtasktile.lua
500D112A5CF2CEEF,ui/generated/widgets/frontend/customize/rex/infilselecttab.lua
500F452DC3C7419B,ui/generated/menus/frontend/lobby/partyqueuingonboardingpopup.lua
5019B1C41688114C,ui/generated/widgets/frontend/seasonalevent/seasonaleventeventpluspurchasebutton.lua
501E11107A20D67D,ui/generated/widgets/ingame/mp/br/brcontrollerscheme.lua
501FFF060796DC8B,ui/generated/widgets/frontend/rex/menubuttonprompt.lua
50278167CBACEA15,ui/fonts.lua
5027AF7DA757E1F0,ui/generated/widgets/frontend/weapons/loadout/loadoutitemperkpackagebutton.lua
5027DB0C6B422A2C,ui/generated/widgets/buttons/challengebutton.lua
5029043E475EC661,ui/generated/menus/frontend/lfp/lfppartybrowsermenu.lua
502EBA601FBC3FA1,ui/generated/menus/frontend/social/flyinpopup.lua
503744DA21938D9F,ui/generated/widgets/frontend/seasonalevent/xpboostcurrentradialprogress.lua
5037B590FBF068C9,ui/generated/widgets/frontend/seasonalevent/seasonaleventsnewitemtag.lua
5038885658444C6D,ui/generated/widgets/frontend/unlockcriteria/criteriawidgets/unlockcriteriabattlepass.lua
50388EB5C0EB520E,ui/generated/menus/mp/mppausemenu.lua
503C1FF7977A9D8D,ui/generated/widgets/cac/gunsmithattachmentpips.lua
50413020DB138FB8,ui/generated/widgets/frontend/frontendweaponstatusinfo.lua
50414F77EFEFC990,ui/generated/menus/frontend/codaccount/codaccounteditpopup.lua
5043D6DB54E77C0C,ui/generated/widgets/ingame/reticles/reticle14hybrid.lua
504426FE5565282E,ui/generated/widgets/frontend/mp/dmz/dmzinsuredbuttoncontainer.lua
504B0AEE97C452B4,ui/widgets/mousecursortooltiplayer.lua
504DECB1AE103ED6,ui/generated/widgets/frontend/mp/cas/gunsmith/skincategorydivider.lua
50551857E6911108,ui/generated/widgets/ingame/equipmentnvg.lua
5056237CA8985558,ui/generated/widgets/frontend/depot/viewbundlebutton.lua
505843903B3FA7B8,ui/generated/widgets/mastery/masterybadgerewardsmallprogress.lua
505B8828BC747F51,ui/generated/widgets/ingame/weapontacstanceinstruction.lua
505E2E641B8B10A7,ui/generated/widgets/ingame/reticles/reticleholotherm01altdark.lua
5066384D0704B330,ui/generated/widgets/ingame/mp/scorestreaks/requisitionsstoremain.lua
50684BEAF01DD4BC,ui/utils/ingamestoreutils.lua
506F6466538D548B,ui/generated/widgets/frontend/seasonalevent/seasonaleventeventplusinstantrewardlabel.lua
507241DAB162788C,ui/generated/widgets/ingame/damagenumbercontainer.lua
5073CA4C1472BFCC,ui/frontend/luiweapon.lua
507A1FCA465D3A9F,ui/generated/widgets/leagueplay/lptop250leaderboardcdlplayerinfochampion.lua
507A70F6A08E0D30,ui/generated/widgets/frontend/mp/cas/weaponattributesbar.lua
507AC71C7C256184,ui/generated/widgets/frontend/customize/emblemsortfilterpopup.lua
507E9C946798F4C1,ui/generated/widgets/rex/loadoutequipmentbutton.lua
507FFE663398C6CF,ui/generated/widgets/ingame/gunscreens/gunscreenhauntingclock.lua
5082007C654009D8,ui/generated/widgets/leagueplay/lpmatchmakingrestrictedinfo.lua
50890759FC2B3BFD,ui/generated/widgets/frontend/mp/cas/weaponprogressionbutton.lua
508DC0571D9FF80E,ui/generated/menus/replaypausemenu.lua
5095FA368ECE209D,ui/generated/widgets/perkupdatedesc.lua
509FFC5B2DAA79A5,ui/generated/widgets/ingame/reticles/reticle02.lua
50A0DC9FD6FBAF03,ui/generated/widgets/ingame/reticles/reticlefourxaugolf.lua
50ABA321025CA583,ui/generated/widgets/equippeditempanel.lua
50B5CA9F8D371389,ui/generated/widgets/frontend/seasonalevent/seasonaleventsseasoncontentbuttonvisuals.lua
50C27B7F089A8E74,ui/generated/widgets/frontend/headerbackarrowlarge.lua
50C287373120A96B,ui/generated/widgets/frontend/prelobbymaintab.lua
50C9F3D5F105D231,ui/generated/widgets/rex/menubuttonradiowithdescription.lua
50CDB9B0AE082293,ui/generated/widgets/ingame/reticles/rex/ret_rex_reflex_cust_07_grn.lua
50D0DE800A7C9F54,ui/generated/widgets/ingame/reticles/ret_cer_loot_80sarsenal_alt.lua
50D0F01B6B0436DA,ui/generated/widgets/frontend/lobby/privatematchlobbybuttonshorizontal.lua
50D44F5025C87AFC,ui/generated/widgets/frontend/pagedbattlepass/pagedbattlepasstiernextrewarditem.lua
50DCFDA7FB0D2CD5,ui/utils/metricsutils.lua
50E3CBF322A269B5,ui/generated/widgets/frontend/mp/tournament/bracketteam.lua
50E433076CF198E9,ui/generated/widgets/leagueplay/lprestrictionwarning.lua
50F2D2FF543F6845,ui/generated/widgets/frontend/weapons/baseweaponbutton.lua
50F89B2B7A2E430B,ui/generated/widgets/basetextchatentry.lua
51051BE4D8B9823E,ui/generated/widgets/ingame/autofirecrosshair.lua
510B1D30C0F8A674,ui/generated/widgets/frontend/weapons/gunsmithbuttonwrapper.lua
510DF66A70BED731,ui/generated/widgets/frontend/groups/filtersortpopup.lua
511251F67C24A116,ui/generated/widgets/ingame/reticles/rex/ret_rex_snscope_cust_16_grn.lua
511595944DD86832,ui/generated/widgets/ingame/mp/escort/escortroundendteamhudmessage.lua
511AA565F6798FAC,ui/generated/widgets/wzscoreboardrowscore.lua
511B3E237C94C8C1,ui/generated/widgets/frontend/br/leagueplay/lpbrhowtoplaysroverviewmain.lua
51234F75815DFE97,ui/generated/widgets/rex/settingsmenubackground.lua
51295330B205C9C4,ui/generated/menus/frontend/mp/cas/loadouts/attachmentselect.lua
5139CF09F3067D1E,ui/generated/widgets/buttons/buttonhighlightwide.lua
513C1147E4F93C83,ui/generated/widgets/ingame/reticles/ret_cer_loot_s6milk_alt.lua
513E85894117B5ED,ui/generated/widgets/ingame/mp/matchstatustimer.lua
513F0257CBB0BCC1,ui/generated/widgets/ingame/mp/fieldupgrades/rex/rallyingcryplayerindicator.lua
51492B382EF87552,ui/utils/streakselectutils.lua
5149D139EAD5B14F,ui/generated/widgets/frontend/mp/cas/loadoutselectbuttons.lua
514A881ABD4BD959,ui/generated/widgets/frontend/mp/cas/gunsmith/gunsmithprogressionpip.lua
514B104D659CBEBB,ui/generated/widgets/frontend/social/socialprofilemenu/socialprofileplayerpresenceinternal.lua
514C0EDCFD262E11,ui/generated/widgets/ingame/reticles/reticlesnscope05.lua
514DC59D45ABF723,ui/generated/widgets/ingame/gameplayplayerstats.lua
514F1DA11783A2E3,ui/generated/widgets/store/storetilelarge.lua
515408695BEC2DC2,ui/generated/widgets/ingame/mp/benchmarkstatsingame.lua
515F6619D056B8E9,ui/generated/widgets/headeronlyexpander.lua
516A758A3E7FE128,ui/generated/widgets/frontend/lobby/lobbymembergridemptyslot.lua
516D31457CAD5A20,ui/generated/menus/frontend/wishlistselect.lua
516E235A0CA9B578,ui/generated/widgets/mousecursorcontextualmenupanel.lua
517193DA8CF8F8F5,ui/generated/widgets/frontend/menutitle.lua
5173236A9C79CE30,ui/frontend/mppopups.lua
517401D9A455C326,ui/generated/widgets/ingame/reticles/ret_cer_long_03_zm_rangefinder.lua
517509478743D058,ui/generated/menus/frontend/mp/cas/loadouts/camoselectbase.lua
5176A5E116E56A12,ui/generated/widgets/ingame/reticles/ret_cer_short_09_wz.lua
517767279ADABEF5,ui/generated/widgets/frontend/jupbattlemap/jupbpblackcellupsell.lua
517767C374B13D17,ui/generated/widgets/loadoutbuttonbacker.lua
51880C52FE66C294,ui/generated/widgets/tooltipwidgetbackground.lua
518A290D07748C2F,ui/generated/widgets/options/gamepadbuttonswapoption.lua
5191C4F3F7C33E5E,ui/generated/widgets/frontend/aar/jup/aarxpunlockreward.lua
5193362E16CF852D,ui/generated/widgets/frontend/seasonalevent/seasonaleventeventpluspurchasebuttonvisuals.lua
519FA75C10DF9F15,ui/generated/widgets/frontend/br/brchallengesmenurewardstab.lua
51A2A36228F1164C,ui/generated/widgets/ingame/reticles/ret_cer_loot_s55smuggler.lua
51A5F0F9791F69FF,ui/generated/widgets/frontend/genericbuttonlistflyin.lua
51A62C642F271AB6,ui/generated/widgets/frontend/aar/aarbattlepasshvtmilestoneprogresspip.lua
51AEE7DDAC6E4C19,ui/generated/menus/frontend/mp/aar/aarcontracts.lua
51B01FD926082A8A,ui/generated/widgets/dmz/dmzmenucontainer.lua
51B05703CB219890,ui/generated/widgets/genericcyclelist.lua
51B4A6CB95A87265,ui/generated/widgets/frontend/groups/socialgroupgroupnamewidget.lua
51B90B4EDAF9508D,ui/generated/widgets/frontend/seasonalevent/seasonaleventsmenucontenttemplateinfotiles.lua
51C607BBD07124C6,ui/generated/widgets/dailydownloadbackground.lua
51C7A874AA43220E,ui/generated/widgets/ingame/reticles/reticlecirclegreen.lua
51DA5FD6F04B6AB9,ui/generated/widgets/ingame/reticles/jupiter/jup_reticle_reflex09_base.lua
51DB44A2730F2028,ui/generated/datasources/cod_hq.lua
51DCF306B9F8C22B,ui/generated/widgets/mp/br/brtacmaphighlightreward.lua
51E0A4E16BC15C31,ui/generated/widgets/frontend/challenges/rex/stickerbookclassificationwidget.lua
51E0FC12BA02F85C,ui/generated/widgets/aarprogressionhead.lua
51E44296A5F6E139,ui/generated/widgets/store/storespotlight_3a_alt.lua
51E46A3237A37DCD,ui/generated/widgets/frontend/challengeplaylistbutton.lua
51E61DA3161BCC9A,ui/utils/mobileflyinpopuputils.lua
51E66616B640B43F,ui/generated/widgets/ingame/mp/trial/trialresultsbuttons.lua
51E84F8E7F32526B,ui/utils/mp/mputils.lua
51E9BDAEF877A6F0,ui/generated/widgets/frontend/rex/globalplayerpanelprompt.lua
51ED7617991A5075,ui/generated/widgets/frontend/challenges/rex/stickerbookclassificationbutton.lua
51F002EA07CE0153,ui/generated/widgets/ingame/mp/ffavictoryplayernamebg.lua
51F50300AB86E575,ui/generated/widgets/ingame/mp/fieldupgrades/tacinsertspawnoverlay.lua
51F5FB51D03250D4,ui/generated/widgets/frontend/platformbonuswidget.lua
51FF550006AF16C3,ui/generated/widgets/ingame/reticles/reticle31.lua
52003E88AB62A529,ui/generated/widgets/frontend/warzonepremiumfreetrialupselltab.lua
520EE1FBBC235B48,ui/generated/widgets/frontend/challenges/rex/camochallengedetails.lua
52104BA11C43E9B1,ui/generated/menus/frontend/seasonalevent/seasonaleventsposteventmainmenucelebrationparademenu.lua
52147EF88458FDBB,ui/generated/widgets/genericwidgets/labeledbutton.lua
5216CB262BD71471,ui/generated/widgets/ingame/inventorybuttonperkpackagedisplay.lua
521800AB6C0A6AF4,ui/generated/widgets/frontend/dailyloginreward/dailyloginrewardbuttoncheckbox.lua
521DA1B5DA9C21FC,ui/generated/widgets/frontend/challenges/camochallengesoverview.lua
521E523FFCBD6135,ui/generated/menus/frontend/mp/outbreak/obexfilstreakmenu.lua
521FBCEB33D796A1,ui/generated/widgets/ingame/reticles/rex/ret_rex_holo_03_alt_10.lua
522124CC706D957E,ui/generated/widgets/benchmarkzonedetailsresults.lua
5227D06A67C78480,ui/generated/widgets/frontend/mp/leagueplay/lpseasonalrewarditem.lua
522A04FD91F3C180,ui/generated/widgets/frontend/playlistdetailstaglabel.lua
5231668266EF4513,ui/generated/widgets/ingame/reticles/ret_cer_loot_s35jcrafts.lua
5235F59F9AF3DF6E,ui/generated/widgets/frontend/bundlebutton.lua
52366DAE3E5E7F27,ui/generated/widgets/ingame/reticles/ret_sat_loot_uap.lua
5237D48D5513922B,ui/generated/widgets/minijuggcontrols.lua
52451FC569EBF345,ui/generated/menus/discordaccount.lua
5246AC495F11BB8C,ui/generated/widgets/highvaluesectorplayermessage.lua
524A21796464E7C7,ui/generated/widgets/frontend/social/socialprofilemenu/socialprofileplayerbrowserfilterpopup.lua
524A8E0FF9722787,ui/generated/widgets/frontend/seasonalevent/rex/seasonaleventsrewardcardbackgroundbacker.lua
524D2F5FF3284D87,ui/generated/widgets/ingame/motionsicknesscontaineroverlay.lua
524D70EE99D4D72C,ui/generated/widgets/buttons/buttonxlarge.lua
5250CDF067D36188,ui/utils/playerprofileutils.lua
5255A40C989F12A3,ui/generated/widgets/ingame/mp/loading/maptitlesubheader.lua
5256E62F88916F97,ui/generated/widgets/ingame/reticles/rex/ret_rex_fourx_cust_12.lua
525D1E3E3BAE017B,ui/generated/widgets/kbmbutton.lua
525F4ADAFEE019DD,ui/generated/widgets/frontend/mp/cas/loadoutcontentframefluff.lua
5266143DCF4D5041,ui/generated/widgets/mugikillstreakhudwarningtextbacker.lua
5268BF8637AC09E8,ui/ingame/scriptedwidgetlayer.lua
526E81C895992F71,ui/generated/widgets/ingame/mp/cashpickupfeedback.lua
52706046E8419283,ui/generated/widgets/mp/gameendscoreteam.lua
5270C53BB809517C,ui/generated/widgets/frontend/store/storeitemdetails.lua
52765C8E76547358,ui/generated/widgets/mobilebackbutton.lua
527923054FBAEF9A,ui/generated/widgets/frontend/codcaster/codcasterteamsettingsportraitlist.lua
5279DB70FFF1C004,ui/generated/widgets/ingame/motionsicknesshorizontalline.lua
527F9605CA394C9D,ui/generated/widgets/borderdegraded.lua
5281977603E84648,ui/generated/widgets/common/buttonprimarycer/buttonprimarycerlabel.lua
528D08CF8F06964F,ui/generated/widgets/frontend/operator/operatorbio.lua
5296E17158D93BF6,ui/generated/widgets/frontend/genericcontentpanel.lua
529A67C7A49BDFB6,ui/generated/widgets/alwaysloaded/talkerslayout.lua
529C2B5C982A9DA0,ui/generated/widgets/ingame/mp/killcam/killcamyouindicator.lua
52A3EDB8412792A9,ui/generated/widgets/objectivearrow.lua
52A54435EDC928A7,ui/generated/menus/frontend/mp/trialsmp.lua
52A6754B185AB9CF,ui/generated/widgets/ingame/mp/genericsplashleftalt.lua
52AF766455127283,ui/generated/menus/frontend/cp/intel/cppreviewintel.lua
52B1998E59CF554C,ui/generated/widgets/aarprogressionrewardlines.lua
52B3E293FE55CE47,ui/generated/widgets/ingame/reticles/reticleholotherm01alt.lua
52B81EFF0051F0F6,ui/generated/menus/alwaysloaded/legal/rex/legalreaccessmenu.lua
52B8567668FF3556,ui/generated/widgets/frontend/seasonalevent/lobby/seasonaleventchallengecarditem.lua
52BA4287DF789C61,ui/generated/widgets/ingame/reticles/extrareticles/reticleoutercirclesbeta.lua
52BA9E52C767119A,ui/generated/menus/frontend/mp/aar/aarparadecontainer.lua
52BC3022008DD90F,ui/generated/widgets/frontend/challenges/rex/weeklychallengeselect.lua
52C002C1816AD780,ui/generated/widgets/frontend/seasonalevent/seasonaleventscommunitygriditem.lua
52C1A25179DB8737,ui/generated/menus/frontend/pagedbattlepass/pagedbattlepassseasonintropopup.lua
52C6F03D8F4B0841,ui/generated/widgets/buttons/buttonsmalltall.lua
52C96FADE2E3A037,ui/generated/widgets/frontend/mp/cas/weaponbrandlist.lua
52CC0BE814EECBDA,ui/generated/widgets/ingame/reticles/purpledot.lua
52CDD4151B473C61,ui/generated/widgets/frontend/mp/zm/zmsaveavailabilityinfo.lua
52D2BFA134FF892F,ui/generated/widgets/wzm/mobilegenericpopupbackground.lua
52D447434D972653,ui/generated/widgets/frontend/weapons/loadout/loadoutbutton_flc.lua
52D4EAA59D062CA4,ui/generated/widgets/pulsingrespawntimer.lua
52D6DB5519840737,ui/generated/widgets/ingame/mp/publiceventsplash.lua
52D92D21E7AEED3F,ui/generated/widgets/frontend/lobby/lobbyprivatematchstartbutton.lua
52D9D167B911CE60,ui/generated/menus/rex/fullscreenpopupframe.lua
52DAF95A2C47CB6F,ui/generated/menus/frontend/mp/aar/aarffascoreboard.lua
52DB6E7AC2087AED,ui/generated/menus/frontend/mp/cas/loadouts/camoallunlockedselect.lua
52DCC6D75DBDBC73,ui/generated/widgets/ingame/mp/killcounterbackground.lua
52E2512E457503B3,ui/generated/widgets/ingame/reticles/ret_sat_long_04_zm_rangefinder.lua
52E966A588AF688F,ui/generated/widgets/ingame/mp/br/brmenumapkeylistitem.lua
52F14008EDF09F73,ui/generated/widgets/frontend/mp/outbreak/loadoutacquisitionbutton.lua
52F41D1E612410A8,ui/generated/widgets/frontend/career/careerprofilebutton.lua
52FB54FFC613FE68,ui/generated/widgets/frontend/customize/playercardselectbase.lua
530271C027D6A229,ui/generated/widgets/frontend/lobby/lobbyplayerlistpartyindicator.lua
5307DDEE35B91345,ui/generated/widgets/frontend/mp/cas/gunsmith/attachmentdisplay.lua
5309E4C2F6EA6812,ui/generated/widgets/ingame/reticles/rex/reticlecrosshairauto.lua
530B19AD195932F3,ui/generated/widgets/frontend/mp/dmz/dmzselectedmissionoverview.lua
530E61BDF97291C5,ui/generated/widgets/ingame/reticles/ret_cer_loot_knights_templar_rangefinder.lua
53113D3EC16C21CA,ui/generated/widgets/frontend/mp/cas/progressionitembutton.lua
53124C9D720C992E,ui/generated/widgets/frontend/battlemap/battlemapmenu.lua
5318B7BA66742619,ui/generated/datasources/customization.lua
531C37D9838E5B53,ui/generated/widgets/ingame/mp/rcxdenemytarget.lua
53221CEE73A556AE,ui/generated/widgets/frontend/seasonalevent/seasonaleventsmenucontenttemplatemysterybox.lua
53290AAABC81B686,ui/generated/widgets/store/storelimitedtag.lua
533474632B3ED266,ui/generated/widgets/frontend/battlemapv2/bpautoswitch.lua
53354C99C79D8218,ui/generated/menus/frontend/weapons/rex/weaponbaseselect.lua
533803F35A7967E5,ui/generated/widgets/ingame/reticles/rex/ret_rex_minired_pi_01.lua
5339A1F753A25693,ui/generated/widgets/ingame/mp/playermicdisplay.lua
533AEF068413955A,ui/generated/widgets/ingame/reticles/reticleoutercirclefourx02_ct.lua
533AF37558928E7D,ui/generated/widgets/ingame/shared/nameplates/playernameplatecontainer.lua
533B85128A7A3CE5,ui/generated/widgets/ingame/reticles/reticleminireddotgotago.lua
5345165B09E6298C,ui/generated/widgets/frontend/mp/cas/gunsmith/gunsmithbuttongroup.lua
5345A5C90E51837B,ui/generated/widgets/frontend/seasonalevent/seasonaleventseventcompletebanner.lua
534DD476DCEF211A,ui/generated/widgets/attestationpopupstate.lua
5355AE6C88EAEFF1,ui/generated/widgets/ingame/mp/fieldupgrade.lua
5356B2F23AE0C1A4,ui/generated/widgets/ingame/reticles/extrareticles/reticlefourx03.lua
53640228099D8955,ui/generated/widgets/frontend/seasonalevent/seasonaleventsmenucontenttemplatepartyup.lua
5365AB9D3DD92A2D,ui/generated/widgets/ingame/healthbarhud.lua
536921B206D4E4D0,ui/generated/widgets/frontend/activewarning.lua
53728ED04168F3B0,ui/generated/widgets/frontend/mp/cas/streaktablet.lua
537330F0C8517A42,ui/generated/widgets/frontend/mp/dmz/dmzitemslotcorners.lua
53737869C4E0A0DC,ui/generated/menus/frontend/mp/cas/loadouts/gunsmith/gunsmith.lua
53758727D9836FB6,ui/generated/widgets/ingame/reticles/ret_sat_loot_robotk.lua
537881B639F9B66B,ui/generated/menus/frontend/mp/cas/loadouts/reticleselect.lua
5378B0ADE67943FD,ui/generated/widgets/frontend/br/leagueplay/lpbraarstatsitem.lua
537B38176D824021,ui/generated/widgets/ingame/motionsicknessdotgrid.lua
537D8CE19FAB4304,ui/generated/widgets/trainingcoursestationtitle.lua
537EC6413398F207,ui/generated/widgets/store/storetilecarouselinternalportraitcropped.lua
537FB1E4BAD81C1F,ui/generated/menus/frontend/weapons/loadout/loadoutoverview_flc.lua
5380EBF1AFF0F344,ui/generated/widgets/frontend/lobby/lobbyplaylistfilteredmodes.lua
538DD6006CDAA2D3,ui/generated/widgets/frontend/events/purchasefeaturedeventbundlebutton.lua
5391D41D0B3BCFB5,ui/generated/widgets/sppausemenutexturecontainer.lua
53928D0A6A9E600B,ui/generated/widgets/ingame/reticles/ret_cer_loot_s4improv.lua
53976FBE19D2BA95,ui/generated/widgets/ingame/reticles/rex/ret_rex_holo_03_alt_07.lua
539CA10D87446A2D,ui/generated/widgets/options/generickeybindlinkbutton.lua
539FBA2E3056F706,ui/generated/widgets/frontend/mp/dmz/dmztraitsbackground.lua
53A4B7BC6133F41E,ui/generated/widgets/ingame/reticles/ret_cer_long_03_mp_rangefinder.lua
53AC5F11E68B11F2,ui/generated/widgets/frontend/mp/cas/gunsmith/blueprintskincategorybutton.lua
53B2E7BF81BC1587,ui/utils/storelayoututils.lua
53B696E6A5F273D7,ui/generated/widgets/ingame/reticles/ret_cer_long_01_mp_therm.lua
53BD6A651D867A0C,ui/generated/widgets/ingame/reticles/ret_cer_loot_s5alterego_alt.lua
53C013157E1787E6,ui/generated/menus/firingrangeloadoutselect.lua
53C0C106121A6DC0,ui/generated/widgets/ingame/hitmarker.lua
53C1F474D8D265A2,ui/generated/widgets/frontend/mp/leagueplay/lpcareermenubuttons.lua
53D26AAEEBE2FE63,ui/generated/widgets/mastery/masterybadgeinfo.lua
53DA933760D96D1C,ui/generated/widgets/frontend/social/socialprofilemenu/socialprofilerankwidget.lua
53DAECA554E4E0C9,ui/generated/widgets/cac/gunsmithcustomizecategorybutton.lua
53DF88C68BABB0F0,ui/generated/widgets/frontend/leaderboard/leaderboardheaderrow.lua
53E697836044BB69,ui/generated/widgets/frontend/mp/dmz/dmztraittreebacker.lua
53E74EA7ECD34B29,ui/ingame/atakinputlayer.lua
53F58E824D48D4FD,ui/generated/widgets/firingrangepausemenubuttons.lua
53FA1A0442876EF9,ui/generated/widgets/ingame/reticles/ret_cer_loot_steampunk_rangefinder.lua
53FDFBAF04570E97,ui/generated/menus/frontend/codaccount/codaccountforcerenamepopup.lua
53FFC7DF404594CA,ui/generated/widgets/ingame/mp/bradley/tankturretback.lua
540332F91512176D,ui/generated/widgets/ingame/reticles/ret_cer_loot_egaux_alt.lua
5409734A44E7E078,ui/generated/widgets/equipmentskinlabel.lua
540E6A79D0E2F961,ui/generated/widgets/frontend/social/socialprofilemenu/socialshowcasecallingcardshowcasepreviewbutton.lua
5412B0744302F4AC,ui/generated/widgets/store/partyskinbundletag.lua
5415E8CF995AC92F,ui/generated/widgets/frontend/jupbattlemap/jupbattlemapcinematicframe.lua
541B1F72C4F3396A,ui/utils/loadoututils.lua
5421AA03B8DA5F5B,ui/generated/widgets/frontend/challenges/callingcardchallengesdetailspanel.lua
54233FF8741B4127,ui/generated/widgets/frontend/lobby/lobbyplaylistselectsubbutton.lua
5425E07089EEDB89,ui/generated/widgets/frontend/glowdistressedstaticborder.lua
542B8AA72B3CA227,ui/generated/widgets/ingame/reticles/reticlecrosshaircombatbow.lua
542FB89184153F41,ui/generated/widgets/ingame/mp/rex/mperrormessage.lua
5431AAC94DFDD54C,ui/generated/widgets/frontend/textlrarrowhighlight.lua
543772EF52CD2D69,ui/generated/widgets/ingame/reticles/ret_sat_short_10_wc.lua
5438A9F7CB49EC5F,ui/generated/datasources/currency.lua
5438F914A14581D5,ui/generated/widgets/premiumupsellcontainerlarge.lua
543F67C8E44189D3,ui/ingame/driverhudhooptytruckcontainer.lua
543FD9859EB81A11,ui/utils/mp/fenceexgm.lua
5446ED2C3306E1D3,ui/generated/menus/frontend/weapons/loadout/loadoutitemselection.lua
5448AABFE459FFBB,ui/generated/widgets/ingame/hitmarkerequipstackablecontainer.lua
54529CBADB63A63D,ui/luielementpool.lua
54567CA57EF868F0,ui/generated/menus/frontend/barracks/combatrecord.lua
545A9D8F1F2F1734,ui/generated/widgets/frontend/mp/aar/aarffascoreboard.lua
546955E0D457945B,ui/generated/widgets/frontend/barracks/lastgamestats.lua
546B514F8E576D6F,ui/generated/widgets/frontend/weaponcustomizationpanel.lua
546CCD6C9966F32D,ui/generated/widgets/frontend/social/socialinvitesplayergridempty.lua
546D8E3F2E7EDC04,ui/generated/widgets/frontend/aar/aarcommendations.lua
546ECE207FA9688B,ui/generated/widgets/mp/hijackdevice.lua
54721561E9353E31,ui/utils/obpvplobbyutils.lua
547386B5415FDC61,ui/generated/menus/frontend/social/rex/flyinpopup.lua
547B5FEDACA3E9F0,ui/generated/widgets/ingame/reticles/tealdotmagnified.lua
547EF305FBA6A695,ui/generated/widgets/ingame/mp/genericsplash.lua
548454F02E92769B,ui/generated/menus/frontend/mp/outbreak/walletmanagement.lua
54873BD7322927F5,ui/generated/widgets/outofboundssplashtimer.lua
54877A9C8BFBD1A5,ui/generated/widgets/frontend/hudcustomization/hudcustomizationlayoutstab.lua
54885D0A7EBA40C7,ui/generated/widgets/frontend/mp/lobby/playercount.lua
549091262B7F63AA,ui/luimenu.lua
54914B9FF5DD8EE1,ui/generated/widgets/laserattachment.lua
54922AC215560FCA,ui/generated/menus/frontend/weapons/loadout/loadoutperkselectmenubase.lua
5494A931C57C5EF9,ui/generated/widgets/frontend/jupbattlemap/jupbpmapsectorevent.lua
549DEA81E78BC8E5,ui/generated/widgets/ingame/mp/br/brteamhealthbarcontainer.lua
54A187F1AD923511,ui/generated/widgets/genericradio.lua
54A3AD1992743817,ui/generated/widgets/frontend/unlockcriteria/unlockcriteriaprompt.lua
54A575883200E0E4,ui/generated/widgets/mp/modifierslegend.lua
54A933006579A47E,ui/generated/widgets/frontend/battlemapv2/battlemapseasonrecapupsell.lua
54ABE4C1472B84E4,ui/generated/menus/frontend/mp/leagueplay/lpranktabsmenu.lua
54AFE1EE85C42FFD,ui/generated/widgets/frontend/mp/dmz/dmzdeploybuttonglow.lua
54B0677B63289700,ui/generated/widgets/hudeditorthemebutton.lua
54B3B4B4ADECDEDE,ui/generated/widgets/frontend/mp/cas/weaponcustomizebuttons.lua
54B505604F5C81E1,ui/generated/widgets/frontend/mp/leagueplay/lppostmatchskillrating.lua
54BE53F58044D0B8,ui/generated/widgets/ingame/reticles/reticle30.lua
54BFDF4425A1356A,ui/generated/widgets/ingame/mp/scorestreaks/scorestreakfuianimationsquare.lua
54C2CBE0AD54F10E,ui/generated/widgets/ingame/reticles/rex/ret_rex_holo_03_alt_11.lua
54CE14D1505DBA85,ui/generated/widgets/hudeditor/colorpicker.lua
54CE2B7FAEE83E90,ui/generated/widgets/frontend/pagedbattlepass/pagedbattlepasshvtlandingpageitemtag.lua
54D41FAE0A247B45,ui/generated/widgets/frontend/mp/tokenbutton.lua
54D42C0C3402FFDD,ui/generated/widgets/ingame/reticles/ret_sat_loot_s1commevent.lua
54D8591615F6374D,ui/utils/leagueplayutils.lua
54E24AFC379604A3,ui/generated/widgets/frontend/br/brlobbyplaylistsubbutton.lua
54E4399196813814,ui/generated/widgets/ingame/mp/matchstatuscontestedicon.lua
54E81460EA0C1671,ui/utils/gridmovableobjectutils.lua
54E9FBE9F52FD635,ui/generated/widgets/ingame/mp/scorestreaks/rcd/rcdmeter.lua
54F21A052EAA59C8,ui/generated/widgets/frontend/mpweaponmenu.lua
54F318A5763F99EA,ui/generated/widgets/frontend/aar/aarweaponunlockreward.lua
54F68314D73B8F94,ui/generated/widgets/buttons/buttonsocialactionshort.lua
54FAF0ECB4CB9E4F,ui/generated/widgets/ingame/reticles/reticlehybrid15b.lua
54FD804EE11FC534,ui/generated/widgets/ingame/reticles/reticlehybrid03vdaycounter.lua
54FE1CC1B6074FBB,ui/generated/datasources/telemetry.lua
5502A98498E44E67,ui/generated/widgets/ingame/fieldupgradeparkedsplash.lua
5502C2A07033A3C1,ui/frontend/mpplayerpopups.lua
550463027969D241,ui/generated/widgets/menubuttonradiowithdescription.lua
550ADC82C2338B47,ui/generated/menus/frontend/zm/wonderweaponblueprintselect.lua
550B53622C754FF8,ui/generated/widgets/codhqbuttonbanner.lua
551689E90DF0F32C,ui/generated/widgets/ingame/reticles/ret_cer_loot_s2bp6.lua
55187E9046CEC7FB,ui/generated/widgets/frontend/cp/cpkitselectroleinfo.lua
551930D041B5C789,ui/generated/widgets/ingame/reticles/ret_cer_loot_s2icenlava.lua
55195DD1FBFFF18E,ui/generated/widgets/titlewithfluffunderline.lua
551C01CA922353AE,ui/generated/widgets/leagueplay/wzlpseasonendgenericreward.lua
551D868C90374EE0,ui/generated/widgets/freetrialbannerbacking.lua
552237D543717A35,ui/generated/widgets/frontend/lobby/lobbysearchwidget.lua
552E00B2B22396FE,ui/generated/widgets/ingame/reticles/ret_sat_varizoom_02.lua
5538520A5008A057,ui/generated/widgets/ingame/reticles/ret_cer_loot_s35jcrafts_alt.lua
553C63C5411404DD,ui/generated/widgets/frontend/lobby/inspectlobbymemberbutton.lua
553EEE70D17F1F02,ui/generated/menus/frontend/jupdepot/jupbattlepasshelppopup.lua
5544A3B8875CB9BC,ui/generated/widgets/frontend/lfp/lfppreferencesdropdown.lua
5549247DBCEC14A3,ui/generated/widgets/frontend/mp/lobby/lobbymap.lua
554AB0AECBAB6488,ui/generated/luielems/ingame/mp/br/minimapborder.lua
555373C465C1EFFC,ui/generated/widgets/ingame/reticles/reticlevz01.lua
555DF9F8F04DAE94,ui/generated/widgets/ingame/reticles/ret_cer_loot_bank_robber_alt.lua
556136BDBC73C7F8,ui/generated/widgets/ingame/reticles/yellowdot.lua
5562E22D7CEB5561,ui/generated/widgets/frontend/mp/cas/gunsmith/gunnybuildbutton.lua
556A90B679056102,ui/generated/widgets/weaponstatnumericalcomparison.lua
556C44C588A2AD0F,ui/generated/widgets/frontend/checkboxbutton.lua
556C4CD578742C77,ui/generated/widgets/ingame/reticles/reticlesniper05.lua
556CB7B23F7E727C,ui/generated/widgets/ingame/mp/cas/equippedstreak.lua
556F5A8B38005874,ui/generated/widgets/frontend/barracks/rex/progressionunlocktilebase.lua
557327C7BB41D3D0,ui/generated/widgets/fullscreenwebviewserviceunreachable.lua
557687DE2E94258C,ui/generated/widgets/frontend/mp/tournament/tournamentquadbracket.lua
557A880C245C7BD1,ui/generated/widgets/preorderbuttonlarge.lua
557AAC0C839ECBA0,ui/generated/widgets/ingame/mp/smartstreaklist.lua
557B0E48DB4834A0,ui/generated/widgets/mp/br/minimap/minimapbunkerinfo.lua
5585730E7DC4C525,ui/generated/widgets/frontend/weapons/loadout/rex/loadoutcustomizationbuttons.lua
558A79827C8E53F6,ui/generated/widgets/ingame/reticles/ret_cer_med_05_zm.lua
558FC76D98F6C6AA,ui/generated/widgets/genericoptionseparator.lua
5591DD7088EB11DD,ui/generated/widgets/options/detailsoption.lua
55A0C1F59262447C,ui/generated/widgets/progressbarsimpleupdated.lua
55A267ED110E072B,ui/generated/widgets/frontend/mp/playlist/playlistfeaturedbutton.lua
55AAF641042A26D2,ui/generated/widgets/frontend/mp/cas/uniquecamounlocks.lua
55AD610BB1B6CDED,ui/generated/widgets/frontend/career/careermenubuttonblur.lua
55AE1DD16BC3BEF9,ui/generated/widgets/sp/spgenericbutton.lua
55AF70E6B9A070C8,ui/generated/widgets/rex/mousecursorcontextualmenupanel.lua
55B4EDEFC812B94F,ui/generated/widgets/frontend/seasonalevent/seasoneventmasterypipcontainer.lua
55BB72015DC56356,ui/generated/widgets/frontend/pagedbattlepass/pagedbattlepasstieritem.lua
55BCC596F42040D1,ui/generated/widgets/ingame/mp/vehicle/vehiclediagram.lua
55C93F6788E8E9B0,ui/utils/radialmenuutils.lua
55CEF309A6ED3DEE,ui/generated/menus/frontend/weapons/loadout/loadoutmissionpreview.lua
55D25F1868193483,ui/generated/widgets/frontend/codhq/buttons/codhqgamestatus.lua
55D579B7F407B42D,ui/generated/widgets/ingame/mp/scorestreaks/fieldupgradeactivationtablet.lua
55D80191532B8DA1,ui/generated/widgets/caccommon/weaponrotator.lua
55D9C850260D43BB,ui/generated/widgets/ingame/dronecompass.lua
55DA83EA0FD6D44E,ui/generated/widgets/frontend/aar/rex/aarbattlepasstier.lua
55E1439155976ADB,ui/generated/widgets/ingame/hitmarkercritkillstackablecontainer.lua
55E6C2D277CB853F,ui/generated/widgets/frontend/seasonalevent/seasonaleventeventplusultimaterewardlabel.lua
55EF40B03D737B39,ui/generated/widgets/inventory/base/inventorybackerbaseclass.lua
55F1592A13F0180A,ui/generated/widgets/frontend/events/seasonaleventsprogressbarlarge.lua
5606629E120E0820,ui/generated/widgets/frontend/aar/aarbattlepasstierstatetext.lua
5606CDF78DE67A36,ui/generated/widgets/dmzglobalgeardetails.lua
560AB4B1ACA3D51B,ui/generated/widgets/genericoptionbutton.lua
5614DA68A960D046,ui/generated/widgets/frontend/jupbattlemap/jupbpmapsectoralt.lua
56215D247D90C079,ui/generated/widgets/ingame/reticles/ret_cer_loot_bong.lua
5624A0F2B365388A,ui/generated/widgets/ingame/mp/scorestreaks/taccam/taccamstatus.lua
5631130965D2B5CF,ui/utils/optionsdata.lua
563128483075D9B3,ui/generated/widgets/frontend/depot/battlepasstierprogressionloot.lua
5634E731DB5BD217,ui/generated/widgets/ingame/mp/vehicle/driverhudjltv.lua
563B3E88EC02FADE,ui/generated/widgets/ingame/interactiveobjectpopup.lua
563D752148D41ECB,ui/generated/widgets/frontend/pagedbattlepass/pagedbattlepassstatepip.lua
563E6FE25AE0AFC9,ui/generated/widgets/rewarditem.lua
563E89AE88A7BC0B,ui/generated/widgets/ingame/reticles/reticlearscope_vz02.lua
563EEC49FC90975F,ui/generated/widgets/ingame/reticles/ret_cer_long_05_wz_therm.lua
56402FB15F5ED1A4,ui/generated/widgets/ingame/mp/ctf/flagcarriericon.lua
564878A9BD83F445,ui/generated/widgets/featurednotificationtimer.lua
564E157A4128246B,ui/generated/widgets/frontend/leaderboard/leaderboardfixeddatarow.lua
564ED60D23AF60C4,ui/generated/widgets/frontend/challengereward.lua
5653158654C8F7EF,ui/generated/widgets/ingame/reticles/goldendot.lua
565E28901408E945,ui/ingame/mp/missiledroneoverlay.lua
56622A1452906D60,ui/generated/widgets/frontend/hqmenugamebuttonbackground.lua
56647ACD172B7FA8,ui/generated/widgets/ingame/mp/invasionscorefeed.lua
566D5064330007D0,ui/generated/menus/frontend/mp/dmzloadoutconfirmationmenu.lua
56725AC0D0F81EE1,ui/generated/widgets/ingame/reticles/reticlebullettracker.lua
567753AEE189B52C,ui/generated/widgets/benchmarkgraph.lua
5696C0CDB6BC6025,ui/generated/widgets/camocategorydetails.lua
5699774FFEE3F5B2,ui/generated/widgets/eventcollectionbonus.lua
569A09A1CF103193,ui/generated/widgets/frontend/aar/braarsummary.lua
569C63B096BA287D,ui/generated/widgets/ingame/reticles/reticleholo06.lua
569F1004F81119AF,ui/generated/datasources/generic_widgets.lua
56A4481B3336931D,ui/generated/menus/panelview.lua
56A84258B7442FF3,ui/generated/widgets/genericdropdownbackground.lua
56A8640EDB1B9C38,ui/generated/widgets/leagueplay/lpseasonendreward.lua
56A9799180625CB8,ui/generated/menus/mastery/masteryhub.lua
56AFEC6082F1A5DE,ui/generated/widgets/frontend/seasonalevent/seasonaleventsfeaturedstorecontentbutton.lua
56B0FA27C96E10DD,ui/generated/widgets/frontend/mp/playlist/playlistbutton.lua
56B1D124DE18B312,ui/generated/menus/ingame/mp/dmz/gunbench/weaponupgrademenu.lua
56B295E3A0E0F99A,ui/generated/widgets/frontend/customize/callingcardshowcasedefaulttoggle.lua
56B46726CEB8E6B7,ui/generated/widgets/sp/missionnumber/pricemissionnumber.lua
56B605B3A7AE661B,ui/generated/widgets/ingame/reticles/ret_cer_loot_s45diver_alt.lua
56C113AACBB78D00,ui/generated/widgets/ingame/mp/teamselectmenubuttons.lua
56C1E8E3F64B6F52,ui/generated/widgets/inventory/inventorybackpackbutton_rex.lua
56C2F30846A3E4F4,ui/frontendmanager.lua
56C6200B242E29DA,ui/generated/menus/options/bootbrightness.lua
56C65F3F9153301A,ui/generated/widgets/genericwidgets/splitbackerright.lua
56CBC99E7D63B261,ui/generated/menus/frontend/br/brchallengesmenu.lua
56D5EBF212701717,ui/generated/widgets/interrogationsplash.lua
56DCA2B7E52D1CF8,ui/generated/widgets/ingame/reticles/reticlecrosshairbase.lua
56E272AB6A9A94F3,ui/utils/socialactionutils.lua
56E446F848E535D0,ui/generated/widgets/inventory/inventoryweaponbutton.lua
56E4A0F4E03A84AC,ui/generated/widgets/frontend/jupbattlemap/jupbpminimapbutton.lua
56E8D3BCE96AF1B7,ui/generated/widgets/frontend/weapons/blueprintbinkpreview.lua
56E979A2514FBBE5,ui/generated/widgets/frontend/frontendinteractiveobjectpopup.lua
56EA0DADC4A656D2,ui/generated/widgets/frontend/zm/wonderweaponblueprintbutton.lua
56F4663424CFDB29,ui/generated/widgets/mp/mptacticalmap.lua
56FFB41EF235E890,ui/luifpscounter.lua
5702BE2F7D44CD31,ui/generated/widgets/frontend/mp/dmz/dmzselectedmissionoverviewrewards.lua
570ACEF887C41133,ui/generated/widgets/flare.lua
57145B0F0B4F9597,ui/generated/widgets/frontend/weapons/loadout/loadoutcustomizationbuttons_wz2.lua
5717172D02E13C39,ui/generated/widgets/frontend/pagedbattlepass/pagedbattlepasslastchanceupselltimer.lua
571858EA033757B9,ui/generated/widgets/ingame/mp/cranked/crankedtimer.lua
57192F5CD1F60C28,ui/generated/widgets/ingame/reticles/ret_cer_med_03_mp_alt.lua
571952C462210664,ui/generated/widgets/frontend/rex/mpoperatormenu.lua
571CB0C64DF3404D,ui/generated/widgets/ingame/mp/br/brgenericprogressbar.lua
572AE030A4831488,ui/generated/widgets/frontend/weapons/reticlepreview.lua
572C509153557DE2,ui/generated/requires/frontend/cp.lua
572CBF3D226EBDA7,ui/utils/crosslaunchutils.lua
572F16B50108B627,ui/utils/showcaseutils.lua
57337F0C55460769,ui/generated/widgets/debugscenarioidentifier.lua
57340BA476D747D3,ui/generated/widgets/ingame/mp/hudicontype.lua
5734E0314560E0BC,ui/generated/widgets/frontend/mp/cas/gunsmith/attachmenticon.lua
5734F049FCB14395,ui/generated/widgets/frontend/battlemap/battlemapfocusreticle.lua
573E0057FA81723A,ui/generated/widgets/buttons/dpadbutton.lua
573FBF167BE22B07,ui/generated/widgets/frontend/seasonalevent/seasonaleventstimercomingsoon.lua
574554E6A8863723,ui/generated/widgets/mp/modifiersrow.lua
5745B1D4F0E77AA0,ui/generated/widgets/frontend/mp/pmc/swapmissionpreview.lua
5745F316127916CC,ui/generated/widgets/frontend/mp/dmz/dmzbasechallengereward.lua
574ACF0F9F0BE5F5,ui/utils/clientmodel.lua
5750F73B7FCEDE06,ui/generated/widgets/frontend/customize/callingcardcollectionnew.lua
57511E9C446FD443,ui/generated/widgets/ingame/reticles/ret_cer_loot_steampunk_alt.lua
575229C417800183,ui/generated/widgets/frontend/mp/outbreak/obselectedmissionoverviewrewards.lua
57589FF86C9016A8,ui/generated/widgets/ingame/reticles/jupiter/jup_reticle_boscar.lua
57617CAA51F4ACB4,ui/generated/widgets/ingame/reticles/ret_cer_long_05_zm_rangefinder.lua
5762DA0D13019426,ui/generated/menus/frontend/cp/cpmissiondetails.lua
5765AD79ECB27D7F,ui/generated/widgets/ingame/rex/matchstatuswaypoint.lua
5768E8E5999CE3BE,ui/generated/widgets/frontend/mp/recipeoptionspopup.lua
576E4AD42EE44C3E,ui/generated/widgets/frontend/mp/cas/gunsmith/attachmentvariantbutton.lua
57713729F07A2F86,ui/generated/widgets/ingame/cp/tacmap/cpcurrentstarrewardswidget.lua
57771F6B76CF503C,ui/generated/widgets/zm/interaction/progressbar.lua
57783648A0189802,ui/generated/widgets/frontend/br/leagueplay/lpbrplayerrank.lua
5782934667A77119,ui/utils/urimenuqueryhandlers.lua
578B4B6634C8BFF0,ui/generated/widgets/ingame/reticles/ret_cer_loot_s35ssword.lua
578E0222D080FBD1,ui/generated/widgets/frontend/warzonepremiumupselldiscountlabel.lua
5797341066229A4A,ui/generated/menus/frontend/codaccount/logoninterruptgenericscreen.lua
579AA2F9073C147A,ui/generated/widgets/ingame/reticles/rex/ret_rex_reflex_cust_13_blu.lua
579B3B54497EE517,ui/generated/widgets/options/hudbounddraggableside.lua
579FA6E0E4393C92,ui/generated/widgets/frontend/seasonalevent/seasonaleventsglowrevealprogressbar.lua
57A211ABA5E107BE,ui/generated/widgets/oxygenmeter.lua
57ADB2FE03CF101C,ui/generated/widgets/frontend/social/channels/rex/channelpanel.lua
57AE1B3F9E48DF4F,ui/generated/widgets/scrollbar/verticalscrollbarslider.lua
57B0D1D8B5D8675A,ui/generated/widgets/frontend/tabsbacker.lua
57B2AD6C9EB2A53A,ui/generated/widgets/frontend/mp/cas/gunsmith/modificationdisplay.lua
57B9B9EEEE6A9D3A,ui/ingame/radialmenulayer.lua
57C33DDCAAF97C3C,ui/generated/widgets/warzoneonboardingendbuttons.lua
57C46012642BCA50,ui/generated/widgets/frontend/battlemap/battlemapinspectfooterbutton.lua
57C621F192341F4B,ui/generated/datasources/account.lua
57D108CC0E9C791A,ui/generated/widgets/frontend/seasonalevent/seasonaleventcommunitytokenicon.lua
57D51C0BA4F772E1,ui/generated/widgets/frontend/mp/lobby/lobbyteamswitcher.lua
57E00AEC06A65456,ui/generated/widgets/frontend/seasonalevent/seasonaleventcommunitypointstokencounter.lua
57E35F8B6A616185,ui/generated/menus/frontend/seasonalevent/seasonaleventspreviewmasteryreward.lua
57E9E0A4B6763602,ui/generated/widgets/genericwidgets/elementcarousel.lua
57F0027F18FEC0EB,ui/generated/widgets/menusettingsbutton.lua
57FB3655D00CF149,ui/generated/widgets/scoreboard/scoreboardmenu.lua
57FB67A19D4396FA,ui/generated/widgets/ingame/mp/bradley/vehiclelevels.lua
57FE50068C4EED00,ui/generated/menus/installmanager/installmanagermenu.lua
5802C22FDE343B51,ui/generated/widgets/frontend/mp/playmenu/playmenutag.lua
5802D1346A361C29,ui/utils/glutils.lua
5810E5C952B3C569,ui/generated/widgets/frontend/mp/cas/gunsmith/receiverbutton.lua
5812FCD1A853752B,ui/generated/widgets/frontend/events/seasonaleventsprogressbar.lua
58163C03182DA9A2,ui/generated/widgets/store/storebundletacticalindicator.lua
581CAEF52B8759E1,ui/generated/widgets/frontend/groups/socialgroupidentitywidget.lua
5827893FE1397E8C,ui/generated/widgets/frontend/depot/battlepasspopupwindow.lua
5828E707FEF6F92E,ui/generated/widgets/ingame/mp/rex/hudpromptwithlabel.lua
5829C39BDAEAAEDD,ui/generated/widgets/ingame/reticles/reticlethermalsnpr.lua
582A9CA37242BADE,ui/generated/development/frontend/aar/aarxpunlockprogressionprimaryxptexts.lua
582C72F621020500,ui/generated/widgets/frontend/unlockcriteria/criteriawidgets/unlockcriteriachallenges.lua
582CB56AD7D8A87D,ui/generated/menus/frontend/codaccount/accountinformationrequiredscreen.lua
58348D5DFAD52634,ui/generated/widgets/frontend/aar/aarseasonaleventpoints.lua
583FEDDD3E7678F5,ui/generated/widgets/frontend/mp/cas/loadouts/camocategoryselectinternal.lua
5849611B26B76699,ui/generated/widgets/frontend/mp/playlist/playlistinfo.lua
585D1D9683DA87DB,ui/generated/widgets/ingame/mp/dmz/gunbench/gunbenchattachmentbutton.lua
585F6BC5B4710F2E,ui/generated/widgets/frontend/seasonalevent/seasonaleventsmenucontenttemplatetrophyhuntrewardpooloverlay.lua
5872674013FE99D7,ui/utils/benchmarkutils.lua
58757F90C69FA4E6,ui/generated/menus/frontend/social/socialpartykickplayers.lua
587AFE1E40CD3E00,ui/generated/widgets/ingame/mp/roundendaccentarrows.lua
5891E1B0A2E4236A,ui/generated/widgets/ingame/mp/vehicle/driverhudrhib.lua
589545D62B5FF926,ui/generated/widgets/dmz/tasktooltipcheckbox.lua
589A28FDD3CBDD4A,ui/generated/widgets/ingame/reticles/rex/ret_rex_reflex_cust_15.lua
589F2A8906D0A8B0,ui/generated/widgets/leagueplay/lprankskinstab.lua
589FB6DB59F2C694,ui/generated/widgets/tankreloadbacker.lua
58AB25223F385C79,ui/generated/widgets/ingame/reticles/pinkdot3.lua
58AB8E2888FB9016,ui/luicinematic.lua
58AC31F6B7CBC42A,ui/generated/widgets/scorpiontrophycollection.lua
58AD9B69CCE83689,ui/generated/widgets/frontend/mp/dmz/dmzexfilstreakpromptbacker.lua
58AF2D0197D36122,ui/generated/widgets/ingame/rex/looticon.lua
58B524BBB309F7D8,ui/generated/widgets/cac/attachmentpipswidget.lua
58BC5B7E2870CD55,ui/generated/menus/frontend/mp/recipecreatepopup.lua
58BEFF940BEA1439,ui/generated/widgets/ingame/reticles/ret_cer_loot_s2vtuber_element.lua
58C53B6D92BB1A46,ui/generated/widgets/ingame/reticles/fourxhelimasoul.lua
58C79A7FECB9EFE6,ui/generated/widgets/hudeditor/editlayoutwindow.lua
58C8F396D667AE27,ui/ingamempequipmentdatasources.lua
58C9AD7A790BDE61,ui/generated/widgets/buttons/tilebuttonborder.lua
58CCCE6D63B00E4C,ui/generated/widgets/frontend/weapons/rex/gunsmithattachmentbutton.lua
58D076352C68234D,ui/generated/widgets/ingame/reticles/reticlesplaunchergromeo.lua
58D2BC922573FECF,ui/generated/widgets/rex/genericdropdownlistbutton.lua
58D5034EF2513967,ui/generated/widgets/ingame/mp/trial/trialeventrewardtier.lua
58D72E99A3675EAC,ui/generated/widgets/ingame/mp/vehicle/cargotruckdiagram.lua
58DB97478EF40AB1,ui/ingame/mp/asdoverlay.lua
58DCC13BCADA4066,ui/generated/widgets/frontend/sp/missionselect/levelmapdecorationurzikstanfocus.lua
58DFA0D62FFFF235,ui/generated/widgets/frontend/mp/cas/rechargeratebuttonbacker.lua
58E2C32858883FDE,ui/std/string.lua
58E2D29468C54341,ui/generated/widgets/frontend/mp/cas/armorybacking.lua
58E4CDBB193B2106,ui/generated/widgets/ingame/reticles/ret_cer_long_04_zm_therm.lua
58E6EFEC268D0BBB,ui/generated/widgets/ingame/reticles/rex/ret_rex_snscope_cust_13.lua
58E86A0311AC84C4,ui/generated/widgets/frontend/rex/challengeplaylistcontainer.lua
58EAE6461515D375,ui/generated/widgets/frontend/sp/missionselect/rex/levelselectnodedetails.lua
58ECD34699FCC528,ui/generated/widgets/ingame/reticles/extrareticles/reticleoutercircleairburst.lua
58ED0EB5AB01E047,ui/generated/widgets/frontend/lobby/lobbybuttonprompt.lua
58ED18200C0F67C0,ui/generated/menus/frontend/social/socialgroupbrowsermenu.lua
58F0F41656C1BB37,ui/generated/widgets/ingame/reticles/reticledmscopevz03centerzoom.lua
58F589C145EB8BAC,ui/generated/widgets/ingame/mp/vehicle/pickuptruckdiagram.lua
58F5C78E79F87457,ui/generated/widgets/frontend/progression/rex/playerprogressiontileheader.lua
58F6815BE19A8713,ui/generated/widgets/ingame/mp/attachmentunlocksplash.lua
58FC88A4023BC300,ui/generated/widgets/ingame/reticles/reticlearscope_vz03.lua
58FD3C124AD5604C,ui/generated/widgets/ingame/mp/matchstatusfriendlyteamhealth.lua
58FD56DD2DB20EA7,ui/generated/menus/frontend/barracks/cprecordsmenu.lua
58FE5A9769EF345C,ui/generated/widgets/alwaysloaded/talkerslist.lua
590DB8FD1153D61C,ui/generated/widgets/ingame/reticles/ret_cer_loot_s2ghillie.lua
590E2BD377E52B78,ui/generated/widgets/frontend/barracks/progressionunlockdescriptionsubheader.lua
59119411527E1883,ui/generated/widgets/frontend/seasonalevent/seasonaleventeventplusinstantrewardbutton.lua
59153421EDA13DAA,ui/generated/widgets/scrollbar/rex/arrowleft.lua
5917345B207C55CB,ui/generated/widgets/frontend/prestige/prestigeiconcomp.lua
59187BF4A2BC61D8,ui/generated/widgets/frontend/mp/cas/gunsmith/gunsmithremoveattachmentwidget.lua
5934AA446394E84B,ui/utils/dvarutils.lua
5937E28346C0DA1D,ui/generated/widgets/frontend/aar/aarbattlepasstierdoublewideinternal.lua
593ADCE6D818B211,ui/generated/widgets/ingame/reticles/rex/ret_rex_holo_03_alt_03.lua
593C4357CEAF8A57,ui/generated/widgets/fieldupgradereadymessage.lua
594699831D3C6024,ui/generated/widgets/pillbuttonprompt.lua
5946DF2129F56A6D,ui/generated/widgets/ingame/reticles/reticleholotherm01paranormal.lua
594BE25A3DA878E0,ui/generated/widgets/frontend/barracks/progressionunlockdescriptionbase.lua
594F6977D92267F0,ui/generated/widgets/ingame/mp/scorestreaks/mobileturret/mobileturretcontrols.lua
594FA5187390D5E9,ui/generated/widgets/togglebutton.lua
5959146A21FF83FD,ui/generated/widgets/frontend/xpbonuslist.lua
595C8C98D418E081,ui/generated/widgets/ingame/reticles/ret_cer_loot_s2icenlava_alt.lua
595D3C3B7160BEC2,ui/generated/menus/uiscreenfade.lua
595FE4B6B5B27214,ui/generated/widgets/optionsgraphicssliderbaroverflow.lua
59687EDA7ABC309F,ui/generated/widgets/frontend/mp/tournament/bracketteamleftside.lua
5969DCCF3336FE8E,ui/generated/widgets/store/storetilefeatured.lua
596A19476633EB30,ui/generated/widgets/frontend/seasonalevent/seasonaleventsmasteryrewardcardidleoverlay.lua
5970D97855C6BA55,ui/ingame/splashmanager.lua
59721D5124728386,ui/generated/widgets/frontend/mapplaylistbutton.lua
59754F9CCC436271,ui/generated/widgets/frontend/sp/missionselect/levelselectmap.lua
5979F988FC34D586,ui/generated/widgets/messagepopup.lua
597D2D10B447C362,ui/generated/widgets/ingame/mp/perksplash.lua
59878D4EE29ACF2C,ui/generated/widgets/ingame/reticles/ret_sat_short_05_wz.lua
598AC91462A1FA74,ui/utils/procontentutils.lua
598C77C232996200,ui/generated/widgets/frontend/aar/aarparade.lua
598CF35A479670D8,ui/generated/widgets/battlebuddybonus.lua
59A3E0A2734738C0,ui/generated/menus/frontend/weapons/loadout/zmloadoutoverview.lua
59A812A4DF17B272,ui/generated/widgets/frontend/codhq/codhqmenubutton.lua
59A8135F10936F56,ui/generated/widgets/frontend/events/viewfeaturedeventbundlesbutton.lua
59A976982ED65C7E,ui/generated/widgets/ingame/mp/scorestreaks/gunship/gunshiptargetlocation.lua
59B1AA08DC9EE3ED,ui/datamodifiers.lua
59B3D52C129EE083,ui/generated/widgets/ingame/reticles/reticlecrosshairairburst.lua
59B78199268BB7D3,ui/generated/widgets/ingame/mp/locationselectormap.lua
59B88748165CE9BE,ui/generated/widgets/socialprofilegroupsactionbuttons.lua
59BB44ABF5E6E722,ui/generated/widgets/frontend/preloadingshadersinfos.lua
59BC49EB3A20B4B5,ui/generated/widgets/ingame/reticles/rex/ret_rex_tech_fluff_icon.lua
59C7BD243E9BE3D3,ui/generated/widgets/ingame/reticles/blackdotmagnified.lua
59CBB08B6D5B6D81,ui/generated/widgets/frontend/dmzpersistentoperatorselectgearinformationrow.lua
59CD0757D7411BD9,ui/luibutton.lua
59D427323716CE6F,ui/generated/widgets/ingame/mp/killcam/rex/killcamperkinfocontainer.lua
59D64BC0F6116F0D,ui/generated/widgets/frontend/social/socialprofilecardsmallparty.lua
59D98072F1B17C04,ui/generated/widgets/frontend/challenges/weeklychallengerewardbutton.lua
59DB0FB3489F5899,ui/generated/widgets/frontend/aar/aarxpunlockprogressiondoublexp.lua
59EA495622686A1C,ui/generated/widgets/ingame/reticles/reticleacogeast.lua
59EBC9C0545BB6C8,ui/generated/widgets/wzm/mobilestepprogresspip.lua
59F0D45F7FD68527,ui/generated/widgets/ingame/reticles/greenyellowdot.lua
59F4308A62BF8C85,ui/generated/widgets/frontend/aar/aarbattlepassglowdigits.lua
59F5520C590999BF,ui/generated/widgets/ingame/reticles/reticlecrossbow.lua
59FC067FE314E0CB,ui/generated/widgets/ingame/mp/killcam/rex/killcamplayerreport.lua
59FDB7DDB92B2437,ui/generated/widgets/ingame/mp/killcam/playofthegame.lua
5A00F977D7013779,ui/generated/widgets/ingame/mp/objectivepinnedprogress.lua
5A015516577141DD,ui/generated/widgets/frontend/customize/spraycustomizetab.lua
5A0412F9DC230F9C,ui/generated/widgets/dmzupsellpopupcrown.lua
5A0595D7C0316386,ui/generated/widgets/frontend/seasonalevent/rex/seasonaleventeventpluspurchasepopup.lua
5A09D5749C2FAEB7,ui/generated/menus/frontend/mp/cas/loadouts/fieldupgrades_cer.lua
5A0A19909E397F2D,ui/generated/menus/frontend/mp/cas/loadouts/gunsmith/gunsmithprogressionmenubase.lua
5A1AF35B94C25D12,ui/generated/widgets/rex/decoyparked.lua
5A1B263D4358CCC8,ui/generated/widgets/buttons/imagebutton.lua
5A1C2645931CC590,ui/generated/widgets/store/bundlestore.lua
5A236D6D55F47425,ui/generated/widgets/ingame/reticles/rex/ret_rex_fourx_cust_09_grn.lua
5A28307117D4A930,ui/generated/widgets/frontend/seasonalevent/seasonaleventsleaderboardcelebrationrewardrow.lua
5A2D07E6F334E6F2,ui/generated/widgets/frontend/mp/lobby/warzoneprivatematchsquadteam.lua
5A3014C2C4236A1C,ui/generated/widgets/frontend/mp/tournament/matchgroup.lua
5A3B910063B8C54B,ui/generated/widgets/trials/trialskinny.lua
5A4330242FA10FF3,ui/generated/widgets/ingame/mp/edgeglowoverlayaisixthsense.lua
5A444401873F1E14,ui/generated/widgets/frontend/mp/missioninfopanel.lua
5A4D09A8842AC4FB,ui/generated/widgets/inventory/inventorydefaultbuttonfocus_rex.lua
5A520FB1A4A814A2,ui/generated/widgets/frontend/jupbattlemap/jupbprewardhvtbanner.lua
5A54BEBFE36DB444,ui/generated/widgets/ingame/reticles/ret_cer_long_05_wz_rangefinder.lua
5A603D97532D0D9B,ui/generated/widgets/ingame/reticles/ret_cer_med_thermal01_def.lua
5A641FBF47A408A0,ui/generated/widgets/inventory/inventoryweaponbutton_rex.lua
5A6708694324568B,ui/generated/widgets/frontend/mp/playmenu/playmenuplaylistbuttonoverlay.lua
5A69E7A8FD93ACC4,ui/generated/widgets/sidepulsinggradient.lua
5A6B6A32BF9018B3,ui/generated/widgets/ingame/reticles/ret_cer_short_08_zm.lua
5A725EF2F7146CE5,ui/generated/widgets/frontend/mp/dmz/dmztraitscount.lua
5A86D48115B48030,ui/generated/widgets/frontend/social/channels/channelchat.lua
5A89944F4454E685,ui/generated/widgets/frontend/pagedbattlepass/blackcell/blackcellchallengeparent.lua
5A8C90AEA85A1F28,ui/generated/menus/frontend/store.lua
5A95A977CF24CA95,ui/generated/widgets/ingame/reticles/rex/ret_rex_fourx_cust_09_blu.lua
5A971A6D545B2FF9,ui/generated/widgets/rex/mutestrategyselectpopup.lua
5A9B26A310371BF8,ui/generated/widgets/ingame/reticles/rex/ret_rex_dmscope_01.lua
5A9F2ABCF72982C9,ui/generated/widgets/alwaysloaded/textlabel.lua
5AA08F6141D93431,ui/utils/storecollectionutils.lua
5AA4521D68302E13,ui/generated/widgets/frontend/lobby/lobbymember.lua
5AAA3345BC9E7F5C,ui/generated/widgets/ingame/mp/risk/riskscorenotch.lua
5AAB01E7230D562A,ui/generated/widgets/ingame/mp/mpscoreboardrow.lua
5AAD9366E226C268,ui/generated/widgets/ingame/mp/br/brzombieroyalepowers.lua
5AADA215D2223BC1,ui/generated/widgets/ingame/mp/rex/mpscoreboardmenu.lua
5ABB7E6CAC3DD46E,ui/generated/widgets/frontend/aar/rex/aarxpunlockreward.lua
5ABC111ABE11430E,ui/generated/widgets/rex/expanderclosebutton.lua
5ABE57140FB0D224,ui/generated/widgets/frontend/promptbutton.lua
5AC6744005D26AEF,ui/generated/widgets/frontend/mp/cas/perkplaystyleactivebonusicon.lua
5ACA7608DC4CCC97,ui/generated/widgets/rex/smallplayercard.lua
5ACD393A3F6DDF26,ui/generated/widgets/frontend/cp/cprewardlist.lua
5AD113D4D2914E73,ui/generated/widgets/ingame/reticles/santavdot.lua
5AD1171D0F43FAA4,ui/generated/widgets/cac/removeattachmentpopupbutton.lua
5AD1471CD0ED9F7C,ui/generated/widgets/rex/genericprogressbarvertical.lua
5AD4E7CDFFC491B8,ui/generated/widgets/ingame/inventorycontaineritemsstrip.lua
5AD5C47BF0BC01E7,ui/generated/widgets/frontend/mp/partymemberreadystatus.lua
5ADB894845FC7AE3,ui/generated/widgets/frontend/mp/backpackicon.lua
5AE1D40EEABA554F,ui/generated/widgets/ingame/bonusperksplash.lua
5AE24704CA499100,ui/generated/widgets/common/alternategenericpanel.lua
5AE935F5475FB6F0,ui/generated/widgets/newtagbackerslantless.lua
5AED8763C0F778AE,ui/generated/widgets/ingame/reticles/jupiter/jup_hybridtherm01.lua
5AF1B7E37EE33CF0,ui/generated/widgets/buttons/buttonmedium.lua
5AF79DADF647C8DB,ui/generated/widgets/frontend/codhq/underlinelabelicon.lua
5AFB2E7E63E552C0,ui/generated/menus/uitestcommonelements.lua
5AFB41E8ED232DAF,ui/generated/widgets/frontend/mp/playmenu/playmenutitle.lua
5AFE6CE5FC65D955,ui/generated/widgets/ingame/reticles/reticle28.lua
5AFE737790360238,ui/generated/widgets/frontend/mp/cas/gunsmith/unlockrequirements.lua
5B01E3544C0DEED9,ui/generated/widgets/frontend/social/socialhighlightparty.lua
5B023522FF0F771F,ui/generated/menus/frontend/webview/onboardingmissionmenu.lua
5B037C52698CE970,ui/generated/widgets/ingame/mp/killcam/killcamapparatusicon.lua
5B0400627A6379E3,ui/generated/widgets/sp/missionnumber/spmissionnumber.lua
5B05ECEE556C9199,ui/generated/widgets/frontend/lobby/lobbyplayerlistinvitebutton.lua
5B0A89A530EF55F7,ui/generated/widgets/store/storespotlight_5a.lua
5B0DFEF1832F9120,ui/generated/widgets/frontend/seasonalevent/seasonaleventcommunitypointstokenborder.lua
5B14008CA4B49A09,ui/generated/widgets/ingame/mp/teamstatuscontainerbacker.lua
5B1D3E0AC602180C,ui/generated/widgets/frontend/career/careertheaterbutton.lua
5B1E40FC24A912E2,ui/generated/widgets/ingame/mp/scorestreaks/gunship/gunshiplowfuelwarning.lua
5B22C1B93E63CFA8,ui/generated/widgets/ingame/reticles/ret_cer_med_07_mp.lua
5B24E23391BCC159,ui/generated/widgets/globalpanelplayer.lua
5B29CDB440C25669,ui/generated/widgets/ingame/reticles/reticlelaunchergromeolock.lua
5B2ADD42D2A60BEE,ui/generated/widgets/frontend/cp/cpnextrewardcheckbox.lua
5B319B0553B7505A,ui/generated/menus/frontend/systemlinklobby.lua
5B3388ACA788888B,ui/generated/widgets/xpflyoutstripe.lua
5B38408FF696B3A2,ui/generated/widgets/frontend/mp/cas/gunsmith/gunsmithprogressionprogressfill.lua
5B3FD47B3CC478C4,ui/generated/widgets/frontend/mp/tournament/tournamentbracketcontainer.lua
5B434D3BC6C8B1D9,ui/generated/widgets/ingame/cp/iw8/nameplatebountyicon.lua
5B447B03F3CAC1BC,ui/generated/widgets/ingame/reticles/rex/ret_rex_snscope_cust_09.lua
5B45BB4C5C8654BB,ui/generated/widgets/ingame/gamemessagehud.lua
5B51E7527805BAC6,ui/generated/widgets/frontend/zm/wonderweaponitemdetails.lua
5B529DC39A5B4CAE,ui/generated/menus/bootaccessibilitysetting.lua
5B54F6859F47A84D,ui/generated/widgets/ingame/reticles/reticlecrosshairgrenadelauncher.lua
5B5507F5EEECF590,ui/generated/widgets/ingame/mp/br/brpausemenubuttons.lua
5B569EDC06CE4EFF,ui/generated/widgets/frontend/store/storeitemquantity.lua
5B7410146AD67722,ui/generated/widgets/frontend/battlemap/battlemappreviewbuttonsmall.lua
5B75487D14C6643B,ui/generated/widgets/frontend/battlemap/battlemapdioramarotationsetupwidget.lua
5B75B661DBB1BE80,ui/generated/widgets/ingame/mp/killstreaksplash.lua
5B768E8270A05177,ui/generated/widgets/ingame/mp/vehicle/lgtransportdiagram.lua
5B7B0EF789647FFC,ui/generated/menus/frontend/eulapopup.lua
5B827B98EBEACDF0,ui/generated/menus/frontend/mp/cas/loadouts/trackednearcamomenu.lua
5B844A3CC28AB45B,ui/generated/widgets/options/marginsguide.lua
5B873D6B5EE30FC4,ui/generated/widgets/frontend/jupdepot/jupbattlepasspurchasebuttonbase.lua
5B8A9F5BD57EE54E,ui/generated/widgets/ingame/mp/scorestreaks/gunship/gunshipgatlingammo.lua
5B8AAB099E652057,ui/generated/widgets/medalnotification.lua
5B8B413CB8E044F7,ui/generated/widgets/ingame/reticles/ret_sat_med_09_wc.lua
5B8D78C1D16AFC17,ui/utils/mapinfo.lua
5B8E0E7588BA6AFC,ui/generated/widgets/ingame/reticles/reticlesnipersksierra.lua
5B94630887811C0D,ui/generated/menus/frontend/codaccount/codaccountregisterqrcode.lua
5B946C623003741F,ui/generated/widgets/alwaysloaded/tagmembercount.lua
5B948753791B5B1D,ui/utils/storeutils.lua
5B9503D84C9ABAF5,ui/generated/widgets/ingame/mp/scorestreaks/gunship/gunshipdaisycutter.lua
5B9C1781D28C3356,ui/generated/widgets/subheaderwithprompt.lua
5BA534B67AD28A3A,ui/generated/widgets/menubuttontoggle.lua
5BA5A6FFEA385342,ui/generated/widgets/frontend/dmzpersistentoperatorcardchevrons.lua
5BA84BB70DC51DE2,ui/generated/widgets/ingame/reticles/rex/ret_rex_fourx_02.lua
5BAA5CDCDA2523A1,ui/generated/widgets/camocategories.lua
5BAAD0FE70F3C138,ui/generated/widgets/ingame/reticles/ret_cer_loot_forge_dragon_rangefinder.lua
5BAAF5319399FFEE,ui/generated/menus/solooperatorselectmenu.lua
5BAD163309C5AA7C,ui/generated/menus/frontend/barracks/barracksmenubase.lua
5BAFBBBD73E16FDB,ui/utils/micutils.lua
5BBCC00612AF5AD6,ui/generated/widgets/frontend/battlemapv2/bpmapsectoralt.lua
5BC530581577E3DD,ui/generated/widgets/ingame/reticles/reticlecrosshairburst.lua
5BC6CBEA8104CE11,ui/generated/widgets/ingame/mp/rex/heartbeatsensortablet.lua
5BC719BA7D72ED13,ui/generated/menus/frontend/firingrangereticleselect.lua
5BC9888C03F6BBA7,ui/generated/menus/frontend/mp/dmz/dmznotes.lua
5BC98FFB08F91321,ui/generated/widgets/holdforactionbutton.lua
5BC9C89BE22FF844,ui/generated/menus/frontend/zm/wonderweaponitemspreview.lua
5BCAD8716C9C54D9,ui/generated/widgets/ingame/mp/br/brgasmaskmeterpip.lua
5BD0827B4971734A,ui/generated/widgets/ingame/mp/dmz/gunbench/gunbenchupgrade.lua
5BD28F0706F75656,ui/generated/menus/frontend/barracks/challengemenumissions.lua
5BD29CB55BBCA777,ui/generated/widgets/ingame/reticles/ret_cer_loot_s3bdog_alt.lua
5BE33AE89783E29D,ui/generated/widgets/frontend/social/channels/rex/channelmembers.lua
5BE5BC3672AA563D,ui/generated/widgets/frontend/mp/playmenu/rex/playmenuplaylistbutton.lua
5BF1670E5F7137DD,ui/generated/widgets/frontend/smallcyclelist.lua
5BF575326AD81A4F,ui/generated/widgets/medalscollectiondetailstats.lua
5BF7E14D379F1C5C,ui/generated/menus/store/storeoperatorssubpagemenu.lua
5BFF4FEEA4CB8167,ui/generated/menus/frontend/mp/warzoneprivatematchlobby.lua
5C04DF1DDDC48837,ui/generated/widgets/ingame/reticles/reticleturretmobile.lua
5C151B169888F5DD,ui/generated/widgets/premiumboostpanel.lua
5C1ECA9610ED552E,ui/generated/widgets/frontend/seasonalevent/seasonaleventtrophyhuntcelebrationoverlay.lua
5C1F6A9C8F9D322E,ui/utils/currencypackutils.lua
5C292326D4B4D597,ui/generated/widgets/frontend/mp/leagueplay/lpseasonalrewarditemwide.lua
5C387995DCCD6956,ui/generated/widgets/frontend/mp/lobby/brgamemodeplaybutton.lua
5C3A5683B9184234,ui/generated/widgets/ingame/mp/scorestreaks/dronesentry/dronesentrychassis.lua
5C41B3DD91D3CAA2,ui/utils/menugenerics.lua
5C43459F23957AEC,ui/generated/menus/frontend/depot/battlepassfullscreenpopup.lua
5C473F754F554140,ui/generated/widgets/fastloadoutclassnotification.lua
5C4A9360E5AB9137,ui/generated/menus/frontend/mp/cas/loadouts/gunsmith/swapattachmentpopup.lua
5C4B15C874895890,ui/utils/exfilchallengesutils.lua
5C5042579B69DCDD,ui/generated/widgets/frontend/mp/tournament/tournamentsinglebracket.lua
5C526BE91E81F47B,ui/generated/widgets/frontend/aar/aarsummarystattilerow.lua
5C5A0E1D03CFAD04,ui/generated/widgets/ingame/reticles/rex/ret_rex_reflex_cust_13.lua
5C652C7095B12CBD,ui/generated/widgets/frontend/jupbattlemap/jupbptokenprogress.lua
5C67B871B8CF1B35,ui/generated/widgets/frontend/seasonalevent/seasonaleventsusptagcontainer.lua
5C69A5A2EE319CE5,ui/generated/widgets/scoreboard/playerscoreboardrow.lua
5C6F44AF62484B87,ui/generated/widgets/frontend/seasonalevent/seasonaleventwagereventcelebrationoverlay.lua
5C6F4EC6A216EA08,ui/generated/widgets/frontend/jupbattlemap/jupbpminimap.lua
5C7066DBD14D8022,ui/generated/widgets/chat/rex/channelnewmessage.lua
5C76A83831D73729,ui/generated/widgets/ingame/reticles/rex/ret_rex_reflex_cust_10.lua
5C78CC4A2DA8F446,ui/generated/widgets/ingameweaponstackattachmentpip.lua
5C79593FDD3D696B,ui/generated/widgets/ingame/mp/br/brzombieroyalepowerbutton.lua
5C8299203629961A,ui/generated/widgets/frontend/battlemap/battlemapfocusdot.lua
5C873A35E17CAC92,ui/generated/widgets/ingame/mp/trial/trialattemptsremaining.lua
5C900D5AE10EE181,ui/generated/menus/frontend/mp/aar/aarcontainer.lua
5C90E586FA7BC09D,ui/generated/widgets/frontend/customize/mpcustomizemenu.lua
5C95EE70164B815F,ui/generated/widgets/ingame/mp/genericsplashheaderalt.lua
5C9EB245E8A224B8,ui/generated/widgets/frontend/jupdepot/jupbattlepassmissiontag.lua
5CA0260C8D5C704F,ui/generated/widgets/ingame/gunscreens/gunscreentalkingdog.lua
5CA8EB19FC928168,ui/generated/menus/forfeitskillgapmatchbonuspopup.lua
5CA9991ED8D51564,ui/generated/widgets/leagueplay/lpeventaarlossprevention.lua
5CAB0ACE4D1600A0,ui/generated/widgets/frontend/mp/leagueplay/lpskillheader.lua
5CABB30819BFEDA5,ui/generated/widgets/reportplayerlistitem.lua
5CADC178C213849A,ui/widgets/decodeblock.lua
5CB25CF4F72B6E40,ui/generated/widgets/ingame/reticles/stardot.lua
5CB427390CDA1F7E,ui/generated/widgets/frontend/seasonalevent/seasonaleventsrewardcardtimegatetimer.lua
5CCEE2BA8A8E5BA8,ui/generated/widgets/common/genericbuttonprompt.lua
5CD64D01EACFF045,ui/utils/powerutils.lua
5CD96A57298B9BF1,ui/generated/widgets/frontend/battlemapv2/bpunclaimedrewards.lua
5CDC05F66406C584,ui/generated/widgets/ingame/reticles/ret_sat_varizoom01_def.lua
5CE0F431BA871073,ui/generated/widgets/frontend/codhq/layouts/codhqallgames.lua
5CE97395350D8678,ui/achievementsmanager.lua
5CE9B465A1F95E87,ui/generated/widgets/ingame/reticles/rex/ret_rex_arscope_therm_01.lua
5CF3B81898FA8B2C,ui/generated/widgets/frontend/jupbattlemap/jupbattlepasslandingbuttons.lua
5CF587E50BE3CF90,ui/generated/widgets/frontend/lobby/lobbyplayerlist.lua
5CF64D6915C4DC6B,ui/generated/widgets/ingame/mp/eodtablet.lua
5D161196A901B197,ui/generated/widgets/freetrialbanner.lua
5D17B47AB79B3BAA,ui/generated/widgets/ingame/reticles/ret_cer_loot_s35ssword_rangefinder.lua
5D2347CF5A009E3B,ui/generated/widgets/ingame/reticles/rex/ret_rex_snscope_cust_06_blu.lua
5D26D627651B99DD,ui/generated/menus/frontend/mp/arenatournament.lua
5D27C533EB983A25,ui/generated/widgets/frontend/aar/aarlooteditemstab.lua
5D28AC2362E1028E,ui/generated/widgets/ingame/reticles/ret_cer_loot_s2thai.lua
5D2B353C5C5B5927,ui/generated/widgets/wzm/frontend/lobby/mobilematchmakingprogressstatus.lua
5D2DA9A956BCF74F,ui/generated/widgets/frontend/aar/aarunlockitemgunsmith.lua
5D2F5B2F5172C3A5,ui/generated/widgets/frontend/seasonalevent/seasonaleventcommunitysidelabel.lua
5D3352B958797A39,ui/generated/widgets/frontend/weapons/protunedtag.lua
5D370478DEDDFC73,ui/utils/fenceplatformservices.lua
5D40113807D676A5,ui/generated/widgets/frontend/lobby/rex/lobbyplayerlistscrollable.lua
5D419DA7D9C19C85,ui/generated/widgets/ingame/reticles/reticlecrosshairlauncher.lua
5D46FCE62AC78825,ui/generated/widgets/buttonhelperbartooltip.lua
5D49047486F72DB3,ui/generated/widgets/ingame/reticles/ret_cer_long_01_zm_therm.lua
5D4907F8F8BA7218,ui/generated/widgets/buttons/friendchallengebutton.lua
5D495A03FEBF171D,ui/generated/widgets/ingame/reticles/rex/ret_rex_reflex_cust_07.lua
5D4A4022DD520F38,ui/generated/widgets/leagueplay/lpseasonalrewardstab.lua
5D4DA7AF2F61FCAC,ui/utils/operatorutils.lua
5D4F820699D0243D,ui/generated/widgets/touch/mobileverticalscrollbar.lua
5D5088B01D4A604B,ui/generated/widgets/frontend/mp/dmz/dmzkeycondition.lua
5D5B53D2E5500559,ui/generated/widgets/frontend/br/brchallengerewardpreview.lua
5D5C361AE6A33D27,ui/generated/widgets/frontend/lobby/lobbystatusbutton.lua
5D5C46CE2611FAFD,ui/generated/menus/frontend/systemlinkmenu.lua
5D627639B7F75299,ui/generated/widgets/frontend/career/careermenubuttonheader.lua
5D6A02E11AEB371B,ui/generated/menus/options/rex/optionslayoutpopup.lua
5D73E6BE9AFC8FC5,ui/generated/widgets/wzm/settings/mobilesettingstopbar.lua
5D7476F370B8B743,ui/generated/widgets/frontend/social/friendsplaying/friendsplayingemblem.lua
5D7A19B4FAA6A9B3,ui/generated/widgets/objectivepinnedicon.lua
5D7DC49FD69F0674,ui/generated/widgets/ingame/reticles/rex/ret_rex_snscope_cust_03_blu.lua
5D81B2A1B6658496,ui/generated/widgets/ingame/mp/actionparkdebugoverlay.lua
5D84028EB43E0DB0,ui/generated/widgets/frontend/mp/cas/streakcostbase.lua
5D85C9583202012A,ui/generated/widgets/ingame/reticles/extrareticles/reticlesnprmike4.lua
5D8CB6F2193191DE,ui/generated/widgets/frontend/progression/progressionrewardtooltipcontent.lua
5D8D12451E70ABB1,ui/generated/widgets/frontend/events/seasonaleventsfeaturedcontentheader.lua
5D94A65939C89403,ui/generated/widgets/frontend/seasonalevent/seasonaleventseventpaneldoublexpoverlay.lua
5D9A27141640BC20,ui/generated/widgets/frontend/cp/starsystem/cpstarrewardbutton.lua
5DA3B3027F23C72F,ui/generated/widgets/frontend/seasonalevent/seasonaleventseventpanelchallengeoverlay.lua
5DA8755EEFFDE350,ui/luilaunchchunklayer.lua
5DAC61874D6AE13B,ui/generated/widgets/ingame/mp/scorestreaks/locationselectortablet.lua
5DADECE4E82E8F96,ui/generated/widgets/frontend/seasonalevent/seasonaleventsrewardcardprogressionbacker.lua
5DAE57EDABF40564,ui/generated/widgets/alwaysloaded/legal/legaldocumentbutton.lua
5DB15C762B71974F,ui/generated/widgets/genericwidgets/titlewithbrackets.lua
5DB3C30BBD8570A7,ui/generated/widgets/frontend/luiweaponcontainer.lua
5DBA5B362B156A11,ui/generated/widgets/frontend/customize/playercardselect.lua
5DBDAD95236610EE,ui/generated/widgets/buttons/buttonstatustagvm.lua
5DC07342D0DAD7F6,ui/generated/widgets/frontend/challenges/rex/camochallengebutton.lua
5DC2D8DC7D9A606A,ui/generated/menus/choicemenu.lua
5DC622EE77ECCD5E,ui/generated/widgets/frontend/customize/rex/stickerbookcard.lua
5DC636C49A38E82D,ui/generated/widgets/frontend/seasonalevent/seasonaleventsprogressbarendmarker.lua
5DC8717F0824036D,ui/generated/menus/frontend/mp/privatematchlobby.lua
5DC94B44C0615A07,ui/generated/widgets/frontend/seasonalevent/seasonaleventtrophyhuntrewardpoolclaimprompt.lua
5DC9738E28419FF8,ui/generated/widgets/frontend/mp/lobby/lobbygamertagplayerlong.lua
5DCAEC8CA0D6DF11,ui/generated/widgets/frontend/depot/battlepasstieritem.lua
5DCAF54EF03598BD,ui/generated/widgets/frontend/depot/battlepassmenu.lua
5DCC3DACE9EF3AF5,ui/generated/widgets/dailychallengesplashcontent.lua
5DCCC16E828F7E2F,ui/generated/widgets/ingame/reticles/rex/ret_rex_holo_03.lua
5DCE6E6C0E32B9E0,ui/ingame/directionalimage.lua
5DCEE68840773F8E,ui/generated/widgets/ingame/mp/br/brprogressbar.lua
5DCF8698FA05771B,ui/generated/widgets/frontend/seasonalevent/seasonaleventpips.lua
5DD1D7D8B49FDB8D,ui/generated/widgets/frontend/aar/aarsummaryprogressbar.lua
5DD65F1C22EB9486,ui/generated/widgets/buttonhelperbar.lua
5DD85BDB76123FD2,ui/generated/widgets/ingame/reticles/reticle29.lua
5DDD7EE0AAEDD1DA,ui/generated/widgets/frontend/pagedbattlepass/battlepassnextrewardcard.lua
5DED1C91D752C9C9,ui/generated/widgets/frontend/jupbattlemap/jupbprewardbuttonsmall.lua
5DF206C3A39530F6,ui/generated/widgets/ingame/reticles/purpledot_royal.lua
5DF228B7D20D69D5,ui/generated/widgets/frontend/barracks/trackednearbarrackschallengeitem.lua
5DF925660CE3BBB8,ui/generated/widgets/ingame/mp/br/rex/brplunderwidget.lua
5E0B61E4852BDA05,ui/generated/widgets/ingame/mp/rex/splashbodytext.lua
5E0F774670D90231,ui/generated/menus/frontend/combatrecord/rex/combatrecordlanding.lua
5E1426254B6FE668,ui/utils/mp/callingcardutils.lua
5E1592DFCCB2704F,ui/generated/widgets/changeplaylistpanel.lua
5E1862EDA5FBABA0,ui/generated/widgets/challengestrackedcore.lua
5E1DB9D47C195AD2,ui/generated/widgets/frontend/social/socialshowcasepartybanner.lua
5E209EEA544BF52E,ui/generated/widgets/ingame/reticles/paranormaldirectionalteal.lua
5E26CFD23E166139,ui/generated/widgets/ingame/reticles/reticleholo02.lua
5E303814BF7DF0BF,ui/generated/widgets/ingame/ingamemenubackground.lua
5E459A92142C3153,ui/generated/widgets/frontend/cp/soclassic/somapdetails.lua
5E487B4BBBFBCE41,ui/generated/widgets/frontend/mp/elderprogression/elderprogressionrankpanel.lua
5E65B7127923B945,ui/generated/widgets/frontend/mp/gamemodedetails.lua
5E681BD02E7BBC47,ui/generated/widgets/ingame/mp/vehicle/rex/driverhud.lua
5E68B8284F292334,ui/generated/widgets/ingame/reticles/ret_cer_short_10_zm.lua
5E6EFEF478B70846,ui/generated/widgets/globalpanelnavigation.lua
5E7179E3788DB62A,ui/generated/widgets/ingame/mp/rex/localplayersplash.lua
5E717AF24AA7EB20,ui/generated/widgets/exfilchallengescontainer.lua
5E79D3ED3B3DE94E,ui/generated/widgets/objectivecrossfade.lua
5E7A17D28D82A6B5,ui/generated/widgets/frontend/social/socialprofilemenu/socialprofileplayercard.lua
5E7CE1818899257E,ui/generated/widgets/ingame/equipmentcontainer.lua
5E7DE76CA23C62B7,ui/generated/widgets/frontend/aar/aarxpunlockrank.lua
5E80306138A677B4,ui/generated/widgets/mastery/masteryshowcaseslotsmall.lua
5E8A507E432A733D,ui/generated/widgets/ingame/mp/scorestreaks/rex/streakactivationphone.lua
5E8E43DC0D5BC74D,ui/generated/widgets/frontend/customize/rex/stickerbookmodedisplaycard.lua
5E99321CEA518DC3,ui/generated/widgets/frontend/social/socialmenuhubandfriends.lua
5E9C7CCF72B9F75B,ui/utils/objectiveutils.lua
5E9F5F51B6073AE8,ui/generated/widgets/ingame/mp/rex/tacopsmapspawn.lua
5EA1B5C51B71D315,ui/generated/widgets/frontend/freetrialupsell.lua
5EA4307FD37057B0,ui/generated/widgets/aarrewardtier.lua
5EAEDA45A3285B55,ui/generated/widgets/frontend/mp/cas/gunsmith/attachmentpipcontainer.lua
5EB0BD779640CDC7,ui/generated/widgets/ingame/reticles/ret_sat_long_04_mp_rangefinder.lua
5EB3DBB6F5D2657F,ui/generated/widgets/textrevealbacker.lua
5EB4356F9B7C0F76,ui/generated/widgets/detailedweaponstatfiretypegroup.lua
5EB6005342CA92A6,ui/generated/widgets/frontend/jupaar/jupaarbattlepassprogressbar.lua
5EB60A929BF5FDF5,ui/generated/widgets/ingame/reticles/ret_sat_hybrid_02.lua
5EBD0295F70B454E,ui/generated/widgets/ingame/mp/scorestreaks/rcd/rcdcontrols.lua
5EC78C92885C2859,ui/generated/widgets/options/playersettingalert.lua
5ECAA6ED714A6D82,ui/generated/widgets/ingame/mp/scorestreaks/gunship/gunshipweaponstatus.lua
5ECD322B18866A3A,ui/generated/widgets/frontend/battlemap/battlemappremiumtag.lua
5EE6A9D96F71FECA,ui/generated/menus/frontend/mp/cas/addweaponbuildpopup.lua
5EE7DC821BEE3218,ui/generated/widgets/frontend/mpoperatormenu.lua
5F07016083CE5E9A,ui/generated/widgets/ingame/reticles/ret_cer_loot_bank_robber_rangefinder.lua
5F0B0281BB11D226,ui/generated/widgets/loadouts/loadoutpointbuyitembuttonedit.lua
5F1566F39F62574B,ui/generated/widgets/genericoptionsubcategorytitle.lua
5F1583DF5F4BB93D,ui/generated/widgets/ingame/mp/meatshieldvictimwarning.lua
5F183202E3C4D3F0,ui/generated/menus/frontend/barracks/barrackschallengesdailycontainer.lua
5F1A740B6FE1F93E,ui/generated/widgets/frontend/aar/aarweaponunlockrewardlist.lua
5F1EFC47790F26BD,ui/generated/widgets/frontend/mp/cas/editstreaksbutton.lua
5F2255C1BE5B4614,ui/generated/widgets/frontend/matchmakingstatus.lua
5F24E294342CEC54,ui/generated/widgets/ingame/reticles/grapplehookcrosshaircontainer.lua
5F268A0BE793252A,ui/generated/widgets/ingame/reticles/ret_cer_med_01_zm.lua
5F27425D5CDA47EC,ui/utils/clientcharacterutils.lua
5F2F43A0FE7FC473,ui/generated/widgets/rex/newtag.lua
5F302591DE3AD133,ui/generated/widgets/mastery/masterycategoryreward.lua
5F3965A0603944AE,ui/generated/widgets/frontend/codhq/motd/motdpip.lua
5F470058A5B33767,ui/ingame/driverhudcontainer.lua
5F4C087CB184FC96,ui/generated/widgets/ingame/mp/vehicle/hooptydiagram.lua
5F500DC302AC1538,ui/generated/widgets/ingame/reticles/ret_cer_loot_s5alterego.lua
5F56BE1117985BFF,ui/ingame/driverhudapcruscontainer.lua
5F5A690D5675B9A6,ui/generated/widgets/obitembonus.lua
5F5C3933C21513DF,ui/generated/menus/frontend/codaccount/ageconfirmationpopup.lua
5F5F32D7F7BEB69A,ui/generated/widgets/letterbox.lua
5F6032519439E28E,ui/generated/widgets/ingame/reticles/ret_cer_loot_s2carnival.lua
5F622B418C53486E,ui/generated/widgets/ingame/rex/equipmentbase.lua
5F6965165F067076,ui/utils/rankutils.lua
5F703A4CF5A63234,ui/generated/widgets/mp/counterattackbombstatuscontainer.lua
5F70F6DC8731B40E,ui/generated/widgets/frontend/mp/leagueplay/lpbrhowtoplaymapsmodes.lua
5F7566AB636DDCF3,ui/generated/menus/frontend/mp/dmz/dmzexfilstreakmenu.lua
5F78C4FFCB276778,ui/generated/widgets/nukeexfil.lua
5F7A2E9F1ECC24E7,ui/generated/widgets/ingame/reticles/rex/ret_rex_fourx_cust_03_blu.lua
5F8102587F4C9CC3,ui/generated/widgets/ingame/mp/rugby/rugbytimeout.lua
5F8763776351C80B,ui/generated/widgets/frontend/social/socialplayernameandplatform.lua
5F8B1E9714CE047B,ui/generated/widgets/frontend/social/socialprofilemenu/socialshowcaseplayeridentity.lua
5F93B4CA13247262,ui/generated/widgets/ingame/reticles/ret_cer_med_09_zm.lua
5F975FDE17DC86CC,ui/generated/menus/frontend/mp/fullscreenwarningpopup.lua
5F9E7F0D923F9EC0,ui/generated/widgets/frontend/br/playlistcountdown.lua
5FA0890DB33C7C5E,ui/generated/widgets/frontend/jupbattlemap/jupbpbootupdetails.lua
5FA6BA656AD7EB0E,ui/generated/widgets/rex/listlineseparator.lua
5FAD53A0530967AB,ui/generated/widgets/frontend/seasonalevent/seasonaleventsfeaturedbonusactivestatusinfo.lua
5FADFF450306319C,ui/generated/widgets/cac/weaponprogresswidget.lua
5FB588F9780D657A,ui/generated/widgets/ingame/reticles/rex/ret_rex_reflex_cust_06.lua
5FB5FD1E347944C6,ui/generated/widgets/frontend/customize/stickerbookallmodesstatspanel.lua
5FBB8BC5076BAFC5,ui/generated/widgets/genericlock.lua
5FBFFE30CE6ED264,ui/generated/widgets/ingame/mp/br/brkioskfiresalediscountheader.lua
5FCD22D4E3B2BE79,ui/ingame/requisitionslayer.lua
5FCDE0A39FF8F32B,ui/generated/widgets/frontend/aar/aarflyoutbase.lua
5FD4BA0CC9720BAA,ui/generated/menus/frontend/mp/tournament/tournamentresultspopup.lua
5FDBC77682707CB3,ui/generated/menus/frontend/barracks/leaderboardmenu.lua
5FDC2D7E9F9D4663,ui/generated/menus/frontend/jupbattlemap/jupbpautoswitchpopup.lua
5FE2ADEF77AE3C8B,ui/utils/leaderboardutils.lua
5FE9A2D325F84E0A,ui/generated/menus/frontend/mp/cas/weaponmastery.lua
5FF0333FC0E43277,ui/generated/widgets/frontend/seasonalevent/seasonaleventseventpaneloverlayplacement.lua
5FF656C97E6BF982,ui/generated/widgets/ingame/reticles/rex/ret_rex_snscope_cust_16_blu.lua
5FF6E690645E4688,ui/generated/widgets/frontend/cp/cpdisabledmunitionsicon.lua
5FF9F12F317E5ED9,ui/generated/widgets/ingame/mp/scorestreaks/gunship/rex/gunshipzoommeterdynamic.lua
5FFA7ACFAB4B0BA6,ui/generated/widgets/weaponeffecticons.lua
5FFB665317D186E5,ui/generated/widgets/frontend/mp/cas/gunsmith/gunsmithequippedslots.lua
5FFC5ACAF7A9EEC1,ui/generated/widgets/frontend/vehicles/vehiclecamoselectbase.lua
6001D759B82CCF84,ui/generated/widgets/frontend/seasonalevent/seasonaleventsmasteryrewardbutton.lua
600201F6355B01E4,ui/generated/widgets/chat/textchatinputtextbutton.lua
600A4A03B86577DE,ui/generated/widgets/buttonoptionsdescriptiontext.lua
60108BDAC2258F6B,ui/generated/widgets/ingame/mp/vehicle/rex/vehiclehealthbar.lua
6013B5D8546766FA,ui/generated/datasources/nameplates.lua
6014451E7A7AD2D2,ui/generated/menus/frontend/seasonalevent/eventpluspremiumpurchasecelebrationpopup.lua
6016311AA8C0DDD5,ui/generated/widgets/frontend/mp/leagueplay/rex/lpplaymenu.lua
601902E8B59A8696,ui/generated/widgets/rex/globalpanelnavigation.lua
601D0CF415961562,ui/generated/menus/frontend/mp/warzoneprivatematchgamecodejoin.lua
601F8EFE0E634891,ui/generated/widgets/frontend/depot/lootitemcardmini.lua
6021E038F2A8AFB2,ui/generated/menus/frontend/mp/cas/loadouts/reticleselectbase.lua
6023F622BFFA3219,ui/generated/widgets/store/rex/itemmetadata.lua
602CD2135679AD2D,ui/generated/widgets/mobileslideshowmatchmakingstatus.lua
60330DE63A7431B6,ui/generated/widgets/rex/challengeresettimer.lua
603AD73181580FEB,ui/ingame/theaterlayer.lua
604BA2D5C9FFB3C1,ui/soundsets.lua
604E762ED2D2C372,ui/generated/widgets/ingame/reticles/ret_cer_loot_s2saintpat_alt.lua
605131675DB2CEB3,ui/generated/widgets/ingame/mp/teamstatusicon.lua
606096B30895AD48,ui/generated/widgets/damageindicatorcontainer.lua
60616CB72C172670,ui/generated/widgets/ingame/reticles/ret_cer_fourx02_def.lua
606E4267C462D08B,ui/generated/widgets/frontend/mp/lobby/lobbybattleroyale.lua
60713FF1AA896F1F,ui/generated/widgets/frontend/customize/callingcardmasterycardnew.lua
60791681DDA766F6,ui/generated/widgets/frontend/mp/outbreak/obbackpackprompts.lua
608010023EF5D15A,ui/generated/widgets/premiumupsellcontainer.lua
608D695E1203B270,ui/generated/menus/frontend/mp/warzoneprivatematchsquadselectcontainer.lua
6090A8B4A6959337,ui/generated/widgets/ingame/reticles/ret_sat_rangefinder_part.lua
60923A2488D42CBB,ui/generated/widgets/frontend/battlemapv2/bpstandardpurchaseblade.lua
6092B2CA5E3FD106,ui/generated/widgets/frontend/mp/playmenuedgefade.lua
609678E4BF4AC5FC,ui/ingame/driverhudhooptycontainer.lua
6097C94367754B70,ui/generated/widgets/accordionpanelheader.lua
60994A2D11796105,ui/generated/menus/optionsmenulayout.lua
609B65F8693F3001,ui/generated/widgets/ingame/reticles/ret_cer_loot_shroudhitman_rangefinder.lua
609D4E23763CF043,ui/ingame/driverhudjeepcontainer.lua
609D76DBD0974FC7,ui/generated/widgets/ingame/mp/overtimegameplaytimer.lua
60AF1AB0BA8DE94B,ui/generated/menus/frontend/codaccount/codaccountregister.lua
60AF463FD5B0C10A,ui/utils/mp/weeklychallengeutils.lua
60B177B2AB3075E5,ui/generated/menus/frontend/codaccount/rex/codaccountgreeting.lua
60B84C07E43E30C8,ui/widgets/worldblur.lua
60BA0233AC041DB8,ui/generated/widgets/ingame/mp/killstreakenemytarget.lua
60BD356F16320B4A,ui/generated/widgets/ingame/mp/scorestreaks/taccam/taccamcontrols.lua
60C50E97DE3C255F,ui/generated/widgets/ingame/gunscreens/gunscreenkdwitch.lua
60CB835A6614D44D,ui/generated/widgets/ingame/mp/littlebird/littlebirddiagram.lua
60CDA37A685C35D5,ui/generated/widgets/frontend/mp/cas/gunsmith/gunsmithcustomizebase.lua
60D2C6BBB7636862,ui/generated/widgets/frontend/zm/gobblegumrestrictionwarning.lua
60DFCFC4729F0FE7,ui/generated/widgets/frontend/mp/cas/weaponattributes.lua
60E02BB34A4538F9,ui/generated/widgets/ingame/reticles/reticleairburstrangetext.lua
60EB962FFEC9FC7C,ui/generated/widgets/ingame/mp/rex/nukeactivationphone.lua
60F10DA04BC69421,ui/generated/widgets/frontend/customize/equippedemblemcallingcard.lua
60F1C80FD2440019,ui/generated/widgets/frontend/lobby/lobbyplayerlistplayer.lua
60F398209500AD89,ui/generated/widgets/frontend/barracks/barrackschallengestatuslockbanner.lua
60F5431B03A50859,ui/generated/widgets/fencepopuptimer.lua
60F54F5D18B89E1E,ui/generated/widgets/frontend/seasonalevent/seasonaleventsoperatorredirect.lua
60F67E874EA06020,ui/generated/widgets/frontend/mp/playmenu/basemenurow.lua
60F6AC2A89593027,ui/generated/menus/playlistmappreviewmodal.lua
610526B05F266E80,ui/generated/widgets/frontend/seasonalevent/seasonaleventsleaderboardposteventplacementcelebration.lua
610B8E31937A42DE,ui/generated/widgets/frontend/mp/cas/attachmentprogressionpreview.lua
610DA6234A2B2FA3,ui/generated/menus/frontend/barracks/statsmenu.lua
6115BFFFFFC1CB3C,ui/generated/widgets/ingame/reticles/ret_sat_med_05_mp.lua
6116012653A69431,ui/generated/widgets/ingame/mp/vehicle/vehiclealtimetermarker.lua
6118C6FB909D8484,ui/generated/widgets/perceptioncombatdetailsrow.lua
61199D852775CE42,ui/generated/widgets/ingame/objectivetitle.lua
611BB31207D6C410,ui/generated/widgets/ingame/reticles/ret_cer_med_03_wz.lua
611C85CA53BCA50C,ui/generated/widgets/frontend/sp/missionselect/mapdecorationtext.lua
611CBB4D4F05E337,ui/generated/menus/firingrangepausemenu.lua
611F7DE946E1C0A3,ui/generated/widgets/ingame/mp/fieldupgradeusemessage.lua
6120D2162FBB0396,ui/generated/widgets/wzscoreboardgrid.lua
612480B921AA9951,ui/generated/widgets/frontend/unlockcount.lua
61261A7DC1BDCD92,ui/generated/menus/mp/actionparkroundchange.lua
61282E381057DBE0,ui/generated/widgets/frontend/sp/bigmapentrypointbutton.lua
612C5891AD734742,ui/generated/widgets/frontend/customize/rex/callingcardpreviewpaneltier.lua
6135D011B25929C2,ui/generated/widgets/ingame/reticles/ret_cer_long_01_wz.lua
613B17EF6BA24070,ui/generated/widgets/frontend/rtt/genericrtt.lua
613BE99E4F24CF07,ui/generated/menus/frontend/mp/cas/gunsmith/gunsmithtabsmenu.lua
613D46C07567E3EA,ui/generated/widgets/ingame/reticles/reticle21.lua
6141419BD4C5A601,ui/generated/widgets/inventory/inventorydogtagextendedstat.lua
614AB2210981C3DB,ui/generated/widgets/frontend/groups/socialgroupprofiletab.lua
614E3F4FDC695D71,ui/utils/outbreakutils.lua
615136377C9D0034,ui/generated/menus/ingame/rex/ingamegunsmith.lua
61518EF0D7CC6FF2,ui/generated/widgets/ingame/reticles/ret_cer_med_01_zm_alt.lua
6153274A80764E83,ui/generated/widgets/frontend/customize/callingcardcurrentlyequipped.lua
6161ACC6FE896FAE,ui/generated/menus/mobilecontrolsetshudmenu.lua
61624A6DC765C7EE,ui/generated/widgets/ingame/reticles/lightbluedot.lua
61635834E4FBE155,ui/generated/widgets/rex/checkboxwithimagelabel.lua
6164C83940B040CE,ui/generated/widgets/rex/mousecursorcontextualmenuplayerheader.lua
6166624EC2772BE5,ui/generated/widgets/ingame/emoteprompt.lua
6166DA593B523880,ui/generated/widgets/ingame/mp/scorestreaks/gunship/gunshipreticlecompass.lua
616BACB5B48E11ED,ui/generated/widgets/frontend/mp/dmz/dmzinfilsetupbuttonglow.lua
617553E4C6FC4263,ui/generated/widgets/ingame/mp/cutthroat/cutthroatteamhealth.lua
6175660D3FE30E9F,ui/generated/widgets/frontend/seasonalevent/seasonaleventsfeaturedstorecontentbuttonvisuals.lua
617C020687C20AD9,ui/generated/widgets/frontend/seasonalevent/seasonaleventsflexgrid.lua
617C5D12940091CA,ui/generated/widgets/ret_sat_rangefinder_element.lua
617D502D0315C373,ui/generated/widgets/frontend/social/channels/socialchannelbutton.lua
61813E0B58F80C6B,ui/ingame/mp/killstreakconnection.lua
61817656528A17AC,ui/generated/widgets/ingame/reticles/reticleminireddot03animeshine.lua
61861D66EB85DC65,ui/generated/widgets/ingame/mp/vehicle/driverhudhooptytruck.lua
6187638245E42242,ui/generated/widgets/common/commontextbackerwithglow.lua
6187B1689450E939,ui/ingame/mp/mpoverlayhud.lua
618881593B97DFCC,ui/generated/widgets/ingame/mp/br/brhudplayerstatusiconrevive.lua
618D37E8772000D2,ui/generated/widgets/frontend/mp/cas/gunsmith/gunnynewrecommendedweaponnotice.lua
61945FFA10F76BA9,ui/ingame/driverhudapccontainer.lua
6194B1FA7508FB8F,ui/generated/widgets/frontend/codhq/buttons/codhqalert.lua
61953EA67E7CC36F,ui/generated/widgets/floorwidgetlistelement.lua
6195E5F5AD9D95A9,ui/generated/menus/createperkpackagemenu.lua
619BD6A089D53942,ui/generated/widgets/ingame/reticles/ret_cer_loot_s5sensei_rangefinder.lua
619EF01AC8820EC3,ui/generated/widgets/frontend/weapons/loadout/loadoutitemstreaksbutton.lua
61A5B884DB724822,ui/generated/widgets/frontend/mp/leagueplay/lprankselect.lua
61A6C3BAA5AEDF99,ui/generated/widgets/frontend/social/socialrecentactionbuttons.lua
61AABC9B44FFE30C,ui/generated/widgets/ingame/reticles/smartgunreticle.lua
61B5CF4478D26BD3,ui/generated/menus/frontend/cp/cpplaylistmenu.lua
61BCF02631B2C335,ui/generated/widgets/ingame/mp/globalplayersplashtags.lua
61C21EB5C2A13FB6,ui/generated/widgets/ingame/reticles/extrareticles/reticlecode.lua
61CDBD6B4B4FE0C3,ui/generated/widgets/frontend/pagedbattlepass/blackcell/blackcellevolvingslide.lua
61DD299BF16F11A3,ui/generated/widgets/rex/genericarrowbutton.lua
61E1A2A0800BA6F6,ui/generated/widgets/oboperatorprestigeitem.lua
61E3F05FE4FA62EB,ui/generated/widgets/ingame/mp/br/brgasmask_01.lua
61E76A56A60B02CB,ui/generated/widgets/toastnotification.lua
61E77C71DE3F7FFB,ui/utils/frontendsceneruntime.lua
61E91DA4B926D177,ui/luidynamicimage.lua
61EB2FD452051BAC,ui/generated/widgets/ingame/framecorners.lua
61ED147951D10EDE,ui/utils/mp/dmzspawns.lua
61EDD1F3E7B26F88,ui/frontend/mp/emblemeditorpopups.lua
61EE4EE4DC5F46A2,ui/generated/widgets/frontend/leaderboard/leaderboardtextfield.lua
61F62CBFD2D44CBD,ui/generated/widgets/ingame/mp/ctdm/ctdmhudheat.lua
61F93B101AFA9CEC,ui/generated/widgets/rex/mousecursorcontextualmenutitle.lua
61FD60B0564EAA92,ui/generated/widgets/jupiterprogressrulerlines.lua
61FD6DBE4978307A,ui/generated/widgets/ingame/reticles/ret_cer_loot_pmorte_rangefinder.lua
6207522A7CE89B16,ui/generated/widgets/infiltrationhostagestate.lua
6207A433D4F0A9C3,ui/generated/widgets/frontend/seasonalevent/seasonaleventsiteminfotagbacker.lua
620A647CEF94E345,ui/generated/widgets/frontend/mp/leagueplay/lpseasonendflowrecap.lua
620DCD7CF4995AD4,ui/generated/widgets/frontend/partyxpeventdescription.lua
62154C9420BC595E,ui/generated/widgets/frontend/seasonalevent/seasonaleventseventpanelmysteryboxoverlay.lua
621CAB3CE07A7239,ui/generated/widgets/frontend/pagedbattlepass/pagedbattlepasshvtcallouttoggleprompt.lua
621FD049BDD36058,ui/generated/widgets/ingame/reticles/ret_cer_loot_s2cdplayer_rangefinder.lua
622B32B4E739A129,ui/generated/widgets/frontend/seasonalevent/seasonaleventseventlogo.lua
622C4E98F647FDF5,ui/generated/widgets/activearmorybundlepreviewoverlay.lua
6233F11A0E184F2E,ui/generated/widgets/frontend/leaderboard/leaderboardplayercard.lua
6234383D115B17A6,ui/generated/widgets/challengeresettimer.lua
6237AF225E1A32F9,ui/generated/widgets/frontend/rex/timedbutton.lua
62380967CF023EA5,ui/generated/widgets/store/storetilecodhq.lua
6239BD46277AD3A5,ui/generated/menus/leagueplay/lpcodeconduct.lua
623A83168F8438B6,ui/generated/widgets/ingame/shared/nameplates/playernameplate.lua
623C3ABBF99BCBBC,ui/generated/widgets/ingame/gameplaystats.lua
623C40C6F7ECAB0F,ui/generated/widgets/hudeditor/hudeditorlayouts.lua
623CF82F77538B0F,ui/generated/menus/fencedialog.lua
623DAF9FF6090068,ui/generated/widgets/frontend/social/socialprofilemenu/socialshowcaseinspectcallingcarddisplay.lua
623E679268C552DB,ui/generated/menus/frontend/barracks/darkops.lua
62440EF4C20ADF13,ui/generated/widgets/installmanager/modifyandexitbutton.lua
624C7FE5E818902B,ui/generated/widgets/store/storerowoptionsbuttion.lua
624DADDEBDED81C4,ui/generated/menus/frontend/barracks/barrackschallenges.lua
6256359E57502685,ui/generated/widgets/ingame/reticles/reticlesniper10.lua
62579D5C3243E586,ui/generated/widgets/ingame/mp/scorestreaks/dronesentry/dronesentrycontrols.lua
625B45BF71A51615,ui/generated/widgets/trials/trialeventearnedmedalscontainer.lua
625F62113CA71123,ui/generated/widgets/frontend/mp/pmc/dmzbaseexpandershowbutton.lua
6266DB756615775D,ui/generated/widgets/frontend/weapons/loadout/loadoutitemselectionbuttonwide.lua
626E9BC0F2396903,ui/generated/widgets/frontend/mp/pmc/pmcselectbutton.lua
6270CBED901CFF68,ui/generated/widgets/ingame/reticles/ret_cer_long_05_mp_rangefinder.lua
6272DF775E3D9CB3,ui/generated/widgets/frontend/barracks/alreadyownedlabel.lua
6276741BB30BEB58,ui/generated/widgets/frontend/rex/headerbackarrowlarge.lua
62790218D8DBFF41,ui/generated/widgets/frontend/jupbattlemap/jupbplandingupsell.lua
627E3179A7C60DED,ui/generated/widgets/frontend/weapons/loadout/loadoutclasswidget.lua
62816BFE4419C01D,ui/generated/menus/frontend/mp/removeplayersmatchmakingpopup.lua
6281A494131C11D1,ui/generated/widgets/frontend/rex/menutitle.lua
62899143C5014F8D,ui/generated/widgets/ingame/mp/br/brhealthandarmorbarspmbacker.lua
628A17F36113FCBF,ui/generated/menus/frontend/depot/battlepasspurchaseprogresspopup.lua
628E421F1EABF862,ui/generated/widgets/ingame/reticles/ret_cer_long_03_wz_rangefinder.lua
6291AA554B73596D,ui/generated/widgets/frontend/events/roundpip.lua
6291AC87C442DBAE,ui/generated/menus/frontend/customize/stickerbookchallengesmenu.lua
6291BEB1F505B856,ui/generated/widgets/ingame/weaponpickupflyout.lua
629F31815219B097,ui/generated/widgets/ingame/mp/groundwar/squadstatuslist.lua
62A2498943A25C7F,ui/generated/widgets/ingame/mp/arena/arenaloadoutcontainer.lua
62A797F7D8D35473,ui/generated/widgets/ingame/mp/genericsplashflare.lua
62AFF4FB1324BCA8,ui/generated/widgets/ingame/lootsplash.lua
62B17742C26C6658,ui/generated/menus/frontend/mp/cas/loadouts/obacquisitionstashselect.lua
62B322547BD58990,ui/generated/widgets/ingame/reticles/ret_cer_loot_s2saintpat_rangefinder.lua
62B6D8CA8025CA5A,ui/generated/widgets/ingame/reticles/ret_cer_loot_80sarsenal_rangefinder.lua
62B840B66941C3C6,ui/generated/menus/frontend/mp/cas/gunsmith/gunsmithtabsmenubase.lua
62BA4EC0A041E9E5,ui/generated/widgets/frontend/mp/cas/loadoutitembutton.lua
62BE739B4F15C2AF,ui/generated/widgets/ingame/reticles/ret_cer_holorange_def.lua
62BF51F8AD13BB77,ui/generated/menus/frontend/battlemap/battlemapbootup.lua
62C206815F7A8E86,ui/generated/widgets/ingame/mp/rex/mpscoreboardgrid.lua
62C7430164614FA3,ui/generated/widgets/ingame/reticles/iw9/reticlesndrop01highzoom.lua
62CD71CB144D0DA4,ui/generated/widgets/ingame/reticles/ret_sat_long_05_mp.lua
62D986CF260B5AE2,ui/generated/menus/frontend/codaccount/rex/codaccountsummary.lua
62DFAA0106FF766A,ui/generated/widgets/ingame/mp/br/brmissiontrackerexpandedobjectivepopoutnotification.lua
62E1B7CF4EECC5AC,ui/generated/widgets/frontend/mp/tournament/tournamentroundresult.lua
62EA3CB3C4B762CC,ui/generated/menus/dmzmissingkeyitemspopup.lua
62F2656E69F2DAEA,ui/generated/widgets/frontend/jupbattlemap/jupbppurchasebutton.lua
62F8E9FA54C93512,ui/generated/widgets/ingame/reticles/ret_cer_med_09_wz.lua
62FC1D2E7AC4C12F,ui/generated/widgets/blockedplayerspanel.lua
62FF33B483A56FF8,ui/generated/widgets/ingame/hitmarkeranchored.lua
62FFA27818956045,ui/generated/widgets/ingame/inventoryitemdescriptiontooltip.lua
630222F64501C23F,ui/generated/widgets/doublechevron.lua
6305A22BF34DD8B1,ui/generated/widgets/frontend/lobby/publicmatchstartbutton.lua
6307C8252F6CADFA,ui/generated/widgets/obfieldacquisitionloadoutitem.lua
63092082A65D546E,ui/generated/widgets/ingame/reticles/reticlesniperhdromeo.lua
630AF59AD09285EA,ui/generated/widgets/frontend/br/brplaylistmapimage.lua
6315F2BED32A9B1E,ui/generated/widgets/frontend/mp/lobby/lobbybattleroyalefilltypebutton.lua
6316B11B53F13048,ui/generated/widgets/ingame/mp/splashnotificationheader.lua
6318C5EA6B603B48,ui/generated/widgets/frontend/barracks/barracksweaponstatspreview.lua
631A54F357E0E0FC,ui/generated/widgets/ingame/mp/trial/trialbestscore.lua
631E0BF4341D01D6,ui/utils/fencedailylineup.lua
63212B6646CA398F,ui/generated/widgets/ingame/reticles/rex/ret_rex_snscope_cust_15_grn.lua
63214EFAB049A3EC,ui/generated/widgets/frontend/aar/aarmostusedweaponitem.lua
6329D20BEE4B0639,ui/generated/widgets/ingame/ingamegunsmithcategory.lua
633257D298E16063,ui/generated/widgets/frontend/unlockcriteria/criteriawidgets/unlockcriteriagamemode.lua
6337BF0E933ADAB9,ui/generated/widgets/ingame/mp/bradley/tankdrivertacticals.lua
6339B88E0D0900F3,ui/generated/widgets/frontend/social/socialchannelfeaturehint.lua
6342F8FD8E53FC49,ui/generated/widgets/frontend/mp/playlist/playlisttogglewidget.lua
634E00C28499E4C4,ui/generated/widgets/frontend/rex/mpweaponmenu.lua
6355AF32871DDE91,ui/generated/widgets/frontend/mp/pmc/dmzbasebutton.lua
635863E6F60A30D9,ui/generated/widgets/ingame/reticles/iw9/reticlepgolf.lua
63594FA42DF58B88,ui/generated/widgets/ingame/reticles/rex/ret_rex_arscope_01.lua
635FF1383D67094A,ui/generated/widgets/frontend/store/storeinstagratpanel.lua
6366CC6B5CDBB915,ui/generated/widgets/ingame/mp/roundendteamscore.lua
636CA3DC58D22745,ui/generated/widgets/frontend/mp/playmenu/playmenutitlewc.lua
636CAA26D6544793,ui/generated/widgets/ingame/mp/killcam/killcamequipmentinfocontainer.lua
636F904AE32138C1,ui/generated/widgets/ingame/reticles/rex/ret_rex_reflex_cust_05_grn.lua
6375FB60FB434C3E,ui/utils/scriptedlistwidgetutils.lua
6379E7F4F4128EAD,ui/generated/menus/frontend/battlemap/battlemapsectorpreviewbase.lua
6385B95665FE24A6,ui/generated/widgets/frontend/barracks/progressionunlockslide.lua
6385C90BFF8A553D,ui/replaytimeline.lua
638FDE52B01FACEB,ui/generated/widgets/frontend/codaccount/codaccountmarketingoptin.lua
6392489C82A55B21,ui/generated/menus/rex/bindingpreview.lua
639274A6E61E0593,ui/generated/widgets/options/hdrwhitepointguide.lua
6392DA95A9C09D14,ui/generated/widgets/trials/trialeventmedal.lua
6393485468452AE8,ui/generated/widgets/disccheckerrorpopup.lua
6394E852975B5AF4,ui/generated/widgets/rex/xptonextlevelprogression.lua
6397880077DA112A,ui/generated/widgets/ingame/combometer.lua
6397CBC46C112A75,ui/generated/widgets/genericwidgets/scrollablemenutab.lua
639C9EEE0A0ECA3D,ui/generated/widgets/frontend/store/storefeaturedrow.lua
639D677A1AC330A3,ui/generated/widgets/store/storesubpagemenuinternal.lua
63A17E964373F66A,ui/generated/widgets/store/pagedstoretablabel.lua
63A382886E3C6334,ui/generated/widgets/ingame/reticles/bluedot.lua
63A53EBA2CA7C347,ui/generated/widgets/frontend/mp/playlistbuttonslim.lua
63A865CD98B669A0,ui/generated/widgets/frontend/mp/lobby/rex/lobbylpcmatchmade.lua
63A92B10A968D9A9,ui/generated/widgets/ingame/reticles/ret_sat_long_04_wz.lua
63AB4A5FD75A8979,ui/generated/widgets/common/commondarkinnerglowbutton.lua
63AB757C7EA1341F,ui/utils/objectivewidgetutils.lua
63B2D7E3325703F5,ui/generated/widgets/ingame/reticles/ret_cer_loot_s2bp1.lua
63BE70822C316D70,ui/generated/widgets/ingame/mp/scorefeed/scorefeedgrid.lua
63C1E536777C5E29,ui/generated/widgets/ingame/reticles/reddotmagnifiedhybridprimarypink.lua
63C703D28BAF4500,ui/generated/widgets/ingame/mp/scorefeed/scorefeed.lua
63D520FE4EFCBDE7,ui/generated/menus/frontend/mp/cas/loadouts/stickerlocationselect.lua
63DA7D327E83E965,ui/generated/widgets/frontend/codhq/motd/motdwidget.lua
63DFE2B4EFB761C5,ui/generated/menus/store/storesubpagesearchmenu.lua
63E52A46E4B40DC5,ui/utils/battlepassutils.lua
63EEEED248A2B9F9,ui/generated/widgets/ingame/reticles/ret_cer_long_03_wz_therm.lua
63EF1132F7EB7316,ui/generated/menus/frontend/mp/cas/loadouts/gunsmith/swapattachmentpopupbase.lua
63F0B0E16F98DCC1,ui/generated/widgets/executionselectbutton.lua
63FBAD8462E226A6,ui/generated/menus/frontend/lobbyrejoinpopup.lua
64063BD6E9A36C62,ui/generated/menus/frontend/sp/spdifficultyselectmenu_gl.lua
6412EF1D41947B2B,ui/generated/widgets/genericiconlabel.lua
641BF3E97241E0AC,ui/generated/menus/frontend/depot/battlepassconfirmpurchasepopup.lua
641EC4DF478C4735,ui/generated/widgets/frontend/career/careershowcasetooltip.lua
6424966E252803B1,ui/generated/widgets/checkmarksprogressbar.lua
64283824D339645B,ui/generated/widgets/frontend/battlemapv2/bpstatus.lua
6428D618D25B2CA8,ui/generated/widgets/ingame/reticles/ret_sat_med_09_zm.lua
642C19B7DCDA9849,ui/generated/widgets/frontend/mp/leagueplay/lpseasonendflowrewardscontainer.lua
642C9E0414012B56,ui/generated/widgets/footer/footerbackicon.lua
642CEA0EA4D538C6,ui/generated/widgets/frontend/itemexchangelabel.lua
6437E7C0599FE017,ui/generated/widgets/frontend/aar/aarrank.lua
64388EEFF7029CFF,ui/generated/widgets/ingame/mp/largeuppernotification.lua
643D6FC1D8C161C8,ui/generated/widgets/ingame/mp/javelincornerglow.lua
6441E365AA51DFF8,ui/generated/widgets/ingame/mp/countdownsidefluff.lua
644F50EC5919ECA8,ui/generated/widgets/frontend/partyxpbonusmatrix.lua
645677C88FE53527,ui/utils/battlemapmenuutils.lua
64575FB9FA78D3FE,ui/generated/widgets/frontend/codcaster/codcasterteamidentityinformationpanel.lua
64582DCDAF48A7F9,ui/generated/widgets/codhqgametilesbackground.lua
645AA89CA88965A8,ui/generated/widgets/frontend/lobby/rex/lobbymembergridemptyslot.lua
645B49BAC1E40BDB,luashared/csvutils.lua
645F891EA95B841E,ui/generated/menus/frontend/rex/genericconfirmpopup.lua
646620066D560F12,ui/generated/widgets/ingame/reticles/rex/ret_rex_fourx_cust_15.lua
646D14761F92C96B,ui/generated/menus/frontend/depot/battlepasspurchasepopupbase.lua
646F2B4C3413D942,ui/generated/widgets/frontend/dailyloginreward/anniversarydailyloginrewardinternal.lua
647A5A707E92E19F,ui/generated/widgets/ingame/mp/scorestreaks/dronesentry/dronesentrybasecontrols.lua
647C46E31D8FA3E0,ui/generated/widgets/ingame/reticles/reticlethermal01paranormal.lua
647F021B96B7851C,ui/generated/widgets/frontend/mp/cas/loadouts/killstreaksequipswappanel.lua
6480C97C603C1555,ui/generated/widgets/frontend/mp/cas/loadoutitemperkbutton.lua
648251CD751F59EB,ui/generated/widgets/frontend/mp/lobby/brplaylistbutton.lua
6483AEF796480859,ui/generated/widgets/frontend/mp/cas/weaponlevelbar.lua
6486A79002D893EB,ui/generated/widgets/ingame/reticles/rex/ret_rex_reflex_cust_14_blu.lua
648CE247D7649374,ui/generated/widgets/inventory/inventorybuttonoverlay_rex_internal.lua
648EC66CB3559EB1,ui/generated/widgets/frontend/mp/cas/raritywidget.lua
64905FB7A55EB274,ui/generated/widgets/generickillstreakskcorners.lua
649481D1957C206E,ui/generated/widgets/frontend/barracks/barrackschallengemissiondetails.lua
6495FB03BE852D41,ui/generated/widgets/frontend/battlemapv2/bpmapwidget.lua
649A3BFD8982A1A0,ui/generated/widgets/sprite.lua
649E3E81E893763B,ui/generated/widgets/frontend/weapons/armorybuttonbase.lua
649F16ED4BAD0244,ui/generated/widgets/stockattachment.lua
64A1BD83ACA61E68,ui/generated/widgets/genericwidgets/iconlabeledbutton.lua
64AA5C6F5F9B650B,ui/generated/widgets/ingame/equipmentbaselinear.lua
64AF9AF10F1E2EAD,ui/generated/widgets/frontend/seasonalevent/seasonaleventdetailspopuppanel.lua
64B90E6F74C55093,ui/generated/widgets/ingame/reticles/ret_sat_short_01_wc.lua
64BC4CEB4BD920CA,ui/generated/widgets/ingame/rex/tutorialmessage.lua
64BDB3D25A9B0493,ui/generated/widgets/frontend/mp/esportsruleslabel.lua
64BFC13A358AB169,ui/generated/widgets/ingame/mp/br/brbannerheader.lua
64C0923767D20F63,ui/generated/widgets/buttons/buttonhighlightvisiblefocusbright.lua
64C0A58520DED83C,ui/generated/widgets/subheader.lua
64C9B720BBE2D8AF,ui/generated/menus/frontend/webview/webviewquickplayselection.lua
64CF48135290043A,ui/generated/widgets/rex/trainingcoursehudcontainer.lua
64CFAB3F3BD3D511,ui/generated/widgets/chat/textchatautocompletelist.lua
64D174DABBA3CD55,ui/generated/widgets/frontend/jupbattlemap/jupnewweapontag.lua
64D4A771220F4817,ui/generated/widgets/frontend/battlemap/battlemapcinematicframe.lua
64D66539475D8E81,ui/generated/widgets/frontend/cp/cpdisabledmunitions.lua
64D685F5870290CF,ui/generated/menus/frontend/mp/zm/zmmatchselection.lua
64D77A8C32607782,ui/generated/widgets/frontend/depot/pricebutton.lua
64D88CADCA57E981,ui/generated/widgets/ingame/mp/rex/spectating.lua
64DCA819EC9C76FF,ui/generated/widgets/ingame/reticles/extrareticles/rexreticleoutercircle.lua
64E445922696632F,ui/generated/widgets/frontend/mp/cas/gunsmith/gunsmithammoinformation.lua
64E9A76DFAE8B5B4,ui/generated/widgets/frontend/social/channels/rex/channelmemberbutton.lua
64F2013E3448B747,ui/generated/widgets/frontend/social/socialprofilemenu/socialprofilerankcontainer.lua
64F72537293297D7,ui/generated/widgets/genericwidgets/buttons/buttondefault.lua
64FD00CB8A93197B,ui/generated/menus/rex/onboardingpopup.lua
650B89A812DFC013,ui/generated/menus/frontend/mp/dmz/dmzwalletpopup.lua
650D87B574E8BC36,ui/generated/widgets/ingame/reticles/ret_cer_loot_s2ghillie_rangefinder.lua
6511AA48046F5A76,ui/generated/widgets/ingame/mp/tiersplash.lua
6519E2983BFC7074,ui/generated/widgets/ingame/mp/rcxdownertarget.lua
651BF62973199D9C,ui/generated/widgets/alwaysloaded/globalhint.lua
65240276A54B0E81,ui/generated/widgets/frontend/mp/leagueplay/lpdivisionbanner.lua
652C75AB0AFCC507,ui/generated/widgets/gamebladewidget.lua
652CC60C7495201A,ui/generated/widgets/ingame/mp/br/brendgameplayernumberbox.lua
65381857B2D65E63,ui/generated/widgets/ingame/reticles/ret_sat_short_02_mp.lua
653D1BA185FB7E2D,ui/generated/widgets/frontend/social/socialchanneltextchatpreviewentries.lua
653D8DF2270806FF,ui/generated/widgets/frontend/rtt/rttboosterscreen.lua
653F84AD69DC52E9,ui/generated/widgets/ingame/mp/br/brgasmaskreadout.lua
6540F24758C69A7F,ui/generated/widgets/frontend/lobby/mapbutton.lua
6540FFD470C01D0F,ui/generated/widgets/frontend/seasonalevent/seasonaleventbuttonhighlight.lua
6544E56639CB0967,ui/generated/widgets/ingame/matchstatuswaypointescort.lua
6544FCAC34C6E906,ui/generated/widgets/ingame/reticles/rex/ret_rex_holo_02_alt_01.lua
6548DE85DA8D21D4,ui/generated/widgets/ingame/reticles/ret_sat_loot_alpine.lua
654C4790C9E01048,ui/generated/widgets/ingame/cp/iw8/scoreboard/cpscoreboardrow.lua
654CE5A03CE432DE,ui/utils/xptokensutils.lua
654FED6E11678B8D,ui/generated/widgets/frontend/jupbattlemap/jupbptokenearned.lua
6552D8C971631353,ui/generated/widgets/frontend/mp/leagueplay/lphowtoplayrulesrestrictions.lua
65549488DA8A3EB0,ui/generated/widgets/frontend/social/socialprofilecardsmallgroupmember.lua
655529B869089990,ui/generated/widgets/underbarrelattachment.lua
655B8681D37B08D8,ui/generated/widgets/frontend/weeklychallengesslide.lua
655E2E6A04024216,ui/generated/widgets/frontend/challenges/stickerbookpercentcompletioncard.lua
655FDF2E456A66CB,ui/generated/widgets/ingame/reticles/jupiter/jup_reflex02.lua
656AFD9B8C75492E,ui/generated/menus/smsregistrationscreen.lua
657273E65B8EA978,ui/generated/widgets/inventory/inventoryutilitybacker_rex.lua
6578552387D0EC52,ui/generated/widgets/frontend/seasonalevent/xpboostinvitepartycalltoaction.lua
657E796EFECEDB93,ui/generated/widgets/options/generickeybindinnerbutton.lua
658092C9FB7A862C,ui/generated/widgets/frontend/lobby/lobbyonboardingmissionbutton2.lua
65820B6E83E4A2BD,ui/generated/widgets/ingame/gunscreens/gunscreengluttony.lua
6588B3D330D5D3EA,ui/generated/menus/frontend/barracks/commendationsmenubase.lua
659013DACB9E69C4,ui/generated/widgets/genericfillbar.lua
6593581F188DF03D,ui/generated/widgets/frontend/mp/lobby/brfeaturebutton.lua
6593B9C58A00B545,ui/generated/widgets/frontend/depot/battlepassunlockitem.lua
65946537F5577B89,ui/generated/widgets/frontend/operator/operatorskinbuttonsmall.lua
659575F835F7A13E,ui/generated/widgets/buttons/underlinetextbutton.lua
659AD5E79B3321B0,ui/generated/widgets/ingame/mp/killcam/killcamweaponinfo.lua
659E37B3B8105362,ui/generated/widgets/frontend/aar/aarbattlepassprogressbarplayhead.lua
65A7874BA789B2A7,ui/generated/widgets/frontend/lobby/rex/lobbystatusbutton.lua
65B64F3C0F9EF979,ui/generated/widgets/ingame/reticles/ret_cer_med_06_zm_alt.lua
65BD025B3159FC0B,ui/generated/widgets/frontend/seasonalevent/rex/seasonaleventsrewardcardrewardattributesoverlay.lua
65BEACC21AFA8100,ui/generated/widgets/scrollbar/horizontalminimalscrollbarslider.lua
65BF55CC0CEDFA00,ui/generated/widgets/frontend/progression/rex/progressiongamemodetag.lua
65BFAAD008DD7E80,ui/generated/widgets/dmz/progressiontasktooltipwidget.lua
65C39A957C17ED4A,ui/generated/widgets/frontend/social/socialgroupsmenu.lua
65C48FF90F1905CE,ui/generated/widgets/frontend/aar/bpaarprogression.lua
65C713370656CC26,ui/generated/menus/frontend/mp/cas/loadouts/stickerlocationselectbase.lua
65CB6675C3A50A4F,ui/generated/widgets/frontend/mp/cas/perkcategoryheader.lua
65D5AD7E1E3DD7D3,ui/generated/menus/frontend/wegame/wegamehealthytips.lua
65D5BAAE43284755,ui/generated/widgets/progressbarsimple.lua
65DEC036577DBFB7,ui/generated/widgets/inventory/inventorydogtagoperatorkills.lua
65E4A965AB36AE78,ui/generated/widgets/headeronlyexpanderheader.lua
65E65A8D277D5BB0,ui/generated/widgets/frontend/rownavigationhintcontainer.lua
65E8F676F7473BA5,ui/generated/widgets/frontend/jupbattlemap/jupbattletokenprogress.lua
65EAAEFA6EBD3BD9,ui/generated/menus/frontend/mp/cas/loadouts/gunsmith/savecustommod.lua
65ED7E08B603B840,ui/generated/widgets/ingame/radialsensor.lua
65EEFF1AECBF8202,ui/generated/widgets/ingame/reticles/ret_sat_long_03_mp.lua
65F5B8AA4AEC09EE,ui/generated/widgets/frontend/social/socialprofilecardxsmallbase.lua
65F7C4D1C6FC4911,ui/generated/widgets/buttons/rex/buttonhighlight.lua
65FBC933CDFBEAB2,ui/utils/nemesisutils.lua
65FC6AE5DF0F5FE3,ui/touchvirtualgamepadlayer.lua
660787E2D633CDA1,ui/generated/widgets/ingame/reticles/ret_cer_loot_s6jock.lua
660A2A9D55AB193D,ui/generated/widgets/frontend/weapons/loadout/loadoutcustomizationbuttons_flc.lua
660B291710FA0A32,ui/generated/widgets/lootnameandimagegrid.lua
660B6BB72C7CE132,ui/generated/widgets/ingame/reticles/reticleholotherm01paranormaldirection.lua
660DB801A48D2F50,ui/generated/menus/frontend/mp/dmz/dmztraitsmenu.lua
660ED7564D0870F9,ui/generated/widgets/frontend/seasonalevent/seasonaleventwagereventcounterbig.lua
660F95F832726C6F,ui/generated/widgets/frontend/mp/leagueplay/lppostmatchrankrewards.lua
661104E83CCB7681,ui/utils/fencepremium.lua
6611D449F1B4343E,ui/generated/widgets/ingame/reticles/reticle10.lua
66130E224CDDBEFB,ui/generated/widgets/ingame/reticles/reticlefourxsalpha21.lua
66177633BD612707,ui/utils/playerdatautils.lua
661B98D3133118EE,ui/utils/perkshudutils.lua
661DC4A5AF9944A9,ui/ingame/driverhudlgtransportcontainer.lua
661E811D3B1E0B52,ui/generated/luielems/ingame/mp/prop/prophuntcontrols.lua
661FF8B371879BF2,ui/generated/widgets/rex/binkprompts.lua
662492FFB309F35C,ui/generated/menus/frontend/cp/cpmainmenu.lua
66263E97A8ACE4B4,ui/generated/widgets/frontend/seasonalevent/seasonaleventsrewardinfocardvisuals.lua
66324A552BBC64B1,ui/generated/widgets/rex/popupbutton.lua
66353401B04A9447,ui/generated/menus/frontend/mp/cas/loadouts/equipmentskinselectbase.lua
6636C03459169AAF,ui/generated/widgets/genericholdbutton.lua
6637E1D7957CFAB7,ui/generated/menus/frontend/mp/cas/loadouts/weaponpreview.lua
66407583E3079345,ui/generated/widgets/frontend/mp/cas/gunsmith/gunsmithprogressionfluff.lua
6641D10A8DD0F170,ui/generated/widgets/alwaysloaded/rex/legaltextwidget.lua
66433277E71EE54F,ui/generated/widgets/frontend/social/socialmenushowcase.lua
6643E958AAFC4B57,ui/generated/widgets/ingame/buildandserverwidget.lua
664585A07DB4AFA7,ui/generated/widgets/frontend/mp/cas/gunsmith/gunsmithblockremovebase.lua
6646A96C2F7CA6F1,ui/generated/widgets/genericwidgets/splitbackerleft.lua
664D95368FA70B9F,ui/generated/widgets/attachmentslotcontainer.lua
665B368F166AA402,ui/generated/widgets/fieldupgrademeterround.lua
665D8A4CC86F7426,ui/generated/widgets/frontend/seasonalevent/seasonaleventeventpluspurchasepopup.lua
665F2D8CDC3A14D5,ui/generated/widgets/frontend/seasonalevent/seasonaleventcurrencyoverview.lua
66636BF4D4682BCD,ui/generated/widgets/options/genericinnerbutton.lua
66658AE35095302B,ui/generated/widgets/ingame/reticles/rex/ret_rex_minired_pi_03.lua
666D04EE92521C17,ui/generated/widgets/frontend/mp/playlist/playlistfilterbutton.lua
666D4D4BD94EEFED,ui/generated/widgets/ingame/mp/rex/matchstatustimer.lua
666FAEB301BE846C,ui/generated/menus/frontend/mp/customgamewaitmenu.lua
6677D4AD8FAC7BBF,ui/generated/widgets/frontend/lobby/lobbyplayerlistteammember.lua
667A040FEB215BB8,ui/generated/requires/frontend.lua
667FF3F2C33CA62F,ui/generated/menus/frontend/mp/leagueplay/lpplaylistdetails.lua
6680D1512633F06D,ui/generated/widgets/frontend/lobby/warzoneprivatematchinspectlobby.lua
6683B4486EA657CC,ui/generated/widgets/frontend/mp/outbreak/obselectedmissioncontainerforact.lua
668B82409D5A48E0,ui/generated/widgets/ingame/reticles/reticle01.lua
6695E5BCEA3AAC24,ui/generated/widgets/frontend/aar/aarxpbreakdown.lua
66966CE428F2E761,ui/generated/widgets/psogamemodestate.lua
669AC5DE22FFD44B,ui/generated/menus/frontend/codaccount/rex/accountinfoconfirmationpopup.lua
66A63C40372A0EF9,ui/generated/widgets/frontend/career/careerhubcustomizepreviewentry.lua
66AA859BC627B838,ui/generated/widgets/ingame/mp/splashscrollinglinesbacker.lua
66B20C675A72705F,ui/generated/widgets/options/rex/colorpickergrid.lua
66B4F1437F6D8ABB,ui/generated/widgets/frontend/barracks/progressionunlockrank.lua
66B529FF948327A0,ui/ingamekillstreakdatasources.lua
66B92881360031B9,ui/generated/widgets/brhealthequipment.lua
66BA70B4CA7DE636,ui/generated/widgets/ingame/reticles/reticledmscopevz01_darkritual_focuschild.lua
66BAF4798C3E4D18,ui/generated/widgets/frontend/barracks/barrackschallengedetails.lua
66BBEC56C4E58EF6,ui/generated/widgets/frontend/social/socialnotificationcounter.lua
66C02FBFDF09DAFE,ui/generated/widgets/frontend/social/socialprofilecardsmallbase.lua
66C306A1BE7B64FF,ui/generated/widgets/glowrevealprogressbar.lua
66C69B22E43EA5A2,ui/generated/widgets/options/calibrationswatch.lua
66D1FC4A93FB8570,ui/generated/widgets/frontend/aar/jup/aarxpunlockprogression.lua
66D81A0BE528AA8A,ui/generated/widgets/simplebuttonhintlist.lua
66DD7003C026481B,ui/generated/widgets/ingame/actionradialmenu.lua
66E569C92FFEC2C6,ui/generated/widgets/connectionmeter.lua
66EA3432649825ED,ui/generated/widgets/ingame/radialmenu.lua
66ED0DD451499C92,ui/generated/widgets/frontend/challenges/weeklychallengesweeklyrewardpanel.lua
66F33E197CAAEA2B,ui/utils/attachmentutils.lua
66F5D879F207E829,ui/generated/widgets/ingame/reticles/reticlefourx04vday.lua
66F8A687998EB7EA,ui/generated/widgets/frontend/mp/backpack.lua
66F9D17FFC324162,ui/generated/widgets/infiltrationmodewrapper.lua
67166F104176B95B,ui/generated/widgets/frontend/mp/outbreak/zombiesselectedmissionobjective.lua
67169C8B14E896E2,ui/generated/menus/frontend/webview/eulawebpopup.lua
6718524845DE99B5,ui/generated/menus/frontend/mp/partymatchmakinglobby.lua
671DC2826EF922B7,ui/generated/widgets/ingame/reticles/ret_cer_loot_s35redact.lua
672365BE0D5D315D,ui/generated/widgets/buttons/listitemfocusglow.lua
67263C8665F9A596,ui/generated/widgets/frontend/weapons/perkpackage/perkbuttonmedium.lua
672A1A6E7D60DBF3,ui/generated/menus/betadlcmissingpopup.lua
672BB93AB28B8C3D,ui/generated/widgets/frontend/weapons/loadout/loadoutitemfieldupgradebuttonbase.lua
672BBA9E6DFF093F,ui/generated/widgets/frontend/equippedwidget.lua
672BBF90233D8CDA,ui/generated/widgets/frontend/mp/outbreak/acquisitionstashdescription.lua
672D9A027E626B6E,ui/generated/widgets/rex/mousecursorcontextualmenu.lua
67320C62BFE8CF67,ui/visibilityconditions.lua
6742D9AE73285041,ui/generated/widgets/ingame/mp/br/ftuetipinfoprogressbar.lua
67434E31878DDE85,ui/generated/widgets/frontend/mp/leagueplay/lpseasonendflowreward.lua
67470A7C94A58DA9,ui/generated/widgets/genericwidgets/splitbackerrightdarker.lua
6747609AB823976F,ui/generated/widgets/ingame/zm/scoreboard/zmscoreboardgrid.lua
674CA6483E00BD97,ui/generated/widgets/options/rex/generickeybindinnerbutton.lua
674E710465BDC943,ui/generated/widgets/weaponperformanceentry.lua
676593C8E226BFE6,ui/generated/widgets/modeselectmenuquitbutton.lua
6768AE8D9FB689C1,ui/generated/widgets/ingame/mp/medcratetimer.lua
6769450F23CD3AE5,ui/generated/widgets/ingame/mp/scorestreaks/gunship/gunshipreticleinactive.lua
676C3C15D9CDB8ED,ui/generated/widgets/frontend/mp/cas/blueprintbutton.lua
6772002386B0E456,ui/generated/widgets/wzm/settings/mobilesettingsbackbutton.lua
6777D490C7DD85C9,ui/ingame/apacheoverlay.lua
6779A95787444BF5,ui/generated/widgets/frontend/lobby/arenapickupminimap.lua
677BA2D456D95D0D,ui/generated/widgets/frontend/pagedbattlepass/pagedbattlepasstiertoggle.lua
677D539CFFA828CB,ui/generated/widgets/ingame/mp/infiltrationcountdown.lua
678275810249D6FF,ui/generated/menus/frontend/sp/spsaveslotsmenu.lua
678D5ABFB54D0E3D,ui/generated/menus/frontend/gameuninstallpopup.lua
6791DFBC8167251D,ui/generated/widgets/frontend/combatrecord/combatrecordtopweaponsbutton.lua
67994F9C0694BBAF,ui/generated/widgets/genericbuttonwithcolorpreview.lua
679D9F5D9175AD3C,ui/generated/widgets/frontend/jupdepot/jupbattlepasspopupwindow.lua
679FE281604E9812,ui/generated/widgets/options/settingeffectslayout.lua
67A0DE3201325032,ui/generated/widgets/frontend/depot/purchasebundlebutton.lua
67A5C1302BB72DDE,ui/generated/menus/store/storeblackcellitemnotincludedpopup.lua
67A8B9D253D24090,ui/generated/widgets/ingame/reticles/rex/ret_rex_holo_03_alt_04.lua
67ADB07369C1C0BE,ui/generated/widgets/frontend/mp/cas/camocategorybutton.lua
67AF786837AE040D,ui/generated/widgets/frontend/depot/lootitemimage.lua
67B2CF878464043B,ui/generated/widgets/ingame/mp/equippedperkssplashicon.lua
67B3738C7A65BE11,ui/generated/widgets/frontend/depot/item2x2square.lua
67B605DCA75C0964,ui/generated/widgets/sp/spparkglitchhangul.lua
67B6A1DC11F88368,ui/generated/widgets/frontend/weapons/loadout/loadoutitembutton_flc.lua
67B6D1A68DA01FDB,ui/generated/menus/frontend/seasonalevent/rex/seasonaleventcinematicpopup.lua
67B71507FFDD51AE,ui/generated/widgets/ingame/reticles/ret_sat_med_07_mp.lua
67BD7DD49886BF7E,ui/generated/widgets/ingame/reticles/ret_sat_short_10_zm.lua
67BF806EACEDB90B,ui/generated/widgets/ingame/mp/scorestreaks/gunship/gunshipdamagecrackoverlay.lua
67C2C1CFB8934249,ui/generated/widgets/ingame/reticles/reticle24.lua
67C47A2AFC1AE238,ui/generated/widgets/ingame/reticles/ret_cer_loot_s2ghillie_alt.lua
67D2A043DD1989E6,ui/generated/widgets/ingame/reticles/reticledmscopevz03centerzoomthor.lua
67D6D9AF492B828F,ui/utils/exgmutils.lua
67D7264549160B58,ui/generated/widgets/frontend/store/storecategoryheaderrow.lua
67D861A78BDF543E,ui/generated/menus/options/boothdrblackpoint.lua
67D8F1B348C62260,ui/generated/widgets/frontend/depot/purchasecppopupheader.lua
67D9ABAB52792D03,ui/generated/widgets/ingame/reticles/reticleholo04.lua
67DB395CD795FF2F,ui/generated/widgets/frontend/hqmainmenu.lua
67E9A3E9F41F3B22,ui/generated/menus/cinematicfullscreen.lua
67F11B62B8C7A411,ui/generated/widgets/ingame/squadhud/squadmemberhealthstateicon.lua
67F9AEB4E9BD174B,ui/generated/widgets/ingame/compassdegree.lua
67FA7D5219E683BE,ui/generated/widgets/ingame/mp/scorestreaks/gunship/gunshipreticle25mmwrapper.lua
67FBD17DF7219762,ui/generated/widgets/rex/globalpaneloptions.lua
67FC284D10EA6E03,ui/generated/widgets/mp/rex/mpscoreboardteamscore.lua
67FED364CBE996F0,ui/generated/widgets/frontend/jupbattlemap/jupbpbundlepurchaseblade.lua
680171F8218CABA3,ui/generated/widgets/frontend/mp/itemslot.lua
68044B77979B9F3E,ui/generated/widgets/frontend/mp/cas/itempreviewvideowindow.lua
680D024556025801,ui/generated/widgets/ingame/mp/teamstatuscontainer.lua
6815666CE6CD03C4,ui/generated/widgets/leagueplay/lobbymapvetoresultoverlay.lua
682008ABB3B2CC3D,ui/generated/widgets/frontend/lobby/ltminforestrictions.lua
6823AE476FCB2185,ui/generated/widgets/frontend/seasonalevent/seasonaleventsrewardcardhighlightbacker.lua
6824C180C58EF9B6,ui/generated/menus/frontend/gamemenu.lua
682D5C1964833274,ui/generated/menus/frontend/mp/pmc/pmcreplacepopup.lua
68305B19EB05923B,ui/generated/widgets/ingame/mp/fieldupgrades/rex/tacinsertspawn.lua
6835DC256EB085EA,ui/generated/widgets/frontend/cac/worldblurcacbacker.lua
68376141F06049BD,ui/generated/widgets/frontend/spidergraph.lua
683EE97EE9D623FE,ui/generated/widgets/ingame/mp/obituary/rex/obituarykillsub.lua
683F4D46A877FDB6,ui/generated/widgets/frontend/weapons/loadout/loadoutitemweaponbutton_wz2.lua
6843E7EC7B35BDF9,ui/generated/widgets/frontend/leaderboard/leaderboardrankfield.lua
68446F373C8BFBE3,ui/generated/widgets/ingame/reticles/reticle08.lua
6849102F6F908EE5,ui/generated/widgets/frontend/mp/cas/killstreakcost.lua
684E1836BCADA493,ui/generated/widgets/options/vconsteps.lua
684F9C9C635FF6AA,ui/generated/widgets/frontend/seasonalevent/seasonaleventsmenucontentcomingsoon.lua
685061FF464281B6,ui/utils/mp/strongholdutils.lua
685097D900B5B995,ui/generated/widgets/frontend/depot/battlepasstierprogression.lua
68509FBE1E413E95,ui/generated/widgets/ingame/reticles/ret_cer_loot_transparent_alt.lua
685988104C05E3CF,ui/generated/widgets/frontend/modeplaylistbutton.lua
685A53F56AB61D59,ui/generated/widgets/frontend/rex/warzonepremiumupselltab.lua
685D07D17C6E8678,ui/generated/widgets/options/colorblindswatch.lua
685DA5302440A0D4,ui/generated/widgets/frontend/mp/systemlinkplaymenu.lua
6861992095F2DAE1,ui/generated/widgets/leagueplay/lptop250leaderboardplayerinfo.lua
686869B9EBD99093,ui/generated/widgets/ingame/mp/rex/playermicdisplay.lua
687212601B31E0B5,ui/generated/widgets/ingame/reticles/ret_cer_loot_s3brush.lua
6879DFFA6A12AAFA,ui/generated/luicommands/luicommands.lua
68825EEF0E5A6C98,ui/generated/widgets/brzombiesyringe.lua
688A5E25BE1730DE,ui/generated/widgets/ingame/mp/gold/goldrushdockedinventorystashcount.lua
688AE9C00BCF4EBF,ui/generated/widgets/store/storebundletagcontainer.lua
689636C0A2028CCB,ui/generated/widgets/frontend/mp/dmz/dmzonsoldieritem.lua
6899B852F16593EB,ui/generated/widgets/ingame/benchmarkprogresstile.lua
689AF584C0BAE2B5,ui/generated/widgets/frontend/jupbattlemap/jupbpsectortag.lua
689B100BBDB01E02,ui/utils/mainmenuutils.lua
689C0F5CA1D01016,ui/generated/widgets/ingame/reticles/reticleholorange01pstl.lua
689C24AC124D1300,ui/generated/widgets/frontend/barracks/barrackschallengecard.lua
68A0C5D8C8E7FB93,ui/generated/widgets/frontend/customize/customizesortingpopup.lua
68A29B97A4A93211,ui/eventcatcher.lua
68A35137F5A02346,ui/generated/widgets/frontend/aar/aarbattlepassprogressbar.lua
68A40354264D77C1,ui/generated/widgets/frontend/aar/aarbattlepassseasontag.lua
68AB113410A52141,ui/ingamempdatasources.lua
68B483B288A21820,ui/generated/widgets/frontend/hudcustomization/hudcustomizationthemestab.lua
68BF0FBEE610AD2F,ui/generated/widgets/globalpaneloffline.lua
68C238667FDFE729,ui/generated/menus/frontend/mybundleselect.lua
68C270B7D9AB9CF8,ui/generated/widgets/frontend/mp/playlist/playlistbuttonsmall.lua
68C6B5367FA1A6B8,ui/generated/widgets/frontend/mp/lobby/rex/lobbygamertagplayerlong.lua
68DC29E0022969AA,ui/generated/widgets/frontend/headquarters/clantagbutton.lua
68DD8DE16E2C8368,ui/generated/widgets/rex/notificationsettingsfiltertab.lua
68E0A0673BBCC869,ui/ingame/hints.lua
68E3BFB28CE44C65,ui/generated/widgets/frontend/armory/armoryloadoutdetails.lua
68E45884F6E4092C,ui/ingame/driverhudatvcontainer.lua
68E4CBAA52A969F7,ui/generated/widgets/frontend/mp/cas/gunsmith/gunsmithprogressionoverview.lua
68E8F6F99421B28B,ui/generated/widgets/dmzsquadfillbutton.lua
68EB75EEBB3EAD9A,ui/generated/widgets/buttons/rex/buttonhighlightinset.lua
68EB89B80E702686,ui/generated/widgets/customtitleorcolordetails.lua
68F487BC09040A5F,ui/generated/widgets/broadcasttextchatentry.lua
68F52680FA841737,ui/generated/widgets/cac/weaponresettimer.lua
68F847FBDA6602AC,ui/generated/widgets/dailychallengesplash.lua
68F97A8542701BF3,ui/generated/widgets/frontend/mp/leagueplay/lpdivisionrewarditem.lua
68FC3A2609BDAEF2,ui/generated/menus/frontend/codaccount/logoninterruptaccountdeactivatedscreen.lua
690863AAD504ABEB,ui/generated/menus/options/rex/editbuttonlayout.lua
690A1B72A024C9D7,ui/generated/widgets/genericwidgets/horizontalbuttonprompts.lua
690D073234F28A52,ui/generated/menus/frontend/mp/cas/loadouts/importweaponbuildpopup.lua
6912B0F5588C9E89,ui/generated/widgets/frontend/leaderboard/leaderboardheadertextfield.lua
6915011374EE1BE2,ui/generated/widgets/ingame/mp/spectatingloadingmessage.lua
691E3562D1478D51,ui/generated/widgets/frontend/mp/dmz/dmzbaselockedchallenge.lua
691F823047E01D58,ui/generated/widgets/frontend/seasonresetpopup.lua
6927F27D3F64E9F7,ui/generated/widgets/bannergradient.lua
69299D00FCD134B4,ui/generated/widgets/frontend/weapons/loadout/rex/loadoutitemequipmentbutton.lua
6932647973B180C3,ui/generated/widgets/frontend/lobby/rex/lobbyplaylistselectbutton.lua
6933EC954B8D59C6,ui/generated/menus/frontend/jupdepot/jupbattlepasspurchasepopup.lua
6938804E0B7F6D97,ui/generated/menus/frontend/mp/outbreak/obresetpopup.lua
693A34C44CF96042,ui/generated/widgets/frontend/pagedbattlepass/pagedbattlepasscelebrationmessage.lua
693F7537A163D904,ui/generated/widgets/benchmarkglobalresultsvalue.lua
694223B7367483AF,ui/generated/menus/frontend/webview/winbackmenu.lua
694A8518EB638039,ui/generated/menus/frontend/barracks/barracksrecordsbase.lua
694AA592AFD84D19,ui/generated/widgets/frontend/mp/dmz/dmzdogtaglevel.lua
694FF47828B2C348,ui/generated/widgets/infiltrationrolebutton.lua
69525B297A3AC67E,ui/generated/widgets/frontend/seasonalevent/seasonaleventsseasoncontenteventpanel.lua
695D8185C67ADC9B,ui/generated/widgets/ingame/reticles/ret_cer_loot_s3pink.lua
695DA259A3BA0513,ui/generated/widgets/frontend/fullmodaltabpopup.lua
69617D6E98F2ABE6,ui/generated/widgets/rex/xptokenflyoutnotification.lua
6963BA7A40CBC4D7,ui/generated/widgets/mp/rex/mpscoreboardheader.lua
696529D549A5EB1F,ui/generated/widgets/ingame/gunscreens/gunscreenrankedwins.lua
6966E89A3B763BF7,ui/esportsdatasources.lua
69684A2C2597410C,ui/generated/widgets/ingame/zm/menus/zmscoreboardmenu.lua
6969FF0910E41B73,ui/generated/luielems/ingame/mp/mobilitycourse/mobilitycoursedifficultyselectionmenu.lua
6971F4548C999004,ui/generated/widgets/ingame/reticles/pentagram.lua
6974049071892607,ui/generated/widgets/ingame/reticles/jupiter/jup_hybridtherm02.lua
697B2A20EC2CE517,ui/generated/widgets/loadingdots.lua
697E2F6E53E81A39,ui/generated/widgets/mp/cardgridmember.lua
69822FD3A32F2E91,ui/generated/menus/frontend/customize/rex/customizeselectmenu.lua
698459153079DD18,ui/generated/widgets/frontend/social/socialprofilemenu/socialshowcaseplayerdetailbutton.lua
69863A1FC6C09C58,ui/generated/widgets/scrollbar/scrollbar.lua
69880E7BFF1D2A73,ui/generated/widgets/ingame/mp/rex/killcounterbackground.lua
69881A23D4E0957D,ui/generated/widgets/cp/cpnewitemlabel.lua
698CDBB358B80E23,ui/generated/menus/frontend/barracks/commendationsmenu.lua
6994569F5F018F92,ui/generated/widgets/frontend/mp/outbreak/obselectedmissionobjectives.lua
69983B44BCD50773,ui/generated/menus/frontend/br/leagueplay/lpbrhowtoplaysroverview.lua
69999EA499046590,ui/generated/widgets/ingame/reticles/rex/ret_rex_reflex_02_alt_01.lua
699DE28CD378F9F5,ui/generated/widgets/ingame/mp/risk/riskobjectiveteamscores.lua
69A2FB925F4A4412,ui/generated/widgets/frontend/br/brplaymenu.lua
69A5991436519B1D,ui/generated/widgets/frontend/social/socialhubandfriendsactionbuttons.lua
69A67F06BFBF6BB8,ui/generated/widgets/frontend/pagedbattlepass/blackcell/blackcellskinrewardgroupchallengecontainerslim.lua
69A9B646CD8639E0,ui/generated/widgets/ingame/mp/rex/roundendmatchbonus.lua
69AB2AE85D9BC3C9,ui/generated/widgets/hudeditor/hudeditorvisuals.lua
69ADE7688F6F8FD2,ui/generated/widgets/ingame/reticles/rex/reticlecrosshairspread.lua
69B3796BEF716E2F,ui/generated/widgets/nondisbandingstatus.lua
69B7526EB31356B7,ui/utils/zmintelutils.lua
69B88F43179D0302,ui/generated/widgets/hudwidgetbacker.lua
69BB09FFBFB22D0A,ui/generated/widgets/ingame/rex/tutorialmessagebackground.lua
69C6D4D690EF65A3,ui/generated/widgets/buttons/mobilegenericbuttonbase.lua
69CE7EC8987628BF,ui/generated/widgets/frontend/mp/lobby/lobbywarzonetutorial.lua
69D8B856A281EDCD,ui/generated/widgets/ingame/cp/pausemenu/sopausemenubuttons.lua
69D90B691830FEFA,ui/frontend/splashscreens.lua
69DE1D8AD955253B,ui/generated/widgets/infiltrationroleitem.lua
69E25E725B03664C,ui/ingame/driverhudrhibcontainer.lua
69E8A15D21F91DF5,ui/generated/widgets/mp/rex/tacopsmap.lua
69EEB0C710F01BE6,ui/generated/widgets/frontend/mp/tournament/tournamentteampreview.lua
69EF7D2C2BD88870,ui/generated/menus/frontend/mp/leagueplay/lpcareermenu.lua
69F13C401B613261,ui/generated/widgets/frontend/mp/cas/weaponbuttongroup.lua
69F15629DDA728CF,ui/generated/widgets/frontend/mp/cas/gunsmith/jup/weaponstatswithdetails.lua
69F2ACD34F10EC24,ui/generated/widgets/frontend/dailyloginreward/dailyloginrewardlootimage.lua
69F44CACF51F5120,ui/generated/menus/frontend/sp/spdifficultyselectmenu.lua
69F788931FE8958B,ui/generated/widgets/rex/genericoptionbutton.lua
69FC6E57EC4DB61C,ui/generated/menus/frontend/mp/leagueplay/lpseasonendflowcontainer.lua
69FECAB429B5C799,ui/generated/widgets/debugchallenge.lua
6A00483E52AE9A89,ui/generated/widgets/frontend/pagedbattlepass/pagedbattlepasspageinspectioninternal.lua
6A058EE9B933FD39,ui/generated/widgets/trials/trialeventlistbutton.lua
6A0621F37F691565,ui/generated/widgets/frontend/aar/aarweaponunlock.lua
6A0659C289132172,ui/generated/widgets/frontend/aar/aardmzweaponblueprintprogression.lua
6A0801622C2482C0,ui/generated/widgets/trials/trialskinnyrewardtier.lua
6A19C94002E87E4C,ui/generated/widgets/frontend/lobby/lobbymatchmakinginfoitem.lua
6A1A601056F6D935,ui/generated/widgets/ingame/mp/vehicle/jeepdiagram.lua
6A1A99101EB118B0,ui/generated/widgets/playersurveypopupwindow.lua
6A1BD81BF8A2633E,ui/generated/widgets/ftue/ftuehintsection.lua
6A1F4691C0CC0509,ui/generated/widgets/frontend/pagedbattlepass/rex/pagedbattlepasspageinspectioninternal.lua
6A2862348F2A6F70,ui/generated/widgets/ingame/reticles/ret_sat_loot_quad.lua
6A28F8DBBCF93F22,ui/generated/widgets/ingame/cp/aar/cpaartimeinfo.lua
6A2DF04F0D267C98,ui/generated/widgets/frontend/mp/dmz/dmztraitsmallnode.lua
6A30A875ABBFADD7,ui/generated/widgets/rex/trainingcoursetutoriallistitem.lua
6A3BADCC505FAB64,ui/generated/widgets/panelcontainer.lua
6A416B3BD2B08756,ui/generated/widgets/ingame/mp/vehicle/vehiclebatterymetersegmented.lua
6A426332110D746F,ui/generated/widgets/frontend/seasonalevent/lobby/seasonaleventlobbycommonpanel.lua
6A4625B0D98664D5,ui/generated/widgets/frontend/combatrecord/combatrecordfetchstatus.lua
6A4A2A0DC7AF33E8,ui/generated/widgets/ingame/reticles/rex/ret_rex_shscope_01_alt.lua
6A4D84A5CED60CF1,ui/generated/menus/frontend/gifting/giftingmenu.lua
6A4E3E308B6503EB,ui/generated/widgets/frontend/rex/matchmakingstatusminimal.lua
6A5817F792B49AB3,ui/generated/widgets/ingame/reticles/ret_cer_short_08_wz.lua
6A5E40664223849C,ui/generated/widgets/ingame/mp/scorefeed/scorefeedentry.lua
6A614C116F29EAF1,ui/utils/fencelanguageinstall.lua
6A67323594E157E3,ui/generated/widgets/gunsmithradialcategorynode.lua
6A6740B71B93C105,ui/generated/widgets/frontend/codhq/codhome.lua
6A6D155D64E2D06E,ui/generated/widgets/tooltipdescriptionwidget.lua
6A6E626D90CA7B72,ui/generated/widgets/checkboxthreestates.lua
6A7A551494301BE6,ui/generated/widgets/ingame/mp/rex/fieldupgrademeter.lua
6A7F50B253D8E9D8,ui/generated/widgets/ingame/mp/javelincrosshair.lua
6A83E03DB109A3E0,ui/generated/widgets/ingame/reticles/ret_cer_loot_pmorte.lua
6A97AAA0CC0D33F8,ui/generated/widgets/ingame/reticles/reticleholo05.lua
6A9C348B743857CC,ui/generated/widgets/frontend/mp/leagueplay/lpseasonendflowdivisionreset.lua
6A9C5A9355B8750C,ui/generated/widgets/genericitembonus.lua
6AA15BB9494A88FB,ui/luibuttondrag.lua
6AAC5A7A793CFECA,ui/generated/menus/frontend/customize/rex/callingcardshowcaseselect.lua
6AB9E81D68B537AA,ui/generated/widgets/ingame/alttacstancetypeicons.lua
6ABC202AD1A4A628,ui/generated/widgets/ingame/reticles/rex/reticlecrosshairbase.lua
6ABDB1B4CA1EF91C,ui/generated/widgets/frontend/mp/leagueplay/lpdivisionrewardscontainerthreeslot.lua
6ABDC637DF33E510,ui/generated/widgets/frontend/mp/lobby/warzoneprivatematchsquadteammember.lua
6AC00EE595B683D4,ui/generated/widgets/frontend/codcaster/codcasterteamidentityinformation.lua
6AC195DEBD496447,ui/generated/widgets/generickillstreakhealthmeter.lua
6AC1FC715AAEFEDA,ui/LUIStartup.lua
6AC4905CC6941DC2,ui/generated/menus/options/optionslayoutbase.lua
6AC4D24ACA5C4B9F,ui/generated/widgets/ingame/reticles/rex/ret_rex_snscope_hybrid_01.lua
6AC5FD02E5D31C5F,ui/generated/widgets/ingame/taccamparked.lua
6AC666A74AD17378,ui/generated/widgets/playlistmapoverview.lua
6ACD5FCF36CD10AE,ui/generated/widgets/frontend/weapons/loadout/loadoutslotacquiredcheckbox_flc.lua
6ACEA6D931A53EC7,ui/generated/widgets/genericwidgets/splitbackertop.lua
6AD10A73D2772363,ui/generated/widgets/frontend/pagedbattlepass/pagedbattlepasshvtcalloutwidget.lua
6AD4458B8DFD6229,ui/generated/widgets/ingame/hitmarkerhardobjectstackablecontainer.lua
6AD9F24952A33064,ui/generated/widgets/store/storebundlebutton.lua
6ADF9E870CD256F5,ui/generated/widgets/calloutsplashicon.lua
6AF10B1B5F624522,ui/generated/widgets/cp/sorewardstarssmall.lua
6AFBAAF44518CD3C,ui/generated/widgets/ingame/mp/fieldupgradetick.lua
6B00693000D5168E,ui/generated/widgets/frontend/battlemapv2/bpbootupdetails.lua
6B0144D9F58455F3,ui/generated/widgets/scrollbar/rex/arrowright.lua
6B036E2CB621B5D8,ui/generated/widgets/ingame/reticles/reticle09.lua
6B0416D7C0362D7A,ui/toastnotificationmanager.lua
6B06F9F3822FCE0A,ui/generated/widgets/premiumupsellbuttonlarge.lua
6B0830CD8A7DBA1B,ui/generated/menus/creditsmenu.lua
6B09229374461F68,ui/generated/widgets/ingame/reticles/ret_sat_orca_campaign.lua
6B0EBC1C761C5075,ui/generated/widgets/ingame/mp/cutthroat/cutthroatmatchstatesplash.lua
6B0F8D4DCC06B80B,ui/generated/widgets/ingame/mp/br/brhudplayerstatusiconrespawn.lua
6B104D41B3B75AF2,ui/generated/widgets/frontend/mp/playmenu/secondarymenutab.lua
6B135C4F99125259,ui/generated/widgets/mp/rex/mptacticalmap.lua
6B1869AC17AFFB59,ui/utils/cplobbyutils.lua
6B18BC76BFDE89C5,ui/generated/widgets/frontend/seasonalevent/seasonaleventsmenucontenttemplatecommunitymission.lua
6B19044FD448CB18,ui/generated/widgets/fieldupgradeready.lua
6B1A2B2BE216C30D,ui/luidebuglayer.lua
6B1A3349DA11531E,ui/generated/widgets/frontend/mp/tournament/tournamentfullbracket.lua
6B1BA9EFD18C3316,ui/generated/widgets/store/storefilterweaponbutton.lua
6B2587BE3C3493AF,ui/generated/widgets/ingame/reticles/ret_cer_long_02_wz_rangefinder.lua
6B265609C5BB64EC,ui/generated/widgets/rex/detailedweaponstats.lua
6B278C92D79FC7C2,ui/generated/widgets/frontend/jupaar/jupaarbattlepassprogressbarplayhead.lua
6B2D1A6103A1F6DE,ui/generated/widgets/frontend/worldmap/missionprogress.lua
6B2E687B2C7CC80D,ui/generated/menus/store/storesubpagemenu.lua
6B32C35B8BAB253B,ui/generated/menus/frontend/social/socialprofilemenu/socialshowcaseweaponselect.lua
6B36F8F73C97408C,ui/generated/menus/frontend/depot/futuretitleupsellpopup.lua
6B396CD1D1FC2941,ui/generated/widgets/frontend/mp/outbreak/obloadoutmanagementinternal.lua
6B3D8EBAF4D110D6,ui/generated/widgets/frontend/replacementweaponwidget.lua
6B412CBEC154DDAD,ui/utils/friendslistutils.lua
6B468A470A309A1B,ui/generated/widgets/ingame/reticles/ret_cer_loot_s2wizard_alt.lua
6B47863735ED1BD7,ui/generated/widgets/ingame/hitmarkerquad.lua
6B48DED257BC0C3D,ui/generated/widgets/ingame/reticles/rex/ret_rex_reflex_01_alt_03.lua
6B58A3892928D32D,ui/generated/widgets/bindingpreviewtext.lua
6B59D5516EB1C188,ui/generated/widgets/frontend/mp/rex/missioninfopanel.lua
6B5DBC91920F58CD,ui/generated/widgets/ingame/hudobjectivewidget.lua
6B5F2BFD80006368,ui/generated/menus/frontend/jupdepot/jupbattlepassfullscreenpopup.lua
6B5F5488107E2790,ui/generated/widgets/ingame/weaponaltinstruction.lua
6B60E79C7421A7C8,ui/generated/widgets/frontend/jupbattlemap/jupbpmapmetadata.lua
6B66A5F3ECDFAFE5,ui/ingame/mp/guntableoverlay.lua
6B72BD61E50C2923,ui/generated/widgets/frontend/pagedbattlepass/pagedbattlepasstiercelebration.lua
6B773DBAE24B6865,ui/generated/widgets/frontend/armory/armoryclasswidget.lua
6B792784535DAF27,ui/generated/widgets/playlistdetailslabel.lua
6B7A78621B1A066F,ui/generated/widgets/ingame/reticles/ret_cer_loot_s4infrared.lua
6B7AB517CBCFD01D,ui/generated/widgets/squadmemberinfodeathline.lua
6B7B5CF460B25B66,ui/generated/widgets/frontend/sp/spcinematicselect.lua
6B7D486C1E3EDA3D,ui/generated/widgets/ingame/mp/br/menumapfloatingprompt.lua
6B801921995ACEED,ui/generated/widgets/frontend/challenges/genericmenuheaderwithtimer.lua
6B8A58B62A2A9554,ui/generated/widgets/tabbutton.lua
6B8F6597E2D1DA7A,ui/generated/widgets/frontend/mp/leagueplay/lphowtoplayrestrictedicons.lua
6B932C29254851C1,ui/generated/widgets/frontend/mp/cas/gunsmith/gunsmithbutton.lua
6B9575535E6B3A5B,ui/generated/widgets/rex/toastnotification.lua
6B99184A1FCDB465,ui/generated/menus/frontend/mp/dmz/dmzinventorymenu.lua
6B9918A911C6BB67,ui/generated/menus/frontend/cpwelcomemenu.lua
6BAA4FD47C53AEA2,ui/generated/widgets/frontend/mp/cas/gunsmith/nextunlockitem.lua
6BAD12148B55B15E,ui/generated/widgets/ingame/reticles/lightyellowdot.lua
6BADD17D18441158,ui/generated/widgets/genericsliderwitheditbox.lua
6BAE675BD248E813,ui/generated/widgets/frontend/social/socialprofilemenu/socialprofiledetailstab.lua
6BAEF4B5FB6EBD66,ui/generated/widgets/ingame/reticles/reticleshscope02.lua
6BAF55F86A9D1C9E,ui/generated/widgets/frontend/weapons/loadout/rex/loadoutheaderlist.lua
6BB0BAB7DB18F417,ui/generated/widgets/frontend/gamemenuwidget.lua
6BB108F206477913,ui/generated/widgets/ingame/replayplayerselect.lua
6BB60C4595256F3F,ui/generated/widgets/frontend/seasonalevent/seasonaleventsseasoncontenteventpanelvisuals.lua
6BB6E76081591CFA,ui/generated/widgets/gunfighterunavailableprompt.lua
6BB762371314E2C6,ui/generated/widgets/frontend/mp/cas/loadoutoptionspopup.lua
6BBEBB6A9497138F,ui/generated/widgets/genericdropdown.lua
6BCA11123D17992C,ui/generated/widgets/ingame/mp/esportspausenotification.lua
6BCAEAD2F17EA604,ui/generated/widgets/ingame/mp/mplowermessage.lua
6BCE2483AD755C3A,ui/generated/widgets/frontend/seasonalevent/seasonaleventseventpanelleaderboardoverlayvisuals.lua
6BD85B2BD4A99B65,ui/generated/widgets/ingame/mp/scorestreaks/gunship/rex/gunshipflares.lua
6BDE8027717F0FA0,ui/generated/widgets/srchallengecontainer.lua
6BDEED8E37757C13,ui/generated/widgets/ingame/mp/br/wzscoreboardrow.lua
6BDFDB9DB0FE68DE,ui/generated/widgets/frontend/mp/cas/gunsmith/attachmentpip.lua
6BE421169CCD56C0,ui/generated/widgets/ingame/remoteturretparked.lua
6BE9D48662F407D8,ui/generated/widgets/frontend/depot/rarityodds.lua
6BEB92B21F3DDD89,ui/generated/widgets/frontend/seasonalevent/seasonaleventsfeaturedbonusbanner.lua
6BEDAE4BFD73E3B3,ui/generated/widgets/ingame/reticles/ret_cer_med_08_zm.lua
6BEE23D1DED841E2,ui/generated/widgets/dmz/collapsedviewtaskwidget.lua
6BF296CB53D2BE82,ui/generated/widgets/decoyparked.lua
6BF8025F612A709F,ui/utils/tabutils.lua
6BFA98C21E928B0B,ui/generated/widgets/frontend/jupbattlemap/jupbattlepasshelppopuptile.lua
6BFB88907AF87D74,ui/luiblur.lua
6BFF548892EA2828,ui/generated/widgets/frontend/seasonalevent/seasonaleventquickplayselectionbutton.lua
6BFF9EA83638F18E,ui/generated/widgets/ingame/mp/genericsplashcontrolhintalt.lua
6C0C0CC9D1655661,ui/generated/widgets/mp/combatdetails.lua
6C1172B2AD366F06,ui/generated/widgets/frontend/operator/operatorselectprompts.lua
6C1179E657DFC236,ui/generated/widgets/cac/killstreakcostbanner.lua
6C1540BB6A9DDF38,ui/generated/widgets/benchmarksummary.lua
6C197ACB342D905A,ui/generated/widgets/frontend/seasonalevent/seasonaleventsseasoncontentinfopanel.lua
6C1B574A1C541420,ui/generated/widgets/frontend/social/socialprofilemenu/socialprofileplayerlistitem.lua
6C1B7613103E2143,ui/generated/widgets/trials/trialskinnydetails.lua
6C1E1182F3E6A87D,ui/generated/widgets/frontend/weapons/jup/gunsmithweapondetails.lua
6C1F6730955B1FBA,ui/generated/widgets/ingame/reticles/findiaammocounterscreen.lua
6C1FFE49D5F7BFF5,ui/generated/widgets/frontend/lobby/ltminfomaps.lua
6C256060730F91B6,ui/generated/widgets/buttons/buttonhighlightvisiblefocusseparator.lua
6C286F6E5222B2D6,ui/generated/widgets/store/storesecondaryfilterpanel.lua
6C28A89A364F5B7A,ui/generated/widgets/ingame/mp/matchstatusplayersrow.lua
6C33904045860400,ui/generated/widgets/ingame/reticles/rex/ret_rex_snscope_cust_03_grn.lua
6C35A6FA7C815B31,ui/generated/widgets/ingame/reticles/iw9/reticlemrad.lua
6C3808181C0F6CA2,ui/generated/widgets/ingame/reticles/ret_sat_long_05_wc_therm.lua
6C423C7690DB3324,ui/generated/widgets/ingame/reticles/rex/ret_rex_fourx_therm_01.lua
6C42AB76F5BBFE1F,ui/ingame/sp/spsilodroneoverlay.lua
6C4E3888D49D9D8A,ui/generated/widgets/frontend/seasonalevent/rex/seasonaleventsmasteryrewardcardinfooverlay.lua
6C576A3B19165140,ui/generated/widgets/frontend/seasonalevent/season_5/seasonaleventreveals5aar.lua
6C5AFCE971A652FE,ui/generated/widgets/lockcountdowntimer.lua
6C5B2D254F641CBE,ui/generated/widgets/frontend/barracks/pastgamesoverview.lua
6C6D55D874127D1B,ui/generated/widgets/frontend/career/careeritemstatusindicator.lua
6C6F3C841D8E2E1F,ui/utils/dailyloginrewardutils.lua
6C73CA60DFED6146,ui/utils/onboardingdata.lua
6C74262E5A62C81F,ui/generated/widgets/ingame/reticles/ret_cer_loot_bong_rangefinder.lua
6C7744B76238EBEB,ui/generated/widgets/frontend/mp/playmenu/playmenukeyart.lua
6C782EF210A92722,ui/utils/fencesignin.lua
6C7B9694017E1E56,ui/generated/widgets/frontend/pagedbattlepass/pagedbattlepassmenu.lua
6C7D737DDEB873A8,ui/generated/widgets/ingame/reticles/ret_cer_long_01_wz_rangefinder.lua
6C866A7F7FEEC6AB,ui/generated/widgets/challengeheader.lua
6C8A3CB4776D3674,ui/generated/widgets/frontend/dmzpersistentoperatoritemburdenconfirmationprompt.lua
6C8A89D8CD0E1320,ui/generated/widgets/ingame/reticles/rex/ret_rex_minired_pi_02.lua
6C8ED29B9E6EFC9B,ui/generated/widgets/ingame/mp/rex/matchstatusscorebar.lua
6C902AF855DA2DB6,ui/generated/widgets/favoriteandsort.lua
6C9BAD92907AC60A,ui/generated/widgets/ingame/reticles/ret_cer_loot_s2bp8.lua
6CA4B2F4479576A4,ui/generated/widgets/frontend/aar/rex/aarweaponunlockprogression.lua
6CA6F3EBBA9E5EFF,ui/widgets/sliderwitheditboxlogic.lua
6CA8E7A650BD8042,ui/generated/widgets/leagueplay/lppartialrestrictionwarning.lua
6CAA46A62CACF719,ui/generated/widgets/frontend/mp/theater/rex/theaterclipbutton.lua
6CAB1ECB5432BA17,ui/generated/widgets/trials/trialrewardmedalslarge.lua
6CADB93FF503BABF,ui/generated/widgets/frontend/seasonalevent/seasonaleventsquickplaybutton.lua
6CB2F68645B7019C,ui/generated/widgets/mp/combatdetailswrapper.lua
6CBE036258F406ED,ui/generated/widgets/store/storegamepasstag.lua
6CC57F75B1896656,ui/generated/widgets/cruisepackagereticle.lua
6CC782850637B07E,ui/generated/widgets/ingame/mp/payback/paybackmatchstatusfriendlyteamcash.lua
6CC7EC4FEE444674,ui/generated/widgets/ingame/reticles/ret_cer_loot_deadop_alt.lua
6CC9236D0BBBD688,ui/generated/menus/frontend/mp/warzoneprivatematchlobbychangerolemenu.lua
6CD37DA6A449ACA2,ui/generated/widgets/trials/trialeventleaderboardline.lua
6CD557BCA971E7DB,ui/generated/widgets/rex/genericbuttonwithvalue.lua
6CD6C89E435838D5,ui/generated/widgets/ingame/reticles/reticle22hybrid.lua
6CDABF7B3689B18D,ui/generated/widgets/frontend/social/channels/textchat/channeltextchatentry.lua
6CE0E93790316719,ui/generated/widgets/frontend/seasonalevent/seasonaleventsprogressamount.lua
6CE1257E4D16BA2B,ui/generated/widgets/frontend/challenges/weeklychallengesseasonalrewarddetails.lua
6CE6289AA26D44C7,ui/generated/widgets/ingame/reticles/cryodot.lua
6CEE4E1511D9B967,ui/generated/widgets/buttons/buttonoperatorselect.lua
6CEFD0EA4D12DE0D,ui/generated/menus/frontend/br/brprivatematchcreationflow.lua
6CF66FB7FA216A3D,ui/generated/widgets/ingame/reticles/rex/ret_rex_snscope_cust_06.lua
6CF68F4EDC5423AF,ui/generated/menus/frontend/dmzpersistentoperatorselect.lua
6CF71C20F9CBA757,ui/generated/widgets/ingame/shared/rex/dynamicarmorsquaduserinfobase.lua
6CF7AA44C8AB0A41,ui/generated/widgets/frontend/customize/stickerbookmodedisplaycard.lua
6CFC18EB6816DF81,ui/generated/widgets/ingame/mp/spectating.lua
6CFC923CADA83D7C,ui/generated/widgets/ingame/mp/mpscoreboardrowscore.lua
6CFE9678B14EF037,ui/generated/menus/frontend/seasonalevent/seasonaleventcinematicpopup.lua
6D03FED2A8124D9F,ui/generated/widgets/scrollbar/verticalminimalscrollbar.lua
6D0BA6D235A845D8,ui/generated/widgets/frontend/vehicle/vehicleequippeditems.lua
6D0CFE7C898E1CB8,ui/generated/widgets/ingame/mp/trial/trialstatline.lua
6D10B16FEF5602D5,ui/generated/widgets/searchcategory.lua
6D1CE83DBC88010B,ui/generated/widgets/ingame/mp/vehicle/driverhudsedanhatchback.lua
6D1F8FCD6A5CD81C,ui/generated/widgets/loadoutrestrictionswarning.lua
6D2AEB24105F5086,ui/generated/widgets/frontend/seasonalevent/seasonaleventseventexclusivetag.lua
6D3218B7EE83CA0D,ui/generated/widgets/mainmenubladepromptbutton.lua
6D3361E2B1F79964,ui/generated/widgets/frontend/aar/aarsummarybattlepass.lua
6D36CDCB486FCD07,ui/generated/widgets/ingame/mp/scorestreaks/gunship/rex/gunshipreticle25mm.lua
6D384B1F5666AA0E,ui/ingameweapondatasources.lua
6D3E529973E36AE6,ui/generated/widgets/frontend/aar/aarchallengeprogressioncardwrapper.lua
6D48C4A786DD90BD,ui/generated/menus/frontend/magmadailypopup.lua
6D4FA942A5AB55E7,ui/generated/widgets/ingame/mp/genericsplashleftstackalt.lua
6D50FF963BD3817D,ui/brtransitionmanager.lua
6D52A0559CF31C3A,ui/generated/menus/frontend/customize/callingcardequipoptionspopupmenu.lua
6D547E206FE50AAC,luashared/cod.lua
6D5F397EB5A498F9,ui/generated/widgets/ingame/reticles/jup_snscope_hsierra.lua
6D610BE0437A5A88,ui/generated/widgets/rex/genericsliderwitheditbox.lua
6D658A8131DE6065,ui/generated/widgets/frontend/battlemapv2/bptoggle.lua
6D66E0B7EAE4DE33,ui/generated/widgets/frontend/seasonalevent/rex/seasonaleventsmenucontenttemplatetrophyhunt.lua
6D681E1F7E68FA82,ui/generated/widgets/frontend/mp/dmz/dmzkeybutton.lua
6D69ECFBD17AD7EF,ui/generated/widgets/frontend/lobby/lobbyplayerlistbottomspacerbutton.lua
6D72B3287D45C736,ui/generated/widgets/frontend/store/requiredcpamount.lua
6D772003113BBB8E,ui/utils/weaponbuildutils.lua
6D7842FC5F9C6320,ui/generated/widgets/ingame/reticles/rex/ret_rex_piscope_01.lua
6D7BBC4951FF9B1C,ui/generated/menus/frontend/storebundlepreview.lua
6D7D4E2881F21745,ui/generated/luielems/ingame/mp/squadvote/squadvote.lua
6D8ECEA5964C8E85,ui/generated/widgets/frontend/aar/aarrewardcontainer.lua
6D9B4E55DC6F368D,ui/generated/widgets/frontend/seasonalevent/rex/seasonaleventeventpluspurchasebuttonvisuals.lua
6D9B97DBF571E638,ui/ingame/driverhudt72tankcontainer.lua
6D9C68BFB20368CD,ui/generated/widgets/simplebuttontextrevealbacker.lua
6DADBB2E8DFC4B60,ui/generated/widgets/frontend/seasonalevent/seasonaleventmapchallengemap.lua
6DAF574E791D1F44,ui/utils/mp/brutils.lua
6DB0735BB2612B70,ui/generated/widgets/replaytimelinecontainer.lua
6DB6650E21F9792B,ui/generated/widgets/frontend/seasonalevent/seasonaleventsrewardcardrewardattributesoverlay.lua
6DBDCAE9E747453C,ui/generated/widgets/frontend/seasonalevent/aar/aarseasonaleventeventplusfocusedreward.lua
6DBE9D89BCCC1173,ui/generated/widgets/ingame/mp/risk/riskscorebar.lua
6DBF97C907A3E02F,ui/generated/widgets/ingame/reticles/greendot_muted.lua
6DC5A573EFCA1168,ui/generated/widgets/ingame/mp/vehicle/rex/vehiclewarningmissile.lua
6DD05C67774E3565,ui/utils/hudinpututils.lua
6DD81718A9F19C3C,ui/generated/widgets/rex/genericparentlessexpander.lua
6DD993C0097964E5,ui/generated/widgets/frontend/gifting/giftsentcelebrationlayout.lua
6DDD24E196B92C97,ui/generated/widgets/ingame/reticles/rex/ret_rex_holo_03_alt_01.lua
6DDF808A767EE113,ui/generated/widgets/frontend/vehicle/vehiclelootbutton.lua
6DDF817E245A1E06,ui/generated/widgets/centeredtextbutton.lua
6DEE2F80F4DFA010,ui/generated/menus/frontend/mp/cas/addnewloadoutmenubase.lua
6DF0D076747C5B24,ui/generated/widgets/frontend/customize/callingcardstandardtab.lua
6DF744C4FA09172B,ui/generated/widgets/wipeonbacker.lua
6DF7DDAEE37ECD45,ui/generated/menus/frontend/mp/aar/aarteamscoreboard.lua
6DF7FE039E5F8DF7,ui/generated/widgets/ingame/mp/killcam/rex/playofthegame.lua
6E07071D76C4C916,ui/generated/widgets/ingame/reticles/ret_cer_loot_cyberunicorn_alt.lua
6E0A349E88FF5799,ui/ingame/scopereticlespacer.lua
6E12FCA7A65DF60C,ui/generated/widgets/frontend/store/titleiditembutton.lua
6E13564073E5FC33,ui/generated/widgets/ingame/reticles/ret_rex_guide.lua
6E1386F05ECAE946,ui/generated/widgets/frontend/mp/warzoneprivatematchcreationpopupbuttons.lua
6E145109134FB2AD,ui/generated/widgets/frontend/lobby/lobbyplaylistbuttonprompt.lua
6E2B8C51B062740A,ui/generated/widgets/armoredtruckstatus.lua
6E2E916EB8800436,ui/generated/widgets/ingame/mp/scorestreaks/gunship/gunshipflareammo.lua
6E39115C9BE44874,ui/generated/widgets/ingame/mp/scorestreaks/gunship/gunshiptutorialcontrols.lua
6E3F3E09DD0D20A8,ui/generated/widgets/frontend/dailyloginreward/dailyloginrewardinternal.lua
6E3F4F4A4E09B414,ui/generated/requires/alwaysloaded.lua
6E41C385F0CE0B11,ui/generated/widgets/genericexpander.lua
6E4323CE1CDF7904,ui/generated/widgets/ingame/reticles/paranormalstaticteal.lua
6E4B4BD97EBA7D05,ui/generated/widgets/ingame/equipmentcontainercombined.lua
6E4CAFAC9EC52A18,ui/generated/widgets/ingame/mp/matchstatusobjectives.lua
6E512692BEB74D92,ui/generated/widgets/genericbuttonbackground.lua
6E516115B4024651,ui/generated/widgets/frontend/mp/playmenu/mapsincluded.lua
6E58290193C9AC06,ui/generated/widgets/frontend/social/socialplayeremblem.lua
6E5E3E16530F6257,ui/generated/widgets/ingame/reticles/reticlelaunchergrid.lua
6E62A982577314E4,ui/generated/widgets/bordergradientstretch.lua
6E63BE25C310C807,ui/generated/widgets/ingame/mp/br/ftuetipinfo.lua
6E67825F1B04E814,ui/generated/widgets/dmz/progressionnotificationswidget.lua
6E6D293497D71B8B,ui/generated/widgets/frontend/rex/equippedwidget.lua
6E6ED4CED4D195F9,ui/generated/widgets/ingame/notebookbasewidget.lua
6E70F57570C408AD,ui/generated/widgets/ingame/reticles/rex/ret_rex_reflex_cust_09_grn.lua
6E7999CBCE27D152,ui/generated/widgets/ingame/mp/cmd/cmdstatus.lua
6E7F79F245CC36D1,ui/generated/widgets/ingame/theaterhudoverlay.lua
6E82728BBEC011A1,ui/generated/widgets/ingame/mp/payback/paybackicon.lua
6E8AC99DA4760CA2,ui/generated/widgets/inventory/inventoryimagestreamer_rex.lua
6E8FC5381719F91C,ui/generated/widgets/frontend/jupdepot/jupbattlepassctabutton.lua
6E9164EE8E4F61A0,ui/generated/widgets/ingame/reticles/jupiter/jupreticleacogclassic.lua
6E929E0A23DA23CE,ui/generated/widgets/frontend/mp/cas/gunsmith/swapattachbutton.lua
6E992FF338E1ADC4,ui/generated/widgets/recentplayersfilterpopup.lua
6E9EB254A8168C18,ui/generated/widgets/campaigntimelinenode.lua
6EA11BF227025F44,ui/generated/widgets/footer/muteallicon.lua
6EA9296FBC7ECED8,ui/generated/widgets/frontend/mp/loadoutitemslots.lua
6EAA9FA0995B9B54,ui/generated/widgets/frontend/mp/roundedcornerbacker.lua
6EAE07E734DC1A20,ui/generated/widgets/frontend/dmzpersistentoperatorgearpip.lua
6EB6D2630ABEB0A8,ui/generated/widgets/ingame/mp/scorestreaks/mobileturret/mobileturretammo.lua
6EC27D19493A4997,ui/generated/widgets/cac/loadoutcontentswidget.lua
6EC5CF8CE820CB37,ui/generated/widgets/ingame/mp/vehicle/vehiclehealthbar.lua
6EC84F4F5CF99DEA,ui/generated/widgets/frontend/mp/loadoutitembuttonsmall.lua
6ECC53C97D61B124,ui/generated/widgets/mobilesocialicontab.lua
6ED76EB52569532A,ui/generated/widgets/ingame/mp/scorestreaks/apachescreenelements.lua
6ED77B5A5772EB82,ui/utils/mp/obspawns.lua
6ED833BD46FA7853,ui/generated/widgets/frontend/mp/playmenu/jup/playmenutitle.lua
6ED9843891E94B9D,ui/generated/widgets/frontend/unlockcriteria/unlockcriteriawidget.lua
6EDCBB8668B91C30,ui/generated/widgets/dmz/miabanner.lua
6EDD9E83196E5E42,ui/generated/widgets/frontend/unlockcriteria/criteriawidgets/unlockcriteriareceiverprogression.lua
6EE7E22E33342AF8,ui/generated/widgets/attachmentslot.lua
6EE826FAF85E28C3,ui/generated/widgets/ingame/mp/br/contracts/brchampionsquestobjectiveelementstatus.lua
6EEF0997A061957D,ui/generated/menus/frontend/vehicles/vehiclecamoselect.lua
6EF06618AB9F2772,ui/generated/menus/optionsmenuingamepreview.lua
6EF1E06EFB447237,ui/generated/widgets/ingame/mp/br/threatpipfilled.lua
6EF2C7DE402781DC,ui/generated/widgets/ingame/mp/br/braarscoreboard.lua
6EF66A5A0C10CE00,ui/generated/widgets/frontend/weapons/gunsmithprogressionbutton.lua
6EFA4BE502DF1892,ui/generated/widgets/globalpaneloptions.lua
6F05BE36703922FA,ui/generated/widgets/ingame/mp/onelifemodes/lifecounter.lua
6F0A1A347BD67F4B,ui/generated/menus/frontend/depot/battlepasstierspurchasepopup.lua
6F0B9B488B7FDB29,ui/generated/widgets/ingame/mp/rugby/rugbyjugginfohealth.lua
6F0CB33677CE6433,ui/generated/widgets/frontend/mp/lobby/lobbymapbutton.lua
6F0F5AD022FE25B9,ui/generated/widgets/ingame/mp/streakparkedcontainer.lua
6F0FC31D0329B504,ui/generated/widgets/koreanratingscontainer.lua
6F1012B429B152F3,ui/generated/widgets/genericwidgets/labeledimagebuttonwithprompts.lua
6F16E79CDDCF94E8,ui/generated/widgets/inventory/inventorybackpackbuttonshort.lua
6F1C722B95EB5A56,ui/utils/mp/fencefnf.lua
6F2407D0660F5BC5,ui/generated/widgets/ingame/gunscreens/gunscreentalkingcat.lua
6F30D7DB158B186A,ui/generated/widgets/frontend/cac/perks/perklistspacer.lua
6F342FBC7406119C,ui/generated/menus/frontend/groups/socialgroupselectmember.lua
6F3F7FA096C63F66,ui/generated/menus/frontend/mp/outbreak/obloadoutconfirmationmenu.lua
6F40252B01622035,ui/generated/widgets/frontend/challenges/stickerbookclassificationbutton.lua
6F428F3B6B5B643C,ui/generated/widgets/frontend/lobby/lobbyplaylistquickplaybutton.lua
6F440FC5B251C69F,ui/generated/widgets/ingame/mp/nukewarningsubheader.lua
6F4B882DEEE5D69A,ui/generated/widgets/ingame/reticles/ret_sat_short_03_zm.lua
6F52197E9BCBED07,ui/generated/widgets/frontend/battlemapv2/bpmapsector.lua
6F581868F8092D12,ui/generated/widgets/frontend/weapons/loadout/loadoutitemselectlayout_flc.lua
6F59F485C08E0DDA,ui/generated/widgets/frontend/br/leagueplay/lpbrhowtoplaysroverviewdetails.lua
6F60990458A2DE33,ui/generated/widgets/ingame/mp/trial/trialstatlinetop.lua
6F62D757839EC0C2,ui/generated/widgets/ingame/reticles/rex/ret_rex_fourx_cust_06.lua
6F66D8407EDD8BD4,ui/generated/widgets/frontend/customize/stickerbookcollection.lua
6F6A48E9E3CF8873,ui/generated/widgets/winnerscircle/winnerscircleplayerdetailslayout.lua
6F7CA07B7BA176C5,ui/generated/widgets/gunsmithpreviewbuttonbase.lua
6F7EFBDCAEF23CEC,ui/generated/widgets/frontend/seasonalevent/seasonaleventinfotooltip.lua
6F804D0C71AFF0A4,ui/generated/widgets/ingame/reticles/reticleint.lua
6F852F7EECC31DEF,ui/generated/widgets/ingame/mp/matchstatusremaininglives.lua
6F85871892F50C56,ui/generated/widgets/ingame/healthbardamagepip.lua
6F8772E94D60EB5B,ui/generated/widgets/ingame/mp/vehicle/driverhudlgtransport.lua
6F8AC674A6B812CE,ui/generated/widgets/frontend/aar/aarxpreward.lua
6F8E63F9502E6A99,ui/generated/widgets/frontend/barracks/mpbarracksimagebutton.lua
6F9405C359D4EA25,ui/utils/notificationutils.lua
6F975849EF6BDD9C,ui/utils/mp/groupscommondataproviders.lua
6F98246A4245966B,ui/generated/widgets/ingame/reticles/ret_cer_loot_shroudhitman_alt.lua
6FA13F0CB74F0AEB,ui/generated/widgets/frontend/jupbattlemap/jupbpendofseasonupsell.lua
6FA335BA5E9B3C1D,ui/loadoutmodelsstream.lua
6FA42F2827F2FF6F,ui/generated/widgets/ingame/reticles/rex/ret_rex_reflex_cust_12.lua
6FA89ED3D455D717,ui/generated/widgets/ingame/reticles/ret_cer_short_04_zm.lua
6FABC6134FFB2EBB,ui/generated/menus/frontend/mp/cas/loadouts/equipmentselect.lua
6FAD3F9C2F8B88C9,ui/generated/widgets/registrationtime.lua
6FBBBE7EFF532481,ui/generated/widgets/leagueplay/lptop250leaderboardheader.lua
6FC90B75F8DB197A,ui/generated/menus/frontend/mp/outbreak/oboperatorprestigemenu.lua
6FCA5A30053389F1,ui/generated/widgets/ingame/mp/rex/fieldupgrade.lua
6FCCE26B1E59E0DF,ui/generated/widgets/scrollbar/arrowdown.lua
6FD343D1D6C2353B,ui/generated/widgets/ingame/mp/rankupsplashbanner.lua
6FD3B6B2710A2349,ui/toastlayer.lua
6FD86A0FA7709542,ui/generated/widgets/srchallengeitem.lua
6FD9D20937053564,ui/generated/menus/options/hudboundsmenu.lua
6FE2973E5EF0FFAB,ui/generated/widgets/scrollbar/verticalminimalscrollbarsliderarea.lua
6FE50AE242805AEF,ui/generated/menus/frontend/operators/operatorcustomizationcategorybase.lua
6FEAFC418D0CEE34,ui/generated/widgets/ingame/reticles/ret_cer_med_10_zm.lua
6FEBAC7F936A0F0E,ui/generated/widgets/ingame/mp/streaklistrealism.lua
6FF27ED5909EB834,ui/generated/widgets/frontend/seasonalevent/seasonaleventsmenucontainer.lua
6FF68CA7ECE96079,ui/generated/widgets/options/rex/hudbounddraggablesidevertical.lua
7000387AEB1B774F,ui/generated/menus/frontend/seasonalevent/seasonaleventwagereventmpmodeselectionmenu.lua
7003A3DE633C0865,ui/generated/widgets/ingame/reticles/jupiter/jup_las_fourx01.lua
700FB8F35F00033A,ui/generated/widgets/motdskipbutton.lua
7015A1A9DB39BEDA,ui/generated/widgets/ingame/mp/vehicle/driverhudpickuptruck.lua
7015AAEA50D78A8B,ui/generated/widgets/frontend/mp/dmz/dmzglobalstatusoption.lua
7019CE06C2246953,ui/generated/widgets/frontend/mp/cas/weaponattributesfiretype.lua
701FE1613EDBE5D2,ui/generated/widgets/ingame/mp/br/contracts/brchampionsquestbombstatustracker.lua
702A20C7A61D9361,ui/generated/widgets/ultimatebuttonbackercolor.lua
702B79288297A9BE,ui/ingame/mp/mpbinkoverlay.lua
704081A98F71D339,ui/generated/widgets/ingame/reticles/ret_cer_loot_s35redact_rangefinder.lua
70442A69D8ECD0F5,ui/generated/menus/frontend/jupaar/jupaarcontainer.lua
704FF993C3B330A6,ui/generated/menus/frontend/combatrecord/combatrecordrecentmatches.lua
7050D2E5EEE08E41,ui/generated/widgets/subtitlesizeoptionsmenu.lua
70537D0E9ED8647F,ui/generated/widgets/frontend/mp/dmz/dmzlocationbuttonbiobunker.lua
7054AE94E00170E2,ui/generated/menus/frontend/mp/rex/playlistmenu.lua
7057C0EAD7DC05EF,ui/generated/menus/frontend/barracks/barrackschallengesweeklytabs.lua
705C5000E5479A3A,ui/generated/menus/frontend/creatorcodepopup.lua
7063046E66FD3AC8,ui/generated/widgets/inventory/inventorydynamicnamedisplay.lua
706B81D0BDA7D766,ui/generated/menus/smsidentificationchallengescreen.lua
706C7BEF6FFF2C5D,ui/generated/widgets/frontend/dailyloginreward/dailyloginrewardtitle.lua
706C9E01D8A65125,ui/datasources.lua
706D4202C06C1132,ui/generated/widgets/frontend/mp/lobby/lobbyfocusarrow.lua
70756F0ADAB83056,ui/generated/widgets/ingame/reticles/ret_cer_short_05_wz.lua
7076D3F413E4AF03,ui/generated/widgets/store/storerowlargebutton.lua
7077E4678A49D236,ui/generated/widgets/frontend/codhq/layouts/codhqhome.lua
707DF4CD690393AA,ui/generated/widgets/frontend/combatrecord/wzcombatrecordlandingtab.lua
70856B02C9BF262B,ui/generated/widgets/ingame/motionsicknessbordercover.lua
708A9D0E1DB1F656,ui/generated/widgets/minijuggframe.lua
708D4E767F7324CB,ui/generated/widgets/ingame/reticles/ret_cer_loot_s35magic_rangefinder.lua
709197E1480C2CC9,ui/generated/menus/frontend/mp/cas/loadouts/vehiclepreview.lua
7095F24BC7E9FA60,ui/generated/widgets/frontend/jupaar/jupaarparade.lua
70980236686DA2BE,ui/generated/widgets/frontend/mp/cas/fieldupgradesequipped.lua
709A5970E5214065,ui/generated/widgets/frontend/cinematicselectpreview.lua
70A50AF9479001E9,ui/generated/widgets/ingame/mp/rex/matchstatusplayer.lua
70A7192B3D8DB9A6,ui/generated/widgets/frontend/pagedbattlepass/pagedbattlepasstablabel.lua
70A80EE503284FE8,ui/generated/widgets/ingame/reticles/ret_cer_loot_s55smuggler_alt.lua
70A8299C2C045407,ui/generated/widgets/ingame/mp/splashtopoiconbacker.lua
70AA80F45522DE6B,ui/generated/widgets/scoreboard/scoreboardheader.lua
70ABD948ED07AF19,ui/generated/widgets/dungeonrewarditemdetails.lua
70BA84FB55217BD5,ui/generated/widgets/ingame/watchfaces/gunscreendigitalclock.lua
70C0EEA22D9488D9,ui/generated/menus/frontend/campaignmissionselect.lua
70CD991C3F784661,ui/utils/mp/tournamentutils.lua
70CE912BDABF1C0F,ui/luiscoreboard.lua
70D061F676CA6A7C,ui/generated/widgets/ingame/reticles/ret_sat_thermalholo01_def.lua
70D7EB7CFC39E6B5,ui/generated/widgets/frontend/lobby/lobbyplayerlistteamlabel.lua
70D8E1F957E31E7C,ui/generated/menus/frontend/mp/cas/loadouts/charmselect.lua
70E23BDF7AC82FF7,ui/generated/widgets/frontend/mp/dmz/inventoryitemweapon.lua
70E56A5A5ECFA72E,ui/generated/widgets/ingame/mp/wcglobalplayersplash.lua
70E778C20E389DE8,ui/utils/mp/fencebr.lua
70EA6265FCF3C765,ui/generated/widgets/ingame/mp/benchmarkstatsingamelabelbacking.lua
70EB4E6C493FE5DD,ui/frontend/imageprogressbar.lua
70ED74EBF3F239F4,ui/sequencepresets.lua
70EDC748BA453B27,ui/generated/widgets/frontend/seasonalevent/seasonaleventsrewardcardbackgroundbacker.lua
70F5FCFA0B308C4C,ui/generated/widgets/ingame/reticles/reticlecrosshaircannon.lua
70FAACAF27CE6846,ui/utils/fenceprelogin.lua
70FEF0113F71ED6C,ui/generated/widgets/frontend/barracks/barrackscustomizesummary.lua
710DC4657CAB2C1F,ui/rendertargetmanager.lua
710E5A5A33459005,ui/generated/widgets/frontend/operators/operatorvariantbutton.lua
710F43E16E9EEF6F,ui/generated/widgets/controllerdeadzonepreview.lua
7111C98180F33DE0,ui/generated/widgets/frontend/mptabsmenu.lua
71124646AA21D944,ui/luiprettynumber.lua
711270A0DC7B47A1,ui/generated/widgets/ingame/reticles/ret_sat_long_01_mp_therm.lua
7113844AFA8DF048,ui/generated/widgets/alwaysloaded/legal/rex/legaldocumentbutton.lua
7115312D5901AEB8,ui/generated/datasources/achievements.lua
711791989912484B,ui/generated/widgets/counterattackbombscreen.lua
711C0DC7D3EF369A,ui/generated/widgets/ingame/reticles/rex/ret_rex_reflex_01_alt_02.lua
7124A333854427C9,ui/generated/widgets/frontend/jupdepot/jupbattlepasspurchasebackground.lua
71297A6072B95167,ui/generated/widgets/hudeditor/hudeditorminimap.lua
712AB6B1D4AED90F,ui/generated/widgets/ingame/reticles/reticlelauncherrpapa8lockon.lua
713002AF4EAEFB48,ui/generated/widgets/frontend/mp/playmenu/playmenusidebutton.lua
7131A54BFB23EEC8,ui/generated/widgets/firetypeattachment.lua
71323DDB5EE47C8C,ui/generated/widgets/frontend/mp/dmz/dmzonsoldier.lua
7132DBC0E8F2109D,ui/generated/widgets/common/locktextbacker.lua
713C3CA7CEF0CA97,ui/generated/widgets/genericwidgets/generictextbox.lua
713EC701AE9416F0,ui/generated/menus/ingame/ingamegunsmith.lua
7140743746012F1B,ui/generated/widgets/frontend/aar/aarweaponunlockprogressbarprefil.lua
7149F66358B503CD,ui/generated/widgets/frontend/weapons/gunsmithattachmentdetailbutton.lua
714C8854C8F5AF84,ui/generated/widgets/ingame/reticles/ret_sat_hybrid_01_alt.lua
714CA6805686DD4C,ui/generated/widgets/ingame/mp/globalplayersplashbannercallingcard.lua
7164BAD46AA2F09B,ui/generated/widgets/frontend/lobby/lobbymicrophonestatus.lua
716A525DB9415626,ui/generated/widgets/frontend/unlockcriteria/criteriawidgets/unlockcriteriabundle.lua
716CFD868CCF3A77,ui/generated/widgets/frontend/globalplayerprogression.lua
716F77937FCEB4EF,ui/generated/widgets/universalwrapicon.lua
716FBEC7947FA91D,ui/generated/widgets/frontend/mp/lobby/lobbysmallteammatchmade.lua
71737A2C675C7478,ui/generated/widgets/bundleupselltype.lua
717907878C1CF148,ui/generated/widgets/inventory/inventorycontrollerschemeitem.lua
717B3E6BF967C33D,ui/generated/menus/frontend/mp/rex/removeplayersmatchmakingpopup.lua
71816DC5C776186D,ui/generated/widgets/frontend/warzonepremiumupselltablabel.lua
718869E64A516DA4,ui/utils/fenceugcprivilege.lua
71894948CA9EA8E1,ui/generated/widgets/gamemodeinfoheader.lua
718BFA4E717FCCD2,ui/generated/widgets/frontend/weapons/loadout/loadoutbuttonheader.lua
719154A53B84B1E2,ui/generated/widgets/frontend/depot/rarityinfo.lua
71975C4C5FF55BB1,ui/generated/widgets/frontend/mp/leagueplay/lprankoverview.lua
719824E4FF2CC3F1,ui/generated/widgets/ingame/mp/br/brinventorycontrollerscheme.lua
719A19EF86C7E0F3,ui/generated/widgets/frontend/mp/outbreak/obactstoryunlockprogress.lua
719F02DA920DA7D8,ui/generated/widgets/frontend/customize/rex/stickerbookmodestatspanel.lua
71A20667F42AA6A0,ui/generated/widgets/frontend/mp/lobby/rex/lobbyindividualmatchmade.lua
71A33ED84E342EEC,ui/generated/widgets/ingame/chatbox.lua
71A34ADA9D84657D,ui/generated/widgets/ingame/mp/scorestreaks/jup/streakactivationphone.lua
71A44DBC532EEA07,ui/utils/mp/fenceplatform.lua
71A6314A10B9A7A4,ui/generated/widgets/frontend/seasonalevent/seasonaleventslootpreview.lua
71A8F7366DDC65B3,ui/generated/widgets/frontend/leaderboard/leaderboardinfouserstatsentry.lua
71A914E4C0B3F0DA,ui/generated/widgets/ingame/mp/squadusernametextbacker.lua
71ADD7F58A796D2B,ui/generated/widgets/ingame/mp/mobilitycourse/mobilitycoursedifficultyselectionmenubestrating.lua
71B357AE1EEB837E,ui/generated/widgets/ingame/reticles/reticleoutercirclefourx04vday.lua
71B3F7D49B4F6818,ui/generated/widgets/frontend/mp/outbreak/obacquisitioninventorybutton.lua
71B5D704943E9134,ui/generated/menus/frontend/mp/zm/zmsaveselectionmenu.lua
71B7AE5260209199,ui/utils/fencekoreanrating.lua
71BA9898B7B9D844,ui/generated/widgets/gamelogo.lua
71BDEE8C67339D8D,ui/generated/widgets/spheadertexttextured.lua
71BE5D33A012AD3E,ui/generated/widgets/ingame/zm/roundchalkmarknumber.lua
71BEB2A8831661E5,ui/generated/widgets/cac/weaponhaslockedattachmentswarning.lua
71BFE501DAA7100F,ui/generated/widgets/frontend/jupbattlemap/jupbattlepasslanding.lua
71C21FFCFE330FC1,ui/generated/menus/frontend/mp/exgm/loadout/exgmloadoutoverviewmenu.lua
71C2C66D9EB5E897,ui/generated/menus/frontend/depot/battlepassupsellpopupmenu.lua
71C4749470545E91,ui/generated/widgets/frontend/br/wzprivatematchsubbuttons.lua
71C8E087A24F393B,ui/generated/widgets/ingame/reticles/ret_cer_short_08_mp.lua
71CE644AA7001A84,ui/generated/menus/frontend/mp/trainingcourselobby.lua
71D13B692F451120,ui/generated/widgets/frontend/clientcharacterwidget.lua
71D17D2AE318B944,ui/generated/widgets/frontend/warzonepremiumupselltablabelinternal.lua
71D26B307163A6B7,ui/generated/widgets/frontend/mp/dmz/dmzloadoutitemslots.lua
71D8A7E9DD8EE361,ui/generated/widgets/frontend/favoritesprompt.lua
71DA0EDFEC0574FB,ui/generated/widgets/ingame/mp/masterchallengesplash.lua
71DC307428007BA7,ui/generated/widgets/ingame/mp/killcam/killcamblueprinteffects.lua
71DDAC01D9A67B6F,ui/generated/widgets/mastery/masterybadgebacker.lua
71E0F7C26D1BA513,ui/generated/widgets/ingame/mp/streak.lua
71E453FBDEA71221,ui/generated/widgets/buttons/buttonfavoritetag.lua
71E784A8B528A8E9,ui/generated/widgets/frontend/battlemapv2/bpmapsectorevent.lua
71E8D293921A4933,ui/generated/widgets/frontend/social/socialprofilemenu/socialshowcaseweaponmtxlink.lua
71EC33BF5EDA0D37,ui/generated/widgets/frontend/challenges/dailymultiplayerchallengeselect.lua
71F2EBA9B0D1D8F6,ui/generated/widgets/ingame/reticles/rex/ret_rex_reflex_04_alt_01.lua
71F3C4A7084010CD,ui/utils/socialutils.lua
71F92E987F7EC08C,ui/generated/widgets/camomasterydetails.lua
71FAD95A3FA433B3,ui/generated/widgets/frontend/matchdetails.lua
71FFA51F51D1E118,ui/generated/widgets/ingame/reticles/rex/ret_rex_reflex_cust_04.lua
720289EF74B066C2,ui/generated/widgets/frontend/worldmap/operationobjectives.lua
72047DFE59B2D312,ui/generated/luielems/augmentselectionluielem.lua
7204D36507CCF62C,ui/generated/widgets/templategenericbutton.lua
72077DAB4021D8E6,ui/generated/widgets/frontend/unlockcriteria/criteriawidgets/unlockcriteriaplayerprogression.lua
720A7E1BDDB5DCD5,ui/generated/widgets/ingame/reticles/reticlexmike109.lua
720C5C379BECAA9D,ui/generated/widgets/frontend/leaderboard/leaderboardfriendsnapshot.lua
7210828E5D65D58B,ui/generated/widgets/lockedbonuschallenge.lua
7212750AD876576B,ui/generated/widgets/ingame/cp/iw8/subobjectivewidget.lua
72146FB276248189,ui/generated/widgets/ingame/reticles/ret_cer_loot_s3nuclear_rangefinder.lua
72172098F70753DA,ui/generated/widgets/detailedweaponstatgroup.lua
721D49181036D056,ui/generated/widgets/frontend/cdlrestricted.lua
722689D4F0BAC36F,ui/generated/widgets/frontend/hudcustomization/hudcustomizationvisualstab.lua
722751CBCBC9C741,ui/generated/widgets/ingame/reticles/ret_cer_long_04_zm_rangefinder.lua
722863FD016FFDAB,ui/utils/warzonechallengesutil.lua
7229C96986AC7CF6,ui/generated/widgets/ingame/rex/quickprompt.lua
722A7145A73F714F,ui/generated/widgets/frontend/mp/cas/weaponmasterypanelbackground.lua
722BC2F193EB2763,ui/generated/widgets/globalsocialparty.lua
723459FD12F08252,ui/generated/widgets/ingame/reticles/ret_cer_med_01_wz_alt.lua
723A82C0F0660E40,ui/generated/widgets/ingame/motionsicknessvignette.lua
723D2C4A6324114C,ui/generated/widgets/frontend/weapons/gunsmithattachmentcategory.lua
7247CE69B80FAC88,ui/generated/widgets/frontend/weapons/perkpackage/perkicon.lua
724B80538A13C1AC,ui/generated/widgets/frontend/challenges/stickerbookclassificationpercentcompletionwidget.lua
725184E960E15BD6,ui/generated/menus/options/bootaudiomixpreset.lua
72561966DB936F56,ui/generated/widgets/brplunderpickupfeedback.lua
7259E4BEDCF17A2E,ui/generated/widgets/cpstar.lua
725A230BEE6B3CA9,ui/generated/widgets/ingame/reticles/ret_cer_loot_zombiex_alt.lua
725DB58F520FD472,ui/generated/widgets/ingame/reticles/ret_cer_long_01_zm.lua
7262AA0EA50E214F,ui/utils/progressionutils.lua
72641E3CF25145DB,ui/utils/zm/zmutils.lua
726A0A8152A26E56,ui/generated/widgets/frontend/glowdistressedanimatedborder.lua
727406115D7B2123,ui/generated/widgets/frontend/seasonalevent/seasonaleventsmasteryrewardbuttonmedium.lua
72745AF1384BDBF9,ui/generated/widgets/ingame/mp/javelinicon.lua
7279766537965626,ui/generated/widgets/ingame/mp/scorestreaks/missiledroneinstructions.lua
727A0E70FE31B9B2,ui/generated/widgets/ingame/mp/gameplaysplash.lua
727D6B5B55081E92,ui/ingamedatasources.lua
727FC904857039F1,ui/generated/widgets/loadinghintsection.lua
7281144BCBFA647E,ui/generated/widgets/store/storespotlight_4a_alt.lua
72812332BF8F5552,ui/generated/menus/mp/teamselectmenu.lua
728BC163452620DB,ui/utils/unlockcriteriautils.lua
7292F373F04E9D35,ui/generated/widgets/mobileflyinpopupverticaltabs.lua
729EBD16707C9769,ui/generated/widgets/frontend/battlemapv2/bpsectortaglist.lua
72A4239C9080353A,ui/generated/widgets/frontend/seasonalevent/seasonaleventcommunitys1hitlisttargeteliminated.lua
72B01B9767C36C25,ui/generated/widgets/ingame/mp/scorestreaks/gunship/gunshiptargetlocationtext.lua
72BA224C13B93425,ui/generated/widgets/frontend/seasonalevent/seasonaleventvehiclecamochallenges.lua
72BD59B778204461,ui/generated/menus/frontend/mp/cas/loadouts/stickerselectbase.lua
72BD68E94F2E65E7,ui/generated/widgets/ingame/reticles/rex/ret_rex_snscope_02.lua
72BF4777D4E80D2C,ui/generated/widgets/frontend/customize/callingcardcategorybutton.lua
72C1746D74E54D33,ui/luicalibration.lua
72C8B8DFA2DF82BF,ui/generated/widgets/ingame/reticles/rex/ret_rex_reflex_cust_03_blu.lua
72C99EAD7654949A,ui/generated/widgets/ingame/reticles/rex/ret_rex_snscope_cust_07.lua
72CB37A571A0DE73,ui/generated/widgets/footer/footeroptionsicon.lua
72CB58654C65D067,ui/generated/widgets/ingame/reticles/greendot.lua
72CE9ACAE5D613E7,ui/generated/widgets/frontend/mp/cas/gunsmith/nextunlockitems.lua
72D0AE7E2B62FEBC,ui/generated/widgets/frontend/seasonalevent/seasonaleventschallengeimagebuilderlayer.lua
72D0F1E36DCA4ED8,ui/generated/widgets/frontend/social/socialprofilecard.lua
72D7CA538F5AAFB0,ui/generated/widgets/ingame/mp/vehicle/suv1996diagram.lua
72D92983B7CF4D63,ui/utils/breadcrumbutils.lua
72DB67913FAAFA0E,ui/generated/widgets/seasonbanner.lua
72E777D7BE0ED23E,ui/generated/widgets/mousecursorcontextualmenuplayerheader.lua
72F15089F89EF79D,ui/generated/widgets/frontend/mp/dmz/dmzplayerreadystatuscard.lua
72F50614C62019DD,ui/generated/widgets/frontend/mp/dmz/dmzfactiontabs.lua
72FC8CE20067AEC0,ui/utils/fencewebviewloadcomplete.lua
73009D6B0C3F463D,ui/generated/widgets/titleidpricebutton.lua
73013DAC9868EE6F,ui/utils/endgameutils.lua
7303749B8E29A87D,ui/generated/menus/leagueplay/lpcheateradjustmentpopupclawback.lua
73116C4C04A080A4,ui/generated/widgets/frontend/seasonalevent/seasonaleventcommunitypointstokenvaluepulse.lua
731372497596CC82,ui/generated/menus/frontend/mission/missionselect.lua
731754E6184A2895,ui/generated/widgets/frontend/career/careershowcasetooltipoperatorlabel.lua
731A8AE2081C7316,ui/generated/widgets/frontend/lobby/lobbyplaylistselectheader.lua
732434D582F893A5,ui/generated/widgets/frontend/mp/leagueplay/rex/lpplayerinfo.lua
7324DB5CF8508D47,ui/generated/widgets/frontend/br/xppremiumboost.lua
732D79B82327B956,ui/generated/widgets/frontend/groups/socialgrouplistheader.lua
732D8343FFF8E524,ui/generated/widgets/dev/uitesthudoverlay.lua
732D92BCDFE7AFB2,ui/generated/widgets/chat/textchatautocompletelistitem.lua
732DDFD2F10C8AED,ui/generated/menus/rex/codeconduct.lua
732E600A1E0FDEC1,ui/generated/widgets/rex/genericexpander.lua
73300603C75CC743,ui/generated/widgets/ingame/mp/rex/progressionunlocksplash.lua
73331B0DF119C628,ui/generated/widgets/ingame/reticles/reticlesnintercept.lua
7337280AF3D54C47,ui/generated/widgets/footer/footercursoricon.lua
733B2ABEF8D6D9B0,ui/generated/widgets/ingame/cp/iw8/scoreboard/cpteamscores.lua
73409FA66971506D,ui/generated/widgets/frontend/aar/aarsummarystat.lua
7344B54BA289A90A,ui/generated/widgets/ingame/reticles/ret_cer_loot_s3swolf_rangefinder.lua
734B30935EE23FF1,ui/fencestatuslayer.lua
7351FE1C3D9C8110,ui/generated/widgets/rex/tooltipwidget.lua
73563B008261D69A,ui/generated/widgets/frontend/mp/dmz/dmzexfilstreakcount.lua
735A161F245DF15F,ui/generated/widgets/ingame/mp/vehicle/vehiclealtimeter.lua
735AC3D0C443991D,ui/generated/widgets/frontend/social/channels/textchat/ingametextchatentry.lua
735E889F4ED60EAE,ui/generated/widgets/ingame/reticles/ret_sat_short_10_wz.lua
7360A0A5FA95EBE4,ui/generated/widgets/frontend/mp/cas/secondaryweaponbutton.lua
736270A73776AB7F,ui/generated/widgets/frontend/seasonalevent/seasonaleventsmenucontenttemplatepoints.lua
736E05F4E235AD9B,ui/utils/gamemodeinfoutils.lua
7372DF93E7816D1A,ui/utils/worldmaputils.lua
737D9E610E622961,ui/generated/widgets/ingame/reticles/ret_sat_short_08_mp.lua
73842189E8F5FFFF,ui/generated/widgets/frontend/mp/cas/cooldowninfo.lua
7389DD3C93FC783C,ui/generated/widgets/frontend/groups/groupchatbutton.lua
738E26A4179BDFC1,ui/generated/widgets/frontend/codhq/buttons/codhqgamebutton.lua
738FB8CE5C64FFF4,ui/generated/widgets/ingame/reticles/rex/ret_rex_holo_02_alt_03.lua
73914AB2268271A1,ui/generated/widgets/storebundlecollectionprogress.lua
739956A36D7F53C2,ui/generated/menus/frontend/mp/playlistmenu.lua
739ECD5D636E9DEA,ui/generated/widgets/frontend/seasonalevent/seasonaleventsrewardcardfinalrewardbacker.lua
73A3D9729AE62C3D,ui/generated/widgets/ingame/reticles/ret_sat_long_04_zm.lua
73A54DEF6FB15266,ui/generated/widgets/frontend/mp/outbreak/obmissionsbutton.lua
73AB67B9F244BC71,ui/generated/widgets/ingame/reticles/reticledmscopevz03.lua
73B47D0B34D34D2D,ui/generated/widgets/generickillstreakmeter.lua
73B7F5C0D27742C9,ui/utils/groupactionutils.lua
73BB494DDE77BE22,ui/generated/widgets/frontend/mp/cas/equippedstreaks.lua
73BE393EF93F166E,ui/generated/widgets/frontend/aar/aarbattlepasstier.lua
73C92993CDEBFD35,ui/generated/widgets/frontend/pagedbattlepass/blackcell/blackcellskinrewardgroupwidget.lua
73D4CB8995B0511E,ui/generated/widgets/frontend/mp/cas/editloadoutbutton.lua
73D6AB6F6D3565CE,ui/generated/widgets/installmanager/managefilespopupinfosbuttons.lua
73E5EB84986B3182,ui/generated/widgets/ingame/mp/scorefeed/scorefeedentryscore.lua
73F0FC4B26154D5D,ui/generated/widgets/binocularsoverlay.lua
73F83DBD361E63C1,ui/generated/widgets/mousecursorcontextualmenuseparator.lua
73FB21FC86E28AEF,ui/generated/widgets/frontend/pagedbattlepass/blackcell/blackcellcamorewardchallengecontainer.lua
7404B3D3948087F7,ui/generated/widgets/ingame/sp/stance.lua
7407CAFFA4B5C8DA,ui/generated/widgets/dynamiclist.lua
740A65A3A9F28BDA,ui/generated/widgets/frontend/aar/aarweaponreward.lua
740FD6272F9BD516,ui/generated/widgets/ingame/reticles/rex/ret_rex_reflex_cust_11.lua
74147A15F83BE1C6,ui/generated/widgets/ingame/reticles/rex/ret_rex_scope_therm_cust_01.lua
7415EF0237AEE994,ui/generated/menus/frontend/webview/fullscreenwebviewbase.lua
741804ED9605DA37,ui/generated/widgets/frontend/mpbattlenetstoremenubuttons.lua
741B3A83747413E9,ui/generated/widgets/ingame/reticles/rex/ret_rex_holo_01.lua
741C34B5ABF07C66,ui/generated/widgets/frontend/pagedbattlepass/blackcell/blackcellupsellmenu.lua
741D9B7BD7F8B575,ui/generated/widgets/ingame/reticles/ret_cer_loot_s6ghost_rangefinder.lua
741E1DECC5152A6F,ui/generated/widgets/brwarninginfo.lua
74221C5E91EA6038,ui/generated/widgets/ingame/reticles/ret_cer_long_01_zm_rangefinder.lua
742322F7FB2286F0,ui/generated/widgets/ingame/mp/splashtrapsubheader.lua
7436659F74B6DAD6,ui/generated/widgets/ingame/mp/roundendscore.lua
743F039C15D87AAC,ui/generated/widgets/frontend/seasonalevent/seasonaleventtierskippopup.lua
7444964BFB58CE25,ui/generated/widgets/mobilebuttonindicationanimation.lua
744B80EAC918D96D,ui/generated/widgets/ingame/mp/smartstreakpip.lua
744E78774219BBF3,ui/generated/widgets/frontend/wallet.lua
7451F433F2475E3F,ui/generated/widgets/frontend/lobby/lobbymembergrid.lua
74528E15DF63EAC5,ui/generated/menus/frontend/social/socialprofilemenu/socialshowcaseplayercompare.lua
74575E5E58571D63,ui/generated/widgets/ingame/reticles/reticlefourx04vdayheart.lua
745A03033FF54F65,ui/generated/widgets/frontend/genericlootbutton.lua
746275853B6A5120,ui/generated/widgets/frontend/codhq/codhqdropdownbackground.lua
74635342C751903E,ui/generated/widgets/frontend/weapons/weaponinfopanel.lua
74663CA0CE8F9DE4,ui/generated/widgets/frontend/battlemapv2/bpmetatag.lua
746E95912A14B627,ui/generated/widgets/frontend/seasonalevent/seasonaleventsdynamicbackground.lua
7473A9DD02A19F51,ui/generated/widgets/frontend/social/socialprofilemenu/socialprofileplayerbrowser.lua
747B7571E29C28E5,ui/generated/widgets/benchmarkhardwareconfigurationcontainer.lua
747DB49BE9C47DAC,ui/generated/widgets/buttons/challengesectionbuttondailybacker.lua
748355E4A9F2B6B3,ui/generated/widgets/ingame/mp/publiceventsplashdetailfluff.lua
748373DDF03ADD33,ui/generated/widgets/fullscreencountdowninfo.lua
748473F3639A3D44,ui/generated/widgets/frontend/aar/aarkitprogressionlayoutweeklystars.lua
7487976AA4E58A52,ui/generated/widgets/frontend/pagedbattlepass/pagedbattlepasslastchancepagebutton.lua
7488857EED492B03,ui/generated/widgets/frontend/seasonalevent/seasonaleventsoverlaycinematic.lua
748F1C180A0D8B79,ui/generated/widgets/brlaststanddownedcontainer.lua
748FC116E0087F97,ui/generated/widgets/frontend/leaderboard/leaderboardgamemodeselectflyout.lua
749335ABAA90F0C5,ui/generated/widgets/ingame/reticles/jupiter/jup_reticle_irons.lua
7493CCEFF495A35B,ui/generated/widgets/options/changemodeprompt.lua
74960042AD8D1A7B,ui/generated/widgets/frontend/social/socialprofilecardsmallfriend.lua
7498B702CC892C22,ui/generated/menus/frontend/codhq/motdmenu.lua
749AEFD7F0B72CC8,ui/generated/widgets/frontend/customize/stickerbookcardpreviewpanel.lua
74A0AA4B78928AA9,ui/generated/menus/frontend/combatrecord/combatrecordloadoutstats.lua
74A411C097561808,ui/generated/widgets/frontend/challenges/camochallengedetails.lua
74A7F30CAA28F481,ui/generated/widgets/ingame/mp/bombmodes/bombbriefcasetimer.lua
74ACDC8E0C0F2185,ui/generated/widgets/frontend/mp/wzsoireeroleseparator.lua
74B0045EDFA455C6,ui/generated/widgets/frontend/aar/aarunlockitemloadout.lua
74B2DECA1F280537,ui/generated/widgets/emotesprayprompts.lua
74B3DF0A2C797C10,ui/generated/widgets/brsquadinfocontainer.lua
74B4361A11510377,ui/generated/widgets/frontend/jupbattlemap/jupbpupsellitem.lua
74B4FE84974F40B6,ui/generated/widgets/buttons/buttonjumbo.lua
74BA7F2C10CF9B9E,ui/generated/widgets/scopeattachment.lua
74BF106FC8667ACC,ui/generated/widgets/ingame/reticles/reticle12.lua
74C5BD4B9E06ACE2,ui/generated/widgets/socialprofilelabelcontainer.lua
74CFEEEE302D0D17,ui/generated/widgets/frontend/mp/lobby/lobbyplunderintropopup.lua
74DD46FAF2123FD8,ui/generated/widgets/inventory/tokens/inventorygroupcontrollerschemetoken.lua
74DEDD61FD8B352C,ui/generated/menus/frontend/codaccount/rex/codaccounteditemailpopup.lua
74E6F3154FBF280E,ui/generated/widgets/options/sticklayoutprompt.lua
74E752E03EA197BB,ui/generated/widgets/frontend/mp/cas/weaponprestigecamoselect.lua
74EB59637F4DCD7E,ui/generated/widgets/newinteractivenonlootcard.lua
74EFC3333F3CDA29,ui/generated/widgets/frontend/jupbattlemap/jupbpfocusreticle.lua
74F02D9BD909CF7D,ui/generated/widgets/ingame/reticles/reticle17hybridb.lua
74F0406453935437,ui/generated/widgets/ingame/mp/gold/goldrushicongained.lua
74F5BF9470FD33C5,ui/generated/widgets/store/storeupsiconmastercraft.lua
74F5FFD0C464A86C,ui/generated/widgets/ingame/reticles/extrareticles/reticleoutercirclemgolf36.lua
74FA2BD325DA5612,ui/utils/mathutils.lua
74FDD09A77EFC865,ui/generated/widgets/frontend/mp/leagueplay/lphowtoplayinfo.lua
7504A63D3B6F1185,ui/generated/widgets/frontend/mp/connectionicon.lua
7505A6430CE1C266,ui/generated/widgets/frontend/seasonalevent/seasonaleventseventinfotooltipvisuals.lua
75095F554354FA32,ui/generated/widgets/inventory/inventorybackpackbacker_rex.lua
750B3DB6169984BB,ui/generated/widgets/optionskeybindingbanner.lua
750DE96063ABE8FF,ui/generated/widgets/benchmarkglobalresults.lua
750EF7931CAEED3B,ui/generated/widgets/ingame/mp/br/ftuetipinfobackground.lua
750FD15AD74CC61E,ui/generated/widgets/frontend/seasonalevent/seasonaleventtabtimertext.lua
7511EE647D127801,ui/generated/widgets/frontend/progression/rex/progressionlevel.lua
75175ECFE2D35A74,ui/generated/widgets/frontend/weapons/loadout/loadoutbuttondivider.lua
7517ECF49B76E36D,ui/generated/widgets/ingame/damagenumber.lua
751A10097359FD3B,ui/generated/widgets/driverhudsuv1996.lua
751A3BA886E6CC4F,ui/generated/widgets/ingame/mp/scorestreaks/rex/locationselectorinfo.lua
751D98E6844AFA3D,ui/generated/widgets/ingame/reticles/whitedot.lua
751DDC02072B07E9,ui/generated/widgets/inventory/inventorysecurebacker_rex.lua
7524A839C99E78F8,ui/generated/widgets/benchmarkstartbutton.lua
752691DC368360A4,ui/generated/widgets/inventory/inventorydogtaglootedstats.lua
7528982818ABA16F,ui/generated/widgets/frontend/pagedbattlepass/pagedbattlepasstiernewbanner.lua
7529AE6C28D9BDCF,ui/generated/requires/ingame/mp.lua
752CD5D6ACD7679E,ui/generated/menus/playerreportmenu.lua
752D69B3346CBB94,ui/generated/widgets/frontend/lobby/lobbyplayerlistbutton.lua
753201EE2B978BD6,ui/generated/widgets/ingame/mp/scorestreaks/asd/asdcontrols.lua
753495CC5413633D,ui/generated/widgets/ingame/reticles/reticlecrosshairrocketlauncher.lua
7534B2398BEF52B4,ui/generated/widgets/inventory/inventoryperkbacker_rex.lua
7535C993ACE61F32,ui/generated/widgets/ingame/mp/scorestreaks/gunship/gunshiprocketammosingle.lua
7537C989B51220A5,ui/generated/widgets/frontend/barracks/rex/progressionunlocktile.lua
753860D493A70967,ui/generated/widgets/frontend/mp/cas/loadouts/equippedkillstreakbutton.lua
753EEF5367E8CEF3,ui/generated/widgets/ingame/minimizedinteractiveobjects.lua
7540223780A87027,ui/generated/menus/frontend/codaccount/codaccountlogin.lua
75415B4F0658292F,ui/generated/widgets/ingame/gameplaystatdata.lua
7545804F98594FAE,ui/generated/widgets/ingame/mp/genericsplashcapalt.lua
754ACE35C1F522A6,ui/generated/widgets/ingame/reticles/ret_cer_loot_s5pdoctor_rangefinder.lua
754DD52B3234E924,ui/generated/menus/frontend/wzcacmenu.lua
754DD5BFFFD80585,ui/generated/widgets/frontend/challenges/stickerbookcategorybutton.lua
754E0539BB0C4C8B,ui/generated/widgets/frontend/mp/leagueplay/lpradialrankpips.lua
755498428A7FA1BD,ui/generated/widgets/ingame/mp/rex/ammowarning.lua
755CD540F00A174D,ui/generated/widgets/frontend/lobby/trialscontainer.lua
755CFA06FB9BFB3D,ui/generated/widgets/frontend/store/storefreetag.lua
755E7E14E98445FD,ui/generated/widgets/bestplayoperator.lua
755F0D518C3F7D97,ui/ingame/hudoverlaybase.lua
7561DEB784DD1588,ui/generated/widgets/ingame/reticles/reticle23.lua
75636D4324900E24,ui/generated/widgets/options/keybindpresetdetaileddesc.lua
756565775BC6EAFE,ui/generated/widgets/frontend/store/storebundleitemamount.lua
756C69DE18347731,ui/generated/widgets/frontend/sp/missionselect/levelselectbutton.lua
757573D88D86ADFE,ui/generated/widgets/frontend/aar/aarbattlepasshvtmilestoneprogressradial.lua
757B67DEC8C26CDC,ui/generated/widgets/ingame/reticles/rex/ret_rex_snscope_03.lua
7580ABA5AEC5968C,ui/generated/widgets/ingame/mp/mplowermessagebacker.lua
75827F95683BB6A4,ui/generated/widgets/frontend/jupbattlemap/jupbpblackcellupsellbpowned.lua
758656A038314B25,ui/utils/mp/fenceexchange.lua
758C0B9B902962AB,ui/generated/widgets/frontend/lobby/rex/privatematchlobbystartbutton.lua
758EB3C2BBC15D00,ui/generated/widgets/frontend/weapons/gunsmithattachmentbutton.lua
7590CEB5EDDFB52A,ui/generated/widgets/frontend/social/socialprofilemenu/socialprofileshowcasetab.lua
75A1083768BEEAAD,ui/generated/widgets/frontend/aar/aarraidrewardscelebration.lua
75A6ACCF466DEED4,ui/generated/widgets/dungeonrewarditemdetail.lua
75A93FD3692DE880,ui/generated/widgets/ingame/rex/weaponinspectionitem.lua
75AAF0C45434A6A0,ui/generated/widgets/ingame/reticles/ret_sat_loot_chickenlover.lua
75B1040EE7093AF7,ui/generated/widgets/frontend/mp/leagueplay/lpskillprogressbar.lua
75B4935C1CFFC7D6,ui/generated/widgets/frontend/weapons/loadout/loadoutbutton_zombie.lua
75B8817264B766CA,ui/utils/battlemaputils.lua
75B9080259AF0597,ui/generated/widgets/frontend/codaccount/codaccountphonenumbereditbox.lua
75B94933A6D99BAF,ui/generated/widgets/ingame/mp/scorestreaks/gunship/gunshiptargetlocationarrow.lua
75BB57A8F9157CAF,ui/generated/menus/mp/teamscoreboard.lua
75BC31313CED5FB9,ui/generated/widgets/frontend/mp/gamemodebutton.lua
75BD42C0F8DDA986,ui/generated/menus/frontend/mp/outbreak/obmainmenu.lua
75BF08E015D00996,ui/generated/widgets/frontend/rex/datasourcecheckbox.lua
75BF0B465ED869AC,ui/generated/widgets/frontend/mp/cas/streakinfo.lua
75C50647185F0125,ui/generated/widgets/frontend/social/socialprofilecardempty.lua
75C587227D90949F,ui/generated/widgets/ingame/mp/trial/trialrewardtier.lua
75C835F0F9A474A7,ui/generated/widgets/ingame/weaponstatusinfo.lua
75C8E931E693D267,ui/generated/widgets/ingame/reticles/ret_cer_loot_decay_rangefinder.lua
75CC40925A78854D,ui/utils/mp/restrictionsutils.lua
75CC441AD3DD12B8,ui/generated/widgets/benchmarkreportoverviewtab.lua
75D36DFFED7F60B1,ui/generated/widgets/frontend/sp/campaignplaymenu.lua
75D80E9F47893320,ui/generated/menus/globalpanelbase.lua
75DDB701284D3880,ui/generated/widgets/scoreboard/scoreboardselectedplayerdetails.lua
75DE0340873C78F2,ui/generated/widgets/dynamiclistentry.lua
75E0811FBF8B2625,ui/generated/menus/frontend/social/socialquickinvitespopup.lua
75ED3C7400369CE9,ui/generated/widgets/ingame/mp/empbuttoncombo.lua
75F96E1A03B5AFD0,ui/generated/widgets/frontend/seasonalevent/aar/aarseasonaleventeventplusultimaterewardcolumn.lua
75FE609CDF5D5779,ui/generated/widgets/ingame/mp/br/brscorebar.lua
760B07741A65AF65,ui/generated/widgets/frontend/cac/unlockcriteria.lua
760D491724830C9B,ui/generated/widgets/frontend/mp/leagueplay/lpskilldivisionpip.lua
762575F2D91F1036,ui/generated/widgets/frontend/depot/mpstoremenu.lua
762E3DAC47BC261E,ui/generated/widgets/rex/grenadepulse.lua
7632BC0EC80B461E,ui/generated/widgets/ingame/mp/systemrebootbar.lua
76377B38A8FD93FA,ui/generated/widgets/turretheatmeter.lua
7638FA7613556A69,ui/utils/sp/fencesp.lua
763BE2D681D2FFAA,ui/generated/widgets/rex/detailedweaponstatgroup.lua
763D594484F29F47,ui/generated/widgets/buttons/challengesectionseasonalbutton.lua
76403080E0E09716,ui/generated/menus/installmanager/filepackmanagermenu.lua
7647E7B478FEEE74,ui/generated/widgets/frontend/seasonalevent/seasonaleventrewardinfocard.lua
764A024E889CF43B,ui/generated/widgets/ingame/mp/scorestreaks/jup/locationselectortablet.lua
764E14C05AE8595B,ui/generated/widgets/frontend/challenges/challengedifficultywidget.lua
764F260C0D96CDFC,ui/generated/widgets/ingame/targetscopereticle.lua
7650B87D079C05EB,ui/generated/widgets/ingame/mp/rex/matchstatusscores.lua
76533EE02643EC6C,ui/generated/widgets/ingame/mp/invasionlabellist.lua
765939C58A42ABD6,ui/generated/widgets/uitestcrosslaunchbutton.lua
766281BA379720B9,ui/generated/widgets/ingame/reticles/reticlehybrid04.lua
7662B7453BBB78A1,ui/generated/widgets/ingame/reticles/rex/ret_rex_snscope_rf_01.lua
76693D2DDD92A5D9,ui/ingame/immovablenoteslayer.lua
7671C9420F8502D2,ui/generated/widgets/ingame/reticles/jupiter/jup_las_fourx.lua
7675770FA5BAD007,ui/generated/widgets/frontend/mp/outbreak/obbackpackkeys.lua
7675A4801DB0F30F,ui/generated/widgets/frontend/jupbattlemap/seasons/jupbpspecialmapsectorswidget_s5.lua
767CE458D5498911,ui/generated/widgets/loadoutequipmentbutton.lua
767F7F20AE030319,ui/utils/projectutils.lua
7681EA60FBC0A2FF,ui/generated/widgets/frontend/pagedbattlepass/pagedbattlepasstierfocuswidget.lua
76906AC9FE011DC9,ui/generated/widgets/ingame/reticles/ret_cer_loot_s3hydro_rangefinder.lua
76911E484C7BA1D9,ui/generated/menus/frontend/mp/cas/loadouts/weaponselect.lua
76912B3A88E949DA,ui/generated/widgets/combinedweaponbuildbutton.lua
76940FE09D9AB37C,ui/generated/widgets/ingame/reticles/paranormaldirectional.lua
7697CA16517ACB9E,ui/generated/widgets/frontend/mpcustomizemenubuttons.lua
76A7BC91F9CFB007,ui/generated/widgets/frontend/aar/aartextslam.lua
76AC97C19EE166C1,ui/generated/widgets/rex/modeselectmenubutton.lua
76AD3EDAB4803081,ui/generated/widgets/ingame/mp/killcam/killedby.lua
76B35996E9E323D7,ui/generated/widgets/ingame/mp/genericsplashanimatedaccentcapextension.lua
76B619EE74446414,ui/utils/mp/loadoutstationutils.lua
76BE539FB0D74DF0,ui/generated/widgets/ingame/cp/pausemenu/cppausemenubuttons.lua
76C42B8503EA40AE,ui/widgets/expanderlogic.lua
76C8CE0F29437194,ui/generated/widgets/frontend/weapons/loadout/loadoutitemoperatorbutton.lua
76CC6CDDCF1D57C5,ui/ingame/mp/hellstormoverlay.lua
76D460A1B79A7D8C,ui/generated/widgets/ingame/emotelistitem.lua
76DEA5648F2E5391,ui/generated/widgets/frontend/worldmap/operationrewardscontainer.lua
76E7652256D8436D,ui/generated/widgets/frontend/social/socialmenuflyout.lua
76EDFD71DF690BD8,ui/generated/widgets/ingame/reticles/ret_sat_med_01_mp.lua
77029F16297C38DB,ui/generated/widgets/rex/trainingcoursehint.lua
771AB88236DF22B2,ui/generated/widgets/frontend/mp/dmz/dmzdogtagstrait.lua
771B6E964BA7C735,ui/generated/widgets/frontend/weapons/gunsmithattachmentcategorybase.lua
77294EEAD906659E,ui/generated/widgets/store/storerowfeatured.lua
7729A77642425C09,ui/generated/widgets/ingame/mp/perkactiverow.lua
773337DFCDABF3A5,ui/generated/widgets/frontend/seasonalevent/seasonaleventsmenucontenttemplatebundles.lua
7736B1047B1B8FDA,ui/generated/widgets/ingame/mp/deadsilenceoverlay.lua
773896E314A0E04A,ui/generated/menus/mp/rex/mppausemenu.lua
773C99698BE0689C,ui/frontend/commonpopups.lua
773D332BFDD2F6E5,ui/generated/widgets/frontend/seasonalevent/seasonaleventsseasoncontentquickplaypanel.lua
773E7224E3A61960,ui/generated/widgets/frontend/mp/warzoneprivatematchsquaddetails.lua
774293BE3E0EB95D,ui/generated/widgets/ingame/reticles/reticlesnscopelimax.lua
77479AA945BD2AA2,ui/generated/widgets/frontend/seasonalevent/seasonaleventeventplusrewardcardbutton.lua
7748BE8071F6BDC7,ui/generated/widgets/ingame/mp/rex/overtimegameplaytimer.lua
774BB2A45C92154C,ui/utils/webviewswitcherandfenceutils.lua
774E3F0E13756A16,ui/generated/widgets/ingame/mp/armsrace/capturerewards.lua
7750963A22CADD0B,ui/utils/touchcameradirectionutils.lua
775514733E5FA836,ui/generated/widgets/frontend/pagedbattlepass/pagedbattlepasstokenpurchasevaluechangebutton.lua
77556E2EADC1E49F,ui/generated/widgets/frontend/unlockcriteria/criteriawidgets/unlockcriteriawinchallengeprogressbar.lua
775F6FC752C27793,ui/generated/widgets/dmz/dogtagbacker.lua
7760E04824E4E8A4,ui/generated/widgets/frontend/lfp/lfppartybrowserheader.lua
7763A068494DFFC4,ui/generated/widgets/ingame/reticles/rex/ret_rex_holo_02.lua
7767847B10BBDEAB,ui/utils/hitmarkerutils.lua
77699F0B86439501,ui/generated/widgets/buttons/rex/tilebuttonborder.lua
7772D0083CA7F28A,ui/generated/widgets/mobilitycoursebesttime.lua
7779605526D763AE,ui/generated/widgets/ingame/reticles/rex/ret_rex_fourx_cust_02.lua
777ADFBAF04A546B,ui/generated/widgets/rex/fencespinner.lua
777B9073BD507335,ui/generated/widgets/frontend/seasonalevent/seasonaleventtitletimerandtag.lua
7781404B4E95268D,ui/generated/widgets/frontend/customize/callingcardbuttoninset.lua
7781646BE09B38EC,ui/generated/widgets/frontend/groups/filtersorttab.lua
77896852BEF7AB63,ui/generated/widgets/frontend/cp/raid/cpraidrewardcategory.lua
778A69D29C2D18AF,ui/generated/menus/frontend/barracks/rex/progressionmenu.lua
778DC9312F44ED39,ui/ingame/mp/minimapcontent.lua
779010955F55490A,ui/generated/widgets/mousecursortooltipcontent.lua
77943454D46E15E8,ui/generated/widgets/ingame/mp/bombmodes/bombplayericon.lua
77A115D31CD0B939,ui/generated/widgets/buttons/filterbutton.lua
77A4F25F403ED322,ui/generated/widgets/benchmarkusefulinfo.lua
77A672DD2AF63F46,ui/generated/widgets/frontend/aar/aarkitprogressionweeklystarsinfo.lua
77A6DD164B3CA59A,ui/generated/widgets/ingame/reticles/ret_cer_loot_s2vtuber.lua
77AA6B8C3F09B499,ui/generated/widgets/frontend/mp/leagueplay/lprankrewardscontainer.lua
77AC159431BE7EB0,ui/generated/widgets/cac/loadoutcontentsnotification.lua
77B02B64EA21A043,ui/generated/widgets/frontend/aar/aarunlockrow.lua
77C45C3FB14B7697,ui/generated/widgets/ingame/mp/scorefeed/scorefeedcontainer.lua
77C5D4C8BE603A4B,ui/generated/widgets/ingame/reticles/jupiter/jup_reticle_acog01.lua
77C610280A78F6E7,ui/generated/widgets/rex/genericoptionbuttonbackground.lua
77CE37CECD82FD56,ui/generated/widgets/ingame/benchmarkzoneprogressbar.lua
77CEA84642EDAA02,ui/utils/webviewfullscreenconfigs.lua
77CF2725E89B2E66,ui/generated/widgets/frontend/progression/rex/progressionrewardbutton.lua
77D16A7A8E75A127,ui/generated/widgets/dmzdefaultloadoutbutton.lua
77D895A404EA3727,ui/generated/widgets/frontend/seasonalevent/seasonaleventsleaderboardchallengepanelcontainer.lua
77E6AD65F84BAFCA,ui/generated/widgets/frontend/mpbattlenetstoremenu.lua
77EC4230078D9F5E,ui/generated/widgets/ingame/mp/matchstatusplayers.lua
77F3B0774B8213B2,ui/generated/menus/reportthanksmenu.lua
77F6888205D6D2C7,ui/generated/widgets/frontend/mp/elderprogression/radialrankprogressbar.lua
77F79F41ED308D99,ui/generated/widgets/frontend/mpoperatormenubase.lua
77FABDE6A6D407CB,ui/generated/widgets/store/storetagsale.lua
77FD939D91CA5EA6,ui/generated/widgets/returncountdown.lua
7804972F3C93A85F,ui/generated/widgets/frontend/worldcupnotify.lua
780B51BF8D45B57C,ui/generated/widgets/frontend/depot/mpstorebillboardgrid.lua
780EDCB8D0F10A7E,ui/generated/widgets/touchlabelbutton.lua
78111AC68802E811,ui/generated/widgets/frontend/social/friendsplaying/friendsplaying.lua
7812D084CD87BEC2,ui/generated/widgets/ingame/reticles/ret_cer_short_04__wz.lua
7816011D5EEFF2B4,ui/generated/widgets/bindingpreviewlayout.lua
781B22A6C79E51CD,ui/generated/widgets/frontend/barracks/progressionunlock.lua
781C0F2DB733478F,ui/generated/widgets/frontend/seasonalevent/seasonaleventstitletimerandtagvisuals.lua
781D3BDAFC6D290B,ui/generated/widgets/frontend/mp/cas/gunsmith/gunsmithprogressionlevelbar.lua
781E62A2AE96205E,ui/generated/widgets/installmanager/filepackmanager_packinfo.lua
78215284C53AD238,ui/generated/widgets/frontend/jupbattlemap/jupbpitemlockup.lua
78233756DB3144C2,ui/generated/widgets/frontend/equipmentinventorybutton.lua
78245779ACAED595,ui/generated/widgets/ingame/reticles/rex/reticlecrosshairlauncher.lua
7827D2347742FDAF,ui/generated/widgets/frontend/pagedbattlepass/blackcell/blackcellcamoreward.lua
7829BC63535966B9,ui/generated/widgets/frontend/mp/dmz/replacestashpopup.lua
782B4290646D961E,ui/generated/widgets/frontend/mp/leagueplay/lprankrewarditem.lua
782F1AFF6B01F436,ui/generated/widgets/store/storeupsicontracer.lua
782FEA1DFD336C85,ui/generated/widgets/rex/skillsplash.lua
78308ACF4687BD64,ui/generated/widgets/objectivecountdowntimer.lua
78368CB90B254557,ui/generated/widgets/genericdropdownlist.lua
783C5EB228733A60,ui/generated/widgets/ingame/mp/killcam/rex/killcamyouindicator.lua
78464CEAC98D530F,ui/generated/widgets/ingame/reticles/reticle26.lua
78469038D26FA972,ui/ingame/driverhudcargotruckmgcontainer.lua
7846C708068E0CD4,ui/generated/widgets/ingame/rex/gamemodeinfo.lua
7848AC08013CA445,ui/generated/widgets/frontend/customize/playercardcollection.lua
7849439CD8597624,ui/generated/widgets/ingame/reticles/iw9/reticlesndrop01.lua
784A16DBF9CC30DE,ui/codcaster/codcasterconditions.lua
784A564308247B8C,ui/generated/menus/frontend/mp/gamesetupbots.lua
784C871C67D1F756,ui/generated/widgets/ingame/reticles/rex/ret_rex_reflex_cust_04_blu.lua
784CDA1A9818F405,ui/generated/widgets/ingame/reticles/reticlehybridrange01.lua
78544A74168C0A11,ui/generated/widgets/rex/gamemodeinfoheader.lua
78693FDBABAC4086,ui/focusmanager.lua
786A63545763D636,ui/generated/widgets/bindingpreviewbutton.lua
786C834E3B1FBF40,ui/generated/widgets/ingame/mp/genericsplashheadercontentalt.lua
786C8FC913206FC0,ui/generated/widgets/mp/rex/perceptioncombatdetails.lua
78753EA81460678F,ui/generated/widgets/frontend/careerprogressionbuttonlevel.lua
787BBAC47C0DCEC3,ui/generated/widgets/frontend/rtt/rttloadingscreen.lua
7885E81CD2A347B0,ui/utils/privatematchutils.lua
7886EAA7D872D207,ui/generated/datasources/social.lua
788B58B8E65A1421,ui/generated/widgets/popupbutton.lua
788B5DA4E7AB3CF5,ui/generated/widgets/ingame/shared/qteprompt.lua
788D2D725FC011DB,ui/generated/menus/frontend/challenges/weaponcamochallengeselect.lua
78954505C49FAA5C,ui/generated/widgets/frontend/seasonalevent/seasonaleventsrewardcardtext.lua
7896504F8739B19A,ui/generated/widgets/frontend/social/socialplayeremblemlist.lua
789A0F8E64E08D70,ui/generated/widgets/ingame/reticles/rex/ret_rex_reflex_cust_11_grn.lua
78A91D6DE997859D,ui/generated/widgets/ingame/reticles/reticleoutercirclefourx_classic.lua
78AB03DAA27BB953,ui/generated/widgets/ingame/reticles/reticlelaunchergustav.lua
78AF9FEB312EE390,ui/generated/widgets/fullscreenbutton.lua
78B174D593D9F582,ui/generated/widgets/buttons/buttonloadoutslottext.lua
78B34D3EE35398B1,ui/generated/widgets/modeselectmenubutton.lua
78B35FB552E0DF0A,ui/generated/widgets/rex/notificationsettingssidepopup.lua
78BC0C0529457234,ui/splitusercode/camochallengesoverview_uc.lua
78BDE716ED7F8AD8,ui/generated/widgets/ingame/mp/chyron.lua
78C123F5A074FC08,ui/generated/widgets/ingame/mp/loading/maptitle.lua
78C69E4F50D0A886,ui/ingame/taccamoverlay.lua
78CADA46FD2EF770,ui/generated/widgets/frontend/mp/cas/rechargeratebase.lua
78D2AAF065D2A5AC,ui/generated/widgets/operatorskinpreviewbutton.lua
78D2D0E1204AC50F,ui/generated/widgets/mp/hijackmatchstatuscontainer.lua
78D60A1A1DFCEEB4,ui/uifademanager.lua
78DDD8E7626E0DE6,ui/generated/widgets/ingame/reticles/ret_cer_short_09_mp.lua
78E1791CA730F065,ui/generated/widgets/frontend/seasonalevent/rex/seasonaleventsrewardcardhighlightbacker.lua
78E9553E947BEE5F,ui/generated/widgets/frontend/depot/itematom.lua
78EC54C8EC977CDD,ui/generated/widgets/inventory/inventorybuttonbackercommonitemrarity.lua
78EDFEA0A8093787,ui/generated/widgets/dailychallengescontainer.lua
78EF6EAD5E457119,ui/generated/widgets/frontend/pagedbattlepass/blackcell/blackcellcamorewarddoublewide.lua
78F54547AA874B88,ui/generated/widgets/frontend/mp/playmenu/menutab.lua
78F9B0ECBBFC8F04,ui/common/wavedotselement.lua
78FD8588B5514DA2,ui/generated/widgets/frontend/weapons/rex/weaponinfopanel.lua
79050A98D775F226,ui/generated/widgets/ingame/rex/advancedcombatdetailsfullbody.lua
79062C93D23463D2,ui/generated/widgets/frontend/seasonalevent/seasonaleventscommunitymissiongamemodeinfo.lua
7915AA836CB9E17B,ui/generated/widgets/inventory/inventoryitemdetailsweaponinfo.lua
791603DEC0552509,ui/generated/widgets/ingame/mp/bombmodes/bombcarriericon.lua
79162C04AF819455,ui/generated/widgets/ingame/reticles/ret_cer_loot_s3comics_alt.lua
7923BDA57F11F664,ui/generated/widgets/frontend/seasonalevent/rex/seasonaleventsmasteryrewardbutton.lua
7926DE8CC7304420,ui/generated/widgets/frontend/aar/aarkitprogressionsubinfo.lua
792752E74F5F03A2,ui/generated/widgets/frontend/customize/vehicleselectbutton.lua
792953082BA642F9,ui/utils/hudutils.lua
793448B2BF7EC2C7,ui/generated/widgets/smallplayercard.lua
7938EC6230C0FBA3,ui/generated/widgets/frontend/aar/aaraccolade.lua
793A3DC296309827,ui/generated/widgets/frontend/challenges/operatorfilterpopup.lua
793C4DD314F7562B,ui/generated/widgets/frontend/lobby/privatematchlobbystartbutton.lua
7942A19BFB5E5B6F,ui/generated/widgets/ingame/mp/scorestreaks/hellstorm/hellstormbasecontrols.lua
79456A653865F2B7,ui/generated/widgets/ingame/mp/tombstonecontainer.lua
794861FC7D06749E,ui/generated/widgets/frontend/tabpip.lua
794E4DBB0B462722,ui/generated/widgets/common/wavedotsprecomp.lua
7950CED6D3F02081,ui/generated/widgets/frontend/aar/aarkitprogressionlayoutbase.lua
79519CDFBECAC649,ui/generated/widgets/genericwidgets/hintbacker.lua
7958634B1837B90A,ui/generated/widgets/ingameattachmentpip.lua
7959B8A8F34DB45F,ui/generated/widgets/frontend/lobby/lobbycamotrackerbutton.lua
795D3B2D2AC696A3,ui/generated/widgets/frontend/mp/cas/gunsmith/gunsmithprogressionunlocklines.lua
795EE5AED05B21BF,ui/generated/widgets/options/optionwindow.lua
7961AE7BD9D6EF79,ui/generated/widgets/ingame/gunscreens/gunscreensloth.lua
7963CF2167CBE184,ui/generated/widgets/frontend/mp/cas/perkinfolabel.lua
7964F29C0985544B,ui/utils/trialsutils.lua
7965EB2C9D4E1DC6,ui/utils/onboarding.lua
7969E5D5337F622B,ui/generated/widgets/ingame/shared/lightdamageoverlaypulse.lua
796FA9605F9C4863,ui/generated/widgets/alwaysloaded/tagbase.lua
79755DE64689D12F,ui/generated/widgets/frontend/mp/leagueplay/lpseasonendflowoperators.lua
7976662F043C5548,ui/generated/widgets/frontend/mp/dmz/dmzactivedutyoperatorcardwanted.lua
797894E2BFE4BF9A,ui/generated/widgets/frontend/mp/tournament/matchgroupleftside.lua
7979983691BF748F,ui/generated/widgets/frontend/lobby/operatorskincarouselitem.lua
797C13A9AB0FA030,ui/generated/menus/rex/pcachievementsmenu.lua
797ED439BEEB34C4,ui/generated/widgets/buttons/rex/textbutton.lua
7981E92FE0278156,ui/generated/widgets/notificationsettingsalerttab.lua
7987710A8C051101,ui/generated/widgets/ingame/reticles/reticleacog.lua
79885A96F46B19DE,ui/generated/widgets/frontend/jupbattlemap/jupbparrowbutton.lua
798C96A254C090CC,ui/generated/widgets/frontend/customize/radialcustomizationpopup.lua
798D604D03EA1A75,ui/generated/widgets/frontend/challenges/weaponmastersummary.lua
7991B00207532B17,ui/generated/widgets/ingame/reticles/rex/ret_rex_snscope_cust_15_blu.lua
7996892D8CAE2D4C,ui/generated/widgets/ingame/reticles/rex/ret_rex_reflex_cust_06_grn.lua
7996BD4BF04CD805,ui/generated/widgets/frontend/pagedbattlepass/blackcell/blackcellskinrewardmenu.lua
799EE59EDA90C752,ui/generated/widgets/ingame/mp/vehicle/vehicleability.lua
799F4EFE06291570,ui/generated/widgets/frontend/seasonalevent/seasonaleventsleaderboardchallengepanel.lua
79A1C5B6FE5F4B4F,ui/generated/widgets/ingame/reticles/rex/ret_rex_reflex_cust_10_blu.lua
79A327C6C677AC2D,ui/generated/widgets/ingame/mp/loadouteconomycatalogheader.lua
79A5522ACB726C32,ui/generated/menus/medalscollection.lua
79A8BD9F0E360CB0,ui/generated/widgets/frontend/customize/rex/callingcardfilterpopup.lua
79AB36DB8FA20AB7,ui/generated/widgets/ingame/mp/properk/properkcontainer.lua
79ABEE51EB013BAD,ui/generated/menus/dmzwalkablespacemenu.lua
79AE151D7ADD7F74,ui/generated/menus/frontend/rex/theaterhubmenu.lua
79B1DD62DB28C431,ui/generated/widgets/frontend/mp/warzoneprivatematchlobbyplaymenu.lua
79BC2576E57F9B79,ui/generated/widgets/store/partyskinbundleicon.lua
79C97E76CDFB71CE,ui/generated/widgets/buttons/buttongrithighlightwithwaveform.lua
79CFBC5A2363643F,ui/generated/widgets/ingame/temp.lua
79DF6A7CE1273EEE,ui/generated/widgets/frontend/preloadingshadersiconsinfos.lua
79E5BC572B8C4B9A,ui/generated/widgets/ingame/cp/iw8/nameplatehealthbar.lua
79EB38129C3DDDE0,ui/generated/widgets/frontend/seasonalevent/blackcell/seasonaleventspremiumpurchasebutton.lua
79F2B02E855DEF80,ui/generated/widgets/installmanager/installmanager_gamebuttonnotinstalled.lua
79F43D094AEDE940,ui/generated/widgets/tierspurchasepopupgridcontainer.lua
79F6D1560CD64E3E,ui/generated/widgets/ingame/emotedpadbutton.lua
79FA07A66748E602,ui/generated/widgets/frontend/challenges/masterchallengesarrowbutton.lua
79FF856E08C89706,ui/generated/widgets/frontend/mp/cas/gunsmith/gunsmithprogress.lua
7A0501A351CD4223,ui/generated/widgets/options/audiotestspeakerssetup.lua
7A058057B650C025,ui/generated/widgets/frontend/seasonalevent/blackcell/seasonaleventsblackcellbuttonbacker.lua
7A09E765F78AFDD5,ui/generated/menus/frontend/pagedbattlepass/pagedbattlepasspurchaserebatenotificationpopup.lua
7A0A1600056A3819,ui/generated/widgets/ingame/calloutmarkerpingpartynum.lua
7A0A675FEC3F1AFC,ui/generated/widgets/netgraphiconcontainer.lua
7A0EF0E6231DD4D7,ui/widgets/telemetrylayer.lua
7A1ECC5CD1274159,ui/generated/widgets/frontend/mp/cas/gunsmith/gunsmithprogressionmaincircle.lua
7A2089267A2A9A25,ui/generated/widgets/ingame/mp/mobilitycourse/mobilitycoursedifficultyselectionmenurewardscontainerelement.lua
7A241B41877459D4,ui/generated/widgets/frontend/barracks/barracksscorestatspreview.lua
7A27E0CD248EA67E,ui/generated/widgets/ingame/interactiveobjectpopupbutton.lua
7A2A003EDB03B4A6,ui/generated/widgets/ingame/mp/doublexpsplashcontainer.lua
7A2BC092A91CBC60,ui/generated/widgets/ingame/mp/scorestreaks/rcd/rcdtargetnotify.lua
7A2C31408A766DCF,ui/generated/widgets/frontend/seasonalevent/seasonaleventwagereventmpmodeentry.lua
7A39101FE6272B8C,ui/generated/widgets/ingame/mp/ctf/flaglocation.lua
7A39E622B578A62E,ui/generated/widgets/ingame/reticles/jupiter/jup_hybridscope_02.lua
7A3A6615668E9993,ui/generated/widgets/frontend/rex/genericbuttonlistflyin.lua
7A3BB8272AA9959A,ui/generated/widgets/dmzfobobjective.lua
7A3F90310EE082CC,ui/generated/widgets/store/storeupsiconcp.lua
7A408875101863D1,ui/generated/menus/mp/roundendffahud.lua
7A42E17EBF068BAC,ui/generated/widgets/stickerselectbutton.lua
7A44870DFE740B69,ui/generated/widgets/operatorskinpreviewimage.lua
7A461C75FA70D49E,ui/generated/widgets/rex/buttonpromptcontainerhorizontal.lua
7A476623811AC300,ui/generated/widgets/frontend/mp/tournament/tournamentwaitingforteam.lua
7A51A9B6D1F0BA52,ui/generated/widgets/ingame/cp/iw8/nameplateicon.lua
7A51E792FBC55A0F,ui/generated/widgets/frontend/groups/socialgrouplabelgridwidget.lua
7A57359A59498D60,ui/generated/widgets/brcqavailabletag.lua
7A578D0DF6F448FC,ui/generated/widgets/frontend/barracks/barrackschallengestatus.lua
7A57AE77E29942ED,ui/generated/widgets/frontend/aar/aarunlockdescription.lua
7A5822D723F36402,ui/utils/partyutils.lua
7A60477039968F84,ui/generated/widgets/ingame/mp/minimapcompass.lua
7A629271B9C08B93,ui/generated/menus/frontend/barracks/progressionunlockmenu.lua
7A687F97B68AF5DD,ui/generated/widgets/frontend/barracks/barrackschallengeitemxp.lua
7A69D6157F1636EB,ui/generated/widgets/genericwidgets/components/radialprogressbuttonprompt.lua
7A6D500E383E3959,ui/generated/widgets/ingame/reticles/reflex09_dotbase.lua
7A725867E4D5A9E4,ui/generated/menus/frontend/mp/maps.lua
7A76820E2E16E8B5,ui/generated/widgets/ingame/reticles/ret_cer_long_03_mp_therm.lua
7A78710E2B6FEBC5,ui/generated/widgets/frontend/challenges/armoryfilterpopup.lua
7A7C64DAAB7E5E54,ui/generated/widgets/options/rex/relatedsettingslist.lua
7A7DE98469F9EFB4,ui/generated/widgets/rex/perceptioncombatdetailsrow.lua
7A7E39A9E154619B,ui/generated/widgets/genericradialprogressbar_stickerbooks.lua
7A85B261829D97B2,ui/generated/widgets/frontend/jupbattlemap/jupbppurchasebladeproductitemdetails.lua
7A8F0BC91A9FF963,ui/utils/globalpanelutils.lua
7A91639F917B4E33,ui/generated/widgets/ultimatebuttonbackerframe.lua
7A95184829E5C57A,ui/generated/widgets/ingame/reticlefullscreenoverlay.lua
7A957C6280795383,ui/generated/widgets/ingame/reticles/ret_cer_loot_s35redact_alt.lua
7A976ABD51D6ED8F,ui/generated/widgets/frontend/barracks/ranktab.lua
7A9913E5BBD2C2F0,ui/generated/widgets/frontend/seasonalevent/seasonaleventseventpaneleventplusoverlay.lua
7A9924C38FA754AD,ui/generated/widgets/jupiterprogressrulerlinesflexible.lua
7A9BEACF055E5421,ui/generated/widgets/frontend/jupaar/jupaarbattlepassseasontag.lua
7AA0E46CD36A056F,ui/generated/widgets/ingame/mp/perkactive.lua
7AA6F34B5442E0BE,ui/generated/widgets/frontend/exgmplayerbalance.lua
7AA7DACF9A0DF3D3,ui/generated/widgets/mastery/masterycategoryselecttab.lua
7AAD1D52B74ADF43,ui/generated/widgets/frontend/pagedbattlepass/pagedbattlepassupsellreward.lua
7ABB91C8D1AB39DF,ui/ingame/driverhudjltvcontainer.lua
7AC3E0B8BBFB7ABB,ui/generated/widgets/ingame/reticles/reticlesniper01.lua
7AC4DCA95F697C1B,ui/generated/widgets/ingame/reticles/ret_sat_threex01_def.lua
7AC54860CFF5BC0D,ui/generated/menus/frontend/weapons/breakblueprintconfirmpopup.lua
7AC76BE1549A56FF,ui/generated/widgets/ingame/reticles/ret_sat_short_05_wc.lua
7ACC94105889186D,ui/generated/widgets/buttons/thumbnaillabelbutton.lua
7AD222A11C2F74FC,ui/generated/widgets/genericroundedrectangle.lua
7AD80BCE6C7EF19E,ui/generated/widgets/scrollbar/verticalscrollbar.lua
7ADE8DD1A2E42117,ui/generated/widgets/frontend/barracks/barrackschallengecarditem.lua
7ADF178EBCC2390B,ui/generated/widgets/frontend/mp/tournament/tournamentlobbymember.lua
7AE1ED7A336BF1B4,ui/generated/widgets/ingame/gunscreens/gunscreenkdtrackerblue.lua
7AE59F5BBE2544B3,ui/generated/widgets/ingame/mp/scorestreaks/streakactivationkeypad.lua
7AF12137ED8496F6,ui/generated/widgets/ingame/mp/scorestreaks/hellstorm/hellstormcontrols.lua
7AF7CBC4AD0D90B6,ui/generated/menus/frontend/seasonalevent/seasonaleventdetailspopup.lua
7B08C4E876FD65EC,ui/generated/widgets/frontend/mainmenu/upsellbannerbackerbeta.lua
7B0BEE8DD8216A32,ui/generated/widgets/benchmarkimpactedsettings.lua
7B0C0BA481D6D368,ui/generated/widgets/store/mw3tag.lua
7B1212BBB064FC0B,ui/generated/widgets/buttons/challengebuttonlarge.lua
7B1419B0EC65C875,ui/generated/widgets/frontend/weapons/gunsmithprogressionbuttonhint.lua
7B1AF49CF1C37C4E,ui/generated/widgets/options/favoriteoptionicon.lua
7B1BB5F53A7AF3A2,ui/generated/widgets/frontend/seasonalevent/seasonaleventslootnamecontainer.lua
7B1DE2390C9F8D2E,ui/generated/widgets/frontend/seasonalevent/rex/seasonaleventsrewardcardprogressionoverlay.lua
7B263CF36B301C45,ui/generated/widgets/ingame/reticles/ret_sat_med_10_wc.lua
7B275475168D3AF8,ui/generated/menus/frontend/mp/rex/privatematchprivacysettings.lua
7B29B0CC62C6A2B2,ui/generated/widgets/genericwidgets/buttonprompt.lua
7B2DABF45685FB7D,ui/generated/widgets/cac/itemdetailspanelvm.lua
7B2E5107C9E3B5A9,ui/generated/widgets/frontend/gifting/giftingbutton.lua
7B3554F45447F1FE,ui/generated/widgets/ingame/mp/prekillcamplayercard.lua
7B3A7E590313C9A6,ui/generated/menus/frontend/mpoperatorselect.lua
7B3D1FAAE1CA92C4,ui/generated/widgets/leagueplay/lpseasonalrewardbutton.lua
7B4D9292C8E7DDE5,ui/generated/widgets/ingame/reticles/ret_cer_loot_s55beach_rangefinder.lua
7B518F66EA111339,ui/generated/widgets/ingame/reticles/rex/ret_rex_snscope_vz_01_alt.lua
7B548D86A60A2304,ui/utils/gunscreenutils.lua
7B6468E86887403D,ui/generated/widgets/frontend/barracks/rex/mpbarracksimagebutton.lua
7B649A1CE5379913,ui/generated/widgets/frontend/seasonalevent/seasonaleventsmasteryrewardcardrewardsclaimed.lua
7B6613B867B3570E,ui/generated/widgets/ingame/mp/splashedgeglow.lua
7B69B37A3498CD53,ui/generated/widgets/frontend/distressedanimatedborder.lua
7B707D2BB17B14B8,ui/generated/widgets/loadingspinner.lua
7B7AE840D7E786DB,ui/generated/widgets/frontend/codhq/motd/motdpips.lua
7B7B32FF6BC88376,ui/generated/widgets/frontend/mp/tournament/bracketteamrightside.lua
7B81413AA49A94FC,ui/generated/widgets/inventory/base/inventoryitemdescriptiondisplaybaseclass.lua
7B81464CF30A174D,ui/generated/widgets/ingame/rex/radialselectionarrow.lua
7B882FCE4ADE9ACD,ui/generated/widgets/ingame/reticles/reticleairburst.lua
7B91C1BE1DC6BE95,ui/generated/widgets/lootrarityicon.lua
7B9308D9A82AFDD3,ui/generated/widgets/frontend/mp/tournament/bracketteamfinal.lua
7B9615109B62A175,ui/generated/widgets/frontend/mp/cas/miniattachments.lua
7B9722F497FEE176,ui/generated/widgets/cac/gunsmithgenericattachmentbutton.lua
7B9B0662CB6983CC,ui/generated/menus/leagueplay/lprankoverviewmenu.lua
7B9B5B3D436E1263,ui/generated/widgets/frontend/leaderboard/leaderboardfriendfilterbutton.lua
7BA0D12D87C74495,ui/generated/widgets/frontend/cp/playmenucpstars.lua
7BA42FB3BB1CA9AE,ui/generated/widgets/buttonpromptcontainerhorizontal.lua
7BA4B1A1A47CD680,ui/generated/widgets/ingame/whizby.lua
7BA58B4F542F0709,ui/generated/widgets/menubuttonradio.lua
7BA8C8276DE990CE,ui/generated/widgets/frontend/weapons/mpweaponmenubutton.lua
7BA98ADF683A37C9,ui/generated/widgets/wzm/store/mobileproductrarityindicatoricons.lua
7BB1A9465C7CFE62,ui/generated/widgets/ingame/inventorybackerbrackets.lua
7BB4997F1F1BC166,ui/generated/menus/frontend/social/socialprofilemenu/socialshowcaseweaponattachmentinspect.lua
7BB7FC363E21C151,ui/generated/menus/frontend/barracks/barrackscustomize.lua
7BBD9EBE19389EB4,ui/generated/widgets/ingame/reticles/flyingbananas.lua
7BBE4EA190A883B0,ui/generated/menus/leagueplay/lpchallengesrewardsselect.lua
7BBE8BC9175A4DC6,ui/generated/menus/frontend/jupbattlemap/jupbpsectorpreview.lua
7BBEC6B8681C7352,ui/generated/widgets/rex/genericoptionbuttonbase.lua
7BBFE48F301FA246,ui/generated/widgets/genericwidgets/emotesdpadbig.lua
7BC2B7391998B113,ui/generated/widgets/bonusdailychallengeheader.lua
7BC78EB7E96A4FD5,ui/generated/widgets/frontend/lobby/lobbymapvotewidget.lua
7BCB25859F058070,ui/utils/fenceplayerstats.lua
7BD328A94AEE93BD,ui/std/xhash.lua
7BDA5C10D09865B3,ui/generated/widgets/ingame/reticles/ret_cer_med_08_wz.lua
7BDAD9918040E191,ui/generated/widgets/ingame/shared/rex/singlearmorpip.lua
7BDBCDF674EDD202,ui/generated/widgets/detailedweaponstatgroupbacker.lua
7BDE601B4A2FB518,ui/generated/widgets/frontend/depot/mpstorebillboardbutton.lua
7BE454CFFC369D9D,ui/generated/widgets/ingame/reticles/ret_cer_loot_s4milsas.lua
7BE5EA0EDD2F6A62,ui/generated/widgets/frontend/aar/aarbattlepasshvtmilestone.lua
7BE63CCCEE9A79FA,ui/generated/widgets/ingame/reticles/ret_sat_med_03_mp.lua
7BE77634B4AA30C0,ui/generated/widgets/ingame/mp/scoreboard/scoreboardrowscore.lua
7BED863015E37275,ui/generated/widgets/ingame/reticles/ret_sat_short_03_wc.lua
7BEE20AA656F88AE,ui/generated/widgets/ingame/inventorybuttonbase.lua
7BF4F398B1589DE7,ui/generated/widgets/frontend/pagedbattlepass/pagedbattlepasstablabelinternal.lua
7BF5C0F7D016EF2A,ui/utils/colorblindutils.lua
7BF628ECDBD59DC8,ui/generated/widgets/hudeditor/hudeditorwidgetvisibility.lua
7BF62C73EDA883B7,ui/generated/widgets/ingame/reticles/ret_cer_med_08_zm_alt.lua
7BF8A2D68F9E233F,ui/generated/menus/frontend/challenges/camochallengesmenu.lua
7BFC32E1AEEFD94B,ui/generated/widgets/frontend/pagedbattlepass/blackcell/blackcellrewardtile.lua
7BFCDDAB2DBEC63A,ui/generated/widgets/ingame/rex/altfiretypeicons.lua
7BFDCDFF164DBAF8,ui/generated/widgets/frontend/br/brchallengebutton.lua
7BFEB4D823777DE7,ui/generated/widgets/mastery/masterybadgebuttonbacker.lua
7BFECCA604A1314B,ui/generated/widgets/frontend/sp/missionselect/levelmapdecoration.lua
7C00DABA2B25D361,ui/generated/widgets/genericwidgets/optionbuttonspopupcontent.lua
7C01BD8327FB76F7,ui/generated/widgets/ingame/reticles/ret_cer_loot_occult_alt.lua
7C03806AFFD5DADE,ui/generated/widgets/notificationcenterfeaturedcontent.lua
7C064C9DD9212340,ui/generated/widgets/cp/sandboxmissioninfo.lua
7C08AF768EC83C36,ui/generated/widgets/frontend/mp/cas/gunsmith/mininextunlockitems.lua
7C09B4EA0784B849,ui/generated/widgets/genericbuttonicononly.lua
7C0CC65CCAE8224D,ui/generated/widgets/mousecursortooltipdetails.lua
7C0F69EB014EA13E,ui/generated/widgets/store/storerowfeaturedbutton.lua
7C113637ABBB7C98,ui/generated/widgets/frontend/lobby/mapbackgroundimage.lua
7C1565A68AD077AD,ui/generated/widgets/frontend/seasonalevent/lobby/seasonaleventchallengecard.lua
7C16798DE38D65F7,ui/generated/widgets/ingame/rex/weaponinspectionpanel.lua
7C29D997D3D09C70,ui/generated/widgets/frontend/seasonalevent/seasonaleventwagereventmpearningentry.lua
7C2A5C9471293E12,ui/utils/dynamicattachmentutils.lua
7C2D223FE3F2F902,ui/generated/widgets/frontend/jupbattlemap/seasons/jupbpspecialminimapsectorswidget_s5.lua
7C2F1097A8B56428,ui/generated/widgets/ingame/reticles/ret_cer_loot_s5sensei.lua
7C350CC91DE744E3,ui/generated/widgets/frontend/social/socialgrouplabelseditpanel.lua
7C3A73AC7DFB534A,ui/generated/widgets/playlistchallengesmenu.lua
7C3D819EFEE59BB5,ui/generated/widgets/channelserviceunavailablewarning.lua
7C3FA3E0F3FBFC61,ui/generated/widgets/frontend/customize/weaponinspecttooltip.lua
7C45260157CED38A,ui/generated/widgets/toastnotificationcontainer.lua
7C46704077DD51AC,ui/generated/widgets/customcolorpickereditbox.lua
7C47344D48D3695A,ui/generated/widgets/frontend/header/headerstylefui.lua
7C4738AD7703E576,ui/generated/widgets/rex/mousecursorcontextualmenubuttonbackground.lua
7C4A4A81394DFD03,ui/generated/widgets/frontend/social/socialpartywidget.lua
7C4B774397F709EC,ui/generated/widgets/frontend/mp/loading/loadingparallax.lua
7C566CD9CCBACA5A,ui/generated/widgets/frontend/aar/aarunlockitemmisc.lua
7C5F79304E888B5E,ui/generated/widgets/ingame/reticles/rexreticlecrosshairrailgun.lua
7C6A5DB1AA927B3A,ui/generated/widgets/notificationsettingssidepopup.lua
7C6B1D123136D9ED,ui/generated/widgets/ingame/mp/rex/matchstartobjective.lua
7C70B9BAC5DAF6A2,ui/generated/widgets/frontend/mp/cas/gunsmith/gunnyattachmentsbuilder.lua
7C7140BD7F1E4F07,ui/generated/widgets/frontend/mp/cas/loadouts/importweaponbuildbutton.lua
7C726422F9D49858,ui/generated/widgets/frontend/barracks/barracksenterprestigebutton.lua
7C736D4A36E6463C,ui/generated/widgets/ingame/reticles/rex/ret_rex_fourx_cust_02_blu.lua
7C7621D7F6E1929E,ui/generated/widgets/ingame/mp/secure/securestatus.lua
7C81AB95B7B1FC4E,ui/generated/widgets/frontend/pagedbattlepass/pagedbattlepasstipoverlay.lua
7C8B3820D1A226E5,ui/generated/widgets/frontend/groups/groupleavebutton.lua
7C8E8B532E29634A,ui/generated/widgets/leagueplay/lpvictoryflame.lua
7C8FF844BC5A6890,ui/generated/widgets/ingame/reticles/ret_sat_long_04_mp_therm.lua
7C9B365DA6C7B0DB,ui/generated/widgets/rex/sticklayoutpreview.lua
7C9F6F1905506D2D,ui/generated/menus/frontend/codaccount/rex/codaccountregisterqrcode.lua
7CAE24006C87D62B,ui/ingame/driverhudnotusedcontainer.lua
7CB066095823D812,ui/generated/widgets/ingame/shared/dynamicarmorsquadstatusicon.lua
7CB36EA31BEE40E1,ui/generated/widgets/ingame/reticles/rex/ret_rex_snscope_vz_01.lua
7CB7BE2D582D3924,ui/generated/widgets/ingame/reticles/ret_cer_long_03_mp.lua
7CBC20F088C8659E,ui/generated/widgets/ingame/reticles/rex/ret_rex_snscope_cust_14.lua
7CBC7ABE69C99957,ui/generated/widgets/ingame/mp/splashdotsiconbacker.lua
7CC41B5D283E3E80,ui/generated/widgets/ingame/reticles/ret_cer_short_10_wz.lua
7CC7689E8D73AC17,ui/generated/menus/frontend/social/partyqueueconfirmationpopup.lua
7CC9FE4BA5BA4A41,ui/generated/widgets/challenges/challengeshubbutton.lua
7CCABA60C7336D12,ui/generated/widgets/genericspacer.lua
7CCC61B48EF79D77,ui/generated/menus/frontend/sharedloadoutsavepopup.lua
7CD14C3C9D6A421D,ui/generated/widgets/buttonhelperbuttonbackground.lua
7CD587C806C31E9A,ui/generated/widgets/frontend/seasonalevent/seasonaleventsrewardcardbase.lua
7CDCC762B9F8525D,ui/generated/widgets/frontend/barracks/barrackschallengeitem.lua
7CDF71D5BD0DF747,ui/generated/widgets/ingame/reticles/reticleholotherm01altpenumbra.lua
7CE4062D6006C752,ui/generated/widgets/ingame/reticles/reticlecrosshairjuliet.lua
7CE94ADDAE12FE47,ui/generated/widgets/frontend/pagedbattlepass/blackcell/blackcellmenu.lua
7CF2057F0E07A60A,ui/generated/widgets/frontend/globalplayerprompt.lua
7CF3D37B4D671FAF,ui/generated/menus/frontend/mp/dmz/dmzstashpopup.lua
7CF454B2C3953781,ui/generated/menus/frontend/social/socialrecentfilteredmenu.lua
7D00B32F866673D2,ui/generated/widgets/frontend/progression/rex/progressionrewardtooltipcontent.lua
7D026DC1A5F9DE90,ui/generated/widgets/frontend/telescopeeventdeeplink.lua
7D0997ABED50766D,ui/generated/widgets/frontend/aar/aarchallengeprogression.lua
7D09FC526CF202CC,ui/generated/widgets/frontend/lobby/rex/lobbymatchmakinginfoitem.lua
7D1316C1AA8EE546,ui/generated/widgets/mousecursorcontextualmenubuttonbackground.lua
7D15F301FAC8A237,ui/generated/widgets/frontend/unlockcriteria/criteriawidgets/unlockcriteriabundlecompact.lua
7D207C8951BFD82E,ui/utils/keyedtables.lua
7D20CDACC6573B79,ui/generated/widgets/store/storecdlbutton.lua
7D264CB8BBE98F3A,ui/generated/widgets/loadoutshare.lua
7D29B9E12E0D727F,ui/utils/mp/fencetournament.lua
7D29F38F5378C16B,ui/generated/widgets/ingame/reticles/ret_cer_loot_s3brush_rangefinder.lua
7D31AD3458ACB516,ui/generated/widgets/frontend/social/socialprofilemenu/socialprofilepresencedebug.lua
7D32D7A4DC8BF675,ui/codedependence.lua
7D3359181798FC2A,ui/mainmenupopupmanager.lua
7D351B68EB512208,ui/generated/widgets/frontend/pcachievements/pcachievementtotalscore.lua
7D44C1F471039C38,ui/luibuttoncombination.lua
7D4C44A6B8BF9781,ui/generated/widgets/doublexp/rex/doublexpnotificationelement.lua
7D4DCE0048B44FDB,ui/generated/widgets/menubuttoncheckbox.lua
7D5281289A511E2F,ui/generated/widgets/ingame/reticles/ret_cer_loot_s2wizard.lua
7D588CEE06AA767B,ui/generated/widgets/frontend/mp/outbreak/acquisitioninsuredbutton.lua
7D634F2B98888BDC,ui/generated/widgets/ingame/reticles/ret_cer_short_10_mp.lua
7D74F61732A7EB19,ui/generated/widgets/frontend/battlemapv2/bpfocusreticle.lua
7D755109BA4AF926,ui/generated/widgets/frontend/cp/cpbuffdescription.lua
7D77A058766CA53B,ui/generated/widgets/ingame/mp/netstatsicons.lua
7D78FD2B1C3BE9E4,ui/generated/datasources/zm-inventory.lua
7D79DAE09775A5DC,ui/generated/widgets/ingame/reticles/ret_cer_short_07_wz.lua
7D7F3632AD0EB2BB,ui/generated/widgets/frontend/mp/dmz/dmzfrontendexfilstreakdisplay.lua
7D859B6E505E3061,ui/generated/widgets/ingame/mp/vehicle/tacroverdiagram.lua
7D862F20293E6B43,ui/generated/widgets/ingame/reticles/starreddot.lua
7D88AF03A418CFBF,ui/generated/widgets/ingame/matchstatuswaypoint.lua
7D8C47540A7D3336,ui/generated/widgets/frontend/jupbattlemap/seasons/jupbpspecialmapsectorswidget_s6.lua
7D90DEBC82E1CAE0,ui/generated/widgets/rex/weaponstatcategorydifferencebarcomparison.lua
7D937772ED490529,ui/generated/widgets/ingame/reticles/ret_cer_long_02_wz.lua
7D95A2904F97B7F7,ui/generated/widgets/frontend/operator/operatorselectbutton.lua
7D95A5BD1C575EB9,ui/generated/widgets/frontend/aar/aardmzupgradeprogressioncard.lua
7D962D1F1E6F112F,ui/generated/widgets/buttons/buttonbacker.lua
7D969C00AC42A9C3,ui/generated/widgets/frontend/dailyloginreward/dailyloginrewardministore.lua
7D999DFF70E226F1,ui/generated/widgets/frontend/dailyloginreward/dailyloginrewardbundle.lua
7DA0809925289E1F,ui/generated/widgets/frontend/rtt/rttemblemscreen.lua
7DA1D4AE5DB6DB91,ui/generated/widgets/frontend/combatrecord/rpcombatrecordlandingtab.lua
7DA207B65D8268E2,ui/generated/widgets/frontend/aar/aarsummarymedal.lua
7DA26B2487B84911,ui/generated/widgets/frontend/battlemapv2/bpfullupsell.lua
7DAD3582DF525473,ui/generated/widgets/store/storecarryforwardmessage.lua
7DB1E3C68588C86A,ui/generated/widgets/ingame/mp/scorestreaks/gunship/gunshiprocketammo.lua
7DB7E0E578CA0B65,ui/generated/widgets/ingame/mp/br/brhudplayerstatusicon.lua
7DB7F283295C2A67,ui/utils/countdownutils.lua
7DBB6B1BE3C5C77E,ui/generated/widgets/ingame/spotterscopecoordbox.lua
7DC39D7725988B90,ui/generated/widgets/singlechevron.lua
7DC80CEAB7437A4B,ui/generated/widgets/zm/zmmenubutton.lua
7DCB2E393ECE25B7,ui/generated/widgets/ingame/reticles/ret_cer_med_08_wz_alt.lua
7DCE90DFB345DFE2,ui/generated/widgets/frontend/pagedbattlepass/pagedbattlepassupsellpopup.lua
7DCFD08AFB0DF7CE,ui/generated/widgets/frontend/mp/leagueplay/lphowtoplaymapsmodesgametypedetails.lua
7DD4FF229D7AF962,ui/frontend/tournamentpopups.lua
7DD5097DF8AD72B5,ui/utils/mp/fenceob.lua
7DDB406C42A94645,ui/generated/widgets/mp/loadouteconomycatalogteaminfo.lua
7DDF4E3A5BE514A4,ui/generated/widgets/rex/firingrangescores.lua
7DE1E03750B7E2DF,ui/generated/widgets/frontend/seasonalevent/lobby/seasonaleventlobbyselectheader.lua
7DE5352ED15B17F2,ui/generated/widgets/frontend/mp/playmenu/mapsincludeditem.lua
7DE85135490A072D,ui/utils/onboardingmissionutils.lua
7DEBB2E4C0634246,ui/generated/widgets/genericsliderbar02.lua
7DF4AA373ACD8405,ui/generated/widgets/lobbygamertagplayermouse.lua
7DF697AC608BBF75,ui/generated/widgets/frontend/social/socialprofilemenu/socialshowcasegunsmithweapondetails.lua
7DFA4F5467A01401,ui/generated/widgets/ingame/reticles/reticle04greendot.lua
7DFB13C54F9E379A,ui/generated/menus/cac/removeattachmentrestrictedpopup.lua
7E009A0E89A69238,ui/generated/widgets/frontend/worldmapspbuttons.lua
7E061EFCF28E1345,ui/generated/widgets/skillsplashbacker.lua
7E11F89CF9CE632B,ui/generated/menus/warzoneonboardingendchoicepopup.lua
7E1493A11A7FCE18,ui/generated/widgets/frontend/lobby/privatematchlobbyplaymenu.lua
7E2D899BD3FC174E,ui/generated/widgets/grenadepulse.lua
7E30451AA9C655FF,ui/generated/widgets/mp/mpscoreboardrounds.lua
7E312D6BD4D87608,ui/generated/widgets/frontend/webview/loginrewardsmallcardgfx.lua
7E3230DCD22672BD,ui/generated/widgets/genericsidebutton.lua
7E32DD1D4026C82C,ui/ingame/juggernautcontainer.lua
7E35AF0542B69244,ui/generated/menus/frontend/gifting/giftcelebrationpopup.lua
7E4607813197CAC6,ui/generated/widgets/frontend/seasonalevent/rex/seasonaleventseventinfotooltipvisuals.lua
7E474C3F4A4C619A,ui/generated/widgets/store/storetileportraitcropped.lua
7E48236178C16577,ui/generated/widgets/frontend/mp/tournament/tournamentduobracket.lua
7E498F3BC8A9AECB,ui/generated/menus/frontend/barracks/combatrecordtabsmenu.lua
7E49AD24E77760B9,ui/generated/widgets/frontend/seasonalevent/seasonaleventsuspattributecontainer.lua
7E4A02C41106949F,ui/generated/widgets/ingame/reticles/ret_cer_short_04_mp.lua
7E4B30CC69B0E906,ui/generated/widgets/ingame/zm/wwdrillgunscreen.lua
7E4B9D47C3CD6FDE,ui/generated/menus/frontend/weapons/weaponarmorytabsbase.lua
7E537302BBF31032,ui/generated/widgets/ingame/mp/rex/splashheaderwithtexture.lua
7E5D63005D664082,ui/generated/widgets/frontend/jupbattlemap/jupcodpointsbanner.lua
7E62547A13E8C9DB,ui/generated/widgets/options/rex/hudbounddraggableside.lua
7E683C1B727B5C6D,ui/generated/widgets/ingame/reticles/rex/ret_rex_reflex_cust_14.lua
7E74DE1641032B3C,ui/generated/widgets/ingame/mp/vehicle/vehiclewarningmissile.lua
7E80256D4E514555,ui/generated/widgets/ingame/reticles/rex/ret_rex_reflex_cust_12_grn.lua
7E8680EFD9098B90,ui/generated/menus/codeconductmore.lua
7E8872A48E197FE0,ui/generated/widgets/ingame/mp/dmz/gunbench/gunbenchwarningbanner.lua
7E8DAC195C6FFC17,ui/generated/widgets/inventory/inventoryitemdetailsbacker.lua
7E9107F574777E2A,ui/generated/widgets/ingame/mp/scorestreaks/gunship/rex/rexgunshipbasecontrols.lua
7E920B6039B2B525,ui/generated/widgets/ingame/reticles/ret_cer_loot_transparent.lua
7E96C1F46249711E,ui/generated/widgets/ingame/reticles/ret_cer_long_05_zm.lua
7E9904DE8621AB89,ui/generated/widgets/options/audiospeaker.lua
7E9CDE7269A76A1B,ui/generated/widgets/alwaysloaded/textwithbackplatebase.lua
7E9F5BBB27E62DF2,ui/generated/widgets/frontend/lobby/lobbyonboardingmissionbutton.lua
7E9FBDEB9D8B0C16,ui/generated/widgets/buttons/buttonbase.lua
7EA18DD826B8B594,ui/generated/widgets/options/rex/generickeybindoption.lua
7EA203A34F74282E,ui/utils/hudeditorutils.lua
7EB1F35B33970023,ui/generated/widgets/gunsmithradialcategory.lua
7EB92E2508B1183E,ui/generated/widgets/frontend/social/socialgametitlepresence.lua
7EBB2E268FC438BC,ui/generated/widgets/trainingcoursescoreevent.lua
7EBC7829EE6E9D05,ui/generated/widgets/ingame/mp/obituarycontainer.lua
7EBCFBDA7745C731,ui/generated/menus/frontend/cp/cpmaps.lua
7EBF5EBF15732E1C,ui/ingame/inventorylayer.lua
7EC290BD1DD9A6E2,ui/generated/menus/frontend/onboardinglobby.lua
7ED6B837F2622164,ui/generated/widgets/frontend/weapons/loadout/loadoutitemsingleperkbutton.lua
7EDCB293A449340B,ui/generated/widgets/ingame/rex/compassdegree.lua
7EE1B0EF00BA6527,ui/generated/widgets/batterylevelcontainer.lua
7EE3E632A66D0488,ui/generated/widgets/touch/mobilebasedamageindicator.lua
7EE977D1C10FF12E,ui/generated/menus/frontend/codhq/motd/nativemotdmenu.lua
7F0328E5763398D2,ui/utils/scriptedwidgetutils.lua
7F0672FBD0E40EEE,ui/generated/widgets/ingame/mp/netstatsdev.lua
7F1270C48CD190A0,ui/generated/widgets/frontend/seasonalevent/seasonaleventsmenucontenttemplateeventplus.lua
7F186A1AAAFAD1D0,ui/generated/widgets/frontend/mp/tournament/tournamentlogo.lua
7F18B1B19AA91E17,ui/generated/widgets/ingame/reticles/reticleoutercirclemike9.lua
7F1EA3797AA94342,ui/generated/menus/frontend/social/socialaddfriendsoverlay.lua
7F1EF3C2DC30D2DE,ui/generated/widgets/frontend/weapons/loadout/loadoutstreakitem.lua
7F21F74A77D42237,ui/generated/widgets/buttons/buttonhighlightvisiblefocus.lua
7F223DFCB5C8B11C,ui/generated/widgets/ingame/mp/matchstatusobjectiveprogress.lua
7F2345988ABDAEDF,ui/generated/widgets/frontend/mp/dmz/dmzinsuredbutton.lua
7F245E49B77A4B5D,ui/generated/widgets/frontend/friendsignupbonus.lua
7F251FF61DE2EED1,ui/generated/widgets/frontend/datasourcebundleprompt.lua
7F2976A179CAE27C,ui/generated/widgets/mousecursorcontextualmenutitle.lua
7F2FF84EF2338D79,ui/generated/widgets/frontend/seasonalevent/seasonaleventsmenucontenttemplatecommunity.lua
7F3A16ECBD91D753,ui/generated/widgets/ingame/mp/cutthroat/cutthroatteamstatus.lua
7F3D852E11BAA2AF,ui/generated/widgets/frontend/lobby/gamemodeicon.lua
7F4E9B1653E64800,ui/main.lua
7F512E3BAB948BB6,ui/generated/widgets/frontend/mp/cas/gunsmith/gunsmithprogressionpanel.lua
7F533F6470B52170,ui/generated/widgets/buttons/buttonwaveformhighlight.lua
7F53527F698CC68E,ui/generated/widgets/ingame/reticles/ret_cer_loot_s55ademon.lua
7F562613B782CA1D,ui/generated/widgets/store/storecarryforwardmessagebp.lua
7F56BDB5FAB72DF4,ui/generated/widgets/defaultpromptbuttonfonticon.lua
7F5CEFBEB6599336,ui/generated/widgets/ingame/reticles/reticle25.lua
7F5FA5F2D195F1E5,ui/generated/widgets/ingame/zm/scoreboard/zmscoreboardrow.lua
7F60CE2A30C6DD59,ui/generated/widgets/frontend/br/brpracticemodespopupbuttons.lua
7F60EFFE2C13057C,ui/generated/menus/frontend/mp/rex/playlistfiltermenu.lua
7F63C56889DFF928,ui/generated/widgets/frontend/aar/aarchallengeitemstandard.lua
7F653A5066E6841B,ui/ingame/littlebirdcontrolscontainer.lua
7F6D9876656FB87B,ui/webviewmanager.lua
7F70DB3336AC1672,ui/generated/menus/frontend/challenges/dmzchallengeselect.lua
7F7C6130BD699682,ui/luicommand.lua
7F7D563475B24D94,ui/generated/widgets/frontend/career/careerspraypingwheeltip.lua
7F7EE4B12FD0B437,ui/generated/widgets/frontend/mp/dmz/dmztraitgrouplines.lua
7F7EE80ACE76B79A,ui/generated/datasources/career.lua
7F8421E655231EA3,ui/generated/widgets/frontend/br/brplaytutorialbutton.lua
7F8712C69134495F,ui/generated/widgets/ingame/lootsplashitem.lua
7F8FAD05A5EBD509,ui/generated/widgets/store/storespotlight_5c_alt.lua
7F99DD59D95FCF40,ui/generated/widgets/ingame/mp/mobilitycourse/mobilitycoursedifficultyselectionmenuselectbutton.lua
7F9C9B7138952075,ui/generated/widgets/ingame/reticles/dotbase.lua
7F9D6A1067E005F8,ui/generated/widgets/ingame/mp/arena/rex/arenaloadoutequipment.lua
7FAAE2AB290FCF08,ui/generated/huds/mphud.lua
7FB229A0A9B3475C,ui/generated/widgets/ingame/collisionindicator.lua
7FB6F24013E2AB7E,ui/generated/widgets/ingame/reticles/orangedot.lua
7FB76901287D77C7,ui/generated/widgets/trainingcoursetimer.lua
7FBA57869E56B57F,ui/generated/widgets/ingame/shared/nameplates/nameplatearmorhealthbar.lua
7FC15A60F3D62281,ui/generated/widgets/ingame/reticles/ret_cer_loot_s2vtuber_element2.lua
7FC576E23CF7634C,ui/generated/widgets/frontend/mp/dmz/dmzgenericoperatorinfo.lua
7FC82B5B2B3BEA58,ui/generated/widgets/frontend/playerlogin.lua
7FCB22EABA90C590,ui/generated/widgets/doublexp/doublexpnotifications.lua
7FCD2E57A66F78AA,ui/generated/widgets/ingame/gunscreens/gunscreentalkingjarvis.lua
7FCE1B8939F96ADC,ui/generated/widgets/frontend/seasonalevent/rex/seasonaleventsmenucontenttemplateweeklychallenge.lua
7FCECD4F8BCF9FC0,ui/generated/widgets/ingame/notebook.lua
7FD4A6AAFACFF1F8,ui/generated/widgets/frontend/barracks/progressionunlockmasterycard.lua
7FD6370A38CFE065,ui/generated/widgets/frontend/cp/cpgamesetupbuttons.lua
7FD94B7D309FAD82,ui/generated/widgets/ingame/reticles/ret_cer_long_05_mp.lua
7FE057B0B66414AE,ui/generated/widgets/ingame/reticles/ret_cer_med_01_mp_alt.lua
7FE0FA63BCC6D56C,ui/generated/widgets/frontend/aar/aarunlockrowitem.lua
7FEB26CD165C86C3,ui/generated/widgets/ingame/reticles/rex/ret_rex_reflex_01_alt_01.lua
7FEC5EB87B7DCC12,ui/generated/widgets/ingame/reticles/rex/ret_rex_holo_03_alt_06.lua
7FED1C272305AD0D,ui/generated/widgets/frontend/depot/purchasecpbutton.lua
7FED6DC128E43C85,ui/generated/widgets/scrollbar/rex/scrollbarslider.lua
7FF1D57BAAE6A3C3,ui/generated/widgets/rex/genericcheckbox.lua
7FF235918AC9E9C7,ui/generated/menus/frontend/codhq/codhqinstallmanagermenu.lua
7FF62CCEB07A7254,ui/generated/widgets/frontend/aar/aarstats.lua
7FF68291CB0E7921,ui/generated/widgets/ingame/mp/br/rex/brteamhealthbarcontainer.lua
7FF6E333553BB048,ui/generated/widgets/store/storeupsiconreactive.lua
7FF7ED88F1E42D60,ui/generated/widgets/frontend/battlemapv2/bpbundlepurchaseblade.lua
7FFA841538647FFA,ui/generated/widgets/ftue/rex/ftuehintsection.lua
7FFCE250A1A207A6,ui/generated/widgets/textstrikethroughbacking.lua
091BC3B7F3486D0E,ui/generated/widgets/scriptedwidgetlootsplash.lua
1A0E5E3961A66557,ui/generated/widgets/ingame/sp/scriptedwidgethintcontainer.lua
1A553164B02E4577,ui/generated/widgets/ingame/sp/rex/scriptedwidgetcombinationlock.lua
277018358B3F2565,ui/generated/widgets/ingame/rew/scriptedwidgetvictorydefeatscreen.lua
28192536397262ED,ui/generated/widgets/ingame/sp/mapspecific/union/scriptedwidgetspycameraunionlisteningdevice.lua
3622902534B57125,ui/generated/widgets/scriptedwidgets/scriptedwidgetchallenges.lua
4A50C561D29B1998,ui/generated/widgets/ingame/scriptedwidgetvictorydefeatscreen.lua
4AC4E740904687D9,ui/utils/victorydefeatscreenutils.lua
5CA2790669107795,ui/generated/widgets/ingame/sp/t10/scriptedwidgetcompassareadisplaycontainer.lua
65B8A22AC8B9CDFC,ui/generated/widgets/ingame/sp/scriptedwidgetoverlayspycamera.lua
7BEFA6DDD8E9218A,ui/generated/widgets/ingame/sp/hint/rex/hintinteraction.lua
