hash,name
000BAA7B53EA2781,weapon_t10_ar_fresno_npc.all
0011F23E521CC1BE,weapon_iw9_dm_mike14_plr.all
002333C655D9829B,weapon_jup_shotgun_oromeo12_npc.all
0029BE544BF92252,sierra_med_camp.all
003496C740840316,weapon_iw9_la_kgolf_plr.all
00389555BCBF4D60,weapon_t10_pi_paris30_burst_plr.all
004C5C270E154C98,mp_m_mercado.all
00501E43D5E1E2A1,veh9_mil_air_heli_palfa.all
00502A50A275B56F,weapon_sat_ar_vulture_mastercraft_btrap.all
0062B45BA283B116,merged_mp_jup_home_01_alt_toon.all
0070718692889F2C,weapon_sat_sm_bear_npc.all
007AD97D1E2F56BC,merged_mp_t10_sm_reserve.english
0084A53C8926D247,weapon_jup_dm_bromeop_plr.all
0096883180979052,weapon_jup_dm_acharlied_plr.all
00AA876E5BCDF700,ir_hallway_concrete_sml.all
00C5FF790AA8FE03,merged_mp_jup_benchmark.all
00ED6939D605ABB8,merged_mp_sat_freerun.all
00F165358E2EB88C,ks_sat_handcannon_plr.all
00FC9CA4A963C06E,rev_veh9_civ_lnd_pickup_fullsized_2014_plr.all
0111324AF1D78BCA,weapon_iw9_sm_mpapa7_npc_sup.all
0112B1B2E1437B8F,weapon_t10_dmr_falove_auto_npc.all
012F434E93005852,weapon_sat_sh_corso_npc_sup.all
0130FCDA841543EB,weapon_t10_dmr_svalor_plr_sup.all
01326FF0C86CD283,mp_fort.english
0133BBB860BDA801,mp_jup_slaughterhouse.english
0142CE508BC80294,mp_jup_drivethru.all
0145328E2BE07F7F,weapon_jup_pi_mike93_bar_hvy_convert_plr.all
015C0C20A16DEE26,mp_jup_terminal.english
01636BF3B830B4F3,merged_mp_sat_rm_nt2025.english
016FC4BA0D99A2D8,mp_skerries_v2.all
0185B9E72611B2CA,weapon_iw9_pi_dechov15_plr.all
0197EE39A51029A5,weapon_sat_zm_dg2_turret_npc.all
01A94D951F1DF7A6,zm_ai_zombie_base.all
01A9BF9EBF9F9E5F,mp_m_mercado.english
01B5CE7D274BDE5C,weapon_jup_ar_acharlie_npc_sup.all
01B73DE725E67B7C,mp_jup_rundown.all
01B8D20D0268FC01,weapon_sat_me_nashira_hornet.all
01D32895AD5E34F8,merged_mp_sat_rm_meltdown.english
01D9A8C25D2F3E53,zm_perkmachine_juggernog.all
01DD410CC8EC607C,weapon_sat_ar_vulture_plr_sup.all
01DE1713C6537046,merged_mp_jup_resort_gw_wz.all
01E0475A17AC7670,jup_bigmap_militarybase.all
020E59D166BA3C85,merged_mp_saw_sierra.english
02210861B390F120,rev_veh9_ind_lnd_garbage_truck_npc.all
02351E6D9342F6E7,weapon_sat_ar_kite_npc_sup.all
02368307F0F95B1D,weapon_sat_sh_akita_plr_sup.all
0242ACDF3C99BF56,foley_bag_bgfull_npc.all
024F60666549FD59,mp_gamemode_gw.all
026E28D21D32BFEB,merged_mp_sat_whiteout.english
026EBC2E4B338BFA,weapon_jup_ub_chainsaw_npc.all
027CF57C98C697DB,weapon_t10_ar_coslo723_plr.all
02865B2F11B26DB4,weapon_t10_smg_saug_plr_sup.all
028BE2CD1FB10E99,weapon_t10_zm_sword_easy_plr.all
02A6C2E514EBFBDC,mp_shipment_iw9.english
02AA798E48797784,mp_luxury.all
02AF5D9EAC282B60,merged_mp_sat_ava_hightown_skr.english
02CDB3B19556DF4A,eqp_elevator.all
02D58D79A33C6C02,weapon_iw9_pi_papa220_npc.all
02E18AC3E8582660,weapon_iw9_sn_india_v15_npc.all
02ED478D02229C6E,merged_mp_jup_grandprix_pm_2.all
02F69E96856B3F03,weapon_sat_sm_bear_npc_sup.all
02FE0826D12BFCB1,weapon_sat_me_shock_baton.all
0316409B1EDAE0AE,weapon_sat_ar_hawk_npc.all
0322CD5318747E99,weapon_jup_sh_spapa12_plr.all
03285CDDD0134CDF,weapon_jup_br_hcharlie36_plr.all
032AB895BB720FC6,mp_sira_gw.english
0331BBF25A33A9F9,weapon_iw9_sm_papa90_plr.all
03386C3664938741,merged_cp_jugg_maze.all
033B4D49140D92B0,weapon_iw9_dm_scromeo_plr_sup.all
033B96503C1D8113,jup_bigmap_relic.all
0375433D0640994F,jup_mode_s1_gunfight_snowball.all
0377D1D4A771F3E0,merged_mp_farm_18.all
0378C3F902A214F1,weapon_iw9_ar_mcharlie_plr_sup.all
0389BC75440223E1,weapon_t10_smg_sroger3_npc.all
038A52F608ADB056,weapon_iw9_pi_decho_plr.all
039592C0C4A7C7EC,merged_mp_jup_das_haus.all
03A64EBAAC32EDD4,merged_mp_jup_rust_alt.all
03A90DC15D802719,mp_jup_quarry_alt.all
03B464E23735AA46,merged_mp_jup_rundown.english
03CE8319397819A2,mp_bounty.all
03D42D96E5026155,merged_cp_raid1.all
03D46AE370893C48,weapon_jup_sn_boscar_amp_plr.all
03D597B6B560BEDE,weapon_sat_dm_solomon_plr_sup.all
03EBF61F1EB4D41F,delta_district_02.all
03EF9353BD46A59A,mp_jup_resort_gw.english
03F84EAF063D1046,weapon_iw9_sm_beta_plr.all
0406C5E917E7219B,weapon_sat_sh_shepherd_npc_sup.all
041F0A8E367DE587,merged_mp_t10_gravity.english
0425E80F6284AB21,weapon_sat_sn_aden_plr_sup.all
042C5AAA62C29E29,merged_mp_sat_homestead.all
042FB633E207CB1C,mp_jup_dubai.all
042FBF28C8F9A41F,merged_mp_sat_sm_hospital.english
04590B8A993738B3,foley_gear_milmedgr_plr.all
045BB39863BEDFB0,eqp_personal_redeploy_drone.all
0489D615C1A91B7D,merged_mp_m_exhibit.all
049FB590C2995E86,mp_jup_slaughterhouse.all
04EDEAFCE128AB57,weapon_iw9_la_rpapa7_npc.all
04FEB9CD5B9E66B6,weapon_sat_sm_bengal_npc_sup.all
053429AEDCEDEADB,mp_jup_sira.english
053874332221A0AA,weapon_sat_sm_puma_plr.all
054871F341B0368A,merged_mp_jup_karachi.english
05522765F7C70937,merged_mp_t10_rm_grind.english
05526EA5AF2B34C1,weapon_sat_sl_atria_plr.all
0554FA4BE08E4373,weapon_sat_ar_egret_npc_sup.all
05842E66D6AE5CA9,merged_mp_jup_incline.english
058E907E594E31C9,rev_veh9_civ_lnd_motorcycle_cruiser_2008_plr.all
05918FC596A80B7D,weapon_iw9_sn_india_v15_plr.all
0591962FE04FAE65,sierra_quarters.all
059B142506D75F61,mp_benchmark.english
05B2E0B7AE961516,ir_room_wood_med_b.all
05C353C095DDEDED,merged_mp_jup_rundown.all
05D64A7BA0E96528,ir_hallway_wood_med.all
05DBE69196D65120,mp_toujane2.english
05E65B9F9974F610,mp_jup_fort.all
05E8341D5C494572,weapon_iw9_pi_mike2011_npc.all
05F1A746C1B859FD,rev_veh9_mil_lnd_acv_6x6_npc.all
06069E67C7F465E1,merged_mp_sat_sm_abyss.english_safe
0618AE1B74F45E39,weapon_sat_sn_baltic_plr.all
062193EEAE6DF8A5,rev_veh9_mil_sea_rhib_plr.all
062D9B0C3008C20C,mp_fort.all
06478927A662D471,merged_mp_t10_hideout.english
064F2235D2D0CA02,weapon_jup_sn_moscar_plr.all
065887C6A38A4FE5,merged_mp_jup_skidrow.all
065AAC0B5ABFD0EA,merged_mp_jup_growhouse.english
066590B61DAF9083,merged_mp_t10_canals.english
069D482FB178DF8E,merged_mp_delta.all
06A77CF57DA5096C,weapon_sat_ar_macaw_mastercraft_chrome.all
06B467133B419F89,rev_veh_jup_motorcycle_blood_burner_plr.all
06B4FE25E68DD031,eqp_extraction_balloon.all
06D6F699514A7CC7,veh9_mil_air_heli_palfa_physics.all
06DBE56AB0C229EB,weapon_t10_smg_schuck_mastercraft_s4blk.all
06E0AF3A3ADB9C80,merged_mp_sat_rm_slums.english
06F2D28238199FBB,weapon_jup_lm_halpha_npc_sup.all
06F5C241AAC9E51B,rev_veh9_civ_lnd_pickup_1990_plr.all
070454DF39932771,merged_mp_jup_home_01_alt_toon.english
0708A1EE17A7AD60,weapon_t10_ar_able18_npc_sup.all
070BDBAC90185969,merged_mp_sat_whiteout.english_safe
0711F9139B5D3C06,weapon_t10_sn_droger_plr.all
07347A383C188484,weapon_iw9_sm_apapa_plr_sup.all
073F21241F69F5F7,weapon_iw9_ar_mcharlie_v8_npc_sup.all
074038D14D56A808,mp_oilfield_6v6.all
0747289FD6E61AE9,weapon_jup_ar_foxtrot2000_plr.all
0757D3CAC24C0C2C,weapon_iw9_sm_acharlie45_v13_npc.all
07601238D5476B57,weapon_t10_me_combat_knife_mastercraft_steam.all
077046F8B2D1184B,weapon_t10_me_pickaxe_mastercraft_horse.all
07929201718E04F2,weapon_t10_smg_geasy9_plr_sup.all
07A0D10DFBC1900C,weapon_jup_dm_compound_plr.all
07C3AA0252F71F87,weapon_sat_dm_samar_mastercraft_panzer.all
07DFD86E57F3ADE7,weapon_sat_pi_orion_plr.all
080035237E1F4B8F,mp_shipment_iw9.all
08178EF1E6CA998D,weapon_t10_sl_wand_plr.all
0820CC05EF94D9EB,merged_mp_sat_ob_capricorn.english_safe
083A5DB5489B44DA,merged_mp_t10_charter.english
083CF11350D20F39,mp_farm_18.all
083D579C100A3923,weapon_sat_ar_wren_plr_sup.all
0847A04967E42CF2,delta_district_05.all
084F08800BF1B8B5,gunscreen.all
0854A3F35D3B39DF,merged_mp_sat_barrel.all
085662B71E361CF1,merged_mp_sat_the_forge_training_br.english_safe
086A9703CCCF4E9B,merged_mp_sat_ava_fort_skr.english_safe
087E0175342D9619,weapon_jup_shotgun_oromeo12_plr_sup.all
088DA2996DD98294,weapon_jup_zm_raygun_npc.all
08955CCE8CE857EF,mp_jup_m_blacksite2.all
089833E14EC111C5,merged_mp_sat_flushed.english_safe
08A5B514463AB2B1,ir_stone_house_semi_open.all
08D5D6C9C3F3899C,weapon_iw9_dm_la700_plr_sup.all
08EE852EDBB0152F,merged_mp_saw_manticore.english_safe
08F2B2718C6357FE,weapon_iw9_sh_tsierra12_plr.all
08F81BA6606B6DA2,mp_jup_paris.all
08FEDFBD98F3F97B,weapon_sat_dm_solomon_npc_sup.all
0937B79E524ED1A3,weapon_iw9_dm_mike24_npc_sup.all
093C00E7A98D75B1,veh9_common_land.all
094492A33C9C54A3,mp_jup_scrapyard_alt_v2.all
09464E4F10B3F81C,merged_mp_sat_ava_clifftown_skr.english_safe
0964B3B8223FB893,mp_toujane2.all
097297B13E82542A,weapon_jup_pi_glima21_plr.all
0972DDF2E2364359,rev_veh9_mil_lnd_tank_cougar_plr.all
097499148CDE9239,weapon_sat_ar_condor_npc_sup.all
099468CF8C54D06C,weapon_sat_ar_falcon_mastercraft_apex.all
099811C33C065247,weapon_t10_dmr_sroger25_plr_sup.all
09B6482B453436ED,weapon_sat_ar_hawk_npc_sup.all
09FDFFDCC8EA148D,iw9_operators_s4.english
0A0853480DDC8CDE,weapon_iw9_sn_alpha50_v10_npc_sup.all
0A1E313C88A00BA6,weapon_t10_dmr_svalor_npc_sup.all
0A21636B013CEF65,weapon_iw9_ar_golf3_plr_sup.all
0A3041577BDB8CF5,merged_mp_jup_shipment_alt_2.all
0A318DD2694386AF,mp_oilfield_6v6.english
0A36E694ED62828A,merged_mp_sat_rm_village.english_safe
0A40DFE836A5EB1B,merged_zm_sat_mantis.all
0A4CA3C00A2CE964,merged_mp_sat_sm_blackheart.english
0A5428D82029718C,merged_mp_sat_barrel.english
0A546053C6240DBC,br_codmas_deck_the_halls.all
0A6A8B238F221DBD,weapon_jup_sn_hsierra_npc_sup.all
0A709290E59AB1A0,weapon_iw9_lm_rkilo_plr.all
0A766A8BE9467AA6,weapon_t10_sn_ultiger_npc.all
0A85A5E83F6E7494,merged_mp_jup_fort.english
0A8D467366A9FE00,merged_mp_jup_farm_18.all
0A8E1FD3ECC22536,weapon_iw9_sm_apapa_npc.all
0A8E4BBADB3B6E20,merged_mp_sat_ob_aries.english_safe
0A93C539DD8B510E,rev_veh9_type_02_deuce_and_a_half_npc.all
0A968563A9DBB5CF,weapon_sat_ar_macaw_npc_sup.all
0A99141747B440F6,weapon_iw9_dm_stango25_plr.all
0ABB25A130417039,weapon_sat_sm_puma_plr_sup.all
0ACF650370A18B1B,mp_sealion.english
0AD81B63414E185D,weapon_iw9_pi_dechoauto_plr.all
0AE70C36D474B449,ingame.english
0AEB2AC59827A1F2,weapon_t10_zm_raygun_npc.all
0AF19184362661B8,weapon_iw9_sn_limax_npc_sup.all
0AF97787812AB96B,weapon_iw9_ar_akilo74_plr_v13.all
0B00DE1D9BCC12A3,weapon_sat_sm_marmot_plr.all
0B1A4B1D9A00F789,weapon_t10_ar_milan_npc.all
0B1ECC0485A85F49,mp_jup_derail.english
0B27F85E8C2F5B60,merged_mp_t10_casino_strike.all
0B35E622BC25A454,weapon_t10_smg_pparis90_npc.all
0B363867F4D8FD56,weapon_jup_lm_evictor_npc.all
0B483135A8609CEA,weapon_iw9_dm_xmike2010_plr.all
0B55C035719A652F,weapon_sat_dm_scotia_npc_sup.all
0B587CD328B0E21B,merged_mp_saw_sierra.english_safe
0B60C62DE78D0527,weapon_jup_sm_pmike_npc.all
0B6152BD863D9ED9,merged_mp_jup_skidrow_alt.all
0B69C853CD3A5D9C,weapon_jup_ar_golf36_plr.all
0B82B7289C727AB1,merged_mp_saba2.all
0B8E44F5B783A624,weapon_sat_sl_atria_npc.all
0B91C57A2A3F3478,weapon_iw9_me_pickaxe.all
0B96750773A2203D,weapon_jup_ar_qbravo97_npc.all
0BB3658BCC98A8D8,mp_m_fight.english
0BBB532B28E6FA58,merged_mp_sat_sm_hospital.all
0BDBA71F1FD1A93A,mp_narcos.english
0BDE0DB9EACB74BE,ks_hellstorm.all
0BE2C96C261E6A7A,weapon_sat_sm_orca_plr.all
0BE9A13B1E7696CF,merged_mp_biobunker.all
0BEAAF7519C3C837,ir_ventilation_shaft.all
0BF67B8C3212C42D,weapon_t10_launcher_stisaac_npc.all
0BF6FE2A52B32A79,weapon_jup_lm_rpapa20_npc_sup.all
0C0B7D1FD0431226,merged_cp_mission_esc.all
0C2C31EBACD55F7D,weapon_t10_dmr_falove_auto_plr_sup.all
0C2C873F268D4980,veh_jup_mil_air_heli_palfa_physics.all
0C53B022EFD2AB86,merged_mp_jup_favela_alt.english
0C681D23119A96FF,weapon_jup_la_dromeo_plr.all
0C6AA045412C5900,weapon_iw9_sm_acharlie9_npc_sup.all
0C8D5156F5320025,weapon_sat_sm_bear_mastercraft_illum.all
0C9DEA64AC754DF3,mp_intercept.all
0CC28A05AEE0FB21,weapon_sat_sl_nembus_npc.all
0CC3F7171A2D2F40,merged_mp_jup_shipment_xmas.all
0CC9338004E86452,ingame_base_mp.all
0CD770715496DCF9,weapon_jup_sm_uzulu_plr.all
0CE819B863849196,weapon_t10_smg_safox_npc_sup.all
0CEA75BBBAD8A076,weapon_jup_sh_spapa12_plr_sup.all
0CEFEB32EA69BEA8,weapon_t10_sl_napa_npc.all
0CF7C339206F20AD,rev_veh9_mil_lnd_utv_npc.all
0CFE8923CAE86F85,rev_veh9_type_10_sport_suv_plr.all
0D00557E0BA4E98B,merged_mp_jup_rust_alt.english
0D0F0A319A3E5605,merged_zm_t10_topaz.english
0D17FA39572D462F,weapon_iw9_ar_akilo74_npc.all
0D288B30461BB041,weapon_jup_sn_svictor_npc_sup.all
0D293E2B4051072C,mp_showdown2.all
0D4B19D373EF6250,merged_mp_jup_vertigo.all
0D5CC55E1E474CD1,weapon_iw9_pi_mike2011_npc_sup.all
0D5CCE2E18233251,weapon_t10_pi_mable_plr_sup.all
0D62ABCA67FE10C4,merged_mp_t10_runway.all
0D65E8F415D13FD9,mp_jup_st_c_gw_wz.all
0D6FE05010835763,foley_cloth_nylon_plr.all
0D75583A13F8FE68,merged_mp_sat_odysseus.all
0D80F1594701256E,zm_trap_laser.all
0D8F3AF331ECC87A,weapon_t10_me_cleaver_cartoon.all
0D953C7861B2EA43,merged_mp_jup_elevated.english
0DA8E2D168690556,weapon_sat_sn_baltic_plr_sup.all
0DAD3E6F983919CF,weapon_sat_ar_kiwi_npc.all
0DC8D570A5D3769F,foley_gear_scubagr_plr.all
0DD6A2F8CD85804F,weapon_iw9_sm_sdelta_npc_sup.all
0DE16DE3755DE3DB,jup_ob_eqp_monkey.all
0DEAD6848ADD114E,weapon_t10_smg_mpug40_mastercraft_braing.all
0E001179A12AB570,merged_mp_t10_spa_town.english
0E0C62CBF3D30B85,merged_mp_jup_tower.all
0E17691BCFF32421,merged_mp_jup_karachi.all
0E2A75D533DED42B,mp_frontend_jup_01.all
0E30884ACE8C9410,weapon_gunship_hellfire.all
0E3917AF7D56D268,weapon_sat_lm_zeus_plr_sup.all
0E6B1BAFC1FFD813,kls_sat_smartgun_plr.all
0E7D5D60FD93609E,weapon_jup_ar_acharlie300_npc.all
0E8115273D36B6D3,merged_mp_sat_ava_hightown_skr.all
0E932BAA3E00A873,merged_mp_jup_afghan_v2.english
0E95C23CFF078859,merged_global_shared_mp.all
0EBC5A9271160BA4,weapon_sat_sm_komodo_plr.all
0EC2FDCC31EDE1EA,jup_bigmap_suburbs.all
0ECCE8F4AF74A8F3,weapon_t10_zm_dg2_npc.all
0ED99607A842C966,weapon_iw9_dm_pgolf1_plr.all
0EDE55F16BF83640,weapon_jup_me_swhiskey_b2003_npc.all
0EF938BD769C4FD4,weapon_iw9_tu_mike242_npc.all
0F018E8E560F73F3,merged_mp_sat_the_forge_training_br.english
0F047BAD2EFBC231,mp_frag_mtx_crash.all
0F2617FF79C82780,vehicle_blima_ai.all
0F33648A861212A3,weapon_jup_lm_qbravo95lsw_plr_sup.all
0F3383D643FEB583,weapon_iw9_sn_walpha_plr_sup.all
0F37FDB6FD0C4085,weapon_sat_ar_macaw_plr.all
0F4365F857282844,mp_jup_sira.all
0F47E33E1B5C2D27,weapon_jup_sm_uzulup_plr.all
0F6A0A8E5FC85085,merged_mp_jup_quarry.english
0F6A93947F5A3923,weapon_jup_pi_uzulum_npc_sup.all
0F6F33231DDABEEC,weapon_jup_br_hcharlie36_plr_sup.all
0F823C2C04FF432E,weapon_sat_me_nashira.all
0F8CB25B5C14BFAF,weapon_t10_ar_fable_plr.all
0FA6CBC48892A03B,merged_mp_m_penthouse.all
0FA7D2848054B384,weapon_iw9_ar_golf3_npc_sup.all
0FB57BF13B465090,merged_mp_sat_flushed.all
0FC0D4F4E4A58518,weapon_iw9_dm_sbeta_plr.all
0FCB73BBA4747F56,weapon_jup_me_pdango_npc.all
0FD816206501A4CF,weapon_jup_pi_mike93_plr.all
0FDAE43B6E772D19,mp_m_king.english
0FDBABB2436EFFF5,weapon_iw9_ar_mike4_plr.all
0FE7E418B5817C8C,merged_mp_jup_rust_alt_toon.english
0FF6492D4E678DB0,merged_mp_sat_beacon.english_safe
0FF8CA91D3BBF87B,merged_mp_sat_sm_zero.english
1000785D4D73089C,weapon_t10_smg_sroger3_plr.all
1032D8182F6716AB,weapon_jup_dm_kappa98_npc_sup.all
1033A3026087B2C5,weapon_jup_zm_plasmagun_plr.all
103A5362BF90B225,weapon_t10_lm_ksugar58_npc_sup.all
1063D88BB25A1AF7,cp_raid1_trap.english
107FC41725F6FF52,merged_mp_t10_radar.all
10835922FDC0DBCF,weapon_t10_pi_goslo_plr.all
1085AD45BF6DECA7,merged_mp_jup_fort.all
108624A522D10C4D,merged_mp_sat_rm_socotra2.english_safe
10959E382C92033B,merged_mp_sat_den.english
10A1B53A23114F18,merged_frontend_ui.english_safe
10A693875AA525AD,weapon_iw9_sn_india_plr_sup_v5.all
10B2B97A94F1257D,merged_mp_saw_sm_island.english
10B38C88041E0324,mi8_infil.all
10D3550DABADDF91,rev_veh9_type_08_luxury_suv_plr.all
10D4FE609B23E94F,weapon_sat_zm_ww_mantis_plr.all
10D77A45F33EFF4E,weapon_jup_sm_coscar635_npc.all
10D85A6C6D50BDCD,mp_jup_terminal.all
10E18B5337D29D3A,weapon_t10_ar_love85_npc_sup.all
10E780A9525D505B,merged_mp_jup_highrise.all
10EF31A2502542D7,merged_mp_sat_ob_libra.all
10F45D2232C04F18,mp_jup_skidrow_alt.all
1104B389B30F1227,merged_ingame_shared_mp.all
110AD1F7641AA1C2,merged_zm_sat_locust.english
1115F67FB1F0A8FE,weapon_iw9_sh_mike1014_npc.all
1120E6B6CF0A4C6B,merged_mp_jup_das_haus_alien.english
112974095E54EB79,weapon_t10_smg_safox_npc.all
114EB7945B549274,merged_mp_frontend_sat_01.english_safe
114F8272D8499039,merged_mp_t10_extraction.all
115120821B775D03,weapon_sat_pi_alcor_npc_sup.all
1154A63D7CB92749,weapon_iw9_sn_india_plr_sup.all
115AFC455754F792,merged_mp_crossing.all
11607E537E5951C2,merged_mp_nogales_gw2.all
116D10784C9FFBF6,weapon_jup_sm_pcharlie9_plr_sup.all
116EE8A8DEA0896F,weapon_jup_ar_acharlie300_plr.all
1174F71C035F8256,weapon_iw9_ar_acharlie300_npc.all
11821BFA84D7B37F,weapon_iw9_lm_kilo21_npc_sup.all
11B178BA19A18B56,rev_veh_jup_truck_lnd_tech_aa_plr.all
11B2E78311CC5D7D,merged_mp_t10_nuketown.all
11BC1BA482C7C533,weapon_iw9_lm_foxtrot_plr.all
11CB040E141A0693,weapon_sat_sn_coral_npc_sup.all
11CB4E71E50F8F62,merged_mp_t10_extraction.english
11DBFC2DBC30FED6,mp_jup_st_c_gw.english
11F1D946C58C14E4,mp_m_lounge.english
11FB95A19661A2CE,mp_jup_resort_gw_wz.english
11FC92464FAA7EA3,merged_mp_benchmark.all
1217B5C63DFE08CF,merged_mp_jup_blackheart.all
122005FD92763851,weapon_t10_smg_pparis90_plr.all
1229A8D4F6E6E2AD,weapon_t10_sh_jhavana_npc.all
122E507230395DF4,rev_veh9_civ_lnd_suv_1996_npc.all
123458C46B805C32,merged_mp_sat_homestead.english
12372F1DD4FE077C,weapon_sat_zm_ww_ruby_loaded.all
124E5AC7E161B054,rev_veh9_civ_lnd_hummer_ev_npc.all
125264066EC4214C,weapon_t10_ar_aspen_npc_sup.all
125CF1EAC8965C40,merged_mp_sira_gw.all
126B3E1C60A29975,merged_mp_t10_nuketown_halloween.all
12718583C56EC92B,merged_mp_sat_synapse.english
1272D2E9DA867317,mp_jup_das_haus.all
1295F06513F58EDD,weapon_sat_sn_caspian_plr.all
12AB896758A207B7,weapon_jup_sm_kpappa50_plr_sup.all
12D2B4C3835A7EEF,merged_mp_t10_sm_nomad.english
12D5599E6BF7CFD0,zm_ai_zombie_toxic.all
12E406A9B67A06AC,weapon_t10_pi_paris30_npc.all
12ECF21E59806492,rev_veh9_civ_sea_pwc_plr.all
12EEC5224B4ED4F1,mp_narcos.all
130DFA6F005E6D2E,weapon_t10_sh_moslo500_npc_sup.all
13244F2E01BBB636,weapon_t10_sl_blauncher_npc.all
132C0650A2F6CB79,merged_ingame_cp.all
132D9B54CA7C1654,weapon_t10_me_nunchaku.all
1331D1E1DFE97465,merged_zm_t10_jade.english
133C5A33675931D6,mp_museum.english
13439ED518B2B53C,weapon_sat_sh_akita_npc_sup.all
1367B997085FEAFF,iw9_operators_s3.all
1370D938E2F4DE1D,sierra_promenade_east.all
137E4DD20E0AE456,merged_mp_t10_safehouse.english
139101EE2305A2AA,weapon_sat_ar_condor_npc.all
13A0B734DB795CEF,weapon_t10_zm_jetgun_npc.all
13A145166B2F5504,eqp_rebreather.all
13AF43D63366730F,weapon_iw9_dm_la700_plr.all
13B364EDCCE11E36,weapon_t10_dmr_erie_npc_sup.all
13C20F6106BD21DA,weapon_sat_sh_husky_gl_npc_sup.all
13CC20778FEB3BD7,weapon_sat_lm_hildr_npc_sup.all
13E4397C2414E0A1,weapon_iw9_ar_schotel_npc_sup.all
13E875515871188A,ir_house_open_lrg.all
13F114FC9ACA75FE,weapon_sat_ar_wren_npc_sup.all
13F7AD6154188D56,merged_mp_t10_benchmark.english
140B09CE57A17651,rev_veh9_mil_lnd_mkilo23_npc.all
140FE4C98EE64078,weapon_iw9_sm_mpapax_npc.all
1426681FD8F9EC4D,zm_trap_oil.all
142C0BC1083A7C9E,weapon_iw9_sm_uzulu_plr_sup.all
144394433D9CB55B,mp_delta.all
14581FDA356EF40F,eqp_deployable_cover.all
1461B6675B8EEFE4,merged_mp_m_blacksite2.all
1467B2B2DA605323,mp_m_floatbay.all
1468C2439001C600,merged_mp_sat_rm_slums.english_safe
1468D217924949F5,cp_hydro.all
146EFBEDE884F018,merged_mp_sat_karma.english
1470B1AA3E1F4488,weapon_iw9_dm_xmike2010_npc_sup.all
147A651D7291A35D,defender_infil.all
147A753DCA21E219,weapon_jup_sm_pcharlie9_plr.all
148CDE45F666343E,merged_global.english_safe
14945ED483AB03B3,mp_jup_dubai.english
149A64297386BC3D,mp_m_penthouse.english
149BE118DA8E1BB5,weapon_iw9_me_sword01.all
14B6264E6AD44613,mp_jup_gw_fallout_wz.all
14CCAA7512FF7161,weapon_iw9_mg_bravo50_plr.all
14E2859C03585A52,weapon_iw9_ar_mcharlie_plr.all
14F05304FE94D5F2,weapon_sat_ar_macaw_plr_sup.all
14FF84F1EA874B59,weapon_t10_dmr_erie_npc.all
1505C0902B0429D0,weapon_t10_smg_geasy9_mastercraft_s2blk.all
151034CC6955183C,weapon_iw9_ar_mcbravo_plr_sup.all
15212FA268120211,weapon_jup_sn_cdelta50_npc_sup.all
153B2D3796F50DE8,sierra_downtown.all
153B87D25452FC79,weapon_t10_sn_droger_auto_npc.all
15515AB17D059CC5,merged_mp_jup_arcade.english
1552AF01313D75D1,weapon_iw9_sn_alpha50_v10_npc.all
1562D261D8D9FD54,merged_cp_hydro.all
15824062A35B253F,iw9_operators_s2.english
1582CC5AA9CC667F,weapon_jup_ar_anovember94_plr.all
1585C6AB2E0D2202,merged_mp_jup_skidrow_alt.english
158E7863F7C8D793,merged_mp_jup_underpass.all
1595A7968384EA16,merged_mp_jup_m_exhibit.english
15991B919EACF15D,weapon_sat_ar_vulture_npc_sup.all
159BDCD98D17AAF1,weapon_jup_dm_acharlied_plr_sup.all
159EC761388F9887,weapon_iw9_ar_golf3_npc.all
15A42949225A49AF,weapon_iw9_br_ngsierra_npc_sup.all
15B8A6ABD4F9F0F1,merged_mp_t10_sm_vorkuta_mine.all
15BD6C700951EF6C,weapon_t10_zm_bahc_npc.all
15DA98A120A689D0,ir_room_concrete_med_semi_open_b.all
15E358984CECE3D1,weapon_iw9_tu_mike242_plr.all
15E9AD5C13C5129F,weapon_iw9_ar_malima_v2_plr.all
15EE037C0F71054F,mp_jup_highrise_xmas.english
15F3855829F2CF5D,merged_mp_jup_estate.english
15F3BD616E23D435,merged_mp_sat_ob_capricorn.english
15F5534D7747D57B,iw9_operators_s6.english
15FBE13E8C62DF94,weapon_t10_smg_safox_plr.all
160C26C397023B3A,weapon_sat_ar_condor_mastercraft_vault.all
160EBA27C765EFF5,weapon_iw9_ar_acharlie300blk_plr_sup.all
1616D9D61621F307,mp_jup_m_alley.english
162DFAB4E09B9DC3,ir_stairwell_med.all
163525E54F6D0FFC,mp_jup_growhouse.all
1635D83CC6CC133F,mp_fishtown_gw.english
164197EF6453E816,weapon_sat_sn_coral_plr_sup.all
164F7A2053712B49,kls_jup_drone_swarm.all
1653DB6FE2B17192,weapon_jup_lm_pkilop_plr.all
165B0B40D042E37A,merged_mp_sat_enigma.all
167BCBE22DA237E1,weapon_t10_sh_moslo500_npc.all
1681C4FB7BDB4F51,weapon_iw9_sn_walpha_npc.all
16962A24C98D8E24,weapon_sat_sm_otter_plr_sup.all
169B0AC892A0DABF,weapon_jup_sh_recho870_plr.all
169E0860A4AA367D,merged_mp_sat_lm_avalon_ob.english
16D37A203DE18DA8,veh9_common_tank.all
16E0349967D141AC,sierra_tv_station_residential.all
1708319A6E0B494B,weapon_jup_me_shotel_plr.all
172D4C2DCADCD2B5,weapon_iw9_sm_victor_npc_sup.all
174CA33A4E48042F,weapon_t10_pi_pyork_npc.all
174D71DD0603EE17,merged_mp_sat_flushed.english
175810D1239138AF,weapon_t10_sh_jhavana_plr_sup.all
176C25C8684A96E5,merged_mp_davos.all
177DD13CF04F49AE,cp_hydro.english
178C085067355DCF,ks_deathmachine_npc.all
179555FB0BF64BD9,weapon_sat_sm_bengal_npc.all
17A7EFE57EF419F9,weapon_sat_sn_coral_plr.all
17B5382CBBEDF882,weapon_sat_ar_kite_mastercraft_silverzm.all
17C463C15190F6D2,iw9_operators_s4.all
17E2A83AFC66FC73,merged_mp_jup_luxury.all
17E322FB3A9C16F3,weapon_t10_launcher_pable3_plr.all
17F6510BAE035749,merged_mp_sat_volt.english_safe
18044E187A4A0799,weapon_iw9_ar_akilo_plr.all
18054697BFB630B6,weapon_t10_sl_blauncher_npc_rico.all
181666514CDAE9CD,weapon_t10_zm_raygun_mk2_p_plr.all
181FC92135903B89,mp_m_canal.english
1830709A223EA072,weapon_iw9_sm_sdelta_plr_sup.all
1848F69163775B54,merged_mp_sat_volt.all
185831397EA6BFF4,weapon_jup_br_acharlie450_plr.all
185C277131B86315,weapon_iw9_pi_golf17_plr.all
1864B657A4CD0BE4,merged_mp_jup_shipment_alt_5.all
186BC226F088777D,ir_semi_open_between_buildings.all
187925F1F415837D,ingame_cp.english
187D3292E5AD4AAE,iw9_operators_s1.english
18A6564C462EFF39,weapon_jup_la_ubflima_plr.all
18B1322F3BF2C270,weapon_sat_dm_kara_plr_sup.all
18C793E1D24F4785,weapon_iw9_sm_acharlie45_npc.all
18CA71D26DB0A56D,weapon_sat_ar_falcon_spear_plr.all
18CDD598CDC414DF,merged_mp_jup_rust_alt_toon.all
18DCAC1C5F5CBC09,weapon_sat_sl_sargas_plr.all
190363790CF8BF4F,mp_jup_rust.all
191AB82C227056A6,weapon_sat_dm_oman_plr_sup.all
192DD675B295FC58,weapon_sat_sn_drake_npc.all
193037B91BB4CFF8,weapon_jup_sm_lwhiskey_npc_sup.all
19387AA2B7B24451,rev_veh9_civ_lnd_hummer_ev_plr.all
193A6768AB14CA76,merged_mp_t10_nuketown.english
1945262E80684137,cp_raid1_boss1.all
194A7549F48A0F53,weapon_sat_pi_atlas_npc_sup.all
194CE2384423238E,merged_mp_grandprix_pm_2.all
19566C985DEFDD65,weapon_iw9_pi_decho_plr_sup.all
195B9A2CF3FE8918,merged_mp_sat_rm_hijacked.all
195FBD51D389AA7F,weapon_t10_pi_usugar9_plr.all
197EFC7EC1A26F52,mp_jup_benchmark.all
1986DACCEFFED678,mp_fishtown_gw.all
19BB407526AEA8AE,weapon_t10_ar_gilroy_plr_sup.all
19BC6C1757D5E4D4,merged_mp_t10_redcard.english
19CD7237FFA70748,weapon_t10_ar_clove_plr.all
19E40B89FE56943E,weapon_t10_dmr_falove_auto_plr.all
19ED68C33F56B7DE,merged_mp_jup_tower.english
19F435D4115777FD,weapon_iw9_dm_la700_npc_sup.all
19F52F07AC4717C5,merged_mp_jup_st_c_gw_wz.english
19FEEC484B15F2EE,ir_hall_wood_lrg.all
1A0910C82A208A51,weapon_iw9_lm_ahotel_plr_sup.all
1A0DF5078260F094,weapon_t10_sn_droger_auto_plr.all
1A2A46C3F412A7B0,weapon_sat_ar_kite_mastercraft_bone.all
1A366EC00079A232,ir_basement_lrg.all
1A3E10FDDE51A2BB,merged_mp_sat_frontier.english_safe
1A4D1ADB32D0BC33,rev_veh9_civ_lnd_sedan_2009_npc.all
1A515C413D88A552,foley_bag_bghalf_npc.all
1A5EBA83A744E020,merged_mp_jup_underpass.english
1A70F8BBD763490C,mp_wartorn_gw.english
1A82177802627DCA,merged_zm_t10_jade.all
1A8FA94EFA1C9FEA,merged_mp_sat_rm_raid.english_safe
1A95139043CD5424,merged_mp_wartorn_gw.all
1A96C55E5552FBDC,weapon_iw9_sh_mike1014_plr_sup.all
1A9F1E91B5833518,weapon_t10_ar_love85_plr.all
1AA84AD98E601A6F,weapon_sat_sm_zebra_npc_sup.all
1ABF6D4873AD58D5,foley_cloth_spandex_npc.all
1AC5C8A7C4BE0A95,weapon_t10_sh_moslo500_mastercraft_vault.all
1ACFD1A134A40786,weapon_sat_crossbow_plr.all
1AD396C6B2A37E62,mp_farm_18.english
1AE721EB10D24F7E,weapon_jup_lm_qbravo95lsw_npc_sup.all
1AEEBEE5177E0449,weapon_t10_lm_aroger10_npc.all
1AF90B268932B080,dpv_infil.all
1B06E126C6BF88FD,merged_mp_sat_sm_chamber.english
1B0880C51B57E2C4,weapon_iw9_mg_bravo50_npc.all
1B105CF46C8BAF79,merged_mp_jup_m_alley.all
1B350A3286C85DF2,sierra_junkyard.all
1B5161523781D2CB,merged_mp_jup_shipment_alt_4.all
1B56C0A9E2BC3DA8,mp_davos.all
1B64CB1720D804D0,foley_cloth_flowing_npc.all
1B64FF9F5EC2D987,weapon_iw9_sm_apapa_plr.all
1B699EF9433C9515,weapon_sat_me_shock_baton_mastercraft_tulip.all
1B6B0CFEFD011297,weapon_t10_sn_droger_npc.all
1B85D2E3072A8BA0,weapon_sat_la_fang_plr.all
1B92DF02231785A0,code_post_gfx.english
1B97DDD4E6A2954B,weapon_sat_sm_komodo_plr_sup.all
1B9D12E8E30D6E58,merged_mp_shipment_iw9.all
1B9E7AFFA9274CCF,mp_jup_gw_fallout.all
1BA21C35C1D78DD3,weapon_t10_lm_mesa_npc_sup.all
1BB67762390AE182,palfa_infil.all
1BC7CCB7A1CF24B7,swimming_plr.all
1BDAB2029FF994DA,weapon_iw9_pi_tango9_plr_sup.all
1BE94E698C4854EB,rev_veh9_type_07_atv_plr.all
1BF6F39BD81C8B8D,weapon_sat_ar_kite_plr.all
1C080019319E0C1E,rev_veh9_mil_lnd_atv_variant_plr.all
1C0821164FF599BA,merged_mp_jup_favela.english
1C2C77C5C6042F39,veh_sat_mil_vtol_ob_gunship.all
1C395A1D601C568F,merged_mp_sat_ava_clifftown_skr.all
1C3F43B43A93A190,merged_mp_saw_avalon.english_safe
1C45CA5801593410,ingame_mp.all
1C4BB1B2A84488E2,merged_mp_catedral.all
1C5576A9BBDB8D32,weapon_jup_sm_kpappa50_npc_sup.all
1C63F73E3F1338D4,eqp_sound_veil.all
1C6720F4F2BD254F,weapon_jup_ar_bromeo805_plr_sup.all
1C6F643EADBC8D3E,merged_mp_jup_slaughterhouse.english
1C99B39FBEDB610F,mp_gamemode_br_exfils.all
1C99C8EC09D85B1A,merged_mp_sat_rm_mountain.all
1C9B22C9B23304FA,mp_jup_shipment_alt_3.english
1CA05DD55972B327,weapon_t10_sn_mary82_plr_sup.all
1CB734E3C7B7BF2B,weapon_sat_sm_orca_npc.all
1CC418923A87180E,weapon_sat_ar_egret_mastercraft_origami.all
1CF450CECE71BD2B,merged_mp_sat_karma.all
1D01ADADBA5E360D,rev_veh_jup_mil_lnd_hmg_technical_npc.all
1D03DBEF78630E16,merged_mp_t10_hideout.all
1D043D2086E96066,mp_jup_skydiving.english
1D08F24DC404925F,weapon_jup_br_aromeo200_plr.all
1D0A9AE256EA7E91,rev_veh9_civ_lnd_suv_overland_2016_plr.all
1D17525D2D8DB3D3,merged_mp_sat_ob_aries.all
1D1B03094B94966E,zm_perkmachine_elemental_pop.all
1D6E8F3F998A9FE6,weapon_iw9_ar_fecho_npc_sup.all
1D7434AF9CB97545,weapon_iw9_dm_stango25_plr_sup.all
1D78F58546D741B8,weapon_sat_sm_orca_npc_sup.all
1D7EA7B73BEADA0B,merged_mp_jup_swap_meet.all
1D83DE3B449C9F87,mp_strike.all
1D88BEA6B15AEE19,merged_ingame_gametype_bongo.english
1D985FF8D25CE7D5,weapon_iw9_lm_kilo21_plr.all
1D9EAF2844E10A02,merged_mp_t10_vorkuta.all
1DAD1133398877FF,weapon_t10_ar_love85_plr_sup.all
1DAEFC26DF094B91,foley_cloth_cloth_plr.all
1DB50452085C892C,weapon_sat_ar_hawk_plr_sup.all
1DB9E27213088828,rev_veh_jup_mil_lnd_jltv_plr.all
1DCC505E0F640B76,mp_jup_arcade.english
1DD2F43998511448,merged_mp_t10_sm_nomad.all
1DD59F3293112BEC,merged_mp_sat_co_rm_grind.all
1DDE721234752802,weapon_jup_sn_boscar_plr_sup.all
1DE04C1A987BA8C1,weapon_sat_me_saiph.all
1DF1E3CA9A14F081,weapon_sat_dm_kara_npc_sup.all
1DF33E08F07953BA,merged_mp_t10_outback.english
1DFFE52B1788E75F,weapon_iw9_dm_sa700_npc.all
1E023851339F66E4,merged_ingame_ob.english_safe
1E05239B1D4BBDA7,merged_mp_jup_shipment_xmas.english
1E1C350B2745F0B7,weapon_iw9_ar_acharlie300blk_npc.all
1E1D4EDA6E610C0D,mp_jup_skydiving.all
1E25D5038BF81E5D,merged_mp_t10_safehouse.all
1E2CA4C9144135A5,weapon_sat_pi_orion_npc_sup.all
1E4179566D6ADCB1,weapon_iw9_ar_augolf_npc_sup.all
1E4E23622A61595F,mp_wartorn_gw.all
1E59B6155084545C,weapon_jup_pi_mike93_plr_sup.all
1E78C53064FB22E8,merged_mp_saw_escape.english
1E7E73C79F3BBB64,sierra_downtown_city.all
1EC6953CAC4417B9,merged_zm_sat_ztron4.english_safe
1EC87A6ADDD78E29,zm_ai_guild_bot.all
1ED77DE315D19B42,weapon_t10_zm_dg2_plr.all
1EDCDBB1DD07A184,weapon_iw9_pi_decho_npc_sup.all
1EEE41CA28AFC5A7,mp_caves_gw.english
1EEF6B8CB9DE17DA,weapon_iw9_sm_mpapa5_plr.all
1EF20EF876DC3268,merged_zm_sat_mantis.english
1EFB79C5998E04CA,weapon_iw9_lm_ngolf7_plr.all
1F0A56D6FCBDDC39,weapon_t10_lm_mesa_plr.all
1F11EE6E97BDEB7D,merged_mp_t10_sm_numbers_station.english
1F2C9483348B8A7A,weapon_iw9_sn_limax_plr.all
1F2C991466AC98AF,crossing_suv_infil.all
1F30AD739343DB91,weapon_iw9_sm_uzulu_plr.all
1F33D4E0BF9B3250,mp_saba.all
1F35E463E0027A65,weapon_jup_lm_evictor_npc_sup.all
1F737AC507C1D399,merged_zm_sat_locust.all
1F789E664D14167A,ingame_shared_mp.all
1F7AE2055CBF5BCF,rev_veh9_mil_lnd_jltv_plr.all
1F842F2C50CF50B8,weapon_iw9_ar_ralpha_plr_sup.all
1F86B1BE30F67EC9,weapon_t10_ar_rmary2_plr_sup.all
1FABD96DD18570B5,merged_mp_sat_co_rm_firingrange2.english
1FB40D8DF7CE9B03,merged_mp_jup_rust.english
1FC32C3B31276284,merged_ingame_zm.english
1FC38569C35E30CC,weapon_jup_ar_anovember94_plr_sup.all
1FE2FB256A8377FD,weapon_t10_ar_aking74_plr_sup.all
200025DCDA8DEEC1,merged_mp_jup_bait.english
2017C885DD1B7938,mp_jup_shipment_iw9.english
20185995F7483D19,weapon_iw9_lm_ngolf7_plr_sup.all
2024180A409E8D0D,rev_veh_jup_truck_tech_npc.all
202E2D584B7212F5,merged_ingame_br.english
20625E1D4C0C983F,weapon_sat_ar_eagle_mastercraft_milspace.all
206B20259CC0E8AD,weapon_t10_zm_mangler_cannon_plr.all
208257866B11D89C,merged_mp_sat_the_forge_traincourse.all
20831E39664BB442,weapon_t10_ar_rmary2_npc_rocket.all
208E9F3E1DD76DD0,weapon_iw9_ar_akilo105_plr_sup.all
2095A747FC8891EA,eqp_gas_grenade.all
20B025D6AFBBFE3A,merged_mp_sat_sm_sora.english
20B849760C531120,weapon_jup_zm_dg2_plr.all
20C8BD12B8B19A2A,weapon_t10_ar_kent_plr_sup.all
20CC19533DBC7E38,merged_frontend_ui.english
20D48168CD61931E,ks_uav.all
20DDB52B30179E0D,weapon_jup_ar_anovember94_npc_sup.all
20DFA41962249ED1,weapon_sat_sm_marmot_npc_sup.all
21029C54D087A5D3,weapon_t10_ar_fresno_plr_sup.all
2134E7BE7C8A35D4,weapon_t10_sn_ultiger_plr_sup.all
2143D3BFD9829159,merged_mp_m_alley.all
214B0291E2C1178F,merged_ingame_bm.all
2151278B8CF71B0C,merged_mp_historic_gw2.all
2157DBF61FD7B1DB,eqp_at_mine_wz.all
215A15841B2CA00D,iw9_operators.english
216F2919F3E3B4A7,weapon_iw9_dm_stango25_npc.all
217A16ACCC053A0D,weapon_t10_ar_aspen_plr_sup.all
218BA41452E35A1C,weapon_t10_dmr_falove_auto_npc_sup.all
2196242E3BA8A720,merged_mp_sat_ava_hightown_skr.english_safe
21981168E51EA36D,weapon_sat_ar_falcon_npc_sup.all
21A8AEE3803A8E98,zm_trap_sawblade.all
21DBE236334C0E7D,mp_jup_arcade.all
21DF075E67839AA5,weapon_sat_dm_scotia_plr.all
21E197F0BE9EB439,merged_mp_t10_rm_firingrange2.english
21FD220755471DF4,jup_bigmap_cargo.all
21FE8870E84BBE8A,ir_stairwell_a.all
220F4C803C885373,weapon_iw9_ar_akilo_npc_sup.all
22216900657D2E5E,merged_mp_t10_rm_firingrange2.all
22365990E2C5D10B,weapon_jup_ub_chainsaw_plr.all
2238E1B4AAA0385F,merged_mp_jup_gw_fallout.english
224C8C273577B4CC,mp_jup_waterfront.english
224E748B2958C677,weapon_t10_me_cleaver.all
225F039003C507E6,weapon_sat_ubsh_plr.all
22618C361647659F,weapon_sat_sh_husky_gl_plr_sup.all
2263EF970B3E437B,weapon_sat_ar_macaw_mastercraft_mecheagle.all
227F92F41EC7126A,weapon_sat_sm_bear_cal_plr.all
22804C591B8C293C,weapon_iw9_tu_mike19_npc.all
2283C5C47180E1C9,merged_mp_observe_gw.all
2286BBE0E3F4FA6B,weapon_jup_sm_talpham_plr.all
229091155B47A8E7,merged_mp_t10_redcard.all
229A4BECF795B0EA,weapon_sat_lm_zeus_npc.all
22B52D76551C09B1,weapon_jup_ar_stango44_npc_sup.all
22B919E686639A91,merged_mp_frontend3.all
22B9FAC9A1EEBF6D,weapon_iw9_pi_romeo18_npc.all
22E3804822A6F16E,weapon_sat_sm_cobra_npc_sup.all
22F287CA37131C9C,weapon_t10_sh_moslo500_plr.all
22FCCBEF9ABD3C51,weapon_t10_smg_sroger3_mastercraft_bong.all
23022BF4D4D56B36,weapon_sat_lm_hades_npc.all
230EFEA93462979D,merged_mp_jup_terminal.english
2312F7775E1E19D7,weapon_sat_sm_gecko_npc.all
2333A9F309E852F7,weapon_iw9_dm_pgolf1_npc.all
233F583B8F1EA75E,weapon_iw9_ar_akilo74_plr.all
234DBE8CA1ADFD71,merged_mp_jup_favela.all
23612787F80A2118,weapon_jup_sn_boscar_npc.all
236779AFDFFB69A6,weapon_iw9_ar_falpha_npc.all
236A7D2D3A34814A,merged_mp_forsaken_gw.all
237973BA8B269997,weapon_iw9_sm_victor_plr.all
238D5777D64E54D9,merged_mp_sat_sm_liminal.english_safe
23C0A39CCC1D0680,merged_mp_jup_launchfacility.all
23F8AF5AC231989E,weapon_jup_sm_umike45_plr.all
23FB2EF973BC6A87,weapon_t10_sl_blauncher_plr.all
240B9F4A882D265E,weapon_sat_ar_vulture_npc.all
240CB0FE1093FC1F,merged_mp_sat_co_sm_flat.english
24183421953CFA5F,weapon_iw9_ar_acharlie300v6_plr.all
2436092B0CF531B7,weapon_jup_sh_aromeo410_plr.all
243BD8ED55B3517A,jltv_infil.all
24495657C987593E,weapon_sat_lm_typhon_npc_sup.all
247FB4D77DA5EB9B,weapon_iw9_sn_mromeo_plr_sup.all
248AB532DED14874,mp_strike.english
24A5280A10808D5D,weapon_jup_me_swhiskey_b2003_plr.all
24A55B51A1095E77,weapon_iw9_sn_india_v15_npc_sup.all
24A9167281448500,weapon_sat_sh_corso_plr.all
24B8692FCC0E0DB4,weapon_iw9_sh_mviktor_plr_sup.all
24C65B2A8A9D579F,cp_raid1.english
24D2E62A918B0E0E,mp_jup_derail.all
24D912321D4A894C,mp_jup_launchfacility.english
24EEA2AC2865C374,weapon_t10_sn_hugo_plr.all
24EEF2E89D3AF770,merged_mp_t10_sm_blitz.all
24F57AF40C241144,merged_mp_t10_trainingcourse.english
24F602A56C28ADFE,weapon_iw9_la_ubscharlie_npc.all
250794B101D162FE,mp_jup_shipment_alt_toon.all
251C56E6F3543C0D,merged_zm_t10_garnet.all
2520E2D6C87C6619,weapon_iw9_sh_charlie725_npc_sup.all
252C61938E4B8605,merged_mp_sat_ava_fort_skr.english
252EDD7FFE4F8160,weapon_iw9_sm_acharlie45_plr.all
254983CA20D35C15,weapon_t10_sn_mary82_npc.all
254F2CA6CED11845,weapon_iw9_la_gromeo_npc.all
255D8851A4205345,merged_mp_sat_rm_vertigo.all
25792614B1095834,weapon_gunship_25mm.all
25A489D1D700101E,merged_mp_sat_rm_vertigo.english_safe
25A6D82AD4D0139B,merged_mp_saw_escape.all
25B027E35B6EF20D,weapon_t10_pi_mable_cal_plr.all
25B7787AC6A3CFBD,mp_jup_shipment_alt_2.english
25BA8D4195EC1931,weapon_jup_lm_pkilop_plr_sup.all
25BD9ED2EBBCA270,sierra_bunker_town.all
25C0C2AE2F31FB62,mp_regional_gw.english
25D03DCD75A0FD3B,merged_mp_sat_sm_liminal.english
25EDA429E6A619D5,rev_veh9_mil_lnd_mrap_plr.all
25F3B99B5ADAB97E,weapon_jup_pi_mike93_npc.all
260C586B39964626,eqp_spotter_scope.all
260E67900C93F80E,mp_jup_grandprix_pm_2.english
261A811D84A2D862,weapon_sat_ar_egret_mastercraft_s4blk.all
2624BEB525E51A3A,weapon_jup_me_shotel_npc.all
26280FDF37B07674,weapon_sat_sn_drake_mastercraft_vault.all
262E6A8752FE5DF2,rev_veh_jup_mil_lnd_razorback_npc.all
2645F447F4085C48,weapon_iw9_br_ngsierra_npc.all
2653D630656074DC,weapon_t10_lm_puncle21_npc.all
265C86D54FC6A933,merged_mp_sat_the_forge_traincourse.english
2670D4B7E7933E66,weapon_t10_ar_milan_npc_sup.all
2674A7C3FB18AFB0,weapon_jup_br_bromeo2_npc_sup.all
2675D3A6950E7AC9,weapon_sat_dm_oman_plr.all
2694A7A2B1F90109,weapon_iw9_ar_fecho_npc.all
26993BAC70F77F37,merged_ingame_zm.all
269EFC9DF399F07E,weapon_t10_pi_goslo_npc.all
26A3C5275C7F73AB,weapon_iw9_sn_india_npc_v5.all
26D29414A8E70BD3,weapon_sat_sm_puma_npc_magprinter.all
26DF3A03A6E7D6CC,merged_mp_sat_rm_nightclub.english
26E9476382402426,merged_mp_sat_sm_freeway.english_safe
26EE4C67F66D2976,weapon_sat_ar_egret_plr_sup.all
26EF4075D9708404,merged_mp_jup_zooquarium.all
26F0A1DB90FCFDFE,weapon_sat_zm_ww_mantis_npc.all
26FB2C7A62520E38,mp_historic_gw2.english
26FF5B6CAF684494,weapon_jup_ar_foxtrot2000_9mm_plr_sup.all
2718264AEC8DDB03,weapon_jup_br_xmike5_npc_sup.all
271AF0FD4E9BE972,merged_mp_museum.all
272552155D404948,weapon_iw9_sm_mpapa7_plr.all
2738BDC4D2BF6DB8,sierra_coast.all
273D1482056A99AD,weapon_mgl_ar_scharlie_v1_plr.all
274C389DC59BDA8A,mp_jup_terminal_alt.english
274E804060D38AE5,mp_jup_subbase.english
275A38ADDF1D0904,merged_mp_jup_m_blacksite2.all
2768006EE759BD4A,ir_room_concrete_glass_med.all
27867133621E649E,merged_mp_sat_ob_leo.english
27932591D251CC64,weapon_jup_sm_uzulup_plr_sup.all
27C35151F3BCE4CE,rev_veh9_civ_lnd_pickup_1992_chop_plr.all
27C39029C375964E,merged_mp_bio_lab.all
27E57FEB263337A4,merged_mp_sat_sm_liminal.all
27EB35D984AB629B,weapon_sat_ar_condor_plr.all
27F94350752AE884,weapon_t10_dmr_svalor_plr.all
2810B5CF5806D190,foley_cloth_spandex_plr.all
281EFFCE4684F0CF,weapon_sat_pi_timir_emp_npc.all
2825B9D76E31FF3B,weapon_t10_sn_droger_auto_plr_sup.all
28304D0B2997E54F,weapon_iw9_ar_mike4_50b_plr.all
2831BFF50B06BDA3,weapon_iw9_sh_mbravo_plr_sup.all
283575F527A5E272,mp_observatory.english
283B1CE200EB0E15,merged_mp_sat_rm_mountain.english
283D1FFD7A5892B3,weapon_sat_zm_ww_ruby_plr.all
286B397F8033A69C,weapon_t10_zm_sword_easy_npc.all
287557CA9E1E0BA2,mp_jup_shipment_alt_2.all
287BB6535BE79066,merged_zm_t10_garnet.english
28885CF5B787C247,merged_mp_sat_green_screen.all
288E29E24712ED6B,weapon_jup_sm_lwhiskey_npc.all
2898661257D9D252,weapon_sat_sm_hyena_plr.all
2898FC5FB880D73E,weapon_iw9_sn_indiav10_plr_sup.all
289B3FA710A1DB30,merged_mp_jup_subbase.english
28A12AE24DEF50AB,weapon_sat_pi_timir_plr.all
28A18FF6A6CBF749,br_codmas_slayride.all
28B9711A6A49EE1A,merged_mp_sat_sm_sora.english_safe
28CF9C160C79C2EC,ir_tunnel_stone_sml.all
28F3958621969C4B,merged_frontend_ui.all
2902240578F7169C,weapon_jup_sh_spapa12_npc.all
2903411C7C5FAF4F,merged_ingame_gametype_bongo.english_safe
292080E112583863,rev_veh9_civ_sea_pwc_npc.all
292D63763E53E785,weapon_t10_sl_napa_plr.all
292F4C30A8D502C4,merged_ingame_zm.english_safe
293B058BBB45354D,weapon_t10_ar_kent_plr.all
2940F9DA7FEB9966,merged_mp_intercept.all
2945B93CD90CC31F,merged_code_post_gfx.english
29511381F83D8ECF,weapon_jup_ar_acharlie_npc.all
2956B075DF82B9C3,merged_mp_sat_sm_abyss.english
2973C0E563A24F28,weapon_jup_ar_bromeo805_plr.all
297F9E4AC4105749,mp_jup_home_01_alt_toon.all
299A107E32605B8B,sierra_storage.all
29A7DF64589905E0,weapon_iw9_ar_mcharlie_v8_npc.all
29C2AD84B57E446A,merged_mp_sat_ava_fort_skr.all
29D55FD22BE0D591,merged_mp_jup_delayed.english
29D68DE47961051B,weapon_jup_ar_qbravo95_npc.all
2A03C6235FCB2194,mp_jup_slaughterhouse_oct.english
2A0FE93C697AABD2,weapon_sat_dm_scotia_plr_sup.all
2A21E85B886BBE1F,weapon_t10_smg_roger31_npc.all
2A284D5B13D44AE1,weapon_iw9_ar_akilo105_npc_sup.all
2A331FE43ACD5AE2,weapon_sat_dm_kara_npc.all
2A37B115D27B4F20,weapon_iw9_ar_mcharlie_npc_sup.all
2A3FEB84569DC22D,weapon_jup_br_aromeo200_npc_sup.all
2A58AFC9992F6182,rev_veh9_civ_lnd_sedan_2009_plr.all
2A63D81832F8743E,merged_ingame_gametype_bongo.all
2A64DE77EB2A4486,merged_mp_narcos.all
2A9D60FF0D293B14,mp_jup_tower.all
2AA05BD2A312FD1A,foley_cloth_vestlight_npc.all
2AB0B803256A3E33,weapon_jup_zm_humangun_npc.all
2AB8089C985BD6A8,weapon_t10_smg_geasy9_npc.all
2AB952F6E01D9C92,weapon_t10_ar_able18_plr.all
2ABCDBA075657071,veh9_common_amphibious.all
2AC69E796FBBFA1F,merged_mp_sat_rm_nightclub.all
2ACBA7983F2D1A5B,merged_ingame_base_mp.all
2ADDBEB3B26DB86F,weapon_iw9_br_soscar14_npc.all
2AE9516E583D37B5,rev_veh9_mil_lnd_apc_8x8_npc.all
2AFF2BD70438CF00,merged_mp_jup_luxury.english
2AFF8C83D4A0ABBC,mindia_infil.all
2B2A1BF4D978391A,weapon_iw9_ar_mcharlie_v8_plr_sup.all
2B367F0982653693,weapon_sat_ar_albatross_plr.all
2B4D17263AF14717,weapon_sat_sn_caspian_npc_sup.all
2B4E0D57AEAC5631,weapon_sat_ar_finch_npc.all
2B4F7E6F21D4A6B6,weapon_t10_sn_hugo_npc_sup.all
2B5710F7E16B3B46,merged_mp_jup_drivethru.english
2B5984C889BD6945,weapon_jup_dm_bromeop_npc_sup.all
2B727F266CC59AAE,mp_observe_gw.all
2B7652D6CE21C015,mp_jup_bait.all
2B7D9FA1A02C319D,weapon_sat_lm_hildr_plr.all
2B8EEAEFB28BEDD5,weapon_t10_me_bgloves_npc.all
2BA835F812E3D111,weapon_jup_lm_halpha_plr.all
2BAF91BBF8C9B144,weapon_sat_ar_condor_mastercraft_actionh.all
2BC1E834FC90A8FA,merged_ingame_br.all
2BC3898ECE434E68,mp_frontend3.all
2BCBC1DFE9B5C5B8,merged_mp_sat_karma.english_safe
2BEC0A82F99F59BF,weapon_iw9_pi_golf17_npc_sup.all
2C18C89DFB5906BC,foley_cloth_poncho_plr.all
2C2024A49C095530,merged_mp_saw_avalon.english
2C23CA84AD913128,weapon_jup_shotgun_oromeo12_npc_sup.all
2C2712549B501243,weapon_t10_pi_mable_npc.all
2C32C6666761899F,weapon_t10_zm_dark_flare_npc.all
2C45BA34C3689E0F,mbravo_infil.all
2C53AA69A8756934,merged_mp_sat_whiteout.all
2C57E46606E8EAFD,weapon_iw9_ar_mcharlie_v8_plr.all
2C5FAB6685D66AA6,weapon_jup_me_spear_npc.all
2C6B3809938994D4,weapon_iw9_ar_falpha_plr_sup.all
2C7498EB056817D5,mp_jup_favela.english
2C7E3D598060E579,weapon_sat_lm_zeus_npc_sup.all
2C820753865EC80F,merged_mp_t10_pillage.english
2C876A329B894563,weapon_jup_lm_pkilop_npc.all
2C939CB230F5E6CC,merged_mp_jup_elevated.all
2CA4FD7740AE0382,weapon_gunship_hellfire_mp.all
2CA74075CCC85503,merged_mp_jup_subbase.all
2CB305A0FDC6B73B,kls_cluster_spike.all
2CC2410878402E36,weapon_sat_ar_heron_mastercraft_teddbus.all
2CC9BC9A42A32F49,weapon_jup_br_xmike5_plr.all
2CCCBF29EC4ED1B1,foley_cloth_wetsuit_npc.all
2CD3326909703608,weapon_iw9_pi_romeo18_plr.all
2CD5A2E514FF24FD,weapon_iw9_dm_mike14_plr_sup.all
2CD9ADEB22C4793A,weapon_iw9_pi_dechoauto_plr_sup.all
2CE052827B350D3F,weapon_sat_ww_raygun_mastercraft_teleport.all
2CE3BF98A343D5A7,foley_bag_bgfull_plr.all
2CFC287A3C54F56F,merged_mp_t10_sm_reserve.all
2D0627735B4B5CDA,mp_jup_favela.all
2D074E1CA7866123,mp_jup_elevated.all
2D1B0647772472B0,weapon_jup_dm_slima8_npc.all
2D2C46F34E644CDF,weapon_t10_sh_uncle12_npc_sup.all
2D3D9D99148BCB55,merged_zm_sat_firefly.english
2D4DB3707A0F20BB,merged_ingame_mp.all
2D51159380F41722,weapon_sat_sm_bengal_mastercraft_s5blk.all
2D535D7754EF5E14,mp_jup_hydro.english
2D5C9FDF375C2E62,weapon_t10_dmr_sroger25_npc_sup.all
2D5D1E5B9A3E4C5D,weapon_iw9_dm_sbeta_npc.all
2D60DF715E7DCE55,weapon_sat_sm_gecko_plr_sup.all
2D74013C8639655E,weapon_t10_pi_pyork_plr.all
2D8D5852C63BEE76,weapon_t10_dmr_falove_npc_sup.all
2D97305C98219B1B,merged_mp_jup_home_01.all
2DAED75929422A5A,rev_veh9_type_07_atv_npc.all
2DD1941A193AFE27,mp_jup_hydro.all
2DDC8CB58405189D,weapon_jup_sm_umike45_plr_sup.all
2DDF552E673C70F3,weapon_iw9_sm_acharlie9_v2_plr.all
2DDFC5DD1F138110,weapon_iw9_lm_dblmg_npc.all
2DFB4C28C252B426,weapon_iw9_sm_acharlie45_v13_plr_sup.all
2E07B70DB5FBB19A,veh9_common_air.all
2E108CA22EA9E5B2,merged_cp_observatory.all
2E271E4A6472F1B3,weapon_sat_sm_cobra_plr_sup.all
2E4465646E363978,weapon_iw9_sn_india_npc_sup.all
2E58D49E90916CD5,weapon_t10_smg_saug_npc_sup.all
2E6FF175D8784D35,weapon_iw9_sm_mpapax_plr.all
2E879D631C318B83,merged_zm_sat_ruby.all
2E8EC668AE6BED5C,sierra_dam.all
2EAF89632B7000F8,merged_mp_jup_shipment_iw9.all
2EB54077B2F11128,weapon_sat_ar_condor_plr_sup.all
2EBC21AD01529A4C,weapon_jup_lm_mgolf36_selectauto_amp_plr.all
2ECD6A2C8B0817A7,weapon_t10_ar_kent_npc_sup.all
2ED028A92123B754,weapon_iw9_sm_aviktor_plr.all
2ED79BED1A9CFAEE,weapon_sat_sm_puma_npc_sup_magprinter.all
2EDA17135766C3CA,merged_mp_t10_rm_veiled.english
2EEA96EF33EA7DAC,rev_veh9_civ_lnd_motorcycle_cruiser_2008_npc.all
2F183E0F32DB3575,merged_mp_sat_enigma.english
2F28E58C9647DE17,weapon_sat_crossbow_npc.all
2F2AF327A34BEE4C,weapon_sat_sm_bengal_mastercraft_highend.all
2F34DFE3F192928B,merged_mp_sat_scar.english_safe
2F396E67506BF991,merged_mp_t10_charter.all
2F4B32153B5DADF5,foley_gear_millghtgr_npc.all
2F51AB1C75114F56,ir_outdoor_with_delay_lrg.all
2F7060A3F453D45B,sierra_prison.all
2F7FC29AE7288CB1,sierra_airport.all
2F8BB422654256A0,weapon_iw9_pi_mike2011_plr_sup.all
2F964EB62F2D038E,weapon_jup_la_dromeo_npc.all
2F97D907FE7F100D,merged_mp_sat_co_sm_flat.english_safe
2FA85D8A6A10073C,weapon_sat_pi_atlas_npc.all
2FACB6AE65E96944,weapon_t10_ar_milan_plr.all
2FAF74D76A5DE6B4,mp_m_alley.all
2FBC07D0B562B086,swimming_npc.all
2FC3D7045B776C8B,weapon_iw9_sm_mpapa5_npc.all
2FDC645A99D56DE2,weapon_t10_sh_uncle12_plr_sup.all
2FFD575AFD8978BB,weapon_t10_zm_raygun_mk2_r_plr.all
3000FFFAD624DF2B,weapon_iw9_sn_limax_npc.all
3026E3FB29E048B6,merged_mp_t10_island.english
30270CE850E32180,weapon_sat_ar_finch_mastercraft_spyvil.all
302AEF7B188C67A8,mp_jup_highrise_xmas.all
303D0D69C7A8E2DF,merged_mp_sat_rm_hijacked.english
3046B3C499CD3D41,weapon_iw9_lm_mkilo3_plr_sup.all
304ED238C952E795,weapon_jup_pi_mpapa9_npc_sup.all
3058F074BC172631,weapon_sat_sm_serval_plr_sup.all
306BF6EFA0369DB5,mp_jup_farm_18.all
3087DB4C02636AF2,weapon_iw9_lm_ahotel_plr.all
30911F1139D06C4A,mp_jup_subbase.all
3093C798F4CDD081,weapon_t10_ar_tbaker_plr_sup.all
30A981D1806C4037,merged_mp_t10_rm_russianbase_rm.english
30B2BF6CFECF372B,weapon_t10_ar_gilroy_npc_sup.all
30BAE6323BAC354D,weapon_t10_smg_chuck9_npc.all
30D97661D13C0266,merged_mp_jup_shipment_alt_3.all
30DDE221A6820D44,cp_lone.english
30E21E4E3D5F080D,merged_mp_sat_sm_hospital.english_safe
30F06F29782704E1,merged_mp_jup_shipment_alt_3.english
30F60703C364302E,foley_gear_scubagr_npc.all
3103BB4B50350AB8,rev_veh9_mil_lnd_acv_6x6_plr.all
311ED98F515CDBC6,weapon_t10_smg_saug_npc.all
313B3397986A60E5,weapon_sat_sm_zebra_plr.all
3193CD591BB81DCA,weapon_iw9_sh_charlie725_npc.all
31A79FAE050D1667,merged_mp_jup_sira.all
31B308A41037A4DB,merged_mp_oilfield_6v6.all
31D87F9BA126F0CE,weapon_t10_zm_raygun_mk2_plr.all
31DABA8701E8DEE9,weapon_t10_sh_uncle12_mastercraft_mire.all
31E6C42E8194A449,weapon_sat_sm_zebra_mastercraft_puzzlebox.all
31F5F51F21405D59,veh9_common_sea.all
31FE21CB9F85C099,rev_veh_jup_mil_lnd_buggy_orav_plr.all
320750C2E7B69C54,weapon_sat_ztron_dg2_npc.all
3215B9DB57423C19,weapon_t10_zm_raygun_mastercraft_repair.all
3232B0516021BB2D,rev_veh9_civ_lnd_sedan_hatchback_1985_npc.all
3251D413A3CD24AF,weapon_t10_ar_clove_plr_sup.all
32535597DDA5BE4F,mp_jup_delayed.all
327003D1DEC3B6C5,weapon_jup_sm_kpappa50_npc.all
3274D874FBDF0A41,merged_mp_sat_rm_raid.all
32929E71404A0E7E,weapon_iw9_mg_mack240_plr.all
3293BE2484BD4A9A,weapon_iw9_ar_ralpha_npc.all
32B45758EFDEB1DE,weapon_iw9_ar_scsierra_plr_sup.all
32C93A08C3454E5C,merged_mp_sat_the_forge_training_br.all
32F0A61E16DD2EBF,weapon_jup_sm_coscar635_plr.all
3300297C669259F1,merged_mp_sat_sm_sora.all
330F1B2A36AD10C1,merged_mp_jup_emergency.all
33150710FEFDAFE4,weapon_iw9_ar_acharlie300_plr_sup.all
333D834A7B9A6444,merged_mp_t10_sm_flat.all
3340BCC83CD91758,merged_mp_jup_paris.english
33548CCC3DEB5995,weapon_jup_sh_aromeo410_npc_sup.all
3359C62E4CAB195A,mp_jup_vertigo.english
336F35CCC2A5735B,merged_zm_sat_ztron4.english
338084499A4EC3C3,merged_cp_raid1_trap.all
33864F22913D4EC7,ir_room_concrete_sml.all
3398BD730B2C6BA6,mp_jup_favela_alt.all
33BD5D25A2B5923B,weapon_iw9_sm_uzulu_npc_sup.all
33C6832FFB68D1D0,mp_jup_scrapyard_alt_v2.english
33D52EF660C3DC9C,mp_jup_delayed.english
33D90BC046D61F87,weapon_sat_lm_hades_plr.all
33E57D5595C6FA7E,weapon_iw9_sh_mbravo_npc_sup.all
341D6EA5C550EF0B,merged_mp_sat_volt.english
3426CF0AA1ECEE3C,eqp_tac_insert.all
3426DA7948D371E8,weapon_t10_sn_hugo_mastercraft_voyage.all
3430CE821AA2448C,weapon_sat_ar_finch_plr.all
344C44D080EECFDA,weapon_jup_sm_talpham_npc.all
344FA2773D591A0D,ingame_base_mp.english
34502CABDAA69D22,weapon_t10_launcher_pable3_npc.all
345E52501A3A9052,weapon_iw9_br_ngsierra_plr_sup.all
347DB1F0C5A554AB,merged_mp_jup_waterfront.english
3482B3E54A4B931C,mp_jup_gw_fallout.english
348D04593B32F718,mp_frontend_jup_01.english
34956D248618D533,merged_mp_sat_sm_chamber.english_safe
349E036E185EBEE9,mp_observe_gw.english
34A79DB02CCB3566,weapon_t10_smg_perth_mastercraft_creature.all
34ABC05F3AD37BF5,saba_cp_mission_esc.all
34BFCEF6253512DC,weapon_iw9_sn_alpha50_plr.all
34C144E1630C076D,weapon_iw9_ar_akilo74_npc_sup_v13.all
34C6182357D0382D,mp_jup_shipment_xmas.all
34CE214C8F29A2D0,weapon_ar_mike4_npc_radio.all
34E95D5E416C88BC,weapon_jup_ar_acharlie300_plr_sup.all
34F23E1AEE4C0783,foley_bag_bghalf_plr.all
3503A22B84F1D863,weapon_sat_lm_typhon_plr_sup.all
3510ADA6E5AE0B50,weapon_iw9_lm_mkilo3_npc_sup.all
353F4B9D1227A126,weapon_iw9_ar_acharlie300blk_plr.all
35426D4E1091729C,weapon_t10_ar_aking74_npc_sup.all
355CFEE95D1194C1,weapon_iw9_dm_scromeo_npc_sup.all
3569B605B0828E4F,weapon_iw9_sh_tsierra12_npc.all
357C6B51BA4CAFF0,rev_veh9_mil_lnd_apc_8x8_plr.all
357D859884941048,weapon_sat_dm_samar_npc_sup.all
3593E6C65B5F5CC6,rev_veh9_mil_lnd_tank_npc.all
359685805298707E,rev_veh9_mil_lnd_jltv_npc.all
3596CD8FA846F5AC,weapon_sat_ar_falcon_plr_sup.all
359BA2D5A16E582D,merged_mp_jup_favela_alt.all
35AF80545844C00C,foley_cloth_wetsuit_plr.all
35B07FEC937D58C1,merged_mp_sat_co_rm_grind.english_safe
35B26E8C8047102C,weapon_t10_smg_roger31_npc_sup.all
35BABE3EA802B531,weapon_sat_sm_puma_plr_sup_magprinter.all
35BD02EB9C8F50C6,merged_global_stream_mp.all
35BEFF6EC3AFD2C7,weapon_sat_ar_eagle_npc.all
35BF1AEE683BF3F2,weapon_iw9_sm_acharlie9_plr.all
35CADA97447EBE5E,weapon_iw9_sn_walpha_npc_sup.all
35CBD44BF0B3754B,merged_mp_t10_dealership.all
35D74B215B8313A7,weapon_jup_lm_evictor_plr.all
35E392BCED15C0FB,merged_mp_t10_sm_capital.all
35ED3B7751F5AE75,ir_room_concrete_med.all
3601CC510811B0D0,weapon_t10_sn_mary82_plr.all
363D6DD628DBE2D4,weapon_iw9_sh_mike1100_npc.all
365CDCD57A1C67BD,merged_zm_t10_opal.english
3686722CF743A331,weapon_iw9_sh_mbravo_npc.all
369FF5169505CEFA,merged_mp_sat_ava_shipyard_skr.english
36B7B8A322A4EE7F,merged_mp_sat_freerun.english
36B86A93631975BC,weapon_t10_ar_fresno_plr.all
36B9177B656A9177,weapon_sat_ubsh_npc.all
36DB212BFAFFA66A,eqp_thermite.all
36E8FDD88988553C,cp_jugg_maze.all
36ED48E4FED2E0A3,weapon_iw9_pi_mike2011_plr.all
36F37FD85939BDDB,weapon_sat_lm_zeus_plr.all
36FA98B7ABD929AF,weapon_jup_sn_boscar_amp_plr_sup.all
370531383157723C,sierra_airport_farm.all
370EFEDD142613BD,weapon_t10_pi_goslo_npc_sup.all
37207FD9D64923CC,weapon_t10_ar_asvalor_plr_sup.all
37252266C5B11D2B,weapon_iw9_ar_fecho_plr_sup.all
3737792926731EF9,weapon_sat_sm_bear_cal_plr_sup.all
374E998947BC6EB0,weapon_iw9_sm_acharlie9_v2_plr_sup.all
374FFCE302D598F2,merged_mp_t10_penthouse.english
375692051ADAA9B7,weapon_iw9_lm_rkilo_plr_sup.all
37598548166476A0,mp_jup_gw_fallout_wz.english
37683C36F0B61258,weapon_iw9_sm_mpapa5v16_plr_sup.all
377D0A26A36EC57A,weapon_sat_lm_hildr_plr_sup.all
378C615BAC8110AB,merged_mp_t10_rm_hacienda_alt.all
378D0762DFF57D13,mp_jup_rundown.english
3791FAE9508A62C0,merged_mp_jup_wasteland.english
379DDB6771F6DCE4,merged_mp_sat_sm_blackheart.english_safe
37A111161FAEF880,mp_intercept.english
37A1BF41FBEC0AF7,weapon_t10_me_drill_bbots.all
37A4880BE379AB97,mp_jup_fort.english
37B72B8B7C425A72,weapon_sat_zm_necrofluid_gauntlet_plr.all
37C40853C3C6F356,weapon_iw9_ar_malima_plr.all
37DD9F5FD371EC7B,weapon_iw9_ar_scsierra_npc_sup.all
37EC873262C17873,weapon_jup_sn_svictor_plr.all
37F504926948D974,weapon_jup_pi_mpapa9_plr_sup.all
3801024D0C62F274,merged_mp_sat_synapse.all
381A79961D9B9489,weapon_t10_pi_stiger_npc_sup.all
3829B2FEBC7B96E6,weapon_iw9_sm_victor_npc.all
382A44442088BD86,weapon_jup_sh_aromeo410_npc.all
382EF60AA845F332,foley_cloth_nylon_npc.all
383AAF9B4302910D,weapon_t10_ar_asvalor_npc_sup.all
383B67F86B1BFC5D,weapon_t10_ar_love85_npc.all
3843E85C45ADC415,mp_jup_resort_gw_wz.all
384630DFAEADC129,weapon_iw9_ar_helima_npc_sup.all
3846BAB461CBEF10,weapon_sat_ar_albatross_plr_sup.all
384D5F2AA9B4D35E,weapon_t10_me_katanas.all
384DAB5EE4CCF31E,weapon_sat_sh_akita_plr.all
386D65F47B3C0A04,ir_room_wood_sml_b.all
38A62ED742144861,merged_mp_t10_sm_mothball.english
38A73AD000C4764E,mp_m_canal.all
38B0FDEDC75ED30E,weapon_jup_ar_anovember94_npc.all
38B6730F4C198ABB,mp_townhouses.english
38BED1142F9908FB,weapon_jup_ar_talpha95_plr.all
38E0337696E56690,weapon_t10_me_bgloves_plr.all
38EB552A842A4B4D,weapon_sat_me_shock_baton_mastercraft_vault.all
38F1709DBE073051,weapon_sat_ztron_dg2_plr.all
38FC4E9A695BE831,mp_floatinghouses.english
390B5E3A94998A57,weapon_t10_sn_ultiger_plr.all
390B64952C50141E,mp_jup_greece.all
390D5F71D1E6B530,weapon_sat_sn_aden_npc_sup.all
39152A1A85D10710,mp_saba2.all
3916DEEF3155CC2E,weapon_iw9_ar_malima_v2_npc.all
39229057FC5E614D,veh9_common.all
39235664A9A1EA1B,mp_luxury.english
393540163A04ADF3,weapon_iw9_ar_scharlie_plr_sup.all
3937139F2B465709,weapon_t10_smg_lisbon_npc.all
39406BED013A4226,rev_veh9_type_05_diesel_pickup_npc.all
394646F56031BE35,weapon_gunship_40mm.all
394C379120A8F799,weapon_sat_ar_egret_plr.all
395A3134C681BC89,rev_veh9_mil_lnd_atv_npc.all
3961FC78C400E2C6,rev_veh_jup_mil_sea_rhib_plr.all
396825790CB88E81,sierra_stadium.all
39689A1EF51F8362,weapon_t10_me_sai.all
396B64E8563E17E9,merged_mp_t10_penthouse.all
396E434A40560434,merged_mp_sat_green_screen.english
397356C5B46315C8,weapon_t10_smg_schuck_mastercraft_necro.all
39760BFB7B9B26D3,foley_gear_wstmedgr_plr.all
39779275904DD3CA,weapon_jup_dm_slima8_plr_sup.all
397C41A44A4BF9AB,jup_mode_s1_terminus.all
3983619419BE930B,mp_jup_emergency.english
3988E3C7D1B1E6DB,merged_mp_t10_sm_flat.english
399DDA7762C27301,foley_cloth_ghillie_plr.all
39B0EFC8ACE73ECE,merged_mp_jup_highrise_xmas.english
39B43AD91F8F18B6,ir_subpen_concrete.all
39B44D86AC0EB9F0,frontend_ui.all
39BE329072AF98CC,weapon_t10_dmr_sgeorge550_plr_sup.all
39BF57E22D8294F0,eqp_bunkerbuster.all
39DE0EF38DAE30AB,sierra_port.all
39E77FAC8F5672DE,merged_mp_t10_firebase.english
39E9911D121D5A05,weapon_t10_smg_perth_plr_sup.all
39FEF1C619CA1E6B,weapon_t10_ar_rmary2_npc.all
3A0ED785E0F9FE0D,ingame_br.all
3A1819A6856C3A68,weapon_t10_smg_chuck9_plr.all
3A39778F09CD550D,mp_jup_benchmark.english
3A4038CB546B2A84,weapon_sat_lm_hades_plr_sup.all
3A414D0C9B3660EF,merged_mp_sat_ob_gemini.english_safe
3A44406F30260EF9,merged_mp_jup_dubai.all
3A47B281D1E83296,weapon_t10_sn_droger_auto_npc_sup.all
3A4CF20FD9D51D05,weapon_t10_sn_love96_plr_sup.all
3A59CBF02AA47A1C,weapon_jup_sm_pcharlie9_npc.all
3A6C86750B1E95A7,weapon_jup_me_pdango_plr.all
3A74D27F057E82A9,merged_zm_t10_bloodstone.all
3A7D3116C2B83F53,sat_ob_toxin_bomb.all
3A907ECB1B568219,mp_oilfield_gw.english
3A91044EDA0F3498,jup_mode_s1_terminus.english
3ABC256ED7E1345F,jup_bigmap_resort.all
3ABC4CF18BC8E382,weapon_jup_zm_humangun_plr.all
3AD86251DF69060D,weapon_t10_dmr_sgeorge550_npc_sup.all
3AE6889C7636D8AD,merged_mp_sat_sm_freeway.all
3AEB35A23AAAAB38,weapon_sat_pi_timir_plr_sup.all
3AF9E4FA9AB5650C,weapon_jup_sh_recho870_plr_sup.all
3AFABF25DDE14B74,weapon_jup_sh_aromeo410_plr_sup.all
3AFBC38A228D8D7E,veh9_common_amphibious_armored_boss.all
3AFCF23C3290F90C,weapon_jup_sm_coscar635_plr_sup.all
3B144D2F69B41713,weapon_iw9_ar_schotel_plr.all
3B25ADD8066A0EF8,weapon_iw9_ar_helima_plr_sup.all
3B747298E7F1BFD9,weapon_t10_smg_saug_mastercraft_forge.all
3B7E5190CA71F9DE,weapon_t10_ar_fable_npc.all
3B8461EC945A6DF0,mp_gamemode_lockdown.all
3BE63771019D54F3,weapon_iw9_dm_scromeo_plr.all
3BF03F8D3AB13D23,weapon_t10_zm_raygun_plr.all
3BFB45F64738BA96,weapon_sat_sm_otter_npc.all
3C10D0A799955AB3,merged_mp_saw_sm_island.english_safe
3C1609D56A0998A7,weapon_iw9_ar_acharlie300_plr.all
3C24B3307EAFBCC8,weapon_t10_launcher_stisaac_plr.all
3C2FBEBAF3E99CF0,weapon_iw9_lm_foxtrot_plr_sup.all
3C325FB027AAD794,rev_veh9_type_08_luxury_suv_npc.all
3C36D84558BEB214,merged_ingame_shared_mp.english
3C3C9F46C735C6D0,mp_jup_zooquarium.english
3C4B74D211EE6E90,mp_nogales_gw2.english
3C5AC9F65CF0E520,weapon_jup_dm_acharlied_npc_sup.all
3C6289FC7F10809D,merged_mp_frontend.english
3C7670E5227390F8,weapon_t10_ar_rmary2_npc_sup.all
3C79A74A35FC0F1C,merged_mp_jup_blackheart.english
3C8DEEE4F11C170E,weapon_t10_pi_usugar9_npc.all
3CBE30B7C0AAF8F7,merged_mp_t10_sm_blitz.english
3CC2139B6AF92DD0,mp_arn_zone1.all
3CC508FB636635C7,merged_mp_t10_casino_strike.english
3CC6BEBF1F366F5A,weapon_jup_ar_qbravo97_npc_sup.all
3CCCB874B2594D5B,weapon_jup_br_acharlie450_plr_sup.all
3CCCDCD3FB7EB82B,merged_mp_sat_enigma.english_safe
3CF618A453AA78A2,merged_mp_jup_m_alley.english
3CFDCA6A17646045,weapon_jup_dm_svictork_plr_sup.all
3D0748A424F05C71,kls_jup_remote_turret.all
3D0C33F329239121,mp_jup_favela_alt.english
3D14888AE94E3539,weapon_iw9_sm_aviktor_npc.all
3D207B5461E76BFE,merged_mp_t10_sm_heirloom.all
3D25FADD6D0C1948,rev_veh9_mil_lnd_utv_plr.all
3D278DB0FF2C76D1,weapon_iw9_sh_mike1100_plr.all
3D2AD59AB6EAC1D0,weapon_t10_zm_raygun_mk2_p_npc.all
3D304C8B283782D9,weapon_t10_lm_puncle21_plr.all
3D405A81E8EB784A,ir_hall_lrg_marble.all
3D5604E7A2E22975,foley_gear_strapsgr_npc.all
3D579A5F1EE5CC73,weapon_t10_smg_sroger3_plr_sup.all
3D5ABCDB75FDEEBF,rev_veh9_civ_lnd_pickup_1992_chop_npc.all
3D5B47C197F0BB57,merged_mp_dogtown_gw.all
3D5C3A77AE5E70CA,iw9_operators_s5.english
3D6DB904AEC8B4FB,weapon_iw9_sm_aviktor_plr_sup.all
3D8042E092C3E4D6,weapon_sat_pi_atlas_plr_sup.all
3D8A22F3716840CC,weapon_jup_smg_scharlie3_npc.all
3DC7D51E385FCFA0,foley_cloth_leather_plr.all
3DE3A4CADACC9F9C,weapon_iw9_ar_akilo_npc.all
3DEDB91271ABD63B,weapon_iw9_dm_xmike2010_npc.all
3E15478C2AA77161,merged_mp_t10_rm_veiled.all
3E23170A246472B6,weapon_t10_sn_love96_plr.all
3E32BEA6DFC820A3,weapon_sat_ar_finch_plr_sup.all
3E3B966B9F549B5B,merged_mp_t10_runway.english
3E3EE524E128E204,eqp_aether_blade.all
3E460D4EF0C732E3,weapon_jup_sn_cdelta50_plr.all
3E4BF0861F70F9FE,weapon_iw9_ar_mike4_50b_npc.all
3E592383DC448099,weapon_jup_ar_qbravo95_plr_sup.all
3E64BF075529D1A9,weapon_iw9_dm_mike24_plr.all
3EA24B0A7B91346C,merged_mp_m_lounge.all
3EA6C1AF0C178BE4,weapon_iw9_dm_stango25_npc_sup.all
3EA715C21A5338F4,weapon_jup_br_bromeo2m_amp_plr.all
3EA85C1F0C0C1BFA,rev_veh9_type_01_4cyl_classic_car_plr.all
3EBBC6A66346EEED,merged_mp_jup_drivethru.all
3EBEFE1825208DE4,weapon_iw9_sm_alpha57_plr.all
3EC453CCFDEDFCD9,mp_jup_shipment_alt_toon.english
3ED5FADA478ECF67,merged_mp_frontend_sat_01.all
3EDA07D758BD9149,weapon_sat_pi_alcor_plr.all
3EE9A882ABBE72BC,weapon_jup_sm_umike45_npc_sup.all
3F042DEBC3459A6D,weapon_iw9_ar_malima_v2_npc_sup.all
3F062F4DDEC8F14F,merged_mp_m_canal.all
3F36FA7DEF5C171D,merged_mp_t10_shutdown.english
3F46767104D8DE30,foley_gear_millghtgr_plr.all
3F56535FE23AC8B2,merged_zm_t10_bloodstone.english
3F6933576339918C,weapon_iw9_sh_mbravo_plr.all
3F7EE2BE29DF7402,foley_gear_wstmedgr_npc.all
3F83250337553DCA,weapon_t10_sh_jhavana_npc_sup.all
3F83DE784732F3A5,delta_district_townhouse.all
3F857F98489562A9,merged_mp_jup_shoothouse2.all
3F963990DE0F9549,merged_mp_sat_ob_virgo.english
3FA9D46105742AC1,merged_mp_jup_resort_gw_wz.english
3FB2B56F0906D308,merged_ingame_mp.english
3FD3255303032F70,rev_veh9_civ_lnd_fastback_1966_npc.all
3FD7E9CC60116356,weapon_t10_lm_mesa_plr_sup.all
4013CDA3AE1531B5,merged_mp_jup_derail.all
402767DF13B9BBAB,weapon_t10_ar_milan_plr_sup.all
403BB4CB2D3D5219,merged_mp_sat_sm_zero.english_safe
40486255235DEF80,weapon_sat_zm_dg2_turret_plr.all
40496C2E1C97D5BA,weapon_iw9_sh_vecho_npc_sup.all
4052A4DC1A7D3785,weapon_iw9_sm_apapa_npc_sup.all
4053561F4B5FA520,jup_ob_eqp_kasimir.all
40885F19361E8956,merged_mp_sat_rm_express.english
40A02059E5CD79E7,merged_mp_jup_launchfacility.english
40A4ED78C125BE42,weapon_sat_sn_drake_plr_sup.all
40B4DE4F6210BC25,mp_biobunker.english
40CFB86008459E83,weapon_sat_dm_oman_npc_sup.all
40D7AE9CA3C7704D,weapon_gunship_40mm_mp.all
40E77A7C15F5C77B,merged_mp_jup_shipment_alt_5.english
40ECE1B998F57063,weapon_t10_ar_able18_npc.all
40F7927958AF5C6C,merged_mp_sat_rm_nightclub.english_safe
41007F477E142F32,weapon_iw9_lm_rkilo_npc_sup.all
4103DD51F6A3E7F9,merged_mp_sat_rm_gridlock.english
410CA8A57AA8754E,merged_mp_sat_roji.english_safe
412AF69863593D08,weapon_sat_sm_puma_plr_magprinter.all
412F22263AA01E8A,weapon_iw9_pi_romeo18_npc_sup.all
4131E92341B54990,weapon_t10_ar_tbaker_npc_sup.all
4133C193F166B345,mp_wartorn.english
4146BDBAD98FEC8F,weapon_t10_smg_mpug40_npc.all
41645F51B4AF2B9F,cp_observatory.all
416E69B81B545ADC,watch_pet_mean.all
41707056520BCB01,weapon_iw9_lm_foxtrot_npc_sup.all
41775D00CDE7F7A9,merged_mp_sat_synapse.english_safe
417EEB1F99B2700B,mp_gamemode_br.all
418BF281280E2EB2,zm_perkmachine_deathperception.all
419AD34041E485F4,merged_mp_jup_waterfront.all
41C96FA27BD15301,weapon_sat_la_polis_plr.all
41CB52D58F614893,merged_mp_luxury.all
41CD629F4FE144D7,weapon_iw9_sm_beta_npc.all
41D2B09FE5EF8EB8,weapon_t10_sh_uncle12_npc.all
41DC0094A28992D7,merged_zm_t10_quartz.all
41E171965E7A9CA3,mp_showdown2.english
41E84F95BE90FFF6,weapon_t10_ar_ubgl_npc.all
41EAECA30C973B7A,merged_mp_t10_sand_house.english
41ED21DEFFBE7C01,weapon_t10_zm_sword_fun_npc.all
41F0719692649BD6,weapon_t10_smg_pparis90_mastercraft_cucumber.all
41F9ACA801FF6EB5,weapon_t10_sl_blauncher_plr_rico.all
421277B189B4977D,mp_jup_rust_alt_toon.english
4231F56C4164D75F,weapon_iw9_sm_mpapa5v9_plr.all
4235150DBB0D1F9C,weapon_iw9_dm_mike14_npc_sup.all
4242462D91ECDDC8,rev_veh9_mil_sea_rhib_npc.all
424ADEE086E564BE,weapon_iw9_dm_la700_npc.all
4255DA04F1393565,merged_mp_jup_scrapyard.all
4257E0794383DB48,weapon_t10_sh_jhavana_plr.all
4280A68EAAA583F8,ks_sat_nuke.all
4280B81B765E1F45,sierra_tv_station.all
42ADAB6EB0D396A6,weapon_t10_pi_paris30_plr_sup.all
42CE495271DFAD24,mp_townhouses.all
42E665FA46B6F889,weapon_t10_zm_bahc_plr.all
42F7ACA034F88284,merged_mp_jup_resort_gw.all
430E92DDA91FA8A0,weapon_sat_sm_marmot_plr_sup.all
430F7669155B2C40,zm_perkmachine_wisptea.all
4322DC76889D2955,weapon_iw9_sm_beta_plr_sup.all
4325EF064717A015,merged_mp_jup_highrise_xmas.all
433396A11C42A687,weapon_iw9_pi_decho_npc.all
4336E8E7F200D2BA,weapon_jup_sm_lwhiskey_plr.all
433F9E7B22E4D1F7,weapon_t10_smg_saug_plr.all
433FD97B18B2E60D,rev_veh_jup_mil_lnd_jltv_npc.all
4343DA7256FC2247,weapon_iw9_la_kgolf_npc.all
43493588801B213C,rev_veh9_civ_lnd_pickup_midsize_2001_npc.all
4355A6C0E87D4484,cp_raid1_boss1.english
435EA994F0B8216F,weapon_t10_smg_lisbon_mastercraft_lightgod.all
436CA74F5593642E,weapon_t10_smg_roger31_plr.all
436F59C1845B3CAE,merged_mp_jup_shipment_alt_2.english
4371448BF25C6E22,weapon_jup_ar_balpha27_npc_sup.all
439884C1F09A050D,merged_code_post_gfx.english_safe
43A89E9C52673976,weapon_iw9_ar_akilo_plr_sup.all
43AE485BC31A7577,weapon_t10_pi_paris30_burst_plr_sup.all
43BD46B24E417406,merged_mp_sat_sm_freeway.english
43BE22A570ABD828,weapon_iw9_lm_ngolf7_npc_sup.all
43D85A1D14D604CC,cp_mission_esc.english
43DD7E07889B90E9,weapon_iw9_ar_ralpha_npc_sup.all
43E1E5D193EC4E08,weapon_sat_sm_zebra_npc.all
44007C5B471A16D8,weapon_iw9_pi_golf17_npc.all
4405AB05A13E0DC5,weapon_jup_sm_pmike_plr_sup.all
4417D626116608DB,weapon_sat_sm_bengal_plr_sup.all
4435B0827A6ECD9D,weapon_iw9_br_soscar14_plr_sup.all
4441A41B75E9F631,weapon_t10_sl_olove_npc.all
44442A5B47AF6C14,mp_jup_rust_alt.english
446D27C9E62C89DD,weapon_t10_ar_rmary2_plr_rocket.all
447FE948BC0A10CB,mp_jup_tower.english
4498F8064B0C8A80,weapon_sat_lm_hildr_npc.all
449E2CCEAAD52BFB,weapon_sat_dm_samar_npc.all
44A76D17650A988E,zm_trap_flame.all
44AE3BCCAD328F9A,rev_veh9_civ_lnd_dirt_bike_plr.all
4502FDA67A38F173,weapon_jup_ar_golf36_plr_sup.all
4514BBC664B14A0E,zm_ai_uranus.all
4548D6F18AC9B6AD,weapon_sat_ar_falcon_mastercraft_kingdeath.all
457D855A34892FAE,weapon_t10_zm_dark_flare_plr.all
4588ABE384BF2A2A,merged_mp_jup_arcade.all
45976F0768FBFBCD,merged_mp_sat_rm_hijacked.english_safe
45A8B7499CE17A74,weapon_iw9_ar_acharlie300blk_npc_sup.all
45AD417188D9C723,weapon_jup_dm_acharlied_npc.all
45CD8AA3BEEB3E5A,skerries_infil.all
45D479FDC47C0D5F,weapon_iw9_ar_mike4_npc_sup.all
45DC7A90D81D607D,weapon_t10_smg_mpug40_plr_sup.all
45E4B1E52892EA54,merged_mp_jup_sira.english
45E7DAAEFE73320F,merged_mp_sat_odysseus.english
45F3E81CF4F79EF6,weapon_t10_me_pickaxe.all
46257237CC2FCC56,weapon_iw9_sm_aviktor_npc_sup.all
46344D0A213DFE8E,merged_mp_jup_security_area.all
4643ACD137646382,merged_global_shared_mp.english
4656D07E32F5A729,weapon_iw9_sm_mpapa5_plr_sup.all
4665F8A7A28D158A,merged_mp_sat_rm_village.english
4686C0E93234A833,weapon_sat_sm_gecko_mastercraft_galactic.all
4686DB8D0C3464CC,weapon_t10_smg_geasy9_mastercraft_unicorn.all
469E78DE4F730757,merged_global_stream_mp.english_safe
46A6EBC3F373507E,weapon_iw9_br_msecho_plr_sup.all
46AFE75DF24E7BC6,weapon_iw9_sh_mviktor_npc.all
46B13A5BDB40F2C0,mp_jup_blackheart.all
46B5946FCCEDBDBD,mp_bounty.english
46C110EDFE6AB491,merged_mp_skerries_v2.all
46D5317452D0DDFC,s6_operators.all
46DB15401E5D40E2,foley_gear_milmedgr_npc.all
46F580DFEC45FF85,weapon_t10_smg_geasy9_plr.all
46F63A1E1AF4FAB2,eqp_tac_cam.all
46F7E661F3BBB33D,weapon_iw9_sh_tsierra12_plr_sup.all
46FDA5D6F81B985A,merged_zm_sat_firefly.all
470575812234EF18,foley_cloth_vestheavy_plr.all
470661FEA346ECCC,weapon_jup_ar_foxtrot2000_npc.all
4707D7FB22C4651C,mp_jup_shipment_alt_5.english
47088668F96A8D89,merged_mp_sat_buzzkill.english
471873F3AE15D70B,weapon_iw9_sm_mpapa5v16_plr.all
4718D70C978476C6,weapon_iw9_la_rpapa7_plr.all
4751A79310EA2352,weapon_iw9_lm_slima_npc.all
476EA68636CF5260,weapon_jup_lm_pkilop_npc_sup.all
476FEB252367FABF,weapon_t10_zm_raygun_mk2_npc.all
477E0F488AB1BC54,weapon_sat_zm_ww_ruby_mastercraft_science.all
4781233A5160046C,weapon_iw9_ar_acharlie300v6_plr_sup.all
47831E50392E9384,weapon_t10_smg_geasy9_mastercraft_vault.all
47A3CC1F8C80E04C,cp_observatory.english
47A4DE50AD9AD873,weapon_t10_me_keene.all
47A6EE0E5C8592AD,weapon_iw9_dm_sa700_plr_sup.all
47AD0281BD96E606,weapon_jup_smg_scharlie3_plr_sup.all
47B4ABB22CE752F7,rev_veh9_mil_lnd_tank_plr.all
47BDBEF96058D9E2,merged_mp_sat_sm_chamber.all
47CB8115D6D32F63,merged_mp_jup_das_haus.english
47D805188EFE53DD,mp_museum.all
47DC6406BF5205BB,eqp_thermobaric_grenade.all
47E28A2BCC170CF1,weapon_sat_sm_hyena_plr_sup.all
480069BFB93CEBB9,zm_perkmachine_widowswine.all
4804CD15F2913743,merged_mp_t10_spa_town.all
481413A434F2BDA8,merged_ingame_base_mp.english
48265845F43DB607,weapon_jup_ar_balpha27_plr_sup.all
48312BA32481A976,sierra_boneyard.all
4831C4F2D58D4793,s6_operators.english
48351C033BC30B9D,ir_room_wood_sml.all
483CB430AD073F0D,sierra_transit.all
4845A4249CB022A5,weapon_sat_sm_otter_npc_sup.all
4862F0CF326A7EB4,weapon_iw9_dm_pgolf1_npc_sup.all
4869A584D2E77694,rev_veh9_civ_lnd_suv_overland_2016_npc.all
488497650FED2E62,weapon_iw9_ar_mike4_plr_sup.all
488BA05B26B69D17,merged_mp_sat_sm_blackheart.all
488CC48E1AD92ECE,weapon_jup_sn_moscar_charge_npc.all
489056225B17A19A,weapon_iw9_sn_india_v15_plr_sup.all
48AA2D10129F5384,weapon_t10_smg_schuck_plr.all
48AD352AEA715FC9,weapon_t10_dmr_svalor_npc.all
48B526160232F5DA,mp_swap_meet.all
48F094F31C84B60B,sierra_graveyard.all
48F6ED596773414D,weapon_jup_sh_recho870_npc_sup.all
48F9FA9AFF4ED54D,weapon_jup_sm_coscar635_npc_sup.all
48FE73791BA83E39,weapon_sat_dm_samar_plr_sup.all
48FEAE056280213C,mp_jup_m_blacksite2.english
49032C88D0CD2118,jup_frontend_firingrange.all
490E06C95B064394,foley_cloth_cloth_npc.all
4911F40A1DED6800,weapon_t10_pi_mable_npc_sup.all
493EF675B5DB2C4B,mp_historic_gw2.all
4941A482941FBE79,rev_veh9_type_04_v6_sport_sedan_npc.all
496A7CE57F7C181D,weapon_iw9_ar_kilo53_npc.all
4978FF50638F1A11,eqp_rock.all
49BBD9373D284F9C,mp_jup_incline.english
49E271B870D45D5F,weapon_t10_smg_roger31_mastercraft_s6blk.all
49E67C076A885D7E,weapon_sat_ar_finch_npc_sup.all
49EC87280F5C1EB7,weapon_iw9_pi_tango9_npc_sup.all
49F5455DCE5B4E7F,weapon_t10_dmr_sgeorge550_plr.all
49FC04E39B163C61,merged_mp_sealion.all
4A25640572DFBF31,merged_mp_sat_the_forge_traincourse.english_safe
4A42F053E193C846,veh9_mil_air_heli_medium.all
4A4734A0E23D9EDE,weapon_t10_me_p16_bat_mastercraft_gvibes.all
4A4C5EDF0746F722,weapon_iw9_sm_acharlie9_v2_npc.all
4A628A39EE909808,weapon_iw9_sh_charlie725_plr_sup.all
4A6A002793E39358,ir_room_concrete_lrg.all
4A8334A0A8E798C2,merged_mp_jup_greece.english
4A8FB8160F40D394,weapon_iw9_sm_uzulu_npc.all
4AA7018EB4DD4133,ir_field_lrg.all
4AAB79F423B13BCB,merged_zm_sat_firefly.english_safe
4AB73E9E1526B827,mp_m_exhibit.english
4ABEC8FDDC0D1C6C,weapon_jup_br_aromeo200_plr_sup.all
4AC4D61D4F9ADED3,cp_jugg_maze.english
4AD1153EFC4587F6,mp_jup_trainingfacility.all
4AE13B6418332598,weapon_iw9_sh_vecho_plr.all
4AEB4AFC5DC56C6C,jup_veh_jltv_zombie.all
4AFF44A7BC16C878,merged_mp_embassy.all
4B232ED678793947,merged_mp_sat_cortex.english_safe
4B2713337DE172C4,weapon_iw9_ar_fecho_plr.all
4B27FF823ADD46EF,rev_veh9_mil_lnd_atv_variant_npc.all
4B3049B5984A5E4B,weapon_iw9_la_mike203_npc.all
4B48B65D59568B29,rev_veh9_mil_lnd_cargo_truck_plr.all
4B663B942EC0B31F,weapon_jup_ar_qbravo97_plr_sup.all
4B7172D62F2A1D9E,weapon_t10_lm_uxray_plr.all
4B71A56F255E6808,zm_perkmachine_staminup.all
4B790C40B87BBA20,weapon_t10_zm_ice_staff_npc.all
4B7D50E2C78CACE4,merged_mp_sat_sm_zero.all
4BB3B3111F32855C,weapon_jup_sn_hsierra_plr_sup.all
4BBF1E75674B38C5,weapon_iw9_lm_rkilo_npc.all
4BC604DECD2DA7B2,ir_room_concrete_resonant_med.all
4BCE8B5F327D022F,merged_mp_sat_the_forge.english
4BCFF576130014AC,rev_veh9_mil_lnd_mkilo23_plr.all
4BDFB4818E4317DB,merged_mp_jup_skydiving.english
4BE41C6FC772E50D,merged_mp_t10_radar.english
4BEBEDA18CC3FECF,mp_jup_shipment_alt_5.all
4BF8A1BBD3C2F446,merged_mp_jup_bait.all
4BFFFFA3830E3F5F,saba_cp_hydro.all
4C12C89F97245599,mp_grandprix_pm_2.all
4C12E8121561970F,weapon_iw9_pi_golf18_plr_sup.all
4C14B40010CADE42,merged_mp_jup_estate.all
4C1A0A59CF088759,ks_sat_napalm_strike.all
4C303B937318A37A,rev_veh9_mil_sea_boat_armored_patrol_plr.all
4C312F35C32CDD0B,zm_sat_ammo_cache.all
4C4A912B66D0090F,mp_jup_scrapyard.english
4C55554144084AE8,weapon_jup_zm_plasmagun_npc.all
4C679F313BF2D80E,merged_mp_sat_co_rm_veiled.english_safe
4C7E4B869ED08BB5,merged_mp_arn_zone1.all
4C8B104DCAC14698,merged_mp_jup_gw_fallout.all
4C9167A35F2A4471,weapon_iw9_pi_swhiskey_npc.all
4CAB137E47A5CB19,weapon_iw9_pi_dechov15_plr_sup.all
4CE05435F32AE268,merged_mp_jup_home_01.english
4CE377525BFB104B,mp_jup_drivethru.english
4CF02CEFB9C4D686,merged_mp_t10_stealth.english
4D14F20E1E4DB07F,weapon_iw9_sh_vecho_plr_sup.all
4D179AA8EC9C142C,weapon_iw9_sn_alpha50_v10_plr.all
4D232A577011A27E,mp_jup_quarry.english
4D246545E1DFE48C,weapon_t10_sl_olove_plr.all
4D2EA983FFD49A8A,mp_biobunker.all
4D4769B2BA5ABAEF,ingame_ob.english
4D5149436C5D59B0,foley_gear_strapsgr_plr.all
4D58F057176D9321,merged_mp_sat_rm_village.all
4D597C13C1299C74,weapon_t10_me_drill.all
4D857662B7CB5124,weapon_sat_sn_coral_mastercraft_paintb.all
4D9898302212B6BD,weapon_sat_ar_kiwi_plr_sup.all
4D9DF129DA920861,zm_sat_mystery_box.all
4DA2B77055E43360,eqp_molotov.all
4DC87135DDCDDB6E,weapon_iw9_dm_sa700_plr.all
4DD2998AACF57A95,mp_jup_bigmap.all
4DD5E53453E83CD3,zm_eqp_mutant_injection.all
4DD9ED71C5AC5BAA,weapon_iw9_pi_golf18_npc_sup.all
4DDE6CFA4F2CA3F4,weapon_jup_lm_evictor_556_plr.all
4DDF3283227DC46E,mp_jup_farm_18.english
4E0490072A7A25EA,weapon_jup_lm_rpapa20_npc.all
4E062F495CE2562A,merged_mp_jup_emergency.english
4E1411B7C22DB294,rev_veh9_type_04_v6_sport_sedan_plr.all
4E252CB7A8D258F2,weapon_t10_pi_paris30_burst_npc_sup.all
4E290BBB32E7A967,merged_mp_jup_farm_18.english
4E46B0A33739EDAC,weapon_iw9_sn_walpha_plr.all
4E4A1CD89C010407,weapon_t10_me_bo_staff.all
4E4F74D525550D50,weapon_t10_ar_kent_npc.all
4E55A2201BBCA401,zm_ai_zombie_frost.all
4E65B3FE8CF2DAD7,merged_mp_jup_vertigo.english
4E99629A164BBAF5,iw9_operators_s1.all
4E9984BFB01E55EB,mp_m_fight.all
4EB954745C74EFFB,sierra_promenade_west.all
4EC51879500482F4,weapon_t10_dmr_erie_plr.all
4ED230399CB3AA47,merged_mp_fort.all
4EED5AF28C4AC359,weapon_jup_ar_talpha95_npc_sup.all
4EF805CD7DB9399B,weapon_iw9_lm_ngolf7_npc.all
4EF9B7EE694CAD0D,weapon_jup_ar_bromeo805_npc.all
4F051F7DD0E2DFB7,weapon_jup_pi_mpapa9_plr.all
4F324AB008D9789A,merged_mp_sat_shipyard.english_safe
4F3E14FF0A52C5C6,weapon_iw9_dm_mike24_plr_sup.all
4F75FE90237C157A,weapon_t10_pi_stiger_npc.all
4F7CC796ADA570AB,rev_veh9_type_01_4cyl_classic_car_npc.all
4F7F2986B4793FF2,merged_mp_sat_homestead.english_safe
4F96D613AEC4C494,merged_mp_sat_green_screen.english_safe
4F976CE5F6B0C8A9,merged_mp_showdown2.all
4F9BEE779FB262CF,weapon_jup_lm_mgolf36_npc_sup.all
4F9C266CB310F970,cp_raid1_trap.all
4F9CBDE65F3AF83D,mp_sat_br_igc_sat_s1_infil.all
4FA1EDB5852FF01D,weapon_iw9_ar_mcbravo_npc_sup.all
4FACCE560384FBBD,weapon_jup_ar_acharlie_plr_sup.all
4FB5BCB1DCC7512E,merged_mp_t10_nuketown_halloween.english
4FBD5001A4573A80,eqp_decon_station.all
4FBEE3BA25D9A39B,weapon_iw9_br_msecho_npc_sup.all
4FC685BCF923249F,weapon_t10_me_skateboard.all
4FD170D50D869F79,merged_mp_sat_ob_gemini.english
4FD1DA176FAAC6AC,weapon_sat_dm_oman_npc.all
4FD4BAA0260D68C4,merged_zm_sat_ztron4.all
4FD5D44230C6C171,weapon_t10_zm_sword_dope_plr.all
4FE116D4BD91827C,weapon_iw9_sm_papa90_npc.all
4FF17314E07EDFA2,weapon_iw9_sm_mpapax_plr_sup.all
4FFBDCC36878F1B5,merged_mp_sat_roji.all
4FFCA0EF8434EAD1,jup_bigmap_oldtown.all
501FDC622B60FB40,jup_bigmap_rural.all
5026A7BE71AE4DCA,weapon_jup_shotgun_oromeo12_plr.all
5027B50EADCA5A86,weapon_iw9_ar_akilo74_npc_v13.all
503284B6067AD934,weapon_t10_dmr_falove_plr.all
503925C1BC1E4AE7,weapon_sat_sm_otter_plr.all
50495CC5802230A6,jup_bigmap_lowtown.all
504B15A013A23AE5,weapon_t10_me_pickaxe_mastercraft_nuketown.all
50628BFBA440C1A0,mp_jup_m_alley.all
507666C5E2B26D78,weapon_iw9_la_mike203_v8_npc.all
508AE29F4AED0CD5,weapon_iw9_sh_mviktor_npc_sup.all
50AEB67382108129,weapon_jup_pi_uzulum_plr.all
50B57A693B622351,weapon_iw9_sm_acharlie9_plr_sup.all
50D81F0050187EEB,weapon_iw9_sn_india_npc.all
50ED25654725E042,kls_sat_smartgun_npc.all
50F03E648370EE62,merged_mp_saw_sm_island.all
50F5D460A5D9E9B4,weapon_sat_sm_komodo_mastercraft_s3blk.all
50FAC34806085B6B,delta_district_06.all
50FC26EBA48EF58B,merged_mp_sat_rm_mountain.english_safe
51266BD6EC12D251,mp_jup_resort_gw.all
512C60BAD3F9D5E1,weapon_jup_pi_rsierra12_npc.all
51341099E31ECC5F,rev_veh9_civ_lnd_pickup_fullsized_2014_npc.all
515ABC652D368187,rev_veh_jup_truck_lnd_tech_aa_npc.all
515AE98271738374,weapon_sat_sm_bengal_plr.all
519AE8BAF65524E3,weapon_sat_ww_raygun_mastercraft_zsnow.all
51ADD7A48D5C9A12,weapon_jup_ar_stango44_npc.all
51B43AB46DE56F62,merged_mp_sat_lm_avalon_ob.all
51E9E95425989AB0,merged_mp_t10_rm_russianbase_rm.all
51EFAC8BE90F9F62,mp_jup_urca.all
51F30CC2C25D2F03,merged_mp_saw_avalon.all
51FC6D5E8B4E7957,weapon_iw9_ar_falpha_plr.all
520D09B95CFA5F60,weapon_sat_sm_serval_npc_sup.all
522CA30102EFCA50,mp_jup_shipment_alt.english
522F5A3757A6356B,weapon_iw9_la_mike32_npc.all
5233B7C724CCD7E0,weapon_jup_sn_cdelta50_plr_sup.all
52474D3C8B9F4718,delta_district_03.all
5267EE302DA3B01E,mp_jup_invasion.all
526AF176B54B27B9,weapon_iw9_tu_mike19_plr.all
5297169D039FC917,weapon_jup_ar_foxtrot2000_9mm_plr.all
52AC998F35836B2C,merged_mp_sat_barrel.english_safe
52B943A7A14845E9,weapon_sat_ar_kiwi_mastercraft_sun.all
52BF469240952F7E,merged_global.english
52CC814682A8C05B,weapon_t10_dmr_erie_plr_sup.all
52CE57DE4F192175,weapon_t10_sn_ultiger_npc_sup.all
52D48348CC1E184D,weapon_t10_zm_dg2_mastercraft_combo.all
5302EA12866DECAC,weapon_iw9_ar_malima_v2_plr_sup.all
5318AEC3CB70D36F,weapon_jup_sm_umike45_npc.all
532E53B3C1C94106,weapon_sat_sm_komodo_npc_sup.all
53378E75D8878D6E,weapon_jup_br_hcharlie36_npc.all
533E8B1120E7F0AD,zm_trap_rocket.all
5340FE4035F5F390,weapon_t10_sl_wand_npc.all
5348C7A61D5F5F0A,weapon_jup_ar_talpha95_npc.all
536392D3C5310775,weapon_t10_sh_uncle12_plr.all
537467B59F868821,mp_jup_terminal_alt.all
5384EA2B633A7B61,weapon_t10_ar_gilroy_plr.all
5388A5A19E625D14,weapon_iw9_sm_victor_plr_sup.all
53920C19FBE81038,rev_veh9_civ_lnd_scooter_eu_npc.all
53A06E2F48DAA10A,sierra_downtown_riverside.all
53ADE136D88FBC6B,weapon_iw9_ar_helima_plr.all
53CFC1EEE07BD243,weapon_jup_ar_stango44_plr.all
53D4072549BE4CCE,merged_mp_jup_terminal_alt.all
53ECF0CB3BFFA6D9,merged_mp_sat_den.english_safe
54043966B909B821,weapon_sat_ar_albatross_npc_sup.all
540D6F445F8C706B,weapon_t10_lm_aroger10_plr_sup.all
54106571DB40316C,weapon_iw9_sm_mpapa5v9_plr_sup.all
5411EF6A9CA620A2,weapon_sat_ar_heron_npc_sup.all
5412342F08AFCD6F,mp_jup_skidrow.english
5414E21D92360B9F,weapon_sat_ar_falcon_plr.all
542976859D33025D,weapon_iw9_ar_akilo74_plr_sup.all
542E95145F1F006F,mp_jup_luxury.english
543419020DAD0015,weapon_t10_sn_droger_plr_sup.all
543E255A07EDCD62,weapon_iw9_lm_foxtrot_npc.all
545990E302CBFEA2,weapon_jup_sn_svictor_npc.all
5480E3EBD3DFDA1B,vehicle_wheelson.all
548AE2E6C15537DC,weapon_sat_sm_cobra_plr.all
54A0830C4823B75D,merged_mp_t10_benchmark.all
54A7B0CBC4B803BA,weapon_t10_ar_rmary2_plr.all
54AB329714897B4B,rev_veh9_civ_lnd_pickup_fullsized_2014_tech_armor_plr.all
54ACA100A3BD080B,eqp_shock_stick.all
54B2A1C80E364C68,weapon_t10_ar_coslo723_plr_sup.all
54B43ABE71B27BD4,weapon_t10_dmr_sierra552_npc.all
54C94A4B5A48D989,weapon_iw9_sn_limax_plr_sup.all
54CBF30493588420,eqp_claymore.all
54E238CDFDC8B26D,weapon_t10_smg_roger31_plr_sup.all
54E615B7786E2AD4,merged_mp_t10_traingraveyard.english
54ED88EF1E5EF3E2,weapon_t10_smg_saug_mastercraft_bandit.all
55027CFB8B565D2C,weapon_snowball.all
55104C1D06D16C4D,weapon_t10_zm_sword_life_plr.all
551B174BE008B782,weapon_iw9_lm_kilo21_plr_sup.all
552369153676FF5C,merged_mp_sat_rm_nt2025.all
55251AD0E8124BBB,weapon_sat_sm_bear_cal_npc.all
5538949CEE5E8A52,iw9_operators.all
553B1F4D078C6DB4,merged_mp_jup_das_haus_alien.all
5542CC4FA22827BC,weapon_iw9_br_soscar14_npc_sup.all
554FB6855EFD88A8,mp_delta.english
5570F0F5375E2D46,weapon_jup_pi_uzulum_plr_sup.all
557C66C5D0BC5341,merged_global_stream_mp.english
558788CC03E4A2CB,weapon_ar_kilo433_npc_radio.all
559ACE8BD20D1F64,mp_jup_das_haus.english
55AF7122F2252B17,merged_ingame_ob.all
55B04C5CA827FC03,weapon_iw9_sm_acharlie45_v13_npc_sup.all
55B1A338E3AC3AD6,mp_floatinghouses.all
55BE36A42FEAC000,weapon_iw9_lm_ahotel_npc_sup.all
55E0F7E939235ECE,mp_jup_bait.english
55ED176F824A3A62,rev_veh9_civ_lnd_van_cargo_npc.all
55F583B624FAA256,weapon_iw9_ar_golf3_plr.all
56053EE8BECFE568,mp_jup_scrapyard.all
5605F815E0182831,weapon_jup_lm_qbravo95lsw_npc.all
56252F613374DD47,weapon_t10_ar_ubgl_plr.all
5625C30B1D3F7B2C,weapon_jup_br_xmike5_npc.all
562627105899DEEB,weapon_t10_smg_schuck_plr_sup.all
5629AAA6EB72578F,mp_jup_highrise.english
562E08FDDB355FBC,weapon_sat_sn_baltic_npc.all
563CE3B55CDF6A64,foley_cloth_ghillie_npc.all
564768062A11C9C2,weapon_t10_sn_mary82_npc_sup.all
5664A6DCFC9255A2,weapon_t10_me_p16_bat.all
567A9E94BEEC146A,merged_zm_t10_topaz.all
567C8905DC15B7EC,weapon_sat_sm_puma_mastercraft_s1blk.all
5685AF919DD20523,mp_jup_shipment_alt.all
569098F6F6D1F850,mp_m_floatbay.english
56923C8E380FF65B,weapon_t10_zm_dg2_nix_npc.all
569B5365F312752A,merged_mp_jup_st_c_gw_wz.all
569CB7A9FD81DDA4,weapon_t10_smg_perth_npc_sup.all
56C69516B6A9F981,merged_mp_jup_growhouse.all
56D7DCBFACD3C4F1,weapon_sat_lm_typhon_npc.all
56F405B45045B44A,merged_mp_sat_frontier.all
56F939A3068AEC8F,sierra_retail.all
56FB5685351C7567,weapon_t10_sn_love96_npc.all
5700189CC539A0A4,weapon_t10_sn_love96_npc_sup.all
5707409A8EE0C914,weapon_jup_lm_halpha_npc.all
57135772BBAA7898,weapon_iw9_lm_kilo21_npc.all
57146B15B7EC5349,weapon_sat_sm_bear_plr.all
571FA59356513429,weapon_iw9_dm_crossbow_plr.all
57239B50C10E6A6F,merged_mp_sat_rm_gridlock.english_safe
572D3D8B6B304421,weapon_iw9_sn_alpha50_npc.all
57337F4EF587F923,rev_veh_jup_mil_lnd_razorback_plr.all
5740025D22BA8EAA,weapon_sat_dm_samar_plr.all
574F8A9714C40AFF,merged_mp_caves_gw.all
57A4A57997BFB9B0,merged_zm_sat_ruby.english
57CD6276E0C0E3EA,weapon_jup_ar_bromeo805_npc_sup.all
57D5D087A74B5634,weapon_sat_sh_shepherd_npc.all
57DD787E0008589C,rev_veh_jup_mil_lnd_buggy_orav_npc.all
57F0715A1F065206,weapon_jup_ar_foxtrot2000_plr_sup.all
57FFD41F54140B6D,weapon_t10_zm_raygun_mk2_w_npc.all
580CC1D22DF72BA5,weapon_sat_ar_eagle_plr_sup.all
580F8A043A053B98,merged_mp_t10_rm_hacienda_alt.english
581E683E3EDD8576,weapon_iw9_sn_mromeo_npc_sup.all
582B545440E345A7,mp_jup_shoothouse2.english
58373060DDD2F9C4,merged_mp_sat_co_rm_hacienda_alt.english
58474CD2C372D065,weapon_iw9_ar_malima_plr_sup.all
5852A64A4593F6A3,mp_sat_br_igc_sat_s1_exfil.all
58534121A1A7DB22,weapon_iw9_dm_scromeo_npc.all
585B87F066912897,weapon_iw9_pi_dechoauto_npc_sup.all
585D8941BFA6A77F,merged_mp_jup_slaughterhouse_oct.english
586157D7270222E1,weapon_jup_dm_kappa98_plr.all
5868CB2F0476826F,weapon_iw9_pi_romeo18_plr_sup.all
5880875A7E59B156,merged_mp_sat_rm_express.english_safe
58873378C1F50544,merged_mp_jup_skydiving.all
5898883C8735C216,doors.all
589C816C787D687E,mp_jup_afghan_v2.english
58A86697A0F3D0DD,mp_jup_st_c_gw.all
58AA05A64503FB00,weapon_iw9_ar_augolf_plr_sup.all
58AFA18CFF942431,merged_mp_t10_sand_house.all
58B4CA027BCD1463,mp_nogales_gw2.all
58BC17AADB61EC0E,weapon_jup_smg_scharlie3_bar_amp_plr.all
58C703249E876887,weapon_sat_ar_heron_plr_sup.all
58CBE1144745E863,merged_mp_jup_observatory.english
58D0AC49C3D671F7,weapon_iw9_sh_mviktor_plr.all
58D71D3E5167D258,merged_mp_sat_co_sm_flat.all
58E61E18DE1386AF,weapon_iw9_sm_mpapa7_plr_sup.all
58F997F6EEB26251,mp_jup_trainingfacility.english
590E3E54E6071C1F,weapon_jup_sm_uzulu45_amp_plr.all
591F5979305336DC,merged_mp_sat_ava_clifftown_skr.english
592DF2781BC0CE79,mp_jup_swap_meet.english
592EE8BE9CC14836,weapon_iw9_pi_stimpistol_npc.all
5932AAB689F336D4,weapon_iw9_ar_scsierra_npc.all
5945811FA8D57B7F,zm_machine_gobblegum.all
594D9D70C542943D,weapon_iw9_sh_mike1014_npc_sup.all
5964345E33E90F89,weapon_t10_zm_dg2_mastercraft_animez.all
5968A265C8A5A2D3,weapon_t10_smg_lisbon_mastercraft_celmonster.all
59699D2BCCD68764,mp_jup_m_exhibit.all
596B7CE5E76DFFF5,weapon_t10_dmr_sroger25_npc.all
59852A61DA087B3F,eqp_redeploy_drone.all
5986CB53B7F4B57C,weapon_jup_sm_uzulu_npc.all
598B6D88FDDC966C,rev_veh_jup_motorcycle_blood_burner_npc.all
5990E0AD30BE15B1,mp_jup_shipment_alt_3.all
599A7AB0067DA6EA,merged_mp_jup_quarry.all
59AB8B10DEA3552F,weapon_sat_sm_marmot_mastercraft_indust.all
59C0C07B6B92ECC4,weapon_t10_ar_gilroy_npc.all
59DD5857D6923A7E,merged_mp_t10_stripmall.all
59F5BC18F46B82F2,weapon_jup_lm_mgolf36_plr_sup.all
59F93EDC0B9A9123,weapon_iw9_ar_mcharlie_npc.all
59FBC955F9427772,weapon_sat_sm_marmot_npc.all
5A11222EBFAD5F68,merged_zm_sat_mantis.english_safe
5A181791F6A3053E,weapon_t10_smg_mpug40_plr.all
5A1848A2F16D416C,weapon_iw9_dm_sa700_npc_sup.all
5A35C47E110FE395,foley_gear_wstlghtgr_npc.all
5A4576C0D94423FF,weapon_jup_sn_boscar_npc_sup.all
5A5076727096DA99,merged_mp_jup_greece.all
5A7CE845B79129CA,weapon_t10_ar_clove_npc_sup.all
5A887A21378C6CC9,merged_mp_shoothouse2.all
5A9BB6261F44CDE6,merged_mp_t10_sm_mothball.all
5AD2D81166E6A561,mp_catedral.all
5AE0A1B1971874A8,weapon_jup_lm_mgolf36_npc.all
5AF2EA3BE78055E6,weapon_t10_smg_lisbon_npc_sup.all
5AF49F1531297A57,weapon_jup_me_spear_plr.all
5B06D98FFD17AE30,weapon_jup_sn_svictor_plr_sup.all
5B15314EE486F876,weapon_t10_zm_sword_base_plr.all
5B25A955D45EB834,weapon_iw9_br_msecho_npc.all
5B363596CF3A25B8,mp_forsaken_gw.english
5B3BECB97E2B5B1C,weapon_t10_smg_mpug40_npc_sup.all
5B419E629F95F726,weapon_sat_sm_bear_plr_sup.all
5B440CEBDEE08ED9,weapon_iw9_sh_mike1100_v8_npc.all
5B5F11B8E757B720,weapon_sat_zm_ww_locust_npc.all
5B6FD69A7DC28B86,mp_jup_shipment_xmas.english
5B76362D21F13FB1,merged_mp_sat_ava_shipyard_skr.all
5B8F1B390D51FBF6,weapon_jup_dm_svictork_plr.all
5B8FDA382274D3F9,weapon_sat_ar_hawk_mastercraft_darkbook.all
5B9E5A9948030FD1,weapon_t10_dmr_sierra552_plr.all
5BA616C5D7E7CE85,weapon_sat_ar_vulture_mastercraft_buzzkill.all
5BA8DD167981B4CC,weapon_t10_pi_usugar9_plr_sup.all
5BCBE8C2E981EC99,weapon_t10_dmr_falove_npc.all
5BCC3EEDE40E94ED,sierra_super.all
5BF2FA01CEFFF571,merged_mp_sat_shipyard.all
5C02FC1B24CC3A47,watch_pet_16bit.all
5C2B93108C14428C,merged_mp_jup_rust.all
5C47067D5804E35D,mp_jup_underpass.english
5C6DAF5376B8B81E,weapon_iw9_ar_mcbravo_npc.all
5C77D7657B902913,weapon_t10_ar_tbaker_npc.all
5C8CFDC844BB5FB6,weapon_t10_smg_perth_plr.all
5CAD1CA693A08650,rev_veh9_civ_lnd_suv_2001_npc.all
5CB0B3DB189B9039,ks_sat_hellstorm.all
5CC30CD7E63B220D,weapon_t10_pi_usugar9_npc_sup.all
5CCBDA6A6141E633,rev_veh9_ind_lnd_talfa_npc.all
5CCDD79A3F3D39E4,iw9_operators_s6.all
5CD45EC788DB12C5,weapon_sat_la_fang_npc.all
5CF7B526B7386F34,merged_ingame_shared_mp.english_safe
5CFAA3A664173826,weapon_t10_lm_aroger10_npc_sup.all
5CFE3AF63CB923A2,merged_zm_t10_opal.all
5D04A70B14B1F82B,rev_veh9_mil_sea_boat_armored_patrol_npc.all
5D108E27C073ECBD,weapon_jup_pi_mike93_npc_sup.all
5D13E55803EDEA1A,merged_mp_sat_scar.all
5D1CB2AA2D082378,weapon_sat_sh_husky_gl_plr.all
5D1DB9C62CB52800,weapon_jup_ar_stango44_plr_sup.all
5D1E6679FB1BD3F9,ks_nuke.all
5D249E211B525BEB,sierra_lumber.all
5D2E97F6F1DC8A91,weapon_jup_zm_raygun_plr.all
5D3E528B747E4150,weapon_iw9_pi_papa220_plr_sup.all
5D43E0DAA9C78505,jup_bigmap_manor.all
5D4E9D6DBEED855E,merged_mp_jup_urca.english
5D76EA20224ECA8E,zm_perkmachine_revive.all
5D7FBC4788928926,mp_jup_estate.english
5D84042101A7E650,mp_jup_elevated.english
5D84312326FB26B1,weapon_sat_ar_wren_npc.all
5D8488A4C3B9B1F3,merged_mp_sat_rm_slums.all
5DA31CA2DD6ABA9C,weapon_jup_pi_rsierra12_plr.all
5DB6B2AC601C59CC,weapon_jup_pi_mike93_bar_hvy_convert_plr_sup.all
5DBF77B9E8C680DB,weapon_t10_dmr_aeasy_npc.all
5DC97F2FF72EC8C4,weapon_t10_smg_lisbon_plr.all
5DCDBBEC428A9484,weapon_iw9_ar_malima_npc_sup.all
5DCF908919D07DCF,zm_perkmachine_phd.all
5DD9E7E4EC518F01,weapon_sat_sh_husky_plr_sup.all
5DEC9CC5926A2E44,rev_veh9_mil_lnd_atv_plr.all
5DF114BFCDEB8BCB,mp_forsaken_gw.all
5DFBCD59E7AFC049,weapon_iw9_sm_acharlie45_v13_plr.all
5DFFB99D4B027FC8,weapon_sat_dm_scotia_npc.all
5E038E0A903735D8,cp_raid1.all
5E04A82966188075,weapon_iw9_ar_falpha_npc_sup.all
5E17379B5BA67D04,foley_gear_milhvygr_plr.all
5E21304E474810AB,foley_cloth_vestlight_plr.all
5E2CB6C19D392C27,mp_jup_rust_alt.all
5E30576986C276E4,weapon_jup_dm_svictork_npc_sup.all
5E40A60634628252,weapon_iw9_me_knife.all
5E415346356D60CC,weapon_iw9_pi_swhiskey_plr.all
5E52AB2D33F7CF82,ir_submarine_interior.all
5E53F44D5B7FC1C0,mp_m_exhibit.all
5E5A39DABAEA0C59,merged_mp_t10_stripmall.english
5E6878E075EE4A64,weapon_sat_la_polis_npc.all
5E7FD761F0968EE7,merged_mp_t10_traingraveyard.all
5E7FFD66816DC347,eqp_decoy_grenade.all
5E8AD962EC6E1DA4,weapon_t10_lm_ksugar58_plr_sup.all
5E8E09EBF563821E,weapon_t10_sn_ultiger_mastercraft_vault.all
5E929DB219298859,weapon_jup_br_acharlie450_npc.all
5E9D2E272F5A9444,weapon_jup_dm_kappa98_npc.all
5EBEF0627D9A3731,weapon_sat_sh_shepherd_plr.all
5EDC8E389E2945CF,weapon_jup_sn_hsierra_plr.all
5EE5D4BFDDBC264A,merged_mp_m_fight.all
5EE8B9404C0E168C,weapon_jup_lm_qbravo95lsw_plr.all
5EF0B7E8C1498FBF,weapon_iw9_ar_kilo53_plr_sup.all
5EF1BACE4051A5A9,merged_mp_jup_grandprix_pm_2.english
5EF83DC7D4D862F7,sierra_riverside.all
5F09A205646944CF,weapon_iw9_mg_mack240_npc.all
5F135B725D24A6A6,weapon_t10_smg_schuck_npc_sup.all
5F2B8E43812B8F9C,weapon_sat_ar_egret_npc.all
5F437CCD4CCF6491,merged_mp_sat_cortex.english
5F44847D7276EB69,weapon_sat_pi_timir_npc_sup.all
5F5F3A9B57C5E0EF,weapon_iw9_ar_mcbravo_plr.all
5F689BA3CFF3AA98,rev_veh9_mil_lnd_mrap_npc.all
5F6BA5342D3E33B5,weapon_jup_ar_balpha27_npc.all
5F73EFF29A68B829,weapon_iw9_sm_alpha57_npc.all
5F9302A803CF05B9,weapon_sat_pi_atlas_plr.all
5F950707B7D885E9,merged_mp_m_king.all
5F9A847B5412613F,weapon_t10_me_combat_knife.all
5F9F690DBB96481F,cp_mission_esc.all
5FB5533474F3EDCB,zm_perkmachine_wunderfizz.all
5FB9AC584F713F93,weapon_sat_sh_husky_npc.all
5FD1BFE3A667BD7B,sierra_military_base.all
5FD1CEF381DF72B0,weapon_iw9_ar_akilo74_plr_sup_v13.all
5FD67A4B79D5F8EA,weapon_t10_pi_mable_cal_plr_sup.all
5FD7978B8E30EDB3,merged_mp_sat_lm_avalon_ob.english_safe
5FE0DB0A9ED208DF,mp_jup_skidrow_alt.english
5FE90F08014A271F,weapon_sat_ar_hawk_plr.all
5FF04D7B163F986E,merged_mp_jup_derail.english
5FFDECB912864F75,weapon_t10_smg_safox_mastercraft_printer.all
6001DC451DDD26AF,merged_mp_t10_sm_bullet.all
600BAB15EC2CA95E,weapon_iw9_sn_india_npc_sup_v5.all
600C3396222152E5,merged_mp_sat_frontier.english
6018E4A8B4B67140,weapon_iw9_lm_slima_plr_sup.all
601CCA916043CAD1,weapon_iw9_ar_scsierra_plr.all
604DF0CEC161455F,merged_mp_townhouses.all
60528D9C4DCB39B0,merged_mp_regional_gw.all
6067C1A194571A3A,mp_crossing.english
607BBBF860684DF7,cp_lone.all
608A4369D57AE048,mp_m_blacksite2.english
608E395ADB427266,ingame_br.english
609284BB0D2B3C39,mp_regional_gw.all
60933C902CB95446,weapon_iw9_sm_alpha57_npc_sup.all
6094B89D68EAA7AA,merged_mp_sat_rm_raid.english
60962AF3EEF689F9,mp_jup_invasion.english
60975938BEA75E3E,eqp_throwing_knife.all
60AA1CA88A8A49A7,mp_jup_slaughterhouse_oct.all
60BCC09614466D35,weapon_iw9_dm_pgolf1_plr_sup.all
60C247805963EBA8,merged_mp_strike.all
60EB8459FB7E7993,weapon_jup_sm_uzulu_npc_sup.all
60F830EBAFF065C4,weapon_sat_ar_eagle_npc_sup.all
60FB0C1650B18468,ir_tunnel_wood_med.all
60FEA0FE3CBF8F73,weapon_sat_sn_aden_npc.all
61029C134033EBE5,weapon_jup_sm_uzulup_npc_sup.all
610D2435D98E9BAE,weapon_gunship_25mm_mp.all
61262A8DE4FC3FF1,merged_mp_sat_rm_nt2025.english_safe
612638770523FB05,weapon_iw9_ar_mike16_npc.all
6132FB4A2FDEC5EA,merged_cp_raid1_boss1.all
61363ADB7419E37E,weapon_sat_ar_kiwi_plr.all
6139A08461566D99,blima_infil.all
613FDE595D04113D,weapon_t10_zm_ice_staff_plr.all
614E4AD5217921F3,weapon_jup_br_bromeo2_npc.all
615DCAD9DD7242A4,sierra_park.all
6171BE89997FEADA,merged_mp_sat_ava_shipyard_skr.english_safe
617658E887662E92,weapon_sat_sm_serval_plr.all
619E6B3F1283B781,delta_district_04.all
61AB7F935ED0EDF1,weapon_iw9_lm_slima_npc_sup.all
61B409A062C6B40E,weapon_sat_sm_hyena_mastercraft_organ.all
61BCB3978276A00C,merged_mp_t10_canals.all
61D18EFEB2725CFE,mp_jup_observatory.english
61E88C1208B6843A,kls_jup_emp.all
61E8AF125E60CC20,merged_mp_t10_gravity.all
61E9D3CD65D45D64,mp_bio_lab.english
61F196F927F918AD,weapon_jup_dm_slima8_plr.all
61F2896CC1AD8583,weapon_iw9_lm_slima_plr.all
61FEEC9355A81BA8,weapon_jup_ar_qbravo95_npc_sup.all
6206D55A8E039845,weapon_jup_zm_dg2_npc.all
620DED68763E4C0F,weapon_t10_ar_aking74_npc.all
620EC930AAAD9931,weapon_iw9_br_msecho_plr.all
62190BBEBB958208,weapon_t10_zm_raygun_mk2_w_plr.all
621AD2AE926416E1,weapon_sat_sh_corso_mastercraft_vault.all
62216546E1B864F6,merged_global_stream_cfwd_mp.english
622B4A9CE8763571,rev_veh9_civ_lnd_minivan_1993_npc.all
622F90553F948969,mp_observatory.all
62323B65277AC611,mp_jup_vertigo.all
6236CF434ED03D48,weapon_jup_ar_talpha95_plr_sup.all
6250307240E8FFE6,weapon_iw9_la_juliet_plr.all
6253D4172F209685,merged_mp_t10_firebase.all
62589AFFC85A658C,weapon_iw9_dm_mike24_npc.all
625DC3F28C1E32DB,weapon_jup_lm_rpapa20_plr.all
625F0C7358327A55,weapon_iw9_la_golf25_npc.all
6260E7F5ACBEB3C8,rev_veh9_civ_lnd_sedan_hatchback_1985_plr.all
6266D46615CD1875,ingame_shared_mp.english
6270A3087704EA8C,zm_perkmachine_mulekick.all
627AE3C4172FB4A4,mp_gamemode_temp_v.all
627D74F97690930E,ingame.all
6291A6F5F392818F,mp_gamemode_br_exfils_jup.all
62AA3226A5DEE07D,merged_mp_sat_sm_onsen.all
62B1314FC36528CD,mp_jup_estate.all
62B6568ECFE8270D,weapon_iw9_lm_dblmg_plr.all
62BCC495A361D29F,weapon_iw9_sm_mpapax_npc_sup.all
62C15974B13848D3,weapon_iw9_lm_mkilo3_npc.all
62CF46CFA6BA2BFC,weapon_t10_ar_fable_plr_sup.all
62F48705858311BA,merged_mp_sat_shipyard.english
62F95A96E4766B86,weapon_jup_pi_mpapa9_npc.all
63146EF0CFEB6FBD,merged_mp_t10_island.all
634F058FBBDF3DF3,mp_jup_karachi.english
6353596EBED9C105,merged_mp_jup_urca.all
6370FC870D5C8403,weapon_iw9_sn_alpha50_v10_plr_sup.all
6376DE853D119B81,mp_jup_wasteland.english
637FE98EAF88AA12,weapon_sat_sm_zebra_plr_sup.all
6387B24FB3B705AC,iw9_operators_s3.english
639AC99172802682,merged_mp_frontend.all
63B6A2A584A09179,weapon_iw9_dm_xmike2010_plr_sup.all
63B742F48E4C853A,merged_mp_t10_sm_vorkuta_mine.english
63C7BFB1CC634C3A,rev_veh9_civ_lnd_pickup_fullsized_2014_tech_armor_npc.all
63FE3C414A5B9048,ingame_ob.all
6400A0C24D209120,weapon_iw9_la_gromeo_plr.all
640BEB24C0A6E130,mp_hydro.english
64139F350261C96D,weapon_t10_zm_drillgun_npc.all
642E781BD2CABF59,weapon_t10_dmr_aeasy_plr_sup.all
6436DC3744E290B0,zm_perkmachine_speed.all
643EC7214A4E3468,merged_mp_t10_pillage.all
64516CB9463E1E92,merged_mp_jup_gw_fallout_wz.all
64523B029346C8B2,merged_mp_t10_nuketown_winter.english
64574AC7E251F27C,weapon_sat_sn_coral_npc.all
646E0C895A6DC878,iw9_operators_s2.all
6480B7CBD23A221E,weapon_t10_zm_jetgun_plr.all
6480FFA69B397F10,merged_zm_sat_ruby.english_safe
648A0DD6B5778F2E,merged_mp_sat_co_rm_veiled.english
64A1BEE7D7CDB65D,foley_cloth_vestheavy_npc.all
64A6D084B4B216D6,weapon_jup_sm_uzulup_npc.all
64D0ABF6BAFD8074,weapon_t10_zm_sword_dope_npc.all
64D7AC823EEAA3A2,kls_sat_gamma_core.all
64E629032C9DE4BF,van_infil.all
651334EFB7C394F7,weapon_iw9_ar_mike16_plr_sup.all
65135E82F41356A0,weapon_iw9_pi_tango9_npc.all
6513D7DA137B0E2D,zm_ai_phobos.all
6522EE4DDB2988F5,rev_veh9_civ_lnd_scooter_eu_plr.all
65383805109C2464,weapon_jup_sm_pmike_npc_sup.all
653DE3871479E546,weapon_sat_sm_gecko_plr.all
653F3F84F754C83E,mp_oilfield_gw.all
655488A976C47431,weapon_t10_ar_able18_plr_sup.all
6562183B4BB85B16,weapon_jup_sm_uzulu_plr_sup.all
6567EDEB36920E70,sierra_dead_end.all
65736A26758991DA,weapon_iw9_ar_helima_npc.all
65B91EC1413EF313,weapon_t10_me_chainsaw.all
65C66DE272205AE4,weapon_jup_lm_evictor_plr_sup.all
65C6D42C82011986,delta_district_01.all
65D35CCD6141ECDB,foley_cloth_suit_npc.all
65DABEE90BA6D097,mp_m_lounge.all
65F8A25702F6BF25,weapon_sat_sh_corso_npc.all
65FA0D7B7D15B242,mp_jup_underpass.all
660423081521FAAE,weapon_iw9_ar_scharlie_npc_sup.all
6604AD42745F2545,merged_mp_sat_ob_leo.all
661492A028F25E2B,weapon_iw9_ar_ralpha_plr.all
661B7918AD01ED3A,weapon_iw9_dm_sbeta_npc_sup.all
663CDEA638D2046F,mp_jup_shipment_alt_4.english
663F177D25412073,weapon_t10_sh_moslo500_plr_sup.all
6642F67BAC82548E,weapon_t10_ar_fresno_npc_sup.all
664F6BBACC43C25D,merged_mp_sat_odysseus.english_safe
665BC38A7A0F7740,vehicle_lbravo_physics.all
665D1989FA25785C,mp_jup_karachi.all
6666F24D92F1150C,weapon_sat_ar_wren_plr.all
666992986ECD8685,mp_embassy.all
6671EDBC52CF667D,mp_jup_urca.english
6672707EF9E83AE2,weapon_t10_ar_tbaker_plr.all
6672A37AECBCE4EC,merged_mp_toujane2.all
668720C858836D9C,mp_jup_rust.english
6692CB65B4AB89F8,merged_mp_jup_swap_meet.english
66C994A5822766EB,merged_mp_wartorn.all
66C9F8F62998FB8B,weapon_iw9_sm_alpha57_plr_sup.all
66D800A86A7B1E61,weapon_iw9_pi_papa220_npc_sup.all
66E27EF00EAFA8B2,merged_mp_jup_shoothouse2.english
66EB6D33BAE45A7C,weapon_iw9_ar_akilo74_npc_sup.all
671B4B3CF0E42B88,merged_mp_sat_the_forge.all
67203D838A454568,weapon_t10_dmr_aeasy_npc_sup.all
672062EA2747E590,weapon_sat_ar_kite_npc.all
674098673509A90F,weapon_iw9_dm_mike14_npc.all
674755E134F4C666,weapon_jup_ar_foxtrot2000_9mm_npc.all
6750AE4C6AF9B989,weapon_sat_sm_orca_plr_sup.all
6753B29E021B7455,mp_jup_grandprix_pm_2.all
6761811D9D9E8A1E,weapon_jup_lm_halpha_plr_sup.all
676593A6BFF8E47F,rev_veh9_type_02_deuce_and_a_half_plr.all
6766C2E5224D1833,mp_shoothouse2.english
676DAAC7EE0C2DEF,weapon_sat_sh_akita_npc.all
67A1063408AAEFE3,weapon_jup_smg_scharlie3_npc_sup.all
67B1162EB5A752B3,weapon_sat_dm_kara_plr.all
67B51B5ED3EC62F1,weapon_iw9_sn_indiav10_plr.all
67C51154AFE3E17F,palfa_estate_infil.all
67D55F9BAC8D51D7,rev_veh9_type_05_diesel_pickup_plr.all
67E22F280F16029A,merged_mp_jup_hydro.all
67F1882DDFF1D208,weapon_sat_sm_bear_cal_npc_sup.all
67F9B8A9E092B0C3,weapon_t10_me_chainsaw_mastercraft_creepy.all
680D701D559F715B,weapon_jup_lm_evictor_556_plr_sup.all
682BC164C6984F45,merged_mp_bounty.all
68360E483359DD2C,weapon_sat_pi_alcor_npc.all
68394982E0278564,ir_room_concrete_lrg_semi_open.all
6846CD573B2B53AD,merged_mp_sat_freerun.english_safe
684AA18DBEC3425C,sierra_quarry.all
6852CF2B44C5A8CE,merged_mp_jup_trainingfacility.english
686505DA9E631BB9,weapon_ar_akilo47_npc_radio.all
6870CA2B7CD45F75,sierra_garage.all
687D84CACDCBECDD,weapon_iw9_sh_vecho_npc.all
688760EA61F4550B,merged_mp_sat_rm_meltdown.all
6887C8628316E14C,weapon_sat_lm_typhon_plr.all
6898648AD9F4D363,merged_mp_sat_co_rm_grind.english
68AF9E9DAAD1B3D8,mp_gamemode_br_infils_delta.all
68B01DCAF2E0C6DE,weapon_t10_dmr_sierra552_plr_sup.all
68BBB12EAC7000BC,weapon_jup_la_ubflima_npc.all
68BC9173204FFE35,weapon_sat_ar_heron_npc.all
68D7B0968AC6C353,weapon_iw9_ar_akilo105_plr.all
68E213D0AF817D54,weapon_sat_sm_gecko_npc_sup.all
68F0AF513E161E57,weapon_sat_sh_corso_plr_sup.all
68F6976BDE7EF3B6,mp_gamemode_br_exfils_delta.all
690523098889CEB2,weapon_jup_sn_cdelta50_npc.all
690A3CBFD8532355,merged_mp_t10_sm_babylon.english
69118E457448889C,veh9_mil_air_heli_medium_physics.all
6915847C760515D9,merged_mp_t10_sm_heirloom.english
691E5B32F45A6B0D,weapon_sat_sm_otter_mastercraft_extrater.all
695BD351379D51ED,merged_mp_t10_sm_eclipse.english
695E1EEA87E5CAC9,weapon_t10_smg_schuck_npc.all
6966C141B0E93030,weapon_t10_dmr_sroger25_plr.all
696A87F5FFB0E9CB,weapon_sat_zm_ww_hornet_plr.all
69704B2990C070C1,weapon_iw9_sm_acharlie9_v2_npc_sup.all
6971EBDF74365E59,ir_hallway_wood_lrg.all
6973153ACA2F2FD3,weapon_sat_sn_baltic_npc_sup.all
697592C7EFF7C8BC,jup_bigmap_marina.all
6985E45363264108,weapon_sat_ar_kite_mastercraft_s2blk.all
6986CAD69DDC7BD6,weapon_t10_zm_raygun_mastercraft_occult.all
69880038DBDDBAC9,weapon_t10_pi_paris30_plr.all
698D295B3182F0D8,merged_mp_sat_rm_meltdown.english_safe
699C204E35A21526,weapon_sat_pi_alcor_plr_sup.all
699E0CBDA54A820F,mp_frontend3.english
699F3A93B30A0EAD,weapon_t10_ar_clove_npc.all
69B44571CDC95162,weapon_sat_sh_husky_plr.all
69BA54E9782F92F2,weapon_t10_pi_mable_plr.all
69BB2B83DCD428E3,merged_mp_jup_scrapyard_alt_v2.english
69E6300E0EBC9055,weapon_jup_sn_boscar_plr.all
69FEBF178F4DABF0,weapon_jup_ar_balpha27_plr.all
6A05C88A0EC1FC87,weapon_iw9_pi_stimpistol_plr.all
6A25420910897725,weapon_iw9_br_ngsierra_plr.all
6A267D50FA03192E,weapon_t10_smg_sroger3_npc_sup.all
6A29328B8DE762E5,merged_mp_jup_slaughterhouse.all
6A29EF01A52D99E9,weapon_sat_sm_komodo_npc.all
6A2A45664701A222,merged_global_shared_mp.english_safe
6A52AE55EBF4D6C8,elevator_infil.all
6A551B7068E5C9DC,weapon_sat_sl_nembus_plr.all
6A5953203B6EBD36,merged_global_stream_cfwd_mp.english_safe
6A5C277912B5DA06,mp_jup_wasteland.all
6A62ABA296A8DE83,weapon_t10_pi_paris30_npc_sup.all
6A63D4C38FF7E977,weapon_iw9_sm_acharlie45_plr_sup.all
6A689AC7D79C48DB,weapon_t10_sn_hugo_plr_sup.all
6A81DFED6EBB7ADE,weapon_iw9_sh_charlie725v10_plr.all
6A882A870A2F2B88,mp_wz2_sierra_train.all
6AA401F8DBE2BA35,weapon_jup_ar_foxtrot2000_9mm_npc_sup.all
6AA5F0663E775E3F,weapon_jup_sn_moscar_charge_plr.all
6AA9ACF2A610CA3E,merged_mp_jup_skidrow.english
6AACD0222479705A,merged_mp_t10_sm_babylon.all
6ABF29B2FF7E9AE2,weapon_sat_zm_ww_ruby_npc.all
6AEE0D04F84E3850,foley_gear_wstlghtgr_plr.all
6AF2B25F4E658572,sierra_hospital.all
6AF8313667D61216,weapon_t10_lm_ksugar58_npc.all
6B0F5EC1FDED5E20,merged_mp_jup_st_c_gw.all
6B1504BC4316277E,ks_deathmachine_plr.all
6B1B1DC647746D9D,weapon_t10_lm_uxray_plr_sup.all
6B290F24C2E88BD9,weapon_t10_sn_hugo_npc.all
6B51239FA4F9BA73,weapon_jup_sh_spapa12_npc_sup.all
6B7977E398FCE614,weapon_t10_sn_droger_npc_sup.all
6B7CE757D944EDC8,weapon_jup_pi_glima21_npc_sup.all
6B7DA9A5F03B1F08,weapon_lm_dblmg_npc.all
6B80DE05FB06643A,weapon_iw9_sn_india_plr.all
6B948F73EBEC42B0,weapon_t10_zm_mangler_cannon_npc.all
6B94AF9C5FAC9257,weapon_sat_me_ballistic_knife.all
6BB3B29221F7B2EC,weapon_sat_sl_sargas_npc.all
6BB3BD7E5BCDA864,zm_eqp_kasimir.all
6BB3FE7A98E787AD,merged_mp_fishtown_gw.all
6BBA0AA1D5D32D9E,merged_mp_sat_ob_gemini.all
6BBE46E1C0DA9693,weapon_iw9_sm_papa90_npc_sup.all
6BC1D8AD7B3845F2,ir_bathroom_sml.all
6BC463995BA22E1E,merged_mp_sat_rm_gridlock.all
6BDE0DF19517108A,weapon_t10_zm_dg2_nix_plr.all
6BDF741B768F7927,mp_jup_blackheart.english
6BE3693830AB251B,merged_mp_jup_resort_gw.english
6BE4416A31C85695,merged_mp_t10_fallout.all
6BF4751A33063926,merged_mp_t10_sm_exchange.all
6C02516F122E7E4C,merged_mp_sat_sm_abyss.all
6C0404A134EFD99D,mp_gamemode_br_infils_jup.all
6C1CBC7D2262C912,eqp_trophy.all
6C22B626E228596A,sierra_hills.all
6C267A0019F79502,merged_mp_t10_shutdown.all
6C47C5711442F4F6,weapon_jup_dm_bromeop_npc.all
6C4B58D23291D5FF,weapon_sat_ar_ubgl_npc.all
6C5788AC10397860,merged_mp_sat_ob_aries.english
6C71C11012AA8034,weapon_iw9_sn_mromeo_plr.all
6C7D2AC9411EA124,weapon_sat_pi_orion_plr_sup.all
6C83C19CC5C1A6A5,jup_bigmap_city.all
6C847D926CDFCF65,weapon_iw9_ar_acharlie300_npc_sup.all
6C8796AEA98BD56B,mp_m_alley.english
6C8D967E10F6D2EA,merged_mp_saw_sierra.all
6C9B4555A96F6738,merged_mp_t10_dealership.english
6C9F58B423AF70EC,merged_mp_jup_observatory.all
6CA709D4906AA84E,merged_mp_sat_buzzkill.all
6CABE95B9770D117,mp_bio_lab.all
6CBF46A93FE75302,mp_jup_st_c_gw_wz.english
6CC305BD9C2D8FFD,merged_global_stream_cfwd_mp.all
6CD8193D02941ABA,weapon_iw9_la_mike32_plr.all
6CDCC113178C61A5,mp_jup_observatory.all
6CE148D59CCEDCBB,zm_eqp_monkeybomb.all
6CED1912508A62DE,mp_embassy.english
6CF5F7CF64E8B354,merged_mp_frontend_sat_01.english
6D08987570E66DBF,eqp_pop_candy.all
6D1823E5CC78D2EE,weapon_jup_br_aromeo200_npc.all
6D183B427045FC6E,weapon_iw9_sn_alpha50_npc_sup.all
6D2376F0EBEDBB0E,weapon_t10_dmr_sgeorge550_npc.all
6D502D10889C441F,mp_dogtown_gw.english
6D5349EC0597D89E,br_codmas_zombie_santa.all
6D75FAEB1F3BE96C,merged_mp_jup_scrapyard_alt_v2.all
6D77578CEF6E8BE8,mp_jup_highrise.all
6D89818B9D344895,weapon_sat_sn_drake_plr.all
6D8D8215312434E0,weapon_iw9_ar_mike16_plr.all
6DAF1F52601C0923,weapon_sat_sm_hyena_npc.all
6DB1D8804FA91768,weapon_jup_lm_rpapa20_plr_sup.all
6DB888BF078B3EC2,weapon_sat_ar_albatross_npc.all
6DD965D1D674017B,weapon_t10_dmr_sierra552_npc_sup.all
6DFA2BA0BE0958F8,weapon_jup_ar_qbravo97_plr.all
6E0171C49A96FDF2,weapon_sat_dm_scotia_mastercraft_diytech.all
6E04E2F6BFEC433E,mp_m_king.all
6E1D25D6790CD16E,ir_hallway_wood_sml.all
6E23C19137228AEA,weapon_t10_ar_coslo723_npc.all
6E2CD6D469E34008,weapon_t10_zm_drillgun_plr.all
6E394266EC6440EE,jup_bigmap_outpost.all
6E3B8EBBFB23ADF7,watch_digital.all
6E53A44A309C7EB3,weapon_t10_lm_puncle21_npc_sup.all
6E78096F39390810,weapon_sat_sh_husky_npc_sup.all
6E9535B81258B75E,weapon_t10_smg_pparis90_plr_sup.all
6EA177489BF04720,weapon_sat_sm_hyena_npc_sup.all
6EC2236AB101E4CA,weapon_t10_zm_raygun_mk2_r_npc.all
6EC2DBC421B4A633,merged_mp_jup_wasteland.all
6ED3A728997AAD98,mp_gamemode_dmz.all
6EDBE310E1B5BE33,sierra_farms.all
6EE08759390B1082,weapon_iw9_ar_akilo105_npc.all
6EF055A9986B64AD,weapon_jup_br_hcharlie36_npc_sup.all
6EF95FED8ABA7022,mp_m_penthouse.all
6F1A2504295F1BBE,merged_mp_jup_invasion.english
6F1FB1B962FEDDBC,weapon_t10_lm_mesa_npc.all
6F24BFE08C3DF4E6,mp_benchmark.all
6F2828777C0B2DF9,mp_jup_greece.english
6F32E4D80DF4F60E,weapon_sat_ar_ubgl_plr.all
6F3C9255CC871F0C,rev_veh9_mil_lnd_cargo_truck_npc.all
6F3D9BF2BB0E5A8B,weapon_t10_pi_stiger_plr.all
6F40794303B13B4F,mp_davos.english
6F4C40D12D15BEDE,merged_mp_jup_bigmap.all
6F4CA6F1A8F66C62,ingame_cp.all
6F52623715FD9430,merged_mp_jup_benchmark.english
6F6258F5704DE79C,jup_mode_s1_gunfight_snowball.english
6F76353C264C0F6E,gunscreen.english
6F794FE6DA135764,merged_ingame_ob.english
6F7B16475D47609D,weapon_jup_ar_acharlie300_npc_sup.all
6F8A194B9D7B7872,weapon_iw9_ar_mike16_npc_sup.all
6F999A49A469AD61,weapon_iw9_ar_scharlie_npc.all
6FC88796F8BD9993,mp_jup_growhouse.english
6FC9447BA9BF586E,merged_mp_sat_roji.english
6FD3BE5C36C115F3,weapon_jup_sm_pcharlie9_npc_sup.all
6FDD51DDB0B50567,weapon_t10_pi_mable_cal_npc_sup.all
6FE5A65FD0BDEC9E,mp_jup_swap_meet.all
700528E59345FA24,merged_zm_t10_quartz.english
7034DAC311147816,weapon_iw9_sm_papa90_plr_sup.all
70379295085CBB6D,mp_sira_gw.all
703A6BF1A466784D,merged_mp_jup_gw_fallout_wz.english
703D6BA066BDD58F,weapon_t10_smg_chuck9_plr_sup.all
707B511D83EC5462,merged_mp_t10_sm_numbers_station.all
70B5F0272784A6D1,zm_perkmachine_deadshot.all
70C110E076FE46A8,rev_veh9_type_10_sport_suv_npc.all
70D99731AA9A4C10,weapon_t10_pi_mable_cal_npc.all
70F293127E7E4062,mp_jup_rust_alt_toon.all
7108E31CFBB594C9,mp_jup_home_01.english
710935ECA31C81C2,weapon_sat_sn_aden_plr.all
710D78A73AA1539B,merged_mp_jup_m_blacksite2.english
711590EA0B13ECD8,weapon_iw9_ar_kilo53_plr.all
711A2EB6FC2ECE61,iw9_operators_s5.all
712177ED5D132FA0,weapon_jup_sm_kpappa50_plr.all
7125E3D18BE00E3D,weapon_sat_zm_ww_locust_plr.all
713305979A2AC7BE,merged_mp_jup_scrapyard.english
7155FCE87DFEE038,weapon_sat_ar_albatross_mastercraft_evilsup.all
7158DFC387D61442,weapon_jup_br_bromeo2_plr.all
71652AC1D5B6D06E,zm_perkmachine_vulture.all
717CB696F579B5F1,mp_crossing.all
71807A09C562B8BA,merged_mp_hydro.all
718652CB9D3A9ECD,weapon_iw9_pi_golf18_npc.all
718D30618BB6A5A1,weapon_jup_br_bromeo2_plr_sup.all
71D1E09855563E2E,weapon_jup_ar_golf36_npc_sup.all
71E81F46FC75AB8E,mp_jup_home_01.all
71EB465190B66C27,weapon_t10_zm_sword_base_npc.all
71FA9D0DB1AE69FC,weapon_sat_sm_orca_mastercraft_mrhino.all
71FDA2A36869149F,mp_skerries_v2.english
7204710017089A2A,weapon_t10_smg_chuck9_npc_sup.all
7215C1FCD00D60AB,merged_ingame_br.english_safe
722E46DB5C63EA6A,weapon_sat_ar_kite_plr_sup.all
7265303BB9816FA7,weapon_jup_dm_svictork_npc.all
726683D05495F3B0,weapon_mgl_ar_scharlie_v1_npc.all
726BB297446CBF54,mp_jup_emergency.all
726EB0499CA4D79C,mp_shoothouse2.all
72856FDD41BC9022,merged_mp_jup_dubai.english
729667981F5F355C,rev_veh9_mil_lnd_tank_cougar_npc.all
72969EA4AA3C3DFB,weapon_sat_sm_puma_npc.all
729A132387D29271,merged_mp_floatinghouses.all
729B8E564924252A,rev_veh9_civ_lnd_pickup_1990_npc.all
72AFBBC3AD37B396,weapon_sat_ar_eagle_plr.all
72CCA25F33726163,merged_mp_sat_beacon.all
72CF0149683FB1BB,weapon_iw9_sh_charlie725_plr.all
72D2CFD4FEA81EEB,merged_mp_swap_meet.all
72DAE451D251729E,merged_mp_sat_rm_vertigo.english
72E642ABE26901C8,mp_jup_shipment_alt_4.all
72E6FEF8AEB7C7FF,weapon_iw9_dm_sbeta_plr_sup.all
72F498B72583EA43,weapon_iw9_lm_ahotel_npc.all
72F7C77211405F79,weapon_t10_ar_coslo723_npc_sup.all
72FA8573A92217A8,weapon_sat_ar_macaw_npc.all
730B491D45CD9B0A,weapon_t10_dmr_aeasy_plr.all
732471D35FEEC0C2,weapon_iw9_pi_golf17_plr_sup.all
732F6744C32B28DE,veh_sat_mil_vtol_ob.all
7338D982262AD8D1,merged_mp_jup_quarry_alt.english
734FAB56825F7670,weapon_sat_ar_heron_plr.all
735E636F32CFDD85,weapon_sat_lm_hades_npc_sup.all
73893A58528DDF29,weapon_jup_sm_talpham_npc_sup.all
73A181343AE55BCA,weapon_sat_me_combat_knife.all
73A1F8A2E30E1D96,weapon_sat_pi_orion_npc.all
73A6928D64923509,merged_mp_m_mercado.all
73A6E4CF6D18BA09,merged_mp_jup_terminal_alt.english
73B56E37CCECFCC7,weapon_jup_dm_slima8_npc_sup.all
73B8F511C679B6D0,ks_sat_skewer.all
73B92F9C1D157E2C,weapon_iw9_sn_india_plr_v5.all
73BE7DBEF5EBF1FB,weapon_t10_smg_pparis90_npc_sup.all
73CA625163F2BAC8,mp_jup_skidrow.all
73D14BB790BF1385,weapon_t10_pi_paris30_burst_npc.all
73DB363FBEB951CC,rev_veh9_civ_lnd_minivan_1993_plr.all
74231852586F1684,delta_district_07.all
744E8445B9BB1771,merged_mp_t10_outback.all
7456DD36FC62C4BA,merged_mp_sat_co_rm_firingrange2.all
746B762B489287CC,merged_mp_t10_fugitive.english
746CF169C245BFD8,weapon_iw9_sm_mpapa5_npc_sup.all
74794E635CB960E8,merged_mp_saw_escape.english_safe
7481DEF06F02AB4E,weapon_jup_sh_recho870_npc.all
748AB12B3B5D9176,weapon_jup_sm_pmike_plr.all
74A0B5B0599B25BF,merged_mp_jup_shipment_iw9.english
74A2926BF541150C,weapon_jup_pi_uzulum_npc.all
74A65218704D8EFF,weapon_t10_ar_aspen_npc.all
74A97D6313A6D32B,weapon_t10_smg_lisbon_plr_sup.all
74A9C05A226087DC,merged_ingame_bm.english
74AC52C555F1F85B,mp_jup_das_haus_alien.all
74BCD20539EAF6A1,merged_mp_t10_sm_exchange.english
74D2CAE126A24965,merged_mp_jup_invasion.all
74DAB91F75AFCCF2,weapon_iw9_sm_acharlie45_npc_sup.all
74F820C2ED58ED95,merged_mp_jup_hydro.english
74F831B394025A7E,weapon_jup_sn_hsierra_npc.all
74FB68ECC2EF674B,mp_jup_shipment_iw9.all
750049A35A5CFA7D,sierra_north.all
750C15C4094F53B0,merged_mp_t10_rm_grind.all
7511494A9CC5C140,weapon_iw9_pi_dechoauto_npc.all
7511E97246497325,vehicle_mindia_ai.all
7513478094A15F6B,merged_mp_sat_co_rm_firingrange2.english_safe
75205666A9BA3D1A,weapon_sat_pi_timir_npc.all
75346CBCA66A853D,ks_sat_uav.all
755968F64FF1C0D5,mp_swap_meet.english
7562FE3317250D15,merged_mp_sat_scar.english
75653D4355736267,weapon_t10_smg_perth_npc.all
756C0885EC29B881,foley_cloth_poncho_npc.all
757AD507627F532D,merged_mp_t10_stealth.all
758A1D0699DF3BA2,weapon_iw9_lm_mkilo3_plr.all
75929F031D2097C9,merged_mp_jup_security_area.english
759C8AFE5FDD8F36,merged_mp_jup_delayed.all
75BA6FC307FFD4FB,mp_m_blacksite2.all
75D233ABA7CD5A01,fieldupgrade_inflatable_decoy.all
75EBBFE66C99E513,code_post_gfx.all
7606255FCB538884,mp_sealion.all
760932F7C16879A3,mp_jup_zooquarium.all
7629CA783D339327,mp_jup_security_area.all
76438D476C7224B3,weapon_jup_sn_moscar_npc.all
7646D5952EB7F35D,merged_mp_sat_rm_express.all
764FC6A440C4FD76,merged_mp_sat_sm_onsen.english
76505BCDB6C82CCD,foley_cloth_flowing_plr.all
7668B750AA4A2CF8,weapon_jup_sm_talpham_plr_sup.all
767B0D4A6C1B0B90,merged_mp_sat_beacon.english
768B21547C7ABCDD,weapon_t10_ar_fable_npc_sup.all
76A43741B1DA7525,mp_jup_afghan_v2.all
76AA445DA28E8977,weapon_iw9_la_juliet_npc.all
76AAE7B91B27C314,mp_jup_security_area.english
76C89663B645D9BD,merged_mp_sat_the_forge.english_safe
76D0C222C69CF17B,weapon_jup_pi_glima21_npc.all
76F231C49D74B740,mp_caves_gw.all
76F71A7110A350AD,weapon_iw9_sm_mpapa7_npc.all
76F8517C07506921,weapon_sat_sm_cobra_npc.all
77000EF3D1791D44,weapon_jup_dm_bromeop_plr_sup.all
7713E7D871B4F81F,mp_jup_waterfront.all
771E19F4EB029D85,weapon_jup_lm_mgolf36_plr.all
773710690DA51757,rev_veh_jup_mil_sea_rhib_npc.all
773A37C0992D4248,weapon_sat_sm_puma_npc_sup.all
774213B0AFC6C52E,weapon_sat_ar_falcon_npc.all
77507E488F3DAB46,iw9_menu_soundbank.all
775990FFFD75A61E,merged_mp_sat_ob_leo.english_safe
776751F8D978D4A4,weapon_sat_sm_zebra_mastercraft_vault.all
776CAE5003B9ED42,mp_jup_quarry_alt.english
776D4BFED75BE987,weapon_iw9_ar_malima_npc.all
777BB6A4B4B3D828,rev_veh_jup_mil_lnd_hmg_technical_plr.all
778DDE1E4BB0AF0E,weapon_t10_ar_aspen_plr.all
77A9E7AB403E0263,weapon_sat_sm_serval_npc.all
77ACC1CAF31EE140,weapon_sat_ar_wren_mastercraft_smind.all
77D75B814B86BAFB,mp_jup_m_exhibit.english
77E0CF63600EF3D4,weapon_sat_dm_solomon_npc.all
77E4750C6A1A5BE3,weapon_jup_ar_foxtrot2000_npc_sup.all
77EC6A9F7A7F3950,jup_bigmap_village.all
77EC735BC93DFE9B,merged_mp_jup_zooquarium.english
77F02604E51B4C97,mp_saba2.english
77F22211464F7ADC,merged_mp_jup_afghan_v2.all
77FAC4ABDF0695B9,merged_mp_saw_manticore.english
78076B86A8E953A8,merged_mp_jup_highrise.english
780B251CF5B19399,weapon_iw9_sn_mromeo_npc.all
780E908C4A6B636E,merged_mp_jup_incline.all
780EA40B2238CA31,ks_sat_handcannon_npc.all
781A001519CFEC2F,weapon_sat_ar_vulture_plr.all
781E6924D8C8097A,lbravo_infil.all
7826BAC9CCD71790,weapon_iw9_ar_schotel_plr_sup.all
7826C416BA2F9A58,mp_dogtown_gw.all
782BD8598B5C7343,weapon_iw9_sm_acharlie9_npc.all
785702072B9D76FC,merged_mp_t10_sm_bullet.english
785826CAA4367B5C,weapon_t10_pi_goslo_plr_sup.all
785BD944B211FCB3,weapon_iw9_sn_alpha50_plr_sup.all
787217E9ACF1E40E,merged_mp_sat_ob_virgo.all
78871510B78ABABA,weapon_sat_zm_ww_hornet_npc.all
7899E1F70EEDCA3C,weapon_t10_zm_sword_fun_plr.all
78D8174888543DC8,mp_jup_luxury.all
78FB39BC4945D358,merged_cp_lone.all
7900E689178295DC,weapon_iw9_sh_tsierra12_npc_sup.all
7912E04FEDF22377,frontend_ui.english
791531EA8886014E,mp_jup_bigmap.english
792EBB7EADB4AA24,merged_mp_sat_ob_libra.english
793B59205746882E,weapon_jup_dm_kappa98_plr_sup.all
796C86285AD6573F,weapon_sat_sn_drake_npc_sup.all
7977C2028C358C48,merged_mp_t10_sm_capital.english
79C0181F8FB418AA,mp_wartorn.all
79C43EE6C0A68CB9,merged_mp_jup_bigmap.english
79CB3F7FCB8186C3,eqp_breacher_drone.all
79DA01DC9535D04A,weapon_jup_ar_qbravo95_plr.all
79EEA4EC0504549B,weapon_t10_dmr_falove_plr_sup.all
79FDEB137DE2149D,delta_district_08.all
7A1DA3F0C3F2B6B6,merged_mp_sat_sm_onsen.english_safe
7A23E8F69F62D9C3,weapon_sat_zm_necrofluid_gauntlet_npc.all
7A24BB6670E14450,weapon_t10_zm_sword_life_npc.all
7A3ACD0AA2378D04,weapon_t10_lm_aroger10_plr.all
7A75D8395A303740,mp_jup_shoothouse2.all
7A8C07F53F1AB03A,merged_mp_sat_ob_capricorn.all
7A91723F3869586F,weapon_t10_lm_uxray_npc.all
7A9E21013AF42F28,rev_veh_jup_truck_tech_plr.all
7AA8EFCA40EC6A15,merged_mp_jup_trainingfacility.all
7AA9A29F29849D4E,merged_mp_t10_fallout.english
7AB3351BB3F3BD12,weapon_iw9_ar_augolf_npc.all
7AB8FC10E2A0EABD,weapon_sat_sh_husky_gl_npc.all
7AC6210DFFCE5E3B,weapon_t10_smg_safox_plr_sup.all
7AD2D1A3349C784F,zm_perkmachine_melee.all
7ADA309B989BADBD,weapon_iw9_pi_tango9_plr.all
7ADF473F935164BE,weapon_t10_ar_aking74_plr.all
7AE04C8AA603AAD7,mp_saba.english
7AE3863FE6FAA3E8,weapon_iw9_pi_golf18_plr.all
7AEECDF2E580CE7E,weapon_sat_sh_shepherd_plr_sup.all
7AFA5304BC17944F,weapon_iw9_sh_mike1014_plr.all
7AFB7473BAFC11F7,merged_mp_t10_trainingcourse.all
7B04DAD5F25EA11D,merged_mp_jup_m_exhibit.all
7B072F39BF1DB7DE,merged_mp_saw_manticore.all
7B0E09BFA9DA727E,weapon_t10_sh_moslo500_mastercraft_trapgun.all
7B13818BC981C80C,weapon_iw9_dm_crossbow_npc.all
7B171F56A56337CA,mp_catedral.english
7B1B6908EFB8385F,merged_mp_sat_rm_socotra2.english
7B1F2E30BE49070A,foley_cloth_suit_plr.all
7B2BAA05AC7C5CB8,merged_mp_jup_shipment_alt_4.english
7B3B92B048C60774,eqp_snapshot.all
7B54EE3CA37C7BA8,mp_jup_das_haus_alien.english
7B64505A00231CFD,jup_bigmap_industrial.all
7B937C90857653FA,weapon_iw9_ar_kilo53_npc_sup.all
7BA3D310CC711E57,mp_arn_zone1.english
7BA61395F27051BD,mp_jup_paris.english
7BA7FC3A2265BA7E,weapon_sat_pi_timir_emp_plr.all
7BBDBF4AA92E7D9E,weapon_iw9_br_soscar14_plr.all
7BC1BB13120BD676,merged_mp_jup_quarry_alt.all
7BE0772F9BAEDDA4,merged_mp_sat_den.all
7BF2976347E02062,merged_zm_sat_locust.english_safe
7C105631ADDA921C,weapon_iw9_ar_scharlie_plr.all
7C2839936F2DC7BC,weapon_t10_lm_uxray_npc_sup.all
7C4078922A37BDC9,weapon_jup_sm_lwhiskey_plr_sup.all
7C60D3AC795E1273,merged_mp_oilfield_gw.all
7C6ED8D313463F7E,eqp_butterfly_mines.all
7C74D2D8AA594698,merged_mp_sat_rm_socotra2.all
7C946F8294E5D65B,weapon_jup_br_bromeo2m_amp_plr_sup.all
7C9C111E7C581B1F,merged_mp_t10_fugitive.all
7CB2EAF91BD4E89A,ks_sat_escort_helo.all
7CBF63D0CA984D82,merged_mp_jup_terminal.all
7CCCB6B6F4F81ED3,weapon_iw9_pi_papa220_plr.all
7CCF1E4C6F6D37C0,weapon_sat_sn_caspian_npc.all
7CD51F660712F543,weapon_iw9_ar_augolf_plr.all
7CDA0FEDD41E587E,weapon_jup_ar_acharlie_plr.all
7CDC62F47F8924A0,eqp_comm_scrambler.all
7CDFC9DF2F48C997,ingame_mp.english
7CE53727BF703532,merged_mp_t10_sm_eclipse.all
7CE8FF4C8417FB03,mp_hydro.all
7D02DA70F0853158,eqp_inhibitor.all
7D1072755BCA82A9,merged_mp_t10_nuketown_winter.all
7D20F96CAC65F775,merged_mp_sat_co_rm_veiled.all
7D27B027A3F28DB6,weapon_t10_lm_puncle21_plr_sup.all
7D3378BDA6029EF1,rev_veh9_civ_lnd_suv_1996_plr.all
7D38C4601CD4E4CF,weapon_t10_smg_geasy9_npc_sup.all
7D49431FDC5E43C2,mp_grandprix_pm_2.english
7D6BCBA90AF8A5F9,zm_perkmachine_doubletap.all
7D75547F1F92B277,merged_mp_sat_co_rm_hacienda_alt.all
7D7F57590A549787,merged_mp_jup_st_c_gw.english
7D9656E4EEDA1F42,weapon_iw9_ar_schotel_npc.all
7DAE67AC7DE6AE36,merged_mp_sat_cortex.all
7DB39C1BFC91AB36,weapon_jup_br_acharlie450_npc_sup.all
7DBE140EB1856170,weapon_sat_ar_falcon_spear_npc.all
7DCAE994A5076EE9,weapon_jup_smg_scharlie3_plr.all
7E4AC97E642D8738,weapon_iw9_ar_mike4_npc.all
7E7ADA9F6A285705,kls_sat_sam_turret.all
7E94DBC12DAC9EDF,zm_eqp_mutant_injection_disc.all
7E9CCCAC3A300F25,mp_jup_quarry.all
7EA410D5D9A0D854,weapon_iw9_sm_beta_npc_sup.all
7EA85F6ABBB42949,weapon_t10_smg_pparis90_mastercraft_hades.all
7EB933A64239CF5F,merged_mp_sat_buzzkill.english_safe
7EBE0FE38FCBA1B1,weapon_jup_dm_compound_npc.all
7ECAEF3E365F87D1,weapon_sat_dm_solomon_plr.all
7ECB2975D0ECF449,foley_gear_milhvygr_npc.all
7ED055870A091C6B,merged_mp_jup_paris.all
7ED4914184A8D13C,zm_ai_triton.all
7EF30C6BC3C978E1,weapon_jup_ar_golf36_npc.all
7EF98D64E8835C1D,merged_mp_t10_vorkuta.english
7EF9A6880053A958,merged_code_post_gfx.all
7EFCA74936C8DC4B,rev_veh9_civ_lnd_dirt_bike_npc.all
7EFDD53870591BB9,weapon_jup_pi_glima21_plr_sup.all
7F1232C555A7FBA4,merged_mp_sat_ob_libra.english_safe
7F166102BA1056C5,foley_cloth_leather_npc.all
7F187641E7F36452,mp_jup_home_01_alt_toon.english
7F1A78D4038A8DD8,weapon_t10_pi_stiger_plr_sup.all
7F2289281B6F4A04,merged_mp_sat_co_rm_hacienda_alt.english_safe
7F361101DCBBA267,weapon_t10_lm_ksugar58_plr.all
7F4B36C65690C28C,merged_mp_observatory.all
7F548A97D848814F,mp_jup_incline.all
7F5F94A35DD6C49F,mp_jup_launchfacility.all
7F63261706B89326,weapon_jup_br_xmike5_plr_sup.all
7F8ED7BA0B0418C8,merged_ingame_mp.english_safe
7FA1985745D9995C,weapon_sat_ar_kiwi_npc_sup.all
7FCA1C6D9C2C54B8,merged_mp_jup_slaughterhouse_oct.all
7FCB3D20F72497BA,weapon_sat_sn_caspian_plr_sup.all
7FE31089EF7DC41F,merged_mp_sat_ob_virgo.english_safe
7FE5420E4D6DEB6D,mp_gamemode_br_infils.all
7FFA10B331F54C25,merged_global.all
