hash,name
00042F59E73B1CF4,ui.generated.widgets.genericbuttonicononly
0014D5B29AD4768D,ui.generated.widgets.frontend.seasonalevent.seasonaleventsmenucontenttemplateeventplus
001DB0548CC6F6E0,ui.generated.widgets.frontend.jupbattlemap.jupbptokenearned
002D3FCEE8412C51,ui.generated.menus.frontend.social.socialgrouplabelseditpopup
0040982EA048C888,ui.generated.widgets.ingame.mp.locationselectormap
0048F635F90AC508,ui.generated.widgets.frontend.jupbattlemap.seasons.jupbpspecialminimapsectorswidget_s5
0048F735F90AC6BB,ui.generated.widgets.frontend.jupbattlemap.seasons.jupbpspecialminimapsectorswidget_s4
0048F935F90ACA21,ui.generated.widgets.frontend.jupbattlemap.seasons.jupbpspecialminimapsectorswidget_s6
0048FC35F90ACF3A,ui.generated.widgets.frontend.jupbattlemap.seasons.jupbpspecialminimapsectorswidget_s3
004F5FC5BFE8DB96,ui.generated.widgets.globalplayeroptions
0055AE6A11F9A105,ui.generated.widgets.frontend.weapons.weapontabsbutton
00585CF89DB7F679,ui.generated.menus.mobilecontrolsetshudmenu
006A61CD2845FAEF,ui.generated.widgets.frontend.aar.aardmzweaponblueprintprogression
006EF059C583054C,ui.generated.widgets.frontend.aar.aarunlockitemgunsmith
006F49BDEB826FD9,ui.generated.widgets.frontEnd.BattleMap.BundlePurchasePopup
00755E73CB98F889,ui.generated.widgets.ingame.mp.br.brgenericprogressbar
007E3492D815C11F,ui.generated.widgets.frontend.aar.aarbattlepassprogressbar
0094F38BD1713D2F,ui.generated.widgets.frontend.groups.groupchatbutton
0096D6E99520F6FA,ui.generated.widgets.debuglayerwidget
009859A1D115F321,ui.generated.widgets.ingame.mp.scorestreaks.dronesentry.dronesentryorientation
0098AC55226252D5,ui.generated.menus.installmanager.installmanagerpopup
00A9808024C179A3,ui.generated.widgets.ingame.interactiveobjectbuttons
00AD3F9BC5E19711,ui.generated.widgets.trials.trialeventstartpopup
00BF53EAB96FBAC2,ui.generated.menus.frontend.barracks.barrackscustomize
00D020E410D66D06,ui.generated.widgets.spcompletionrewardsitem
00D702EDB7484559,ui.generated.widgets.ingame.mp.tacmapcontrollerscheme
00DDD47B0F32B36C,ui.generated.widgets.frontend.social.socialfriendsearchbutton
00E1178F5D49AAFD,ui.generated.widgets.ingame.mp.br.brgasmaskreadout
00F237873D4ED55A,ui.generated.widgets.frontend.weapons.blueprintbinkpreview
00F51D224BDCB948,ui.generated.widgets.frontend.mp.supportitemslots
00F62B148C35362C,ui.generated.menus.frontend.mp.dmz.dmzmissionsoverview
0102285F4682796D,ui.generated.widgets.frontend.mp.leagueplay.lpplaymenu
0103EA5769C3A9C1,ui.generated.menus.frontend.spearlyaccessupsellmenu
0106E970469336BF,ui.generated.widgets.ingame.mp.bradley.tankdrivertacticals
010A5393D28435E1,ui.generated.menus.frontend.mp.privatematchgamecodejoin
011D0AC2F25D998E,ui.generated.widgets.genericborderframe
012643785C7EA39F,ui.generated.widgets.frontend.seasonalevent.seasonaleventpip
012B3105A68C2EC8,ui.generated.widgets.ingame.mp.vehicle.rhibdiagram
01368A40849D148F,ui.generated.widgets.customcolorpickerbuttons
013A626AB097F733,ui.generated.widgets.frontend.mp.cas.streakcostwidget
013AB668AAD9FC24,ui.generated.widgets.frontend.mp.cas.progressionitembutton
01553470DBE0DD3B,ui.generated.widgets.ingame.codcaster.codcasterpostgame
0155C07870044E0C,ui.generated.widgets.frontend.challenges.dailymultiplayerchallengeselect
015FED3E3FD7490D,ui.generated.widgets.disccheckerrorpopup
0160FDCC0A9F900C,ui.generated.widgets.ingame.reticles.jupiter.jup_las_fourx
016301CD20C567E5,ui.generated.widgets.frontend.lfp.lfppreferencesdropdown
0164D9697D8946ED,ui.generated.widgets.frontend.social.socialprofilemenu.socialshowcaseplayeridentity
0168BC36166D0D6F,ui.generated.widgets.frontend.mp.playmenu.playmenutitle
016E93781CF98539,ui.generated.widgets.codeconductthreat
017FAF8FC73EB208,ui.generated.widgets.bannergradient
0185CF58ED088D89,ui.generated.widgets.dmzitembonus
0188E594C82E50D6,ui.generated.widgets.guardattachment
019038D287688205,ui.generated.widgets.frontend.matchdetails
019513EA190F513B,ui.generated.widgets.creatorcodesearch
01951B0B885E1F54,ui.generated.widgets.scrollbar.horizontalscrollbar
019664563372E90A,ui.generated.widgets.challengesdailycore
019D9C2EEBFEB305,ui.generated.widgets.toastnotificationcontainer
01A676C74D2B9100,ui.generated.widgets.frontend.battlemap.battlemaptokenpurchasebutton
01A77B9EC8109644,ui.generated.widgets.frontend.weapons.loadout.loadoutbutton_zombie
01AF88BF69451F30,ui.generated.widgets.frontend.social.socialprofilemenu.socialprofileplayerpresence
01B8418E629B2179,ui.generated.menus.frontend.mp.cas.loadouts.camoselectbase
01C48C43B41FCC68,ui.generated.widgets.ingame.mp.progressionunlocksplash
01CE0A7A4DBDFB37,ui.generated.widgets.ingame.mp.splashtimersubheader
01D51A60813311DB,ui.generated.widgets.frontend.barracks.combatrecordbuttons
01E35D78DD79353E,ui.generated.widgets.installmanager.installmanager_filepackbutton
01EAFACEDC99554E,ui.generated.widgets.frontend.leaderboard.leaderboardrowbutton
01F248AD609FC0CF,ui.generated.widgets.ingame.mp.scorestreaks.locationselectorinfo
01F55EAA7065C796,ui.generated.widgets.frontend.lfp.lfppartybrowserrow
01FB597BFC6AD8B9,ui.generated.widgets.frontend.gameinstallbutton
0203B4F5C6572B9E,ui.generated.widgets.frontend.jupbattlemap.jupbattlemaphvt
0208CCFD0DE0A079,ui.generated.widgets.timerlockedbutton
0208D32BB0D3E357,ui.generated.widgets.store.storerowtagbonuseffectgenericbacker
020A6ED4CDB91D94,ui.generated.widgets.frontend.cp.cpgamedifficultybuttons
020F68E12903F832,ui.generated.widgets.ingame.mp.scoreboard.teamscores
021C09516E717A39,ui.generated.widgets.ingame.matchstatuswaypointescort
022B50723460F012,ui.generated.widgets.ingame.mp.br.brhealthandarmorbars
0232CF46BDDDDB92,ui.generated.widgets.mp.br.minimap.minimapbunkerinfo
0239A5AB978D5799,ui.generated.widgets.frontend.customize.callingcardfilterpopup
023D9C0674E02722,ui.generated.widgets.ingame.mp.perkshudwidgetinfo
02486858E2E3C320,ui.generated.widgets.frontend.lobby.privatematchpopup
0255D1A14EDB6B16,ui.generated.widgets.ingame.reticles.reticlelaunchergromeolock
02605B8C53B35D04,ui.generated.menus.frontend.codaccount.codaccountlogin
026C1F94C54A23A8,ui.generated.widgets.frontend.lobby.arenapickupminimap
02705B288B87DD9E,ui.generated.widgets.frontend.groups.socialgrouplabelgridwidget
027F455CEFA1C75B,ui.generated.widgets.frontend.genericlootbutton
0280D8963886F6BE,ui.generated.widgets.frontend.mp.leagueplay.lphowtoplaymapsmodes
0281E9AE694B1820,ui.generated.widgets.ingame.brcodcaster.brcodcastersquadinfoplayerstatus
028501138CF0483F,ui.generated.widgets.ingame.mp.pausemenu.pausemenubuttons
02BB7189C35AEC56,ui.generated.widgets.frontend.mp.aar.aarffascoreboard
02C18FBA8769B17A,ui.generated.widgets.frontend.social.flyinpopupcontainer
02CA5FE47A984AA7,ui.generated.widgets.frontend.jupbattlemap.jupbpblackcellupsellbpowned
02ED107293EBB7ED,ui.generated.widgets.ingame.reticles.extrareticles.reticleoutercircleacogeast02
02FE4EF6AF28188C,ui.generated.widgets.ingame.mp.warmode.warmodescoreboardobjectiveoverview
03003520F5ECFEF6,ui.generated.widgets.frontend.lobby.returntoplaylistlistwz
030414B5FC47150E,ui.generated.widgets.ingame.mp.vehicle.driverhud2014pickup
03155C116770ACC8,ui.generated.widgets.frontend.weapons.loadout.loadoutbuttonbase
031FDDD8A8702550,ui.generated.widgets.mousecursorcontextualmenuactiongamepad
0321FF5C1E815153,ui.generated.widgets.frontend.operator.operatorselectbuttonbase
0322E664ADAB43F2,ui.generated.widgets.frontend.weapons.gunsmithattachmentpointer
03247AF2526C746D,ui.generated.widgets.frontend.mp.leagueplay.lpseasonendflowrewardscontainer
03282893D87731B9,ui.generated.menus.frontend.mp.cas.loadouts.gunsmith.savecustommod
032E727A0993845A,ui.generated.widgets.ingame.gunscreens.gunscreenkdwitch
033DEF7CA4061E47,ui.generated.widgets.frontend.mp.cas.gunsmith.nextunlockitem
0346881DC77A4F5B,ui.generated.widgets.ingame.mp.br.duallabels
0357C7B4AA6A9000,ui.generated.widgets.frontend.seasonunlockspopup
035DCAA96C1AAE2A,ui.generated.widgets.frontend.mp.cas.streakinfo
03897EBE55BCC1C6,ui.generated.menus.frontend.mp.leagueplay.lppostmatchflowdebugcontainer
038E904D0633E250,ui.generated.widgets.frontend.groups.socialgroupgroupnamewidget
039451E1DF6DAE41,ui.generated.widgets.ingame.reticles.paranormaldirectionalteal
039A1D6AD8DD708F,ui.generated.menus.frontend.jupbattlemap.jupbundlepurchasepopupcontainer
039A68BFEECD17C4,ui.generated.widgets.frontend.lfp.lfppreferencestoggle
039C7985D0FAF915,ui.generated.swatches.Swatches_WZ2
03A5178D52D799F5,ui.generated.widgets.frontend.social.socialpartypresencepopup
03A58801CD01FD9B,ui.generated.widgets.frontend.jupbattlemap.jupbppurchasebladeproductitemdetails
03B0F069C5C680BC,ui.generated.widgets.ingame.mp.shopbartertabcontent
03BBF6393D069A39,ui.generated.menus.frontend.customize.parachuteselect
03CC6276FFA11417,ui.generated.widgets.frontend.battlemapv2.bpminimapbutton
03D596E39C741083,ui.generated.widgets.ingame.mp.cutthroat.cutthroatteamscore
03DB5AE72FEFF485,ui.generated.widgets.trials.trialskinnydetails
03E4046B262D3E3C,ui.generated.widgets.ingame.mp.matchstartobjectivebanner
03F0D9522946EFFB,ui.generated.widgets.frontend.headquarters.combatrecordweapons
03FC4BDE263AB8A8,ui.generated.widgets.ingame.mp.trackerminesplash
03FE30ECE3E12CC1,ui.generated.widgets.pentagramchild
04021222390495EC,ui.generated.widgets.ingame.interactiveobjectpopup
040498662DA19609,ui.generated.widgets.frontend.checkboxbutton
040DA3012F30893F,ui.generated.widgets.returncountdown
041461D44E644333,ui.generated.widgets.ingame.mp.br.brendgameresultsplash
04189A4C0EFAEB25,ui.generated.widgets.activearmorypromo
0425694318C597DA,ui.generated.menus.frontend.social.socialaddfriendsbysearch
042D388393C535A9,ui.generated.menus.frontend.codaccount.codaccountsummary
042E686C8201CDA5,ui.generated.widgets.ingame.reticles.reticledmscopevz03center
04321885765CDB57,ui.generated.widgets.frontend.mp.cas.armorybacking
044180C49A0DCB85,ui.generated.widgets.subheader
04425AC1F5D21B0D,ui.generated.menus.frontend.mp.cas.loadouts.obacquisitionselectbase
04430CAD4B938611,ui.generated.widgets.frontend.store.storebundlemediaitem
04464B0BBB5C714E,ui.generated.widgets.ingame.mp.tacticalmapnodata
04464D6AEC430B70,ui.generated.widgets.ingame.codcaster.codcasterseriestextcountdown
044CFD1CA42F2F06,ui.generated.widgets.ingame.mp.bombmodes.bombplayericon
045695AB2C36F112,ui.generated.widgets.ingame.mp.tombstonecontainer
045B2C7367853DA9,ui.generated.widgets.frontend.jupdepot.jupbattlepassbutton
045FD718E781ADC4,ui.generated.widgets.buttons.challengebutton
046BF3A2CA94953B,ui.generated.widgets.ingame.reticles.extrareticles.reticleoutercirclemike32
04722CD06F8A47D1,ui.generated.widgets.frontend.store.storeitemdetails
0472992054FB39E3,ui.generated.widgets.frontend.barracks.progressionunlockdescriptionsubheader
04820A38A1E122F7,ui.generated.widgets.buttonglow
048AC6F5C6352FC3,ui.generated.widgets.ingame.mp.matchstatusfriendlyteamhealth
049657CE499AC3D9,ui.generated.menus.frontend.events.seasonaleventsingleeventmenu
0498FA7B3A1E1E03,ui.generated.widgets.frontend.seasonalevent.seasonaleventsinformationalbundlesbutton
049AB675CBF5CA40,ui.generated.widgets.jupiterprogressrulerlinesflexible
049D7AEA62E391FF,ui.generated.menus.frontend.mp.outbreak.obacquisitiondestroypopup
049E8832708B07B3,ui.generated.widgets.ingame.mp.br.brroguesignalprogress
04B3A37A5F9766D5,ui.generated.menus.frontend.barracks.combatrecord
04B8D45F0F7E774F,ui.generated.widgets.ingame.sp.spkeypadbtn
04BB8877E46D7239,ui.generated.widgets.options.favoriteoptionpreview
04CF6F141B7D92F1,ui.generated.widgets.alwaysloaded.tagmembercount
04DA183C58CE5B93,ui.generated.menus.frontend.mp.cas.gunsmith.gunsmithtabsmenubase
04EDAAA31CABEE49,ui.generated.menus.frontend.barracks.challengemenumissions
04F34C2DE8E9228D,ui.generated.widgets.ingame.gameplayplayerstats
04F64D307AA0126A,ui.generated.widgets.channelserviceunavailablewarning
050276031ED8FD39,ui.generated.widgets.frontend.mp.dmz.inventoryitemweapon
050CDB663CD6803C,ui.generated.widgets.frontend.battlemap.battlemappreviewbuttonsmallbase
050DCC596CB190D6,ui.generated.widgets.frontend.mp.leagueplay.lphowtoplayrulesinfocard
05103EE8F73CDB99,ui.generated.widgets.kbmbuttonwithprogress
05135E909D8CA717,ui.generated.widgets.ingame.reticles.lightbluedot
05260BD3BCA9A858,ui.generated.widgets.ingame.mp.vehicle.driverhudpickuptruck
053318F62C1AA972,ui.generated.menus.frontend.barracks.unlocksmenu
053AB670C07865D4,ui.generated.widgets.ingame.reticles.reticleholotherm01altdark
05406BE5EB77105F,ui.generated.widgets.frontend.mp.exgm.loadout.dynamicbackpack
0546DD332FA17768,ui.generated.widgets.ingame.mp.countdownwithimage
054B8ADEDCD41BE8,ui.generated.menus.frontend.mp.cas.loadouts.vehiclepreview
055B0D97B37D2491,ui.generated.widgets.ingame.reticles.swagdot
055D75B5C5AD47E1,ui.generated.widgets.frontend.leaderboard.leaderboardheaderrow
055F67EB9C1B1B64,ui.generated.widgets.ingame.mp.cmd.cmdstatus
057515E38AEFFDB1,ui.generated.widgets.frontend.depot.mpstoremenu
057A1E948B17DBAC,ui.generated.widgets.frontend.jupbattlemap.jupbpsectortaglist
0580069F6EA63748,ui.generated.widgets.mobilebuttonindicationanimation
0581E5F27C41B890,ui.generated.widgets.frontend.seasonalevent.seasonaleventeventplusinstantrewardbutton
0597073898AA566C,ui.generated.widgets.frontend.mp.leagueplay.lpdivisionrewardscontainerthreeslot
0597B24CA96193B2,ui.generated.widgets.frontend.mp.dmz.dmzinsuredlockdata
05A1D82B28E89D33,ui.generated.widgets.frontend.gamemodeprompt
05AE9A2ECFB5C24D,ui.generated.menus.frontend.mp.cas.loadouts.fieldupgrades_flc
05AEC935D4EA990A,ui.generated.widgets.options.calibrationguide
05D1942B2A64649E,ui.generated.widgets.brinflationbackernew
05D4D65A9DEA1222,ui.generated.widgets.frontend.br.leagueplay.lpbrhowtoplaysroverviewdisplay
05DDD330652865CF,ui.generated.widgets.frontend.social.socialprofilecardsmallempty
05EFDADB9ECDC17E,ui.generated.widgets.trials.trialrewardstarssmall
05F3D4C7848F6CC5,ui.generated.widgets.frontend.social.socialnotificationcounter
05F7345A481E7B3F,ui.generated.widgets.frontend.mp.leagueplay.lpskilldivisions
05F73AF79D58DFCF,ui.generated.widgets.frontend.mp.cas.gunsmith.gunsmithdetailsmodifier
05F7F4943658DECD,ui.generated.widgets.ingame.equipmentpanel
05FA64409B21868F,ui.generated.widgets.ingame.sp.mapspecific.prison.cctvzoommeter
05FB15BD9A168C18,ui.generated.widgets.menubuttonradio
05FC665904899747,ui.generated.colors.Colors
06065DAD875A331E,ui.generated.widgets.ingame.sp.spkeypadcontrollerscheme
060C99331960C854,ui.generated.widgets.frontend.mp.outbreak.obmenubuttonprompt
0620D4745FBEABB2,ui.generated.widgets.frontend.mp.customizationdetailpanelbase
062210F096BA1AB5,ui.generated.menus.frontend.weapons.loadout.loadoutoverview_flc
062A98190A3BAF05,ui.generated.widgets.frontend.battlemap.battlemappremiumtag
062D696D7BEE0F48,ui.generated.widgets.ingame.reticles.reticleholotherm01paranormal
063ED80CA66DA466,ui.generated.widgets.wzm.ingame.mobileobjective
063F1DCE05AA4F22,ui.generated.widgets.store.storerowfeaturedbackground
0645119CFA3B9D61,ui.generated.widgets.ingame.mp.fieldupgrademeter
064769573A5A2457,ui.generated.widgets.frontend.aar.aarchallengeprogressioncardwrapper
064EE8EF2AF4B228,ui.generated.widgets.ingame.brcodcaster.brcodcasterobituaryhighlightedmessage
064EF5D2FA0BD351,ui.generated.menus.frontend.battlemapv2.bpsectorpreview
065C762800EB4C41,ui.generated.widgets.ingame.mp.teamselectpanel
065D76544FCE7522,ui.generated.widgets.frontend.social.socialprofilecardsmallselect
06666ABE82CCD873,ui.generated.menus.frontend.barracks.barracksrecords
066E2B85789C4152,ui.generated.widgets.perkpackageoptionspopup
0671D7474D93B69C,ui.generated.menus.installmanager.filepackmanagermenu
0676579931BC9A9E,ui.generated.widgets.frontend.mp.aar.aarteamscoreboard
0676D77AE8E21349,ui.generated.menus.frontend.storepreviewitempopup
067B0D04B715EC35,ui.generated.widgets.frontend.weapons.loadout.loadoutbuttonhighlightprompt_flc
068A42B65B1A36EA,ui.generated.menus.audiomixpreset
068DC29A28BA89C8,ui.generated.widgets.frontend.weapons.mpweaponmenubuttons
06918CA438813516,ui.generated.widgets.frontend.lfp.lfppreferncesheader
06966432E7681FB1,ui.generated.widgets.frontend.battlemapv2.bpctamessage
06A0A8E7E6D2F6F8,ui.generated.widgets.ingame.mp.scoreboard.teambase
06AD2CFA7BA95DB5,ui.generated.widgets.frontend.mp.leagueplay.lppostmatchskillrating
06AD4B3BEB9CA84E,ui.generated.widgets.ingame.lootsplash
06ADC109D1CBC119,ui.generated.widgets.frontend.barracks.unlockslootitem
06B65E82856D3B14,ui.generated.widgets.perkpackagedetails
06BDDF5A8F94FD23,ui.generated.widgets.frontend.battlemap.battlemapsectorstatetag
06C4BE0DA9D472FF,ui.generated.widgets.frontend.mp.splitscreenoperator
06CE677D17DEBFCB,ui.generated.widgets.genericfillbar
06D2498BB48487E7,ui.generated.widgets.ingame.brcodcaster.brcodcasterplayercardstats
06DFD57D2077D1E9,ui.generated.widgets.ingame.reticles.reticlecrosshairbase
06E5756956B47921,ui.generated.widgets.frontend.mp.cas.gunsmith.ampbutton
06ED2972945C0099,ui.generated.widgets.frontend.mp.cas.weaponprestigecamoselect
06ED34B54DA3E13D,ui.generated.widgets.ingame.reticles.fourxhelimaice
06EFF8C2292642C5,ui.generated.widgets.frontend.sp.spcinematicselect
06F08D9994CC3BC3,ui.generated.widgets.splootsplashitem
06FB0E90CE8E65E8,ui.generated.widgets.frontend.dmzpersistentoperatorcardchevrons
06FEA77BF636E8C7,ui.generated.widgets.ingame.mp.tombstone
07024F12EDB4A0A6,ui.generated.widgets.dungeonrewarditemdetails
070AAB350D72150F,ui.generated.widgets.tutorialvideo
070E1C1D0C5FDA15,ui.generated.menus.frontend.codcaster.codcasterteamsettings
07166DD2362A9FD6,ui.generated.widgets.frontend.barracks.barracksupsellpurchasebutton
071759FCC6D71FA1,ui.generated.widgets.frontend.mp.tournament.tournamentsignupalpha
07242BC72D2C0069,ui.generated.widgets.frontend.social.socialprofilemenu.socialprofiledetailstab
0725565E5CF49412,ui.generated.menus.frontend.customize.callingcardmasterymenu
0728260C44957419,ui.generated.menus.frontend.mp.cas.loadouts.stickerlocationselectbase
07321BA98B5CD756,ui.generated.widgets.ingame.mp.perkactive
073897A1690FE5A0,ui.generated.widgets.ingame.mp.bradley.vehiclelevels
0742D923AA137919,ui.generated.menus.frontend.mp.playlistfiltermenu
0745D015CD0BB425,ui.generated.menus.frontend.cpwelcomemenu
074C1B6D209F1FF7,ui.generated.widgets.ingame.brcodcaster.brcodcastertemperedarmorpip
0750594B0BEE8D2B,ui.generated.widgets.frontend.weapons.loadout.loadoutcustomizationbuttons
0757AA03624E8BEB,ui.generated.widgets.frontend.mp.leagueplay.lpdivisionrewarditem
0758E04A9860B0BA,ui.generated.widgets.brlongplayercardcontainer
075CB9DB69B74A7D,ui.generated.widgets.buttons.obbuttonhighlightwide
075EEB305ADCAE9B,ui.generated.menus.frontend.mp.cas.weaponlocker
0763F855187E4276,ui.generated.widgets.frontend.aar.aarbattlepassglowdigits
0769019965148392,ui.generated.widgets.frontend.aar.aarbattlepassbonuspanel
076C3397FCDC83A3,ui.generated.widgets.frontend.timedbutton
077411D958B70A0F,ui.generated.widgets.frontend.mp.cas.rechargeratewidget
0775A8102BB8ED5D,ui.generated.development.frontend.aar.aarweaponunlocktopolines
07780057AA5E5D14,ui.generated.widgets.frontend.social.socialmenuflyout
07794C696A80BFE6,ui.generated.widgets.targetmarkers
077DB38D76110551,ui.generated.widgets.frontEnd.BattleMap.CodPointsBanner
0786BF23EDF7030E,ui.generated.widgets.frontend.barracks.mpbarracksmenu
078BA64F83BA6820,ui.generated.widgets.frontend.challenges.weeklychallengeselect
078DF1CC3B8BB09C,ui.generated.widgets.xpflyoutstripe
0791F4588A63DFA9,ui.generated.menus.frontend.social.socialaddfriendsbyplatform
0793347ADE1A6D1D,ui.generated.widgets.ingame.reticles.reticlesnintercept
079D7C2F45C654DF,ui.generated.menus.frontend.mp.benchmarklobby
07A07462B7DB5F84,ui.generated.widgets.frontend.social.socialpartyplayerlistcontainer
07AB8D2142D3FA3C,ui.generated.widgets.frontend.seasonalevent.seasonaleventsmenucontenttemplatepoints
07B73DF70374382D,ui.generated.widgets.simplebuttonhint
07C2D7E9B0C3A2AA,ui.generated.widgets.frontend.store.storebillboarditem
07CB932D7D0C8600,ui.generated.widgets.ingame.tutorialmessagebackground
07D0C789827E516B,ui.generated.widgets.benchmarkzonedetailsresults
07D9C38CEFCA68BE,ui.generated.widgets.frontend.mp.dmz.dmzlocationbutton
07E8C82042CA7EBD,ui.generated.widgets.ingame.sp.spycamera.spycamerapowerdisplay
07EC5F37438A9EE4,ui.generated.menus.frontend.storefullscreencinematic
07EDB5D536E7E7C3,ui.generated.widgets.ingame.reticles.reticlecrosshairdot
07F9718E8BD31AD0,ui.generated.widgets.howtoprogressbrcard
07FD382CD05E9451,ui.generated.widgets.frontend.mp.outbreak.obmissionselectbutton
080855C3BAE8C2EA,ui.generated.widgets.ingame.mp.gameinfo
08086563D4F8EF93,ui.generated.widgets.frontend.lobby.lobbylistheader
081079C0DEDF59E5,ui.generated.widgets.ingame.mp.streakpoints
081A1B5E33CDBC54,ui.generated.widgets.ingame.mp.br.brendgamescoreboardmenu
081DCC190BF551B9,ui.generated.widgets.frontend.wallet
08290D7C6D6DF498,ui.generated.widgets.frontend.listspacer
082B1839691C7558,ui.generated.widgets.tokenmenu
082EE3A43F6F2AE0,ui.generated.widgets.ingame.codcaster.codcasterkillcamteamlogo
083E72B696046A9A,ui.generated.widgets.ingame.mp.aar.ob.obaarexfilstreakcountheader
08451D13B8396407,ui.generated.menus.frontend.mp.brplaylistmenu
08466563F66395BA,ui.generated.widgets.ingame.lootmenuping
084FDC9F426EE21B,ui.generated.widgets.ingame.mp.scorestreaks.gunship.gunshipspeedstats
08526369F93C6E32,ui.generated.widgets.ingame.codcaster.codcasterdataviewlistrow
08556C252FECBC68,ui.generated.widgets.ingame.mp.matchstatustimer
085BDB04A218BEFD,ui.generated.widgets.frontend.operator.operationstatus
085C24CAB665525C,ui.generated.widgets.frontend.mp.cas.gunsmith.nextunlockitems
085E074BB45C699A,ui.generated.widgets.ingame.mp.ffavictoryplayernamebg
086753A4808E20D4,ui.generated.menus.firingrangetargetsettingsmenu
0869ABF63C83AA63,ui.generated.widgets.frontend.battlemap.weaponlegend
0872E13FC91AC413,ui.generated.menus.mobilebattlemapwelcomeftuepopup
0881E3963F87ED38,ui.generated.widgets.ingame.mp.dmz.gunbench.gunbenchsellmenu
08934BB33A0F3E4D,ui.generated.widgets.ingame.inventory
08955B6AFCBC1109,ui.generated.widgets.frontend.challengescontainertabs
0895F4E84263B83C,ui.generated.widgets.mousecursortooltiplocked
089908595FA16A0A,ui.generated.widgets.frontend.aar.aarkitprogressionlayoutbase
08B047F4AEB62ADD,ui.generated.menus.frontend.depot.battlepasspurchasepopup
08B29BF988ED7780,ui.generated.menus.frontend.cp.cpmunitionreplacepopup
08BB01AB05541DC4,ui.generated.widgets.genericexpanderexpandwidget
08BF8CD185ED482F,ui.generated.widgets.frontend.mp.lobby.lobbyteamswitcher
08CFABE5FEFA894A,ui.generated.widgets.frontend.mp.dmz.dmzitemslot
08DE0E42216D7FAA,ui.generated.widgets.frontend.mainmenutabs
08E495AB9005EC0E,ui.generated.widgets.frontend.seasonalevent.seasonaleventeventplusultimaterewardbutton
08F4634191BC34BE,ui.generated.widgets.frontend.mp.leagueplay.lphowtoplayoverview
08F499CB5BB08F67,ui.generated.widgets.frontend.events.viewbattlepassbutton
08F56FC4D6857E75,ui.generated.widgets.frontend.mp.cas.weaponchallengeunlock
09012E267D0E209F,ui.generated.widgets.ingame.reticles.iw9.reticlesnscope01
0905AFEE7E140EA4,ui.generated.widgets.frontend.store.storefeaturedrow
09074B274DFC4A37,ui.generated.widgets.winnerscircle.winnerscircleplayerdetailslayout
0907CABF9B80328A,ui.generated.widgets.frontend.mp.leagueplay.lpbrhowtoplaymapsmodes
0913C3D7A5E01021,ui.generated.menus.mp.teamscoreboard
091AE5363F0C7C75,ui.generated.widgets.ingame.reticles.jupiter.jup_reticle_moscar
093234F09C4B8762,ui.generated.widgets.ingame.mp.escort.escortroundendteamhudmessage
093B546F0F0B8695,ui.generated.widgets.frontend.social.socialpartysettingspopup
0946733E4C0C9B7B,ui.generated.menus.frontend.mp.cas.loadouts.gunsmith.gunsmithtuningmenubase
09560B627A381C6D,ui.generated.widgets.frontend.mp.playmenu.cdlrow
095D24B5D57CA2F9,ui.generated.widgets.gunsmithpreviewbutton
096BEE71B5F6192B,ui.generated.widgets.frontend.mp.leagueplay.lpseasonendtimer
0987204510C72195,ui.generated.widgets.frontend.jupbattlemap.jupbpminimapbutton
0987836D8610FBE4,ui.generated.widgets.frontend.aar.aarweaponofchoice
099975235375FC81,ui.generated.widgets.frontend.groups.socialgrouplistheader
099ACC8E9A5EC147,ui.generated.menus.frontend.mp.cas.loadouts.gunsmith.modificationpreview
099EDE5F57195D07,ui.generated.widgets.ingame.brcodcaster.brcodcasterobituarycontainer
09A2C6CC29E4C1B7,ui.generated.widgets.frontend.social.socialcardsgrid
09A5D1C4B744D113,ui.generated.widgets.ingame.reticles.reticlesniperhdromeo
09A6E56DF39320CE,ui.generated.widgets.frontend.mp.cas.loadouts.gunsmith.gunsmithbase
09AAA7CEE48C38A3,ui.generated.menus.frontend.mp.outbreak.walletmanagement
09B3C781E8EFC9B4,ui.generated.widgets.ingame.mp.groundwar.mapspawnlabel
09B9FE3EE0A63F2B,ui.generated.widgets.frontend.currentweekchallenges
09BD05DCFC6DE976,ui.generated.menus.frontend.social.socialgroupinvitemanager
09CC71D6C36000EF,ui.generated.widgets.ingame.mp.br.brendgameplayercards
09CDFB766106BD68,ui.generated.widgets.challengessummary
09D4F83BD00EEDBA,ui.generated.widgets.frontend.partyxpeventdescription
09D5026484E3A2CB,ui.generated.widgets.frontend.mp.outbreak.loadoutacquisitionbutton
09E2E382CF3830FD,ui.generated.widgets.ingame.reticles.javelinsubcrosshair
09E47E6E0C17D949,ui.generated.menus.frontend.mp.outbreak.obexfilstreakmenu
09EA2104D923364F,ui.generated.widgets.frontend.aar.aarunlockitemloadout
09EE7F272CAA1333,ui.generated.widgets.frontend.customize.emblemsortfilterpopup
09F633B5779277CD,ui.generated.widgets.ingame.reticles.jupiter.jup_twofivex06
09FE703080B1D854,ui.generated.widgets.ingame.reticles.reticlesnscope05
09FE733080B1DD6D,ui.generated.widgets.ingame.reticles.reticlesnscope06
0A108567E5E18FDB,ui.generated.menus.frontend.mp.playlistmenu
0A11FA6C05036A34,ui.generated.widgets.frontend.weapons.loadout.loadoutitemequipmentbutton_wz2
0A12DDA5906C78F4,ui.generated.widgets.ingame.subtitleentrybase
0A1E27442AA5D04F,ui.generated.widgets.ingame.codcaster.codcasterequipmentcounter
0A1F89C4EE5BFB7B,ui.generated.widgets.frontend.aar.aarparade
0A2DF0CC4CB8BAB0,ui.generated.widgets.ingame.spotterscopecoordbox
0A2E94B0BF700811,ui.generated.widgets.frontend.mp.lobby.lobbywarzonetutorial
0A2F5F9A380D2411,ui.generated.widgets.frontend.mp.loadoutitemslots
0A3399633722CA54,ui.generated.widgets.frontend.social.socialprofilemenu.socialshowcaseweaponinspectdetails
0A381ACB3BAA3455,ui.generated.menus.frontend.social.socialgroupbrowsermenu
0A4C432E85E6F378,ui.generated.menus.frontend.social.socialaddfriendsselectplatform
0A5E6FF4B7730E56,ui.generated.widgets.frontend.lobby.inspectlobbywidget
0A5F8A6FD146DE83,ui.generated.widgets.ingame.radialmenu6slice
0A63041AD19BD66C,ui.generated.widgets.ingame.mp.scorestreaks.mobileturret.mobileturretammobar
0A63F83E1293BA8E,ui.generated.menus.options.audiotestmenu
0A6DF9AA127FE2E5,ui.generated.widgets.frontend.mp.cas.gunsmith.unlockrequirements
0A7EB302D9F831A5,ui.generated.menus.frontend.mp.warzoneprivatematchlobbychangerolemenu
0A818DCC993B6FD9,ui.generated.widgets.frontend.depot.battlepassflare
0A8840A9B28EECAC,ui.generated.widgets.ingame.brcodcaster.brcodcastercircletimer
0A8FCB0820883F1E,ui.generated.widgets.ingame.mp.killcam.killcamyouindicator
0A95F5355C8B92B1,ui.generated.menus.frontend.operators.operatorshowcase
0A971FA8DAFC17B3,ui.generated.menus.frontend.worldmap
0A9867CF72C477E0,ui.generated.widgets.smartphonedmz
0A9D74238104CB80,ui.generated.widgets.mousecursorcontextualmenutitlerankcontainer
0AA151D7D8BCEAB6,ui.generated.widgets.ingame.mp.shopinfopane
0AAC1F429C186A97,ui.generated.widgets.ingame.mp.damageoverlay
0AC0B2EB224033CA,ui.generated.widgets.ingame.reticles.reticlethermaloutercircle
0AC1618ECF444098,ui.generated.widgets.countdownlarge
0ADBF232B4DCBD72,ui.generated.widgets.buttons.buttonxxlarge
0AE95D0D123458AD,ui.generated.widgets.frontend.battlemap.battlemappreviewbuttonlarge
0AEBEC4F7667598C,ui.generated.widgets.frontend.jupbattlemap.jupbattlemapweeklychallengebutton
0AFF8AC7FC21FA77,ui.generated.widgets.recentplayersfilterpopup
0B08A1FDA6B3B4E9,ui.generated.widgets.alwaysloaded.textwithbackplatebase
0B0AF620F530306D,ui.generated.widgets.ingame.mp.onelifemodes.numvnumtext
0B1B855F79BD42E6,ui.generated.widgets.frontend.mp.cas.gunsmith.gunsmithattachments
0B1FD52FECA9C559,ui.generated.widgets.ingame.hitmarkercritkillstackablecontainer
0B4378246AA2851D,ui.generated.widgets.ingame.mp.killcam.killcamplayerreport
0B50B698E2DBC33C,ui.generated.widgets.frontend.customize.callingcardbuttoninset
0B5405F9AF95836A,ui.generated.menus.frontend.groups.socialgroupprofile
0B69370A13323DCA,ui.generated.widgets.frontend.mp.leagueplay.lpskilloverview
0B76B25A3EB6391E,ui.generated.widgets.exfilmissionlayout
0B81814B9CDD11BC,ui.generated.widgets.ingame.mp.br.brlootcardinteract
0B888DA0FDDEF60E,ui.generated.widgets.frontend.social.channels.channelbutton
0B88DC16FF6C04C8,ui.generated.widgets.ingame.reticles.jup_snscope_hsierra2
0B8BA260F5A9468D,ui.generated.widgets.frontend.battlemapv2.bpfirstpartybattlepassblade
0B8F3E521DC7E2E1,ui.generated.widgets.ingame.mp.streakrealism
0B9006F9B0C81CFE,ui.generated.widgets.geigercounterhint
0B94A107C9F3DABF,ui.generated.widgets.ingame.gamemodescoresheet
0B9CD248698CB029,ui.generated.widgets.frontend.hqmainmenu
0BA1681D1F28A96B,ui.generated.widgets.frontend.jupbattlemap.jupbattlepasslandingdetailpanel
0BA746185A974954,ui.generated.widgets.gasmaskframe
0BB0429928F80CDA,ui.generated.widgets.ingame.reticles.jupiter.jup_reticle_duplex
0BB0A0D342CDA690,ui.generated.widgets.frontend.mp.cas.weaponbutton
0BB56E7435003640,ui.generated.widgets.ingame.mp.invasionimagelist
0BB5E62F1EB81022,ui.generated.widgets.frontend.social.socialchannelfeaturehint
0BC089ED7141E900,ui.generated.widgets.ingame.reticles.jupiter.jup_reticle_hybridsn_xl
0BC5F92820AA9CCC,ui.generated.widgets.ingame.gunscreens.gunscreendoomguy
0BD3137CD92552CE,ui.generated.widgets.frontend.mp.leagueplay.lphowtoplayrestrictedicons
0BDBF77C40D8B08B,ui.generated.widgets.alwaysloaded.labelbase
0BEFEA35D759F04B,ui.generated.widgets.ingame.mp.killcam.killedby
0BFDF8CB48651360,ui.generated.widgets.reportplayerslistpopup
0C0029F276BD32CE,ui.generated.widgets.genericopenfullscreenbutton
0C0126916DB54E9B,ui.generated.menus.frontend.mp.leagueplay.lpmainmenu
0C0BAA1F3EF6BD3B,ui.generated.widgets.frontend.mp.playmenu.playmenukeyart
0C109D8A5DB3E7D8,ui.generated.widgets.endgametakeoverscreen
0C16AAA0255A15FD,ui.generated.widgets.frontend.aar.aarweaponunlockreward
0C21D74ADFD6C5E1,ui.generated.widgets.frontend.social.socialprofilemenu.socialprofilemutualfriends
0C411E5D99A6C065,ui.generated.widgets.frontend.battlemap.battlepasslandingbuttons
0C47E15C7673C971,ui.generated.widgets.ingame.sp.deathhint
0C4A14084EB84C84,ui.generated.widgets.frontend.social.socialhubandfriendsactionbuttons
0C4FBDFB6E862A72,ui.generated.widgets.frontend.jupbattlemap.jupbpunclaimedrewards
0C65815A0977CF0B,ui.generated.widgets.ingame.mp.scoreboard.teambaseprogress
0C67D34704CFC1D9,ui.generated.widgets.ingame.whizbyside
0C6ADA1B9D9F02FA,ui.generated.widgets.ingame.brcodcaster.brcodcastersquadinfosquadheader
0C786ED4039064FF,ui.generated.widgets.wzm.frontend.lobby.mobilematchmakingprogressstatus
0C91B4B8F87A7FAF,ui.generated.widgets.frontend.seasonalevent.seasonaleventquickplayselectionbutton
0C991CABF77C9EF4,ui.generated.menus.frontend.mp.leagueplay.lpseasonendflowcontainer
0C9B6C0410E6B945,ui.generated.widgets.ingame.mounthint
0CA2C33935AA8DA9,ui.generated.widgets.options.hdrblackpointguide
0CA7AFB6261C6153,ui.generated.widgets.frontend.smallcyclelist
0CA9F2C1E61A48E9,ui.generated.widgets.frontend.globalplayersocial
0CAC623D983DDE0E,ui.generated.menus.frontend.koreanratingpopup
0CB09847ACFCECB8,ui.generated.widgets.frontend.challenges.masterchallengepip
0CBE2B3402F7FB01,ui.generated.widgets.ingame.mp.dmz.intelnote
0CBE96974928EAF0,ui.generated.widgets.ingame.cp.iw8.nameplateicon
0CC28F761BB85E28,ui.generated.widgets.frontend.mp.cas.uniquecamounlocks
0CC83ED671093348,ui.generated.widgets.ingame.reticles.goldendot
0CD64515AD7F07A5,ui.generated.widgets.ingame.radialmenu4slice
0CE148462BB17728,ui.generated.widgets.frontend.mp.dmz.dmzexfilstreakglow
0CE79F7B1FBD850C,ui.generated.widgets.footer.footernvidiaicon
0CEE2878BF0DB205,ui.generated.widgets.ingame.mp.genericsplashalt
0CF1F49B83A7EDE4,ui.generated.widgets.frontend.worldmap.missiondetails
0CF5C111D7B6B971,ui.generated.widgets.ingame.mp.br.healthbar
0CF6A82352CB3D4D,ui.generated.widgets.textstrikethroughbacking
0CF850104ACEF715,ui.generated.widgets.featurednotificationtag
0CFBA80422BF2A7E,ui.generated.menus.frontEnd.Store
0CFCFC5F2D0099F2,ui.generated.widgets.wzaccentmenuoverlay
0CFEF975FEAD3FA6,ui.generated.widgets.frontend.depot.lootitemimage
0CFFE0D426BFD6E6,ui.generated.widgets.frontend.customize.customizemenubuttons
0D00325118C1C372,ui.generated.menus.frontend.mp.outbreak.obmainmenu
0D041328E8B1DF0C,ui.generated.widgets.ingame.mp.scorestreaks.jup.streakactivationphone
0D0E593F413EBBD0,ui.generated.widgets.ingame.alttacstancetypeicons
0D1A1CDC7DCB6EF2,ui.generated.widgets.chat.textchatinputtextbutton
0D1AD92040D64BB4,ui.generated.widgets.ingame.codcaster.codcastertimer
0D1B45A8F96977D2,ui.generated.widgets.challengeheader
0D35A7AE55D469DB,ui.generated.widgets.frontend.social.socialhighlightpartymembers
0D3B10C55B359E3A,ui.generated.widgets.frontend.battlemap.battlemapseasonrecapbutton
0D40964DF04B3DC0,ui.generated.widgets.ingame.reticles.jupiter.jup_hybridtherm01
0D40994DF04B42D9,ui.generated.widgets.ingame.reticles.jupiter.jup_hybridtherm02
0D4099A4878FDB89,ui.generated.widgets.ingame.mp.br.menumapfloatingprompt
0D6044EAAC7F6716,ui.generated.widgets.accordionpanelbackground
0D64EA25E86896DF,ui.generated.widgets.frontend.cp.raid.cpraidrewardcategory
0D71499AC0D377B9,ui.generated.menus.frontend.battlemap.battlemapsectorpreview
0D71C4264CA436D3,ui.generated.widgets.frontend.cp.cpdifficultyplaylistinfo
0D766A805BBA16E8,ui.generated.widgets.ingame.mp.objectivecontestedchevrons
0D84CC5C10CD9747,ui.generated.widgets.ingame.mp.br.brplunderboxinsurebutton
0D8A725AF6754A07,ui.generated.widgets.frontend.seasonalevent.seasonaleventsmasteryrewardbutton
0D8CE60FFD2E7588,ui.generated.widgets.frontend.cp.cprewarditem
0D95263D2BB85CE0,ui.generated.widgets.frontend.cp.soclassic.sostarrequirementssmall
0D957CAFED6A5A06,ui.generated.widgets.frontend.worldmapspbuttons
0D9DEFDDDB282A79,ui.generated.widgets.frontend.challenges.currentmasterchallenges
0DAC69AF7B025881,ui.generated.widgets.frontend.mp.cas.gunsmith.attachmentvariantbutton
0DADE728434776FC,ui.generated.widgets.ingame.mp.br.brmenumapspectatingheader
0DB3EFBCEE2F315F,ui.generated.widgets.ingame.reticles.reticlecrosshairsinglesmall
0DBAC51A02945631,ui.generated.widgets.frontend.worldmap.missionprogress
0DBC8EA43424280A,ui.generated.widgets.frontend.mp.dmz.dmzmissionprogress
0DBEAE5D77192C99,ui.generated.widgets.ingame.gunscreens.gunscreenemblems02
0DD9A5C2FAC104CD,ui.generated.widgets.frontend.aar.aarseasonaleventpoints
0DE0BFBE1ADAC902,ui.generated.widgets.mousecursorcontextualmenutitlequickequip
0DF41B3BCB93323A,ui.generated.widgets.frontend.depot.battlepassgridcontainer
0DF6DCFDBEDAF06E,ui.generated.menus.frontend.codaccount.codaccountforcerenamepopup
0DF715B3038834A3,ui.generated.widgets.ingame.mp.spectatingloadingmessage
0E051EB85F6A4FE3,ui.generated.widgets.frontend.mp.cas.gunsmith.gunsmithbuttongroup
0E0CFAA4EAC14346,ui.generated.widgets.frontend.store.storeitempurchased
0E17BF77DE06BDF5,ui.generated.widgets.frontend.challengesdailylayout
0E1831A56DF54307,ui.generated.widgets.mpplayagainpanel
0E20257AA4B6F231,ui.generated.menus.frontend.mp.dmz.dmzwalletpopup
0E25E0F03FA7B316,ui.generated.widgets.frontend.social.socialaddfriendflowsendrequestbutton
0E286BEC804AC3AE,ui.generated.widgets.frontend.mp.dmz.pmctag
0E33FD982924746D,ui.generated.widgets.ingame.mp.scorestreaks.gunship.gunshipreticlecompass
0E3634871C1E0F67,ui.generated.widgets.ingame.healthbarhud
0E3959B70BF99441,ui.generated.widgets.frontend.unlockcriteria.criteriawidgets.unlockcriteriachallenge
0E40858A94249512,ui.generated.widgets.ingame.sp.spycamera.spycameradetails
0E444ADC91C53226,ui.generated.widgets.ingame.radialsensor
0E474E7D29CD072F,ui.generated.widgets.frontend.weapons.loadout.loadoutitemequipmentbuttonbase
0E52CA63366B5C1B,ui.generated.widgets.ingame.brcodcaster.brcodcastersquadinfoequipmentpips
0E62372A0187E86A,ui.generated.menus.frontend.depot.purchaseitemmenu
0E74855927FFF7FC,ui.generated.widgets.ingame.mp.br.squadleadinfoprompt
0E75D05F604378A8,ui.generated.widgets.ingame.mp.masterchallengesplash
0E7C25C728491378,ui.generated.widgets.frontend.depot.battlepasspurchasebutton
0E85B58D533EBACB,ui.generated.widgets.ingame.mp.fieldupgraderealism
0E8F68ACE3E32601,ui.generated.widgets.ingame.mp.trial.trialstatlinebottom
0E8FBBE917E1BDD0,ui.generated.widgets.frontend.mp.cas.gunsmith.charmselectbutton
0E93EEF7C147627E,ui.generated.menus.frontend.challenges.weaponmastermenu
0E9CE6C900F22E1B,ui.generated.widgets.frontend.challenges.challengemenubuttons
0E9E99C306ED2C49,ui.generated.widgets.ingame.mp.matchstatusplayersrow
0E9FAAD6EB4FE296,ui.generated.widgets.draginfobackpackbutton
0EA86900FC346CA1,ui.generated.menus.reportthanksmenu
0EAA543F75664E82,ui.generated.widgets.doublechevron
0EAADB3F8D9AA596,ui.generated.widgets.ingame.mp.scorestreaks.gunship.gunshipreticleinactive
0EAB3F1804C0997C,ui.generated.widgets.ingame.mp.hudicontype
0EB629BE28461912,ui.generated.widgets.frontend.social.channels.textchat.channeltextchatentry
0EBB8F58AF630B46,ui.generated.widgets.frontend.br.leagueplay.lpsraarstatspostmatch
0EC94EA650BEE5E0,ui.generated.widgets.ingame.reticles.reticleholotherm02
0EC951A650BEEAF9,ui.generated.widgets.ingame.reticles.reticleholotherm01
0ECF3EAF44D59E0C,ui.generated.widgets.frontend.jupbattlemap.jupbpunclaimedrewardupsell
0ED33A6C0EDFA5E1,ui.generated.widgets.frontend.mp.cas.gunsmith.jup.weaponstatswithdetails
0ED78160BE7E25C7,ui.generated.widgets.frontend.seasonalevent.seasonaleventsstatuspanelstack
0EDB75D40CA4B1BD,ui.generated.widgets.frontend.aar.aarstats
0EE2E9601F914DCB,ui.generated.widgets.frontend.social.socialgroupinfo
0EE6ECD7B3B8127D,ui.generated.widgets.frontend.worldmaptab
0EEC70F72B3CC51B,ui.generated.widgets.frontend.cinematicselectpreview
0EF775967EB3E170,ui.generated.widgets.cp.sorewardstarssmall
0EF811827CF531D0,ui.generated.widgets.frontend.events.purchasefeaturedeventbundlebutton
0EF8F924D09C0D1E,ui.generated.widgets.frontend.social.friendsplaying.friendsplayinginfotext
0EF991AA3A9F16EA,ui.generated.widgets.frontend.customize.callingcardcategorytab
0F07A458D34B72E9,ui.generated.widgets.ingame.mp.cutthroat.cutthroatteamhealth
0F1D3422CC0C5D1E,ui.generated.widgets.ingame.mp.matchstatusenemyteamhealth
0F1F2E6B51E8E7A5,ui.generated.widgets.frontend.cp.cpdailychallengereward
0F228886F67691FA,ui.generated.widgets.frontend.mp.loading.loadingparallax
0F24775E347487D9,ui.generated.widgets.frontend.mp.tournament.tournamentplayermatchstatus
0F47B9373AF27F3B,ui.generated.widgets.frontend.dmzpersistentoperatorselectgearinformationrow
0F4CC4F4123D0158,ui.generated.widgets.frontend.mp.tournament.tournamentlogo
0F4D8BFC547092AE,ui.generated.widgets.ingame.mp.vehicle.vehicletirehealth
0F53AC68E61ADAB4,ui.generated.widgets.frontend.mp.leagueplay.lppostmatchflowskill
0F5D31DC6A544F86,ui.generated.widgets.frontend.operator.operatorfactionfavorite
0F5DE4178A265644,ui.generated.widgets.ingame.reticles.reticlecrossbow
0F6206859AAA59AC,ui.generated.widgets.ingame.reticles.javelinbuttons
0F758C287EDB67D4,ui.generated.widgets.ingame.mp.blueprintunlocksplash
0F8111F1B1AB52C8,ui.generated.widgets.frontend.mp.cas.gunsmith.gunsmithblockremovebase
0F883237C110938D,ui.generated.widgets.mobilepopupfoundationyesno
0F8D800D5D442CA3,ui.generated.widgets.frontend.mp.cas.weaponprogressionbutton
0F98102FB5BC3601,ui.generated.widgets.frontend.mp.tournament.bracketteam
0FA0E1227CECEF6F,ui.generated.widgets.wzm.mobilegenericpopupbackground
0FB293CCC2E721AE,ui.generated.widgets.ingame.mp.capturepointstatus
0FB8933793766837,ui.generated.widgets.brwarningicon
0FC2976DBA934EA6,ui.generated.widgets.genericdropdownlist
0FD7BE8804379B35,ui.generated.widgets.ingame.mp.vehicle.driverhudjeep
0FDA7175462E2464,ui.generated.widgets.ingame.mp.scorestreaks.gunship.gunshipreticle25mm
0FE4B13D71D38452,ui.generated.widgets.ingame.mp.largeuppernotification
0FE8377ED0B1294D,ui.generated.widgets.ingame.mp.shopsectionpane
0FEAC828E8B7F8B4,ui.generated.menus.frontend.seasonalevent.seasonaleventquickplayselection
0FFBFC17B891FF97,ui.generated.luiCommands.LuiCommands
0FFC8A2A00250324,ui.generated.widgets.options.buttonlayoutbutton
10032B79E2A0547F,ui.generated.widgets.frontend.customize.callingcardcollectionnew
10046E5336DB18F8,ui.generated.menus.frontend.challengesmenu
10135B7319702F59,ui.generated.widgets.store.storecarryforwardmessagebp
1014375983C69B68,ui.generated.widgets.frontend.bundlebutton
1017B98278A24592,ui.generated.widgets.frontend.cp.soclassic.sostarreward
1024F99893BE630C,ui.generated.widgets.frontend.lobby.lobbyfilterbutton
1032F331A7DB08E8,ui.generated.widgets.ingame.sp.nvg.nvg
1038B548362C1652,ui.generated.widgets.ingame.mp.dangerwarningcontent
103E93636EB56D04,ui.generated.widgets.frontend.social.socialprofilemenu.socialshowcaseoperatorinspectdetails
1040B1A2CE0C72D7,ui.generated.widgets.mousecursorcontextualmenu
10417BD178415779,ui.generated.widgets.frontend.seasonalevent.seasonaleventsmenucontentcomingsoon
10434AC9CFA62631,ui.generated.widgets.frontend.mp.dmz.dmzonsoldieritem
10447441DBBBBA23,ui.generated.widgets.ingame.objectivefill
1049E92C83B0B134,ui.generated.widgets.store.storerowhero
105443DEFB23CDA4,ui.generated.widgets.ingame.codcaster.codcastersponsors
10547250705F8727,ui.generated.widgets.jupiterprogressrulerlines
10592A550CF9C77D,ui.generated.widgets.tooltipbannerholder
105D5611C8D88B7B,ui.generated.widgets.chat.textchat
10648D3B5E4195E5,ui.generated.widgets.ingame.mp.killcam.playofthegame
10649CC2AA4B9893,ui.generated.widgets.buttons.challengebuttonlarge
107550C353BBBDF4,ui.generated.widgets.ingame.mp.scorestreaks.gunship.gunshiptargetlocationarrow
1079DC61D6E4ED32,ui.generated.widgets.frontend.challengereward
10826EE0683D9560,ui.generated.widgets.floorwidget
108513D353B7D1CA,ui.generated.widgets.frontend.mp.tournament.tournamentteampreview
108C8DEF9DAA7D4C,ui.generated.widgets.frontend.lobby.cpplayerkit
109765934D9F74E3,ui.generated.widgets.ingame.mp.scorestreaks.apache.apachecontrols
109967E2C6223841,ui.generated.widgets.wintoken
10A4099F6B26E526,ui.generated.widgets.ingame.brcodcaster.brcodcasterminimap
10C3B9149CB42191,ui.generated.widgets.frontend.mp.partyindicatorbar
10D09F6CBEDABDAA,ui.generated.menus.frontend.dmzpersistentoperatorconfirmationprompt
10D7368AD6CDF997,ui.generated.widgets.frontend.jupbattlemap.jupcodpointsbanner
10DA6ABBF0AD3EBC,ui.generated.widgets.inGame.mp.OnWorldBombTimer
10DC78BD0E32133A,ui.generated.widgets.mousecursortooltip
10EDAEA13CA4757B,ui.generated.requires.AlwaysLoaded
10F0769F1300290B,ui.generated.widgets.frontend.mp.worldmapbutton
10F8A8801FBB3A34,ui.generated.widgets.ingame.zm.zmcontracttrackerobjectiveinfo
10F8CDCEC3D21763,ui.generated.widgets.globalplayerchannel
1105FA4C0BCBD9B9,ui.generated.widgets.frontend.sp.missionselect.levelmapdecoration
1115F15397775EC9,ui.generated.widgets.frontend.jupbattlemap.jupbattlemapsectorstatetag
1121AB173388F3B2,ui.generated.widgets.endgametakeoverscreendmzicon
112C0BDC81252FC5,ui.generated.widgets.frontend.mp.playmenu.playmenuplaylistbutton
112CA122596532D8,ui.generated.widgets.ingame.mp.spectating
112D5ED2C1F91565,ui.generated.widgets.ingame.temp
113675A01245439B,ui.generated.menus.fullscreenwebview
1137A4034A0D7AB4,ui.generated.widgets.frontend.mp.connectionicon
113A2D92DF6523F1,ui.generated.widgets.frontend.social.channels.channelmembers
113CEBD128551824,ui.generated.widgets.frontend.mp.leagueplay.lprankiconbuttonmedium
1142F4DD93C2B63E,ui.generated.menus.frontend.cp.starsystem.cpstarrewards
11450C6A487EB72D,ui.generated.widgets.ingame.mp.frontlineimmuneicon
114B1FC02142E762,ui.generated.widgets.frontend.hqmenugametag
114C5808D27CF802,ui.generated.widgets.frontend.equippednotification
115B2E12EB4B4310,ui.generated.widgets.ingame.mp.br.brmissiontracker
115EC0813F38FB13,ui.generated.widgets.genericbutton
116245AD50F000BE,ui.generated.widgets.ingame.mp.matchstartobjective
116CC6ADCEC5B387,ui.generated.widgets.frontend.battlemapv2.bpmaplegend
116CD838915E298D,ui.generated.widgets.ingame.mp.splashtrapheader
1175C45E81DDA5FD,ui.generated.widgets.frontend.playerradialprogression
117C5CC15C4A8B49,ui.generated.widgets.frontend.headquarters.combatrecordstatbox
1186EF034267C271,ui.generated.widgets.toastnotificationclosingbutton
118C8FFBCB320B44,ui.generated.widgets.brdownedtimer
118E52FA47D4EFD8,ui.generated.widgets.ingame.mp.br.resurgencerespawncountdown
1194DCE25143402C,ui.generated.menus.options.boothdrwhitepoint
1198F13E9FE7175D,ui.generated.widgets.ingame.sp.spkeypad
119DE3952003AFC1,ui.generated.widgets.ingame.mp.killcam.killcamequipmentinfocontainer
119F00C57C8A2661,ui.generated.widgets.ingame.matchstatuswaypoint
119FC13AAFABEEF2,ui.generated.widgets.frontend.weapons.loadout.loadoutitemequipmentbutton
11BB10B16FB9EB1E,ui.generated.widgets.frontend.systemlinkjoinmenurow
11BE720A7D0EC5E5,ui.generated.widgets.frontend.mp.leagueplay.lpdivisionbanner
11C33F9F213EE475,ui.generated.widgets.frontend.social.socialprofilemenu.socialshowcasecallingcardshowcaseslotbutton
11C59BF85EF17BBA,ui.generated.widgets.ingame.mp.matchstartcountdown
11D9522756E7077B,ui.generated.widgets.ingame.reticles.reticledmscopevz01_darkritual_focuschild
11DC186BFDB317CF,ui.generated.widgets.ingame.mp.Killcam
11E02C203D28DE54,ui.generated.widgets.ingame.mp.br.brhudplayerstatusiconrevive
11E097857FD1765D,ui.generated.menus.frontend.mp.dmz.dmzstashpopup
11E998378E37D860,ui.generated.widgets.frontend.mp.lobby.warzoneprivatematchlobbyroles
11EA3551898C8130,ui.generated.widgets.frontend.mp.leagueplay.lpaarprogressbar
11EBD884FFC59EB0,ui.generated.widgets.frontend.mp.lobby.brgamemodeplaybutton
11EE52FFCAB74CDB,ui.generated.widgets.ingame.mp.br.brgasmask_01
11F11376ED68FCE0,ui.generated.widgets.frontend.jupbattlemap.jupbptokenprogress
11F2B4ED6BE2DAA6,ui.generated.menus.options.bootaudiomixpreset
11F889E4808094D1,ui.generated.widgets.plundercashfillcontainer
11FB38A2795E02CD,ui.generated.widgets.frontend.depot.battlepassstatus
11FFD626EE1BFA05,ui.generated.widgets.ingame.mp.esportspausenotification
1204769016D86CA0,ui.generated.menus.frontend.onboardinglobby
12073E5B6026D399,ui.generated.menus.store.storebinkpreviewpopup
121193A13893B719,ui.generated.menus.frontend.mp.cas.loadouts.weaponpreviewbase
121538531123EF0F,ui.generated.widgets.frontend.mp.cas.gunsmith.weaponstatswithdetailsshared
1219BBF7EC92FE5D,ui.generated.widgets.frontend.mp.pmc.pmcmissionselectbutton
121CD24EF4C66887,ui.generated.widgets.ingame.mp.fieldupgrades.ddos.empbuttoncombobutton
121DB6CB06832CAD,ui.generated.widgets.options.networkinfoslist
12326C7624AA0501,ui.generated.widgets.ingame.gamemessagehud
1239FFABAE2B0FE9,ui.generated.widgets.frontend.clientcharactercontainer
12409C4C510E0B5A,ui.generated.widgets.frontend.mp.backpackicon
12490B292E91C041,ui.generated.menus.frontend.mp.cas.loadouts.camocategoryselectbase
124F02202EC4E00D,ui.generated.widgets.frontend.br.leagueplay.lpbraarstatsitem
1260C3A6CF1A1E5B,ui.generated.widgets.ingame.hitmarkertick
1272380F13140425,ui.generated.widgets.ingame.sp.sppausemissiondetails
1276F732E5730A5E,ui.generated.widgets.frontend.playlistdetailsmapgrid
127D2BA1C39AC6F7,ui.generated.widgets.ingame.mp.killstreaks.activestreak
128B612EB2E6BE1D,ui.generated.widgets.frontend.battlemapv2.bpitemlockup
128C18174B4A1AF1,ui.generated.widgets.frontend.codcaster.codcasterteamsettingsportraitlist
1298BE60ECC95F73,ui.generated.widgets.ingame.mp.localplayersplashbanner
12A57F0B042AE6DA,ui.generated.widgets.ingame.mp.vehicle.driverhudmilcargotruck
12A612E6F7061F6A,ui.generated.widgets.ingame.watchfaces.gunscreendigitalclock
12AB604030CDCDB1,ui.generated.widgets.dungeonrewarditemdetail
12B170B24377670C,ui.generated.widgets.ingame.codcaster.codcastercontestedoverlay
12B5417024F4FF45,ui.generated.widgets.ingame.gunscreens.gunscreenkdtracker
12B7A87F7F59519C,ui.generated.widgets.frontend.store.storeitemquantity
12BC240553739D18,ui.generated.widgets.frontend.cac.perks.perklistspacer
12C2264858E420AB,ui.generated.widgets.options.xb3layout
12CB4822432AB39F,ui.generated.widgets.ingame.mp.scorestreaks.dronesentry.dronesentryprogressbar
12D54CA81C085A4B,ui.generated.widgets.ingame.mp.Obituary
12DB38461665C0EF,ui.generated.widgets.frontend.social.channels.whisperbutton
12DDBD6224BD23C4,ui.generated.menus.mp.mppausemenu
12E09218B4E21273,ui.generated.widgets.store.storediscountlabel
12E2110B915AD340,ui.generated.widgets.frontend.barracks.barrackschallengeitemmission
12E7CC612A25177A,ui.generated.widgets.ingame.gunscreens.gunscreenvaluablesdmz
12EA7D2FDE9AE21C,ui.generated.development.frontend.aar.jupaarprestigeradialcurrentprogressmarkers
12F055E10EE9A2D9,ui.generated.widgets.ingame.reticles.reticlereflex02snoop
1300503459EB1EF0,ui.generated.widgets.chyrontext
13007C4F717B4A15,ui.generated.menus.frontend.mp.warzoneprivatematchgamecodejoin
130287F82775E620,ui.generated.menus.frontend.wegame.wegamehealthytips
130C340868026608,ui.generated.widgets.frontend.mp.lobby.locallobbymap
130D58DC5D1451C7,ui.generated.widgets.dailychallengesplash
1310D2CF9F480941,ui.generated.widgets.ingame.reticles.tealdotmagnified
1316F94A36F8E6E1,ui.generated.widgets.ingame.fieldupgradeparkedsplash
132A40A4E32747F3,ui.generated.widgets.ingame.gunscreens.gunscreendanteinferno
1338F9CBA7E606A9,ui.generated.widgets.frontend.br.leagueplay.lpbrhowtoplaysroverviewmain
13422638DE3DD660,ui.generated.widgets.frontend.radialcustomizationbutton
134442AED9B7E648,ui.generated.widgets.frontend.mp.cas.gunsmith.receiverbutton
13484D01F6515AF4,ui.generated.widgets.store.storemissionitemunlockcriteria
13530217E3F4247B,ui.generated.widgets.ingame.mp.javelinvision
135F3094382CD074,ui.generated.widgets.ingame.mp.fieldupgrademeterlinear
136153B7AA854938,ui.generated.widgets.floorwidgetbuttonshint
1365B19A7D6A5610,ui.generated.widgets.sticklayoutpreview
136994536E258FBA,ui.generated.widgets.ingame.mp.rugby.rugbyjugginfohealthfill
136A769BAFC75754,ui.generated.menus.frontend.genericconfirmpopup
136E6865247B05CB,ui.generated.menus.crosslaunchingcountdownpopup
1370FFD074235822,ui.generated.widgets.ingame.mp.vehicle.pickuptruckdiagram
13763296C012ABE4,ui.generated.widgets.frontend.aar.jup.aarxpunlockreward
1377BE5E8DA9DCFC,ui.generated.widgets.cutscenecontrols
137A818D67792333,ui.generated.widgets.weaponcooldown
137AFE67FD33AF33,ui.generated.widgets.ingame.reticles.fourxhelimawhite
137EC76944E7CC13,ui.generated.widgets.ingame.reticles.reticledmscopevz03centerzoomthor
1381C23DF58EAC45,ui.generated.widgets.frontend.serverbrowser
1385FD03D5AE8265,ui.generated.widgets.footer.footercursoricon
138A8C9A24D54C96,ui.generated.menus.frontend.storeconfirmpurchasekorealegalpupup
13954A629AABFB08,ui.generated.widgets.frontend.cac.unlockcriteria
139BE84C677DE4E2,ui.generated.widgets.frontend.social.socialprofilemenu.socialshowcaseoperatorbutton
139F77094F4C87B3,ui.generated.widgets.srchallengecontainer
13A43051922BB6CE,ui.generated.widgets.store.wishlistprompt
13A88583D8C1355B,ui.generated.menus.frontend.social.socialprofilemenu.socialshowcaseoperatorinspect
13B46B21566CDB8B,ui.generated.widgets.frontend.pcachievements.pcachievement
13C1A83F182DD76B,ui.generated.widgets.globalpanelnavigation
13DD3C9AF0503E35,ui.generated.menus.globalpanelbase
13E08B7F8C42A329,ui.generated.widgets.frontend.battlemapv2.bpwarningbacking
13E26A3110529C5A,ui.generated.widgets.frontend.globalplayerinfo
13E46C47F2EF393C,ui.generated.widgets.ingame.mp.risk.riskroundendteam
13F178A7E552A568,ui.generated.widgets.ingame.mp.dmz.factionmissioncountdown
13F1F9898C10E173,ui.generated.widgets.frontend.motd.trialfullwindow
13F364E0C82DDF26,ui.generated.widgets.buttonhelperbartooltip
140737FB4EA63A17,ui.generated.widgets.socialprofilelabelcontainer
140944525102F124,ui.generated.widgets.frontend.jupdepot.jupbattlepassrewardpopup
140B1B19E0D1A17F,ui.generated.widgets.brrgulagticketcontainer
140CDCE130CE202F,ui.generated.widgets.ingame.zm.zminventoryitemstages
140FEB2E213DB372,ui.generated.widgets.ingame.reinforcementflarereminder
1424002F61F8A7C1,ui.generated.widgets.frontend.submenutabwithtimer
1425A1C0A1021A61,ui.generated.widgets.options.buttonlayoutoptionsmenu
142ABCDF53534BB4,ui.generated.menus.frontend.operators.operatorcustomizationcategorybase
143E766AA5FF8399,ui.generated.menus.ingame.mp.benchmarkcontainer
144026031DD6E884,ui.generated.menus.panelview
144171B404A7D336,ui.generated.widgets.ingame.mp.genericsplashiconalt
1443F96409627D58,ui.generated.widgets.frontend.social.socialprofilemenu.socialprofileshowcasetab
144F73B31EF5154E,ui.generated.widgets.frontend.mptabsmenu
1450CED35997D5C7,ui.generated.widgets.ingame.mp.missionprogresssplashbase
145203278F0409A0,ui.generated.widgets.frontend.battlemap.battlemaphvt
1453CB796E5D3CAD,ui.generated.menus.frontend.weapons.loadout.inventorymanagement
14551FAC0E5B8A26,ui.generated.widgets.ingame.reticles.reticleholorange01scifi
145C90744EF1CC40,ui.generated.widgets.frontend.mp.lobby.warzoneprivatematchyoursquad
14845B2615881BC2,ui.generated.widgets.ingame.inventoryperkpackagetooltipperklist
148F3B75F158BAE9,ui.generated.widgets.eventcollectionbonus
1492D0585E966FE4,ui.generated.widgets.ingame.radialmenuplaceholder
1493B599432B1FEE,ui.generated.widgets.ingame.brcodcaster.brcodcasterplayercounter
14A66B2251482CFA,ui.generated.widgets.frontend.mp.tokenbutton
14A801D645FDC5FD,ui.generated.widgets.frontend.mp.leagueplay.lppostmatchflowrank
14AD8DA66ED34D0C,ui.generated.menus.firingrangepausemenu
14B1C3CC60C2E8AD,ui.generated.widgets.frontend.seasonalevent.seasonaleventsmenucontenttemplateversus
14B23C3D1B8803FE,ui.generated.widgets.ingame.reticles.reticlepiscope01
14BB93113EC7F8F3,ui.generated.widgets.frontend.br.ingameaarprogressbar
14C8E5BC0C18D57D,ui.generated.widgets.ingame.mp.subfactionsplash
14DF1AF90A619D55,ui.generated.widgets.fullscreentakeoversplash
14DFD147B55259BA,ui.generated.widgets.ingame.social.playerdetailsmenupopup
14E24DCCD6EF6ED5,ui.generated.widgets.ingame.zm.roundnumber
14E41FD18097A946,ui.generated.widgets.mobileloadingpips
14F0D8F78F1BBB46,ui.generated.widgets.frontend.weapons.protunedtag
14F5B602694EF9C5,ui.generated.widgets.ingame.mp.globalplayersplash
14F88783D8ADFD22,ui.generated.menus.frontend.mp.outbreak.obloadoutconfirmationmenu
14FE23EDBE4DC19E,ui.generated.widgets.frontend.battlemapv2.bptokenprogress
14FE382BD619559B,ui.generated.widgets.ingame.mp.bombmodes.bombcarriericon
1510706FACC328B5,ui.generated.widgets.ingame.mp.br.brscorebar
1510E0DC4CAD92BF,ui.generated.widgets.notificationcenterfeaturedcontent
1519FBDDBEBA2E90,ui.generated.widgets.ingame.reticles.reticlethermalanov94
151E01D5A53840F5,ui.generated.widgets.sp.missiledefuse.spmissiledefusedpad
152BA518BED1AE22,ui.generated.widgets.genericiconbutton
152D8D0DCBE2FCAD,ui.generated.widgets.frontend.weapons.loadout.loadoutitemgroupbacker
15369639C14083F7,ui.generated.widgets.challengessummaryitem
153DD5D40F6620D7,ui.generated.menus.frontend.lobby.inspectlobby
1541A1EA6B9D3CFA,ui.generated.widgets.mp.br.brtacmapmenu
1542982B90A8D7BC,ui.generated.widgets.frontend.mp.outbreak.obselectedmissioncontainerforact
15478E475A322969,ui.generated.widgets.borderlessfillbar
1548D19296D9D9C1,ui.generated.widgets.ingame.sp.waterboardingclothoverlay
154A640C30249985,ui.generated.widgets.brteamscoreboardextrainfo
155150089B08180F,ui.generated.widgets.ingame.trainingcoursemessage
1557F4804375A07A,ui.generated.widgets.ingame.cp.tacmap.cpcurrentstarrewardswidget
155C227B75CBE5FF,ui.generated.widgets.mobilebackbutton
155C952F8874C301,ui.generated.widgets.scrollbar.horizontalminimalscrollbar
1560BA56A2DB265B,ui.generated.widgets.bootaudiobassbutton
156426C136295060,ui.generated.widgets.frontend.seasonalevent.seasonaleventtoggleprompt
15691B8463A04E9B,ui.generated.widgets.frontend.social.socialgroupsmenu
156F5533A791FBD4,ui.generated.widgets.ingame.sp.health.armorhint
1578D7278137F4B8,ui.generated.widgets.frontend.mp.playmenu.playmenusidebutton
15799273C4DD7885,ui.generated.widgets.underbarrelattachment
158AF787F9DA039E,ui.generated.widgets.ingame.mp.gameplaysplashcontainer
1595AFE35B853C21,ui.generated.widgets.frontend.aar.aarkitprogressionlayoutchallengestars
1599626410E08D09,ui.generated.widgets.ingame.reticles.reticlereflex06elecblue
15B2C6CFE8B0F5FE,ui.generated.widgets.frontend.jupdepot.jupbattlepasstierprogressionloot
15B590AA327828C4,ui.generated.menus.frontend.mp.cas.loadouts.reticleselect
15BF2CCE325B339C,ui.generated.menus.mp.hostmigration
15D1EC5A7E1D4F75,ui.generated.widgets.frontend.challenges.masterchallengesarrowbutton
15D9FFC9548FC467,ui.generated.widgets.ingame.mp.bradleycontrols
15DB79EBEA3374C4,ui.generated.widgets.ingame.sp.missionspecificequipment
15DBA80BAEB9B798,ui.generated.widgets.frontend.aar.aarxpunlockprogressiondoublexp
15E58C5422094533,ui.generated.widgets.memorygraphicsliderbar
15F00EAB58818D87,ui.generated.widgets.frontend.friendsignupbonus
15F29C255B5DE572,ui.generated.menus.frontend.barracks.barrackschallengesweeklytabs
15F4CDD76AC382CB,ui.generated.widgets.ingame.progressbartieroverlay
15F54742CAF3C028,ui.generated.widgets.ingame.reticles.cryodot
16227F44FF872997,ui.generated.widgets.ingame.mp.scorestreaks.dronesentry.dronesentrycontrols
1639ED702A97020A,ui.generated.widgets.frontend.mp.cas.rechargeratebase
1650C0FCBED9DD3F,ui.generated.widgets.frontend.lobbycountdown
1656810B0BA8AD41,ui.generated.widgets.menubuttontoggle
1656D8F07E390F8F,ui.generated.widgets.benchmarkusefulinfo
1659A75E966FAECC,ui.generated.widgets.ingame.mp.bradley.tankreload
165E39750B640585,ui.generated.widgets.frontend.aar.aarxpunlockreward
16668B9745CA6F33,ui.generated.widgets.frontend.battlemapv2.battlemapseasonrecapupsell
167C6ACB99634F23,ui.generated.widgets.frontend.xpbonuslist
167EC1D965BD364F,ui.generated.widgets.frontend.lobby.lobbystarswidget
16835B3923E08787,ui.generated.widgets.ingame.cp.sorewardstar
1684B159297A73C6,ui.generated.widgets.ingame.mp.escort.escortgoalprogress
1687C7F32BF9EFF2,ui.generated.widgets.frontend.barracks.progressionunlocktile
169D41FE88FC9CC7,ui.generated.widgets.brinflationredeployclosetimer
16A1961CACFD0092,ui.generated.widgets.togglebutton
16A607FF66DB62B1,ui.generated.widgets.frontend.mp.cas.armorybadge
16AE117CA15B6491,ui.generated.widgets.frontend.seasonalevent.seasonaleventnewrewardtag
16AE85B902435F0D,ui.generated.widgets.ingame.mp.br.barterplunderboxbutton
16D0E561C68B8E75,ui.generated.widgets.frontend.mp.leagueplay.lpskillrankoverviewbase
16D68D52E32EE035,ui.generated.widgets.brrsquadinfocontainer
16DA6880FB3D0251,ui.generated.widgets.digitalbillboardsgameplaybg
16E67809547CDC64,ui.generated.widgets.gunsmithpreviewbuttonbase
16F1F5F6EC82538C,ui.generated.menus.genericpopupwidget
170DC2268E19B3A7,ui.generated.widgets.ingame.mp.hudprompt
171B1F1B8EE3A9E2,ui.generated.widgets.frontend.hqmenugamebutton
17232A6851A4B119,ui.generated.widgets.frontend.weapons.gunsmithattachmentbutton
172750DE76558A27,ui.generated.widgets.ingame.codcaster.codcasterroundendteaminfo
172820B3C9470B6B,ui.generated.widgets.frontend.battlemapv2.bpmetatag
172C588450998081,ui.generated.widgets.genericeditboxoption
172E633986AFE85A,ui.generated.widgets.ingame.reticles.reticlecrosshairburst
1733BC922BD22596,ui.generated.widgets.mobileflyinpopupverticaltabs
17352AC854516C62,ui.generated.widgets.ingame.mp.scorestreaks.gunship.gunshiptargetlocationcontainer
1738D80F6432ADF5,ui.generated.widgets.ingame.reticles.reticleminireddot03spider
1739478464B7D542,ui.generated.widgets.frontend.depot.battlepasstierprogression
1745763CC75727A1,ui.generated.widgets.ingame.mp.rugby.rugbytimeout
174731AB89886B2B,ui.generated.widgets.frontend.depot.item2x1wide
17566232A578BBB0,ui.generated.widgets.ingame.mp.jup.roundendscore
1756BCDD54B366CD,ui.generated.widgets.frontend.mp.cas.perkplaystyleactivebonusicon
175749D01903EBD7,ui.generated.widgets.frontend.social.socialpartyinvitation
176F2D305AA93FA6,ui.generated.widgets.ingame.mp.obituarycontainer
1774FD693A256B03,ui.generated.widgets.ingame.pingradialmenu
17776C83F5AE616A,ui.generated.widgets.frontend.cp.soclassic.sototalstars
1786C53E1F9D0368,ui.generated.widgets.ingame.reticles.reticlecrosshairsingle
17878ED96F6D4B84,ui.generated.widgets.frontend.battlemap.battlemapdioramarotationsetupwidget
1787A5A268F80948,ui.generated.widgets.frontend.depot.itemtall
1788F7274800EF96,ui.generated.widgets.ingame.mp.streakparkedcontainer
1789583DE1E81B53,ui.generated.widgets.ingame.hitmarkerhardobjectstackablecontainer
1793E03DA967E1C0,ui.generated.widgets.frontend.battlemapv2.bpmapsectorevent
17B099A1EC10EDC7,ui.generated.widgets.ingame.codcaster.codcasterobjectivedatadrivencontainer
17B6F98D027C8F1F,ui.generated.widgets.ingame.reticles.reticlesniperhdromeovz
17BD7B00677E06A5,ui.generated.widgets.frontend.mp.leagueplay.lprankoverview
17BE256F51F22102,ui.generated.widgets.ingame.codcaster.codcasterscoreheaderlivesandhp
17BF89AE027E201F,ui.generated.widgets.ingame.inventorybuttonperkpackagedisplay
17C500F141911768,ui.generated.widgets.genericlistarrowbuttonbackground
17C6E4FDC5F8D091,ui.generated.widgets.buttons.buttonhighlightinsetdoubleaction
17CD106640AE21CA,ui.generated.widgets.frontend.mp.cas.gunsmith.attachmentdisplay
17D07FA48CCBFFC3,ui.generated.widgets.frontend.webview.loginrewardsmallcardgfx
17D0F19EDA76B41F,ui.generated.widgets.favoriteandsort
17E565B990A5293C,ui.generated.widgets.ingame.mp.br.brfultonmarker
17E67D6E8FAB1BF1,ui.generated.widgets.frontend.social.socialprofilemenu.socialprofileplayerpresenceinternal
17F259E147ABD99B,ui.generated.widgets.frontend.social.socialprofilecard
17FC46F4DFB9042A,ui.generated.widgets.ingame.sp.handheldmaptablet
1813F23E1EA72BF7,ui.generated.menus.frontend.challenges.dmzchallengeselect
18140603EACB8439,ui.generated.widgets.frontend.jupaar.jupbpaarprogression
181904C6225028A7,ui.generated.widgets.frontend.lobby.mapvotingbutton
182528CC4929F94A,ui.generated.widgets.frontend.aar.aarseasonaleventeventplus
1829BF4C6104E218,ui.generated.widgets.ingame.sp.mapspecific.dpadradialprogressbar
183B3F7B639049F8,ui.generated.widgets.frontend.events.seasonaleventsfieldrepreward
18459B163C059382,ui.generated.widgets.ingame.mp.br.brrewards
185274A127DC2B4C,ui.generated.widgets.ingame.mp.obituary.obituarykillmodoverlay
1852F677855904CD,ui.generated.menus.frontend.weapons.weapontabsbase
185F4BC761BC30CD,ui.generated.widgets.ingame.reticles.iw9.reticlesntherm01
1861D9F131E81AE4,ui.generated.widgets.frontend.pipswithnavigation
1864379559B95035,ui.generated.widgets.ingame.zm.zmcontracttracker
1875467C7A8C1B81,ui.generated.widgets.frontend.mp.mpplayerrole
187D322A8F71DF43,ui.generated.widgets.frontend.jupbattlemap.jupbpctamessage
1885EB0CF8084126,ui.generated.widgets.ingame.mp.pointspopupwrapper
18889CE90BE045AE,ui.generated.widgets.ingame.mp.scorestreaks.apachescreenelements
188A7F68B910A9D2,ui.generated.widgets.searchcategory
189170757C7A34AC,ui.generated.widgets.ingame.cp.cparmorbarpipsdynamic
1895EF444FD65606,ui.generated.widgets.ingame.codcaster.codcasterminimap
1899E8B88420DB33,ui.generated.widgets.frontend.depot.mpbillboardmenubutton
18B05EB9A4DA347F,ui.generated.widgets.ingame.reticles.jupiter.jup_reticle_reflex09_base
18C71C59B0E12638,ui.generated.widgets.frontend.rtt.rttstoreitemscreen
18D2701A2FDD39F6,ui.generated.widgets.frontend.seasonalevent.seasonaleventtabtimer
18DDC543237981E8,ui.generated.widgets.seasonaleventmasterylock
18E3BC7BB4EFF907,ui.generated.widgets.frontend.battlemapv2.bpbundlepurchaseblade
18E4FB992FD7AA01,ui.generated.widgets.meatshieldhint
18E5205A2BCB6800,ui.generated.menus.frontend.barracks.progressionunlockmenu
18F272128E8CEE9A,ui.generated.widgets.doublexp.doublexpnotifications
18F80A0A4255EFF5,ui.generated.widgets.ingame.gameplayprogressionstats
18FC395721D51612,ui.generated.widgets.alwaysloaded.talkerslist
18FCA98B22115DE4,ui.generated.widgets.plunderfader
18FEEE440FCDCD4B,ui.generated.widgets.ingame.reticles.iw9.reticlepgolf
19046875514875BB,ui.generated.widgets.ingame.sp.jup.dpvcompass
19060CDD3ECDA9F0,ui.generated.widgets.scrollbar.horizontalminimalscrollbarslider
1912DE9627CF28DF,ui.generated.widgets.frontend.mp.loading.loadinghintsoverlay
191341DE1D415AAC,ui.generated.widgets.ingame.shared.dynamicarmorsquaduserinfobase
191D91BA4434384B,ui.generated.widgets.ingame.mp.javelintargetingbox
192684F20FBDDADD,ui.generated.menus.frontend.mp.gamemodeinspect
192A057FD3AB355E,ui.generated.widgets.frontend.cp.playmenucpstars
1936EE6D4A341687,ui.generated.widgets.ingame.reticles.jupiter.jup_reticlerussian01
1936EF6D4A34183A,ui.generated.widgets.ingame.reticles.jupiter.jup_reticlerussian02
1949013EEED7EB0B,ui.generated.widgets.selectedmissionobjectivebase
195E0928D78C2A2F,ui.generated.widgets.frontend.barracks.barracksgamestatspreview
1967C57DB7834CA2,ui.generated.widgets.frontend.mp.leagueplay.lprankrewarditem
1975AF61228E590C,ui.generated.widgets.ingame.brcodcaster.brcodcasterobituarykillmodoverlay
1981969A24412099,ui.generated.widgets.ingame.mp.br.brloadoutflyout
1984495DDC48AB66,ui.generated.widgets.frontend.br.brpracticemodespopupbuttons
1991EEAD3CDD0B41,ui.generated.widgets.ingame.recondroneparked
19B92FF6BCC236F9,ui.generated.widgets.frontend.store.storecategoryheaderrow
19C53AD9A7C29932,ui.generated.widgets.genericpanelbuttonwithicon
19CAAA8D8FDA3918,ui.generated.widgets.benchmarkglobalresults
19CC007E55DE24C6,ui.generated.widgets.frontend.worldmap.factiondetails
19CC33C97F42806F,ui.generated.widgets.fastloadoutclassnotification
19D3D3DC510C0D4B,ui.generated.widgets.frontend.mp.outbreak.obselectedmissionoverviewrewards
19D85418451739A1,ui.generated.widgets.gasmaskvisordamageoverlay
19D8AF10591FE9B0,ui.generated.widgets.frontend.mpbattlenetstoremenu
19E948E44C92B282,ui.generated.widgets.biometricscannerscreen
19F1AA7A6307100C,ui.generated.menus.frontend.mp.pmc.pmcselect
19F63AAA6288FA56,ui.generated.menus.frontend.mp.cas.loadouts.gunsmith.swapattachmentpopupbase
1A01DF1C48957AC2,ui.generated.widgets.ingame.inventoryportrait
1A048E2B3CA3BD59,ui.generated.widgets.customcolorslider
1A0DCCC9CF351AFF,ui.generated.widgets.ingame.mp.scorestreaks.gunship.gunshipaltitude
1A115AA790F17A07,ui.generated.widgets.frontend.battlemap.battlemapholdbutton
1A1CDBF8B9F46A7E,ui.generated.widgets.frontend.barracks.barrackschallengestatuslockbanner
1A23B1011154C897,ui.generated.widgets.ingame.interactiveobjecticon
1A28CAFC5CC304E8,ui.generated.widgets.frontend.barracks.combatrecordstatsgroup
1A2B5A76755D2339,ui.generated.widgets.frontend.mp.cas.gunsmith.gunsmithblockedattachmentwidget
1A3B5C1A6DDAAC23,ui.generated.menus.mp.roundendtrialevent
1A3F0DF896AC6BA4,ui.generated.widgets.frontend.mp.cas.attachmentprogressionbutton
1A429428A284C844,ui.generated.menus.frontend.weapons.loadout.loadoutmissionpreview
1A4511FB2A078DBF,ui.generated.widgets.ingame.sp.mapspecific.dialoguegamepad
1A55CE4F682D57EF,ui.generated.widgets.ingame.reticles.extrareticles.reticleoutercircleacogeast
1A56F18A340A87EB,ui.generated.widgets.frontend.events.storebundlepreviewarrowbutton
1A5F0551839B63B6,ui.generated.widgets.frontend.events.seasonaleventschallenges
1A773822F5D78498,ui.generated.widgets.ingame.mp.vehicle.vehiclewarningshockstick
1A7B989BF8EE6F15,ui.generated.widgets.frontend.mp.playlist.playlistlist
1A7E50CA178A7AC7,ui.generated.menus.mp.ffascoreboard
1A8191853E9D3882,ui.generated.widgets.frontend.barracks.averageindicatorleft
1A82097D82846D91,ui.generated.widgets.navigationarrow
1A89ACAF7594FE16,ui.generated.menus.frontend.mp.pmc.pmcreplacepopup
1A949F9A0D7BDFC7,ui.generated.widgets.ingame.reticles.pentagram
1A9829A34E95DD3D,ui.generated.widgets.frontend.unlockcriteria.criteriawidgets.unlockcriteriatextwithprompt
1A9E6FB5CC4D69D4,ui.generated.widgets.frontend.depot.battlepassonboardingpopup
1AA01B54D0ACB93F,ui.generated.widgets.frontend.aar.jup.aarplayhead
1AA61AF51C28E33F,ui.generated.widgets.frontend.depot.rarityinfo
1AA770D40A121F89,ui.generated.datasources.luielems
1AAC9CAEE4D81C16,ui.generated.widgets.outofboundssplashtimer
1AB31ACE135B2E1A,ui.generated.widgets.lobbygamertagplayermouse
1AB8EB074CF2E3D6,ui.generated.widgets.frontend.iconwarningmessage
1ABA0004CDA4F75B,ui.generated.widgets.brarmorbars
1AC5D0CE67B03828,ui.generated.widgets.ingame.objectivetitle
1AC7F15846BFC2DA,ui.generated.widgets.frontend.mp.leagueplay.lppostmatchflowcontainer
1AC9DD8C9C25AD89,ui.generated.widgets.frontend.jupbattlemap.jupbphexagonprogresspiece
1ACA2C801075089F,ui.generated.widgets.ingame.itemheldinfo
1ACAC7F1B993F1FA,ui.generated.widgets.frontend.mainmenu.mainmenubutton
1ACC3A67A028AC93,ui.generated.huds.mprhud
1ACF911F353FC39C,ui.generated.menus.frontEnd.MainMenuKeyartTransition
1AD35AFC7587F29E,ui.generated.widgets.frontend.jupbattlemap.jupbpfullupsell
1AD3F5AAE51715FF,ui.generated.widgets.ingame.mp.hvt.valuereadout
1ADCDB151E3CB06E,ui.generated.widgets.frontend.mp.playlistbuttonslim
1ADFA4977771E2E7,ui.generated.widgets.frontend.mp.tournament.tournamentduobracket
1AE2C63D2C0767A7,ui.generated.widgets.ingame.mp.cranked.crankedtimer
1AE510775A22E566,ui.generated.widgets.ingame.mp.reticlephonethermalcenter
1AED1063AA5AC37C,ui.generated.widgets.frontend.worldmap.operationobjective
1AEDD094D6193974,ui.generated.menus.frontend.mp.cas.loadouts.attachmentselectbase
1AF86D8EA7B4ADA0,ui.generated.widgets.ingame.mp.obituary.obituarykill
1B0AA8D51B082E88,ui.generated.widgets.frontend.vehicle.vehiclelootbutton
1B0E5033A7085628,ui.generated.widgets.ingame.reticles.reticlefourx04vday
1B1012129C3214A7,ui.generated.widgets.buttons.mousebuttonarea
1B145A59840D05A9,ui.generated.widgets.frontend.mp.systemlinklobbyplaymenu
1B1B3EE40A33354B,ui.generated.widgets.loadoutrestrictionswarning
1B1E62758561751C,ui.generated.widgets.frontend.mainmenu.mainmenublade
1B214DC9A5C2A46A,ui.generated.menus.frontend.codcaster.codcasterteamidentity
1B26C072402CDE77,ui.generated.widgets.frontend.currencies
1B273180CFABD1CB,ui.generated.widgets.touch.mobilestaticuidescription
1B324A91116902BA,ui.generated.widgets.subtitlewidget
1B3566660D944FEC,ui.generated.widgets.havocmodthreshold
1B36C68F78570388,ui.generated.widgets.frontend.hqfreetrialinfoblock
1B37C69920265370,ui.generated.widgets.genericexpander
1B3AB7B74669456A,ui.generated.widgets.installmanager.installmanager_gamebuttonnotinstalled
1B3E5D3D554B72BF,ui.generated.widgets.frontend.missioncommandtile
1B45786D12288F0F,ui.generated.widgets.mousecursorcontextualmenupanel
1B4B616892F2FB14,ui.generated.widgets.frontend.lobby.cppartymembersstatus
1B538FFE1010E5C7,ui.generated.widgets.ingame.shared.armorbarpipsdynamic
1B5795104DCD74D5,ui.generated.widgets.frontend.social.socialprofilemenu.socialshowcaseweaponmtxlink
1B6306BDCE7A35F9,ui.generated.widgets.messagepopup
1B6438AB4D9D5D67,ui.generated.widgets.ingame.mp.scorestreaks.gunship.gunshipammo
1B6BC89FC099DF94,ui.generated.widgets.skillsplashbacker
1B799DC9763AC40E,ui.generated.widgets.frontend.challengeplaylistcontainer
1B7DDF9EC5A4C193,ui.generated.widgets.frontend.mp.leagueplay.lppostmatchskillprogress
1B87844AE2164E2B,ui.generated.widgets.mp.mptacticalmap
1B8D33FDE91D2258,ui.generated.widgets.ingame.mp.scorestreaks.jup.locationselectortablet
1B8FDC80FB7171C1,ui.generated.widgets.ingame.mp.vehicle.driverhudlgtransport
1B95E85A7839727D,ui.generated.widgets.frontend.worldmap.operationobjectives
1BA2454F32585E67,ui.generated.widgets.chat.textchatentryline
1BA429847E31D98B,ui.generated.widgets.frontend.mp.outbreak.obactstoryunlockprogress
1BA9A2CD2A677C21,ui.generated.widgets.frontend.mp.dmz.dmzglobalstatusoption
1BAAA010E3A4AF8F,ui.generated.widgets.frontend.qualitymarker
1BAF30E3BBA632A2,ui.generated.widgets.ingame.sp.overlaymask
1BBAC61F2765BBB0,ui.generated.widgets.wzm.ingame.mobileobjectivetitle
1BC1502BF55C5642,ui.generated.widgets.frontend.social.socialprofilemenu.socialshowcaseinspectcallingcarddisplay
1BC1D740AFEDAFE4,ui.generated.widgets.ingame.brcodcaster.brcodcasterequipmentcontainer
1BC8A93D8180F39E,ui.generated.widgets.frontend.lobby.trialscontainer
1BEA504345BD7EBE,ui.generated.widgets.frontend.dmzpersistentoperatorgearpip
1BFBA6C58073385C,ui.generated.widgets.ingame.mp.dmz.gunbench.gunbenchattachmentinfodetails
1C00524DB893F605,ui.generated.widgets.ingame.cp.iw8.wave.wavetimer
1C16DEB5D13786AE,ui.generated.widgets.frontend.rtt.rttboosterscreen
1C1F625C1FA2C491,ui.generated.widgets.frontend.mp.playlist.playlistdetails
1C2E8BF8CFD0FC17,ui.generated.widgets.frontend.vehicles.vehicletrackselectbase
1C3389FCFD3D614E,ui.generated.widgets.ingame.mp.dmz.gunbench.gunbenchweaponbuymenu
1C39DE1D14F02E69,ui.generated.widgets.ingame.mp.scorestreaks.requisitionsstoretablet
1C43F6EC2AD7D42C,ui.generated.widgets.ingame.reticles.reticledmscopevz03
1C43F7EC2AD7D5DF,ui.generated.widgets.ingame.reticles.reticledmscopevz02
1C43F8EC2AD7D792,ui.generated.widgets.ingame.reticles.reticledmscopevz01
1C48A49B76B17245,ui.generated.widgets.frontend.barracks.barrackschallengesweekly
1C60876A2E7EA98F,ui.generated.widgets.scrollbar.verticalminimalscrollbar
1C608F0E9124E531,ui.generated.widgets.frontend.mp.lobby.lobbymap
1C69FEA50DAC8AE3,ui.generated.widgets.ingame.mp.javelincornerglow
1C6F7CD477C3FD6B,ui.generated.widgets.frontend.br.leagueplay.lpbraarstarsitem
1C7B2731F639D22D,ui.generated.widgets.frontend.mp.obpvp.devobentrancedebugoverlay
1C7EA0E092B37D4A,ui.generated.widgets.frontend.mp.cas.largeattachment
1C816CD47A48EE14,ui.generated.widgets.frontend.exgmplayerbalance
1C85CC9225388D0F,ui.generated.widgets.frontend.rowquickselectbutton
1C9316E1CBC23FAE,ui.generated.widgets.frontend.mp.lobby.warzoneprivatematchsquadteammember
1C966B0EBCAC9207,ui.generated.widgets.subtypetab
1C987B4193A0B13D,ui.generated.widgets.ingame.codcaster.codcasterkillstreakscontainer
1C9B63BB7FE10549,ui.generated.widgets.grenadepulse
1C9E336DE31C3BB2,ui.generated.widgets.frontend.lfp.lfpgenericbuttonwithdetail
1CA4B8AAD71D6351,ui.generated.menus.frontend.mp.Elderprogression
1CA8179C13A560D3,ui.generated.widgets.ingame.mp.Properk
1CABB2D45FF6907B,ui.generated.widgets.frontend.aar.aarlooteditems
1CB4FD085026A7FE,ui.generated.widgets.frontend.depot.item2x2square
1CC58D50D55D6572,ui.generated.widgets.ingame.mp.groundwar.squadstatusitem
1CC5F8795B4122CE,ui.generated.widgets.gamemodeinfoheader
1CC677BC522D6EEF,ui.generated.widgets.frontend.sp.missionselect.levelselectnode
1CC93A85DF022DCB,ui.generated.swatches.Swatches_JUP
1CCD507F202F3D6E,ui.generated.widgets.ingame.sp.spycamera.spycameralisteningdeviceprogressbarpip
1CD2F5194087CB46,ui.generated.widgets.ingame.cp.aar.cpaarstarsinfo
1CD73ED244A60B51,ui.generated.menus.frontend.mp.fullscreenwarningpopup
1CD763A9237CBD57,ui.generated.widgets.frontend.social.socialprofilecardsmallbase
1CD97A2F0D3FA295,ui.generated.widgets.frontend.codcaster.codcasterteamsettingsportrait
1CDC8C7CE6497C72,ui.generated.menus.frontend.storebundlepreview
1CE0765C864F5B06,ui.generated.widgets.ingame.mp.scorestreaks.gunship.gunshipdamagecrackoverlay
1CE4B1D85E4B1C63,ui.generated.menus.frontend.mp.cas.streakreplacepopup
1CE7C12C00FD2D6B,ui.generated.menus.frontend.languageselect
1CEBDB7056874844,ui.generated.widgets.frontend.depot.hotitem
1CF778B52F7594C8,ui.generated.widgets.frontend.battlemap.battlemapcinematicframe
1CFC34BF37D1D50B,ui.generated.menus.mp.brpausemenu
1D0E98B7D8D985D9,ui.generated.widgets.ingame.mp.scoreboard.scoreboardtitletextfield
1D1122CD681F9DFA,ui.generated.widgets.ingame.mp.scorestreaks.dronesentry.dronesentryspeedometer
1D13B4B34061433D,ui.generated.widgets.ingame.mp.killcam.killcamblueprinteffects
1D1542A48FDC3326,ui.generated.widgets.customcolorpicker
1D214B4B8DC04CFB,ui.generated.widgets.frontend.aar.bpaarprogression
1D21C92B2B4D6828,ui.generated.widgets.frontend.leaderboard.leaderboardrankfield
1D2B62EDEE2D82B2,ui.generated.menus.frontend.customize.contrailselect
1D2CB0C3A5CC9081,ui.generated.widgets.ingame.mp.roundendmatchbonus
1D41CDB9CF24AB8B,ui.generated.widgets.frontend.barracks.barracksstatbox
1D501925AFC2FDB9,ui.generated.widgets.ingame.mp.br.braltimeterdisplay
1D689B20661C4E3A,ui.generated.widgets.ingame.gameplaystats
1D69EE2E5D0DF175,ui.generated.widgets.frontend.frontendfiringrangehud
1D74255E5D8E1B0D,ui.generated.menus.frontend.barracks.commendationsmenubase
1D75294E45FEDD20,ui.generated.widgets.genericiconlabel
1D77296E0054D20D,ui.generated.widgets.frontend.lobby.lobbymembergridemptyslot
1D85E84E13BDBEC7,ui.generated.widgets.customcolorpickereditbox
1D89B7CA8913C381,ui.generated.widgets.frontend.lobby.mapbackgroundimage
1D89B8817B918B98,ui.generated.widgets.globalpanelplayer
1D9C39007854B247,ui.generated.widgets.frontend.depot.mpdepotmenuhorizontalbuttons
1D9F74F81BC652CF,ui.generated.widgets.ingame.mp.br.brcqmatchstatustracker
1DA10CF816CDE3AD,ui.generated.widgets.activityphone
1DA3B3810A1E3CDE,ui.generated.widgets.titleidpricebutton
1DADEFA617AB00C5,ui.generated.menus.frontend.cp.cpmainmenu
1DB0343FBA16C8C7,ui.generated.widgets.ingame.radialmenu2slice
1DB308D1140300E3,ui.generated.widgets.ingame.mp.leagueplay.lpscoreboardrow
1DBBF1B0EB5D4638,ui.generated.menus.frontend.barracks.darkops
1DBFFDB7028198CE,ui.generated.widgets.frontend.battlemapv2.bprewardbuttonsmall
1DC93CE67BA605D6,ui.generated.widgets.ingame.killstreaksradialmenu
1DD6F41F4DB1ED71,ui.generated.widgets.frontend.mp.lobby.brplaybutton
1DDC21448E8D2A65,ui.generated.widgets.frontend.jupbattlemap.jupbpbundlepurchaseblade
1DE5E70CA9F04048,ui.generated.widgets.frontend.jupbattlemap.jupbpblackcellaltbutton
1DF8DA2081C6041A,ui.generated.widgets.ingame.reticles.reticle04greendot
1DFA021BD7C18EA8,ui.generated.widgets.frontend.depot.itemsquare
1E022D369AB6878D,ui.generated.widgets.activityphoneinterrogate
1E03913E664174E9,ui.generated.menus.frontend.mp.dmz.dmznotes
1E079B14355DFEAA,ui.generated.menus.frontend.cp.cpplaylistmenu
1E0ADFBE86EDDA1E,ui.generated.widgets.frontend.battlemapv2.bplandingupsell
1E143CA8DEDDC5E6,ui.generated.widgets.ingame.mp.bradley.tankdiagram
1E175A3430730614,ui.generated.widgets.frontend.battlemap.battlemapclaimpips
1E18316D977160FA,ui.generated.widgets.menubuttonradiowithdescription
1E1A09F973ABBBE4,ui.generated.widgets.frontend.mp.playlist.playlistbuttonsmall
1E2CD729B46E21D6,ui.generated.widgets.ingame.gunscreens.gunscreennuketrackerstpaddy
1E2DCFA7FC0C6292,ui.generated.widgets.ingame.mp.scorestreaks.jup.locationselectormarker
1E33EC6108F8223D,ui.generated.widgets.frontend.mp.leagueplay.lprankrewardscontainer
1E364080D8ACA689,ui.generated.widgets.scrollbar.horizontalminimalscrollbarsliderarea
1E40BF798CDCD6C5,ui.generated.widgets.frontend.worldmapmenubutton
1E43BC7AD0979807,ui.generated.widgets.barrelattachment
1E4508F817B5977A,ui.generated.widgets.nondisbandingstatus
1E47260469AD45B6,ui.generated.widgets.ingame.gascancallout
1E5AB517129EDF80,ui.generated.menus.frontend.mp.cas.loadouts.weaponselect
1E5CAEE51FD108BB,ui.generated.widgets.ingame.mp.risk.riskscorebar
1E6602D05BFFB7AC,ui.generated.widgets.telemetrycontainer
1E6F4D8CE1465C09,ui.generated.widgets.ingame.reticles.reticledmscopevz01_darkritual_heptachild
1E889E168B74EB45,ui.generated.widgets.ingame.compassdegree
1E93C1B0D76BB7F1,ui.generated.widgets.frontend.challenges.callingcardmasterchallengewidget
1E97AC06EE5349CF,ui.generated.widgets.frontend.sp.missionselect.levelselectmap
1E98446A4BE920B8,ui.generated.widgets.brkeypadentryline
1E99F39CF59BD573,ui.generated.menus.frontend.mp.aar.aarcontainer
1EA5CA3A0AAE6EE5,ui.generated.widgets.fullscreenwebviewserviceunreachable
1EAA43D02E65FA24,ui.generated.datasources._root
1EAB91D6BA26DDFB,ui.generated.widgets.store.storetagsale
1EB0BDA28C8321CB,ui.generated.widgets.ingame.mp.br.brsrnotificationcontainer
1EC3F49AF03ECE13,ui.generated.widgets.frontend.mp.tournament.bracketteamfinal
1EC46452CE3E998C,ui.generated.widgets.frontend.barracks.previousgamestatsbuttons
1ED80AC2876376AC,ui.generated.menus.frontend.mp.cas.loadouts.camoselect
1EE00821A36A4F21,ui.generated.widgets.frontend.lobby.lobbymembers
1EF3ED99845F5AF5,ui.generated.widgets.mobilegenericswitch
1EFCC0AEED00C83E,ui.generated.widgets.ingame.mp.doublexpsplash
1F00DBD62DCAA79C,ui.generated.widgets.ingame.mp.br.brrhealthandarmorbars
1F09D373F35FD6B9,ui.generated.widgets.frontend.vehicle.vehicleequippeditems
1F0CBAD6EF34C550,ui.generated.widgets.ingame.reticles.whitedot
1F13D07DE40E38C6,ui.generated.widgets.frontend.sp.missionselect.levelselectzoommap
1F168148C24F8FD5,ui.generated.widgets.ingame.reticles.reddotmagnifiedhybridgreen
1F19AB6E4D7AC0D6,ui.generated.widgets.cdlwebview
1F1D4919E0A3CDE3,ui.generated.widgets.ingame.mp.kioskbutton
1F1FB05828D03D18,ui.generated.widgets.ingame.mp.trial.trialscoreboard
1F2322C426EE6E37,ui.generated.widgets.br2v2gulagmatchstatus
1F2A6145EC28B6AF,ui.generated.widgets.options.audiotestspeakerssetup
1F2E993299A3810A,ui.generated.widgets.ingame.gameplaycomparevaluestats
1F394959E1A92463,ui.generated.widgets.decoyparked
1F3973C8E3437A4D,ui.generated.widgets.touch.mobileslideshow
1F3DDADDDF876219,ui.generated.widgets.frontend.mp.leagueplay.lpseasonendflowreward
1F40E831DB6B2661,ui.generated.widgets.vaultweaponbonus
1F460B41CE6CF9F9,ui.generated.widgets.ingame.mp.tacticalmap
1F49562964167EB0,ui.generated.widgets.frontend.mp.cas.loadoutweaponbutton
1F4BBE1B06D7FA4D,ui.generated.widgets.ingame.lootsplashitem
1F61547D46CC7826,ui.generated.widgets.frontend.mp.dmz.dmzlocationselect
1F661AB2C913F04C,ui.generated.widgets.frontend.mp.leagueplay.lppostmatchflowpoints
1F6FFADC6B314C94,ui.generated.widgets.ingame.gunscreens.gunscreentalkingdog
1F8F2F298317321E,ui.generated.widgets.ingame.mp.vehicle.technicaldiagram
1F9115516769519F,ui.generated.widgets.ingame.mp.scorestreaks.gunship.gunshipcontrols
1F9ACFAE73167FB9,ui.generated.widgets.frontend.challengesmenubutton
1FA4FEA987DAE633,ui.generated.widgets.ingame.mp.scorestreaks.gunship.gunshipswapweaponhint
1FAABBE29261F129,ui.generated.widgets.ingame.mp.scorestreaks.rcd.rcdtargetnotify
1FB8366E845F154C,ui.generated.menus.frontend.mp.cas.loadouts.stickerlocationselect
1FC9D67A4447B75D,ui.generated.widgets.frontend.challenges.weaponmasterultimatepanel
1FCF7950D627F91B,ui.generated.widgets.frontend.mp.outbreak.zombiesselectedmissionobjective
1FD078EBCE1A9388,ui.generated.widgets.frontend.seasonalevent.seasonaleventstimercomingsoon
1FD1514A43EC56E8,ui.generated.widgets.globalpanelsubheader
1FD30BF575B5DDC5,ui.generated.widgets.frontend.aar.aarxpbreakdown
1FDE90D58B362C5F,ui.generated.menus.fullscreenpopupframe
1FE22E767DE98AF7,ui.generated.widgets.turretheatmeter
1FE33316C294A9EF,ui.generated.widgets.equipmentskinlabel
1FE3676C7334FAFD,ui.generated.widgets.frontend.globalpaneleventbutton
1FE5A9524E44F578,ui.generated.widgets.frontend.battlemapv2.bpmapsector
1FEE1D937FCBEF08,ui.generated.widgets.frontend.seasonalevent.season_5.seasonaleventjupbacker
1FEEC64EB406FE4D,ui.generated.widgets.ingame.sp.grenadeindicatorproto
1FF3A58A030AB40D,ui.generated.menus.benchmarkreportmenu
1FFA5B322D529DC0,ui.generated.widgets.frontend.mp.outbreak.obplaymenu
1FFB2C6B30A9D223,ui.generated.widgets.ingame.mp.inactivitywarnings
20070E2D67216BFB,ui.generated.widgets.frontend.aar.aarcontractgriditem
2022BBF50542D4CC,ui.generated.widgets.mp.wager.wagerpip
2030B6132E84C9C7,ui.generated.widgets.ingame.mp.vehicle.vehiclealtimetermarker
20334978A91D819F,ui.generated.widgets.frontend.mp.cas.loadoutitembutton
2039601E6EB16848,ui.generated.widgets.ingame.mp.genericsplashcontrolhintbanner
203B25903B4290D4,ui.generated.widgets.storebundlecollectionprogress
20486512CEEB893A,ui.generated.widgets.mp.combatdetailswrapper
2051A66C152AAD55,ui.generated.widgets.frontend.mp.lobby.playercount
2056A4932EC11AA4,ui.generated.widgets.frontend.mp.cdlrestrictiontag
205E65541B18BF98,ui.generated.widgets.frontend.events.eventplustabshell
205FCECE345EFE68,ui.generated.widgets.genericpopupframe
20604D12154DF0AB,ui.generated.widgets.ingame.reticles.reticle14hybrid
2061146EC6E87183,ui.generated.widgets.ingame.mp.scorestreaks.streakactivationtablet
207A2F06EBDB0B0F,ui.generated.widgets.frontend.events.viewfeaturedeventbundlesbutton
207A33A90CE7A823,ui.generated.widgets.ingame.reticles.extrareticles.reticleoutercirclesbeta
207BDA85D8CEF4A9,ui.generated.widgets.frontend.mp.leagueplay.lprewardpreview
20864C2568A4ED8D,ui.generated.menus.frontend.social.socialaddfriendsoverlay
208A0F0F9CC10F37,ui.generated.widgets.ingame.mp.br.brmenumapgulaginfo
208A35646599E4CC,ui.generated.widgets.frontend.depot.purchasecpbutton
208CBB0413EF004B,ui.generated.widgets.ingame.reticles.bluedot
208EB9C9035AC72C,ui.generated.widgets.options.generickeybindoption
209059C36181B60F,ui.generated.widgets.ingame.mp.cutthroat.cutthroatmatchstatesplash
2091CB9CD2C693FE,ui.generated.widgets.frontend.seasonalevent.seasonaleventsmenucontenttemplateinformational
2098A4003AF1F555,ui.generated.widgets.frontend.weapons.loadout.loadoutvestprompt_flc
209A9E26A1382238,ui.generated.widgets.chat.textchatautocompletelistitem
209D0B7ADCCFE1B2,ui.generated.widgets.ingame.mp.thermalvisionenemydefault
209E7388E3521D17,ui.generated.widgets.codeconductthreatcontents
20A3ABBE8F518B46,ui.generated.widgets.ingame.sp.stance
20AD33782DDEDA90,ui.generated.widgets.frontend.mp.pmc.dmzbaseexpander
20AEE2054DE19586,ui.generated.widgets.ingame.mp.br.brplunderboxpurchasebutton
20B49DB96146664F,ui.generated.widgets.frontend.depot.mpstorebillboardgridrow
20C599C386224EE2,ui.generated.widgets.genericimagepopup
20C7A83446F32DDA,ui.generated.widgets.ingame.mp.br.zcscorebar
20D6781A931E56E7,ui.generated.widgets.ingame.ammocounterpanel
20E833D3949D92E2,ui.generated.widgets.objectives
20E87787FBD47466,ui.generated.widgets.frontend.barracks.barrackschallengessummary
20E9B1202FBA678A,ui.generated.widgets.frontend.jupbattlemap.jupbattlemapcinematicframe
20F8FF0218A484FF,ui.generated.widgets.frontend.mp.leagueplay.lppostmatchrankrewards
20F9F4EB6BE89EDB,ui.generated.widgets.ingame.mp.genericsplashicon
20FC47EC17B65208,ui.generated.widgets.ingame.interactiveobjectpopupbutton
21061F402B7797B2,ui.generated.widgets.ingame.mp.trial.trialbestscore
2117241664374418,ui.generated.widgets.ingame.mp.vehicle.hooptydiagram
211CA53CAAE2615C,ui.generated.menus.frontend.weapons.loadout.loadoutoverview_zombie
212B18D6A58101FA,ui.generated.widgets.ingame.reticles.extrareticles.reticleoutercirclesmalllines
212D78BDD167846B,ui.generated.widgets.frontend.mpoperatormenubase
2130A4B4C01E951F,ui.generated.widgets.ingame.sp.sppausesavednotification
2134D392BA3DB82C,ui.generated.widgets.frontend.lobby.lobbystatuswidget
21371A50BB1770CC,ui.generated.widgets.frontend.preloadingshadersinfos
213DB6328CE0C582,ui.generated.widgets.frontend.cp.cpmodifierslist
213EC6EC40F046EB,ui.generated.menus.frontend.webview.eulawebpopup
214346F2C2A50C76,ui.generated.widgets.ingame.codcaster.codcasterkillcam
2162F9C50C96DA5F,ui.generated.widgets.ingame.zm.jup.zmpoweruptimer
2164699D18DFECA0,ui.generated.menus.frontend.codaccount.codaccountauthenticationadv
2164B17D7F9CF835,ui.generated.widgets.frontend.basiccurrencies
2177F28624F6F682,ui.generated.widgets.frontend.events.storebundlepreviewwidget
217853D6985DC30C,ui.generated.widgets.frontend.depot.battlepasstieritem
218C5A7517C4FBEE,ui.generated.menus.frontend.battlemap.battlemaptokenpurchasemenu
21966345DFBEFCDC,ui.generated.widgets.ingame.gunscreens.gunscreengolddigitalclock
21BA8430B22BAAC9,ui.generated.widgets.footer.footeroptionsicon
21BFC2E1B726A0E0,ui.generated.widgets.globalsocialpartymember
21C236377C606821,ui.generated.widgets.popupframe
21C771BAA9D5B1CF,ui.generated.widgets.ingame.sp.mapspecific.safehouse.static
21D6B938B085AEB8,ui.generated.widgets.ingame.gunscreens.gunscreensloth
21D79F462514140E,ui.generated.widgets.frontend.operator.operatorselectbutton
21DB3E185B902BC7,ui.generated.widgets.ingame.mp.scorestreaks.requisitionsstoreprogressbar
21DF1865701D2382,ui.generated.widgets.ingame.reticles.reticlesniper10
21DF1965701D2535,ui.generated.widgets.ingame.reticles.reticlesniper11
21E21565701F5440,ui.generated.widgets.ingame.reticles.reticlesniper09
21E21665701F55F3,ui.generated.widgets.ingame.reticles.reticlesniper08
21E21D65701F61D8,ui.generated.widgets.ingame.reticles.reticlesniper01
21E21F65701F653E,ui.generated.widgets.ingame.reticles.reticlesniper03
21E22065701F66F1,ui.generated.widgets.ingame.reticles.reticlesniper02
21E22165701F68A4,ui.generated.widgets.ingame.reticles.reticlesniper05
21E22265701F6A57,ui.generated.widgets.ingame.reticles.reticlesniper04
21E22365701F6C0A,ui.generated.widgets.ingame.reticles.reticlesniper07
21E22465701F6DBD,ui.generated.widgets.ingame.reticles.reticlesniper06
21E4AB80CF0CDEF2,ui.generated.menus.installmanager.installmanagermenu
21E6500EB1381669,ui.generated.widgets.frontend.mp.dmz.dmzloadoutitemslots
21E830716802F8B2,ui.generated.widgets.ingame.reticles.jupiter.jupreticleacogclassic
21FE68219DC885CE,ui.generated.widgets.ingame.collisionindicator
21FEA8DE8F61EB17,ui.generated.menus.frontend.barracks.previousgamesstats
2211E3FA82AEF269,ui.generated.widgets.frontend.groups.socialgrouponlinecounter
221200F0F4B48B67,ui.generated.widgets.frontend.mp.leagueplay.lpdivisionrewardscontainerlarge
22121E32823BA4E0,ui.generated.widgets.frontend.missioncommandtilefactionprogressline
222CF0D1907EECE5,ui.generated.widgets.ingame.matchtimerescort
222E9110B4BEDA2D,ui.generated.menus.frontend.barracks.barrackschallenges
2236E312CFBD07CB,ui.generated.menus.frontend.mp.trainingcourselobby
223BF8871A8EF490,ui.generated.widgets.driverhudsuv1996
223CDF629D81630B,ui.generated.widgets.ingame.mp.tiersplash
2245447055C94477,ui.generated.widgets.frontend.weapons.loadout.loadoutitemperkview
22464B15DB058F2E,ui.generated.widgets.ingame.hitmarkeranchoredspawner
225AE8BCB1B76C47,ui.generated.widgets.ingame.cp.pause.missionselectdebug
2270E0AC19F61F86,ui.generated.widgets.frontend.mp.cas.camotitle
2275B5E5BCED8547,ui.generated.widgets.ingame.mp.contractresultssplash
228378251F3E070A,ui.generated.widgets.ingame.reticles.reticle22hybrid
2286A7D151A1404C,ui.generated.widgets.ingame.mp.br.brplunderwidget
2288BD4AEE1FE7EC,ui.generated.widgets.frontend.mp.cas.loadoutitemweaponcontainer_wz2
228B8C65B359F493,ui.generated.widgets.codballgrenadeprompt
2292EAB0A0EB9CC2,ui.generated.menus.fencedialog
229360C2A338A01D,ui.generated.widgets.frontend.weapons.gunsmithattachmentdetailbuttonbase
2296A3CFD2E19900,ui.generated.widgets.restrictsplitscreenpopup
22A1F39167D77DC5,ui.generated.widgets.store.partyskinbundleicon
22A4A455EB8A6B14,ui.generated.menus.contextualtipmenu
22B056394547769B,ui.generated.widgets.frontend.aar.aarbattlepassprogressbarplayhead
22B4D9394FA3E34E,ui.generated.widgets.ingame.mp.scorefeed.scorefeed
22BA8E5B97352BCF,ui.generated.widgets.frontend.mp.cas.swapstreakpreview
22BCDB7E7EB3FD62,ui.generated.menus.frontend.mp.cas.loadouts.weaponpreviewfilm
22BF6CE886F2FA00,ui.generated.widgets.ingame.mp.br.brmenumapkey
22C0C0AA65822C64,ui.generated.widgets.frontend.menutitletext
22D95C4353B4C9CD,ui.generated.widgets.ingame.reticles.reticlesnscopevz02
22E3128C1A0112AA,ui.generated.widgets.frontend.mp.lobby.lobbyteamdetails
22E9A1140A06876D,ui.generated.widgets.ingame.reticles.reticlehybrid03vdaycounter
22F3E6A34CC3A848,ui.generated.menus.frontend.lobby.partyqueuingonboardingpopup
230774D4E3AAA83E,ui.generated.widgets.frontend.mp.cas.gunsmith.gunsmithprogressionunlocklines
230871BED572AD97,ui.generated.widgets.ingame.mp.vehicle.sedanhatchbackdiagram
2318E7BEE1E384B2,ui.generated.widgets.ingame.perkpackagesplash
232B720C22EC085F,ui.generated.widgets.ingame.mp.br.brmenumapinfopanetitle
232BBBBA85B2D50D,ui.generated.menus.store.storecdlmenu
23314430A33C9F24,ui.generated.widgets.ingame.mp.edgeglowoverlay
23324576A02A380D,ui.generated.widgets.ingame.reticles.paranormalstaticteal
233380AE04AB06CE,ui.generated.widgets.ingame.mp.ammocounter
233A025843BD0A7E,ui.generated.widgets.ingame.mp.onelifemodes.lifecounter
233E695480A2CB24,ui.generated.widgets.frontend.aar.aarflyoutbase
23445EDA1FE6954A,ui.generated.widgets.frontend.seasonalevent.seasonaleventhunttargetwidget
23567A90C73FDFAF,ui.generated.widgets.toastholder
235F61E9F5F4EC08,ui.generated.widgets.footer.footermouseicon
2361341502EC573E,ui.generated.widgets.ingame.mp.cyber.cyberempsensor
2364BAADAE56FFD7,ui.generated.widgets.ingame.mp.obituary.obituarymessage
236655684F78C1DF,ui.generated.widgets.completeditemnotification
23691C1E9762E299,ui.generated.widgets.genericduallabelbutton
23740FFCEA025178,ui.generated.menus.frontend.mp.outbreak.obpartymatchmakinglobby
23760E061C7A29CB,ui.generated.widgets.ingame.hitmarkericon
238B957FE2E6229F,ui.generated.widgets.chat.textchatautocompletelist
23912FA4AE5BE941,ui.generated.widgets.dmzglobalgeardetails
23A613FC97C78CB6,ui.generated.widgets.ingame.reticles.reticledmscopetherm01
23A978E5D9B65FDC,ui.generated.widgets.playerdetailsavailability
23AA90503E6BCE6D,ui.generated.widgets.ingame.gunscreens.gunscreenkdtrackerblue
23AB18D5FCB60D74,ui.generated.widgets.ingame.mp.br.brintelsplashcontainer
23C8351887C7E7A5,ui.generated.widgets.store.storecdlbutton
23D2978E28A9DFBA,ui.generated.menus.frontend.vehicles.vehicleselect
23D600634B4D2E90,ui.generated.widgets.ingame.mp.dmz.dmzwarpstatuspanel
23D770453DCDDFD4,ui.generated.widgets.frontend.operator.operationprogress
23D87B41BB7AA9DF,ui.generated.widgets.frontend.worldmap.operationrewards
23DF82290BD193F7,ui.generated.menus.buttonlayout
23E1B10FC5929350,ui.generated.widgets.ingame.mp.br.contracts.brchampionsquesttimer
23E62BAF80DC48A5,ui.generated.menus.frontend.obpersistentoperatoritemburdenconfirmationprompt
23ED4FC58C721472,ui.generated.widgets.frontend.jupbattlemap.jupbppurchasescreenbracketitemdetails
23F4AA3BECE718C4,ui.generated.widgets.ingame.reticles.reddotmagnifiedhybridprimary
23FB683FB90A2691,ui.generated.widgets.ingame.mp.br.braltimeterdisplaylabel
240B6931AAB25993,ui.generated.widgets.ingame.mp.aar.aarchampionsquestlogo
241B4367B8A04DEF,ui.generated.widgets.frontend.mp.outbreak.acquisitionslotdetails
241BDEFE8771E9B5,ui.generated.menus.ingame.mp.dmz.gunbench.weaponupgrademenu
241F9D4FB7F1D88B,ui.generated.widgets.ingame.mp.squadspawnwarning
242F59AF84296B61,ui.generated.widgets.frontend.social.socialpartyplayerlist
24321F669E8F32BF,ui.generated.menus.frontend.jupbattlemap.jupbpsectorpreview
2433B029ECF3F241,ui.generated.widgets.buttons.buttonlargetall
24381C8403FEE187,ui.generated.widgets.genericwidgets.optionbuttonspopupcontent
243AC109E5DB813A,ui.generated.widgets.genericeinkbackground
247B47562383794F,ui.generated.widgets.ingame.mp.trial.trialobjectivestatus
248232111AE00554,ui.generated.widgets.ingame.mp.genericsplashleftstackalt
2482ECDDC31730C7,ui.generated.widgets.ingame.codcaster.codcasterplayercardstats
2483880D5C96CD40,ui.generated.widgets.ingame.sp.mapspecific.dialoguekbm
2483DF99870FDE0D,ui.generated.widgets.frontend.jupaar.jupaarparade
2488AB21CC0E6EDE,ui.generated.widgets.ingame.mp.bombmodes.blueprintextractplayericon
249CC930DD4A8471,ui.generated.menus.frontend.mp.cas.loadouts.reticleselectbase
24A4511FD4C6EA88,ui.generated.widgets.frontend.aar.aarbattlepassseasontag
24AB9372BB77F389,ui.generated.widgets.ingame.hitmarkerequipstackablecontainer
24B158E767742D01,ui.generated.widgets.options.expandcollapsebutton
24C18B8F297124EF,ui.generated.widgets.ingame.mp.br.shoprecipeitemdisplay
24DFB459A8503A53,ui.generated.menus.frontend.mp.cas.loadouts.attachmentappearanceselect
24E26AC56AE390A5,ui.generated.widgets.ingame.reticles.extrareticles.reticleoutercircleacogwest
24EFCB0F49DCED4C,ui.generated.widgets.ingame.mp.br.brinteractivetradercard
24F566305ACD7A69,ui.generated.widgets.channelconnecttoggle
24F667BCE8E61DE3,ui.generated.widgets.frontend.social.socialplayerstatus
24F9108B18DF8219,ui.generated.widgets.frontend.mp.cas.gunsmith.modificationdisplay
2505ACBF3A6FA728,ui.generated.widgets.frontend.mp.playmenu.playmenubuttonrequiredplayers
2506B985C8343595,ui.generated.widgets.frontend.aar.aarunlockitemmisc
2507A4095916D0F6,ui.generated.widgets.frontend.unlockcriteria.criteriawidgets.unlockcriteriachallenges
250D3E538F2F3B27,ui.generated.widgets.ingame.reticles.iw9.reticlemrad
2515722F0B379958,ui.generated.widgets.frontend.mp.lobby.lobbybattleroyalefilltypebutton
2517C0C6D3012D26,ui.generated.widgets.colorcustomizationminimapgwobjective
2517D14659C78E1A,ui.generated.widgets.ingame.reticles.iw9.reticlesndrop01
2519D218050555DC,ui.generated.widgets.store.storebundlecollectiontag
2523B176EC18BF89,ui.generated.widgets.frontend.mp.elderprogression.elderprogressionrankpanel
252993595277E9AD,ui.generated.widgets.frontend.aar.aarunlockrowitem
252EB548B61003EF,ui.generated.widgets.ingame.reticles.reticlesniperkilo98
2537334D8FC0824A,ui.generated.widgets.frontend.aar.aarplayhead
25374C81B69C62D1,ui.generated.widgets.store.storerowfeaturedsale
253AF09E98A5D32A,ui.generated.widgets.caccommon.seasonwithtext
25424ABECFE63AB0,ui.generated.widgets.ingame.mp.killcounterbackground
2548BF0B5ADE206C,ui.generated.widgets.frontend.social.socialinvitesplayergridempty
2548FB9CC3DB066D,ui.generated.widgets.frontend.customize.callingcardstandardtab
254DBBA8895A8E2F,ui.generated.widgets.genericbuttonbackground
25500A7F428E81F9,ui.generated.widgets.reportplayerlist
255B5441E2668893,ui.generated.widgets.frontend.events.seasonaleventsprogressbarlarge
255C77E4390A6DAA,ui.generated.widgets.buttons.buttonlarge
255FEE6515F1F854,ui.generated.widgets.genericbuttoniconandtext
256158FFDC359E41,ui.generated.menus.bootaccessibilitysetting
25629FD3AF3D1DBD,ui.generated.widgets.frontend.barracks.barrackschallengesmissions
2567571409C13570,ui.generated.widgets.frontend.genericpopupactions
258FA5ED04017B81,ui.generated.widgets.ingame.overlaytargetmarkerfriendly
259202C06700BC52,ui.generated.widgets.frontend.customize.callingcardcurrentlyequipped
2596B41547EEED8F,ui.generated.widgets.frontend.customize.callingcardcollectionbacker
25A0079F3DB72744,ui.generated.widgets.ingame.reticles.extrareticles.reticlesnprmike4
25A5A8259AB34A47,ui.generated.menus.options.optionslayoutpopup
25AFC52FCED3C712,ui.generated.widgets.ingame.mp.shopweaponinfopane
25B5C99BDFB4ED20,ui.generated.widgets.frontend.mp.warzoneprivatematchlobbyplaymenu
25B6E6FEC7F8FE51,ui.generated.widgets.ingame.mp.br.zcscorebarovertime
25DABD0569265F09,ui.generated.menus.frontend.sharedloadoutsavepopup
25E0DE3878238284,ui.generated.widgets.frontend.seasonalevent.seasonaleventlootrewarditem
25ED9465A10B81E0,ui.generated.widgets.ingame.codcaster.codcasterstatuseffect
25EF9A83F66E74F4,ui.generated.widgets.frontend.depot.limitedtimeitem
25F453B611592ABA,ui.generated.widgets.brarmorhintpopup
25F4A02CB25345F0,ui.generated.widgets.frontend.connecteditemdetailspanel
25F5D28988CBA063,ui.generated.widgets.ingame.reticles.jupiter.jup_reflex04
25F5D88988CBAA95,ui.generated.widgets.ingame.reticles.jupiter.jup_reflex02
25F75CA6F6291097,ui.generated.widgets.frontend.freetrialupsell
25F98801FB22506C,ui.generated.widgets.trials.trialeventleaderboardline
261F82A0421BB0A6,ui.generated.widgets.ingame.mp.br.brlootrarityicon
2621849E186D5BFE,ui.generated.widgets.frontend.seasonalevent.aar.aarseasonaleventeventplusfocusedreward
2621C29DB3DA3D24,ui.generated.menus.frontend.mp.outbreak.obactselect
262B3594842E37A4,ui.generated.widgets.ingame.reticles.reticleholo
2639C7A38DF5FDC4,ui.generated.widgets.frontend.events.seasonaleventsprogressbar
263F5EB26B6CDCFD,ui.generated.widgets.tierspurchasepopupgridcontainer
2643C316C4141D91,ui.generated.widgets.ingame.brcodcaster.brcodcasterweaponstatusinfo
265093A343E08519,ui.generated.menus.playerreportmenu
265C576F36DC738E,ui.generated.widgets.frontend.weapons.loadout.loadoutarmorpips_flc
267713E61F6E898F,ui.generated.widgets.ingame.weaponpickupflyoutwrapper
267DC3EAF57615A1,ui.generated.widgets.frontend.mp.tournament.tournamentsinglebracket
267DE2FE2008E365,ui.generated.widgets.frontend.store.storeinstagratpanel
26827E349DF2FDFD,ui.generated.widgets.frontend.mp.dmz.dmzselectedmissionobjective
268BD7B2CE8EF2AC,ui.generated.widgets.frontend.barracks.alreadyownedlabel
2690BC04F45F45BA,ui.generated.widgets.cctvscrubmeter
26939EBECBDFF8ED,ui.generated.widgets.globalpanelchannels
2695B9917E2E9206,ui.generated.widgets.frontend.battlemap.battletokenprogress
26BCF75A9E4126BA,ui.generated.widgets.frontend.mp.leagueplay.lpcareerbutton
26C2CE6E09FDBAED,ui.generated.widgets.ingame.gunscreens.gunscreenrankedwinswz
26CEC4F4AA303FAD,ui.generated.widgets.frontend.mp.playmenu.playmenutag
26D22533E7265CC8,ui.generated.menus.sp.sppausemenu
26EA26355832258E,ui.generated.widgets.frontend.lobby.gamemodeicon
26EA4690CCB80AD1,ui.generated.widgets.frontend.perkspecialistinfo
26EE27836DD18AE6,ui.generated.widgets.frontend.mp.leagueplay.lprankoverviewbuttons
26EFCC2A4EA09018,ui.generated.widgets.frontend.jupbattlemap.jupbattletokenprogress
26F9248B349BF42A,ui.generated.widgets.exfilmissionstatus
27036FAC96C17D00,ui.generated.menus.frontend.battlemap.battlemapseasonrecapmenu
2705CF780B17AD7A,ui.generated.menus.frontend.social.socialquickinvitespopup
2712796579035482,ui.generated.widgets.frontend.social.socialmenucommon
271BE9BA04069A84,ui.generated.widgets.frontend.aar.aarxpunlockprogressiondoublexptexts
271E70792614B476,ui.generated.widgets.ingame.mp.scorefeed.scorefeedgrid
271F8714F1A9E3F4,ui.generated.widgets.ingame.mp.arena.arenaloadoutminiattachment
27215EBE344C6806,ui.generated.widgets.caccommon.qualitywithtext
2728D1BB3B732B8E,ui.generated.widgets.frontend.aar.aarcontentheader
272B7F3496D49FEC,ui.generated.widgets.frontend.cp.cpmodifiersdetails
27406B54ABA1E590,ui.generated.widgets.fencespinner
2742AF28602CCDDD,ui.generated.widgets.frontend.battlenetstoreitemdescription
27549F653A5F2C74,ui.generated.widgets.ingame.shared.singlearmorpip
2762877ADCDDAF1B,ui.generated.widgets.ingame.mp.scorestreaks.gunship.gunshipreticle105mm
27658EB2B3E265FE,ui.generated.widgets.frontend.mp.cas.streakcostbase
277254817A90BAE6,ui.generated.widgets.frontend.telescopeeventdeeplink
277703556404CECF,ui.generated.widgets.frontend.social.socialpopupgenericlist
2790DDAFD7CA754F,ui.generated.widgets.frontend.spidergraph
279AE7769E757B82,ui.generated.widgets.ingame.mp.medcratetimer
27A1F541BDE5A2B8,ui.generated.widgets.mainmenubladepromptbutton
27A414C20F1A4650,ui.generated.widgets.frontend.barracks.ranktab
27B737AB3928868A,ui.generated.widgets.genericdropdownbackground
27C5044C82D5B5C2,ui.generated.widgets.ingame.mp.heartbeatsensortablet
27C5B7A6D6FBD163,ui.generated.widgets.frontend.mp.leagueplay.lprewardlistspacer
27D75CC623A3760B,ui.generated.widgets.ingame.mp.headquarters.hqnorespawnwarning
27D893EAE418684B,ui.generated.datasources.alwaysLoaded
27E589DEEC75F73A,ui.generated.widgets.ingame.mp.perkshudwidget
27E59978C758C565,ui.generated.menus.brkeypad
27E7391348839E88,ui.generated.menus.frontend.mp.cas.loadouts.perkselect
27EFEC1CED03D7B9,ui.generated.widgets.frontend.social.socialplayerdetails
27F159175073B432,ui.generated.widgets.fullscreenvideobutton
27F64EA23BC53812,ui.generated.widgets.frontend.aar.aarweaponunlockprogressbarprefil
27FED3774CC15883,ui.generated.widgets.ingame.mp.bombmodes.bombbriefcasetimer
28026A45EB9FDC36,ui.generated.widgets.ingame.mp.scoreeventfeed
2817AFBA17403C37,ui.generated.widgets.options.changemodeprompt
281CE33E5EF25F29,ui.generated.menus.frontend.mp.cas.loadouts.attachmentselect
28238BA23FB5692B,ui.generated.widgets.frontend.mp.lobby.lobbywarzoneintropopup
2824FC909199F769,ui.generated.widgets.frontend.mp.systemlinkplaymenu
282BB83A51E8D686,ui.generated.widgets.frontend.mp.outbreak.obselectedmission
282F9B6A02D70130,ui.generated.widgets.ingame.mp.br.brextractiontimer
283613BE03DDF17D,ui.generated.widgets.socialprofilegroupsactionbuttons
283955781751C7DA,ui.generated.widgets.frontend.battlemapv2.bpfactioninspectpanel
283C7AEBDE5A33B6,ui.generated.widgets.ingame.reticles.reticledmscope01
284A1767A7161645,ui.generated.widgets.frontend.social.socialshowcasepartybanner
28542192A0DE6A30,ui.generated.widgets.ingame.mp.arena.arenaloadoutattachments
2864411FAB472382,ui.generated.widgets.ingame.mp.scorestreaks.apache.apacheweapons
2867CF82B43C7B83,ui.generated.widgets.ingame.reticles.reticleshscope02
2867D082B43C7D36,ui.generated.widgets.ingame.reticles.reticleshscope01
2870F08B45CB29F8,ui.generated.menus.frontend.mp.tournament.tournamentversus
287F4059A554760A,ui.generated.widgets.frontend.mp.cas.equippedperkplaystylebonusicon
288B5B28D4064E16,ui.generated.widgets.ingame.mp.vehicle.driverhudtechorebel
288CDF831E72F2DA,ui.generated.widgets.spstealthvignette
289EE1148FAF5C09,ui.generated.widgets.frontend.lfp.lfppartybrowserfocuspaneldetailscontainer
28A081F10F52B703,ui.generated.widgets.frontend.challenges.callingcardmasterchallengepips
28AFA1B3B23836CE,ui.generated.widgets.changeplaylistpanel
28B512D38EDF72E3,ui.generated.widgets.frontend.solooperatorselect
28B77659D8C4F4D4,ui.generated.widgets.frontend.weapons.loadout.loadoutslotacquiredcheckbox_flc
28BCE381A892673A,ui.generated.widgets.frontend.mp.tournament.tournamentfullbracket
28C0B7EDF1D595D1,ui.generated.widgets.ingame.bonusperksplash
28C7DA440D90126A,ui.generated.widgets.ingame.mp.cas.equippedstreak
28D37A709C958895,ui.generated.widgets.frontend.seasonalevent.seasonaleventeventpluspurchasebutton
28D9316ABF97216E,ui.generated.widgets.playercardcompact
28D9C77B63873FC8,ui.generated.widgets.ingame.mp.killedmessage
28DD0738DCE378CA,ui.generated.widgets.ingame.mp.rankupsplashbanner
28EC4D61A6C9CB71,ui.generated.menus.frontend.seasonalevent.seasonaleventdetailspopup
28EE0169C825BAC7,ui.generated.widgets.frontend.datasourcebundleprompt
28F14146FDF4F00A,ui.generated.widgets.frontend.mp.zm.zmplaymenu
28FB82F5EF844D9C,ui.generated.widgets.mousecursortooltipdescription
28FEA2967F37701F,ui.generated.widgets.ingame.mp.guntablecallouts
2922AC0ED83B1A8F,ui.generated.widgets.frontend.mp.playmenu.playmenudevbuttons
292BCE80AB924697,ui.generated.widgets.gamelogo
292C9F524D9B3106,ui.generated.widgets.toastnotificationbutton
292D989FAAD9D76A,ui.generated.widgets.benchmarkimpactedsettingscontainer
2932834A7CFEDB49,ui.generated.widgets.ingame.mp.trial.trialstatdivider
293A5154FB319CCB,ui.generated.widgets.frontend.jupbattlemap.jupbpfirstpartybattlepassblade
293D9AC53C2E199B,ui.generated.widgets.frontend.social.channels.channelsettings
2941BD7A3E2B3E7E,ui.generated.widgets.dailydownloadlimit
294EF36A170A9E2B,ui.generated.widgets.frontend.aar.aarcontractgridcontainer
2959319A25F4D33E,ui.generated.widgets.frontend.events.seasonaleventsfeaturedcontentheader
295F1E91A2117514,ui.generated.widgets.genericarrowbutton
2963DD6EA1301DB3,ui.generated.widgets.frontend.dmzpersistentoperatorupsell
296E98AEF41BBFBC,ui.generated.widgets.ingame.quickprompt
2970826529443D05,ui.generated.widgets.frontend.worldmap.factiondetailsitem
2975742EFB25795E,ui.generated.widgets.frontend.weapons.jup.gunsmithattachmentcategory
2976285389785057,ui.generated.widgets.frontend.mp.cas.weaponbranding
297E388A0EA29812,ui.generated.widgets.frontend.aar.aarweaponunlockprogressbar
2982B8BC18273688,ui.generated.menus.frontEnd.PrelobbyMainMenu
299763814F56FD7F,ui.generated.widgets.obitembonus
299A03A436F0F17C,ui.generated.widgets.buttons.challengesectionbuttondailybacker
299FC4B7656E1971,ui.generated.widgets.frontend.mp.dmz.dmzinsuredbutton
29A150FD6C220506,ui.generated.widgets.dmzupsellpopup
29A592A37DFAE829,ui.generated.menus.frontend.mp.leagueplay.lphowtoplaytabsmenu
29ACA30DFD668A91,ui.generated.widgets.frontend.aar.aarkitprogressiontier
29AE18F987812C5E,ui.generated.menus.frontend.jupbattlemap.jupbattlemapseasonrecapmenu
29B2AA1207C60370,ui.generated.widgets.wzm.mobilestepprogresspip
29B3AF6AA2B29529,ui.generated.widgets.frontend.customize.callingcardpreviewpanel
29B9C30AF8FBA1F1,ui.generated.widgets.frontend.barracks.progressionunlocktilecontainer
29B9E42CE848E2CC,ui.generated.widgets.ingame.sp.safeplaceholder
29BD549DCD2A1025,ui.generated.widgets.frontend.br.brpracticemodespopup
29CD56948E1F38FD,ui.generated.widgets.ingame.mp.onelifemodes.numvnumsplash
29DBAE49F6E01E57,ui.generated.widgets.frontend.perktab
29DD18808D346662,ui.generated.widgets.buttons.buttonhighlightwide
29E7FCB5F93A1973,ui.generated.widgets.globalpanelplayerprogressbutton
29EF106659843B48,ui.generated.widgets.buttons.friendchallengebutton
29F2056A1FFB2ADC,ui.generated.widgets.frontend.operator.operatormissionitemcondensed
2A0A7C9E43869733,ui.generated.widgets.ingame.reticles.reticlethermal04
2A0A7F9E43869C4C,ui.generated.widgets.ingame.reticles.reticlethermal01
2A0A819E43869FB2,ui.generated.widgets.ingame.reticles.reticlethermal03
2A0A829E4386A165,ui.generated.widgets.ingame.reticles.reticlethermal02
2A1E4664F58E6682,ui.generated.widgets.ingame.mp.br.brammotypenocount
2A1E8AF2D1FEA151,ui.generated.widgets.frontend.barracks.pastgamesoverview
2A27BB2ECAB1736E,ui.generated.widgets.ingame.mp.objectivepinnedprogress
2A30348F9B881475,ui.generated.widgets.ingame.reticles.reticleholotherm01penumbra
2A31B1C9941EBBE4,ui.generated.widgets.frontend.mp.cas.gunsmith.mininextunlockitem
2A349AEA5B5F3685,ui.generated.menus.frontend.mp.cas.loadouts.weaponselectbase
2A3560D913096399,ui.generated.widgets.ingame.mp.escort.escortcontainer
2A373D1628D37818,ui.generated.widgets.ingame.reticles.yellowcross
2A3A990741256A8A,ui.generated.widgets.dmzperks
2A489285A0C80560,ui.generated.widgets.ingame.brcodcaster.brcodcasteroutofboundscountdown
2A4BA2F8B4D10111,ui.generated.widgets.frontend.groups.socialprofilecardsmallgroupmemberbase
2A4D307764D4D973,ui.generated.widgets.jup.countdownlarge
2A4FA01E7C3D49D7,ui.generated.widgets.ingame.reticles.reticlesnscopevz02purple
2A58060F00CB3274,ui.generated.widgets.frontend.mp.outbreak.obactpercent
2A58C29B1AF169FB,ui.generated.widgets.brsecondchancekeypocket
2A770CC8D70D4104,ui.generated.widgets.frontend.mp.tournament.tournamentquadbracket
2A7B80FCF3275600,ui.generated.widgets.frontend.mp.previewcontrolslegend
2A8856BDB98953C8,ui.generated.widgets.ingame.mp.vehicle.driverhudrhib
2A8A7CA7A47CEA64,ui.generated.widgets.frontend.systemlinklobbybuttons
2A98B47FC441FEED,ui.generated.widgets.buttons.buttonhighlight
2A9E3E49A942D70F,ui.generated.widgets.ingame.mp.br.threatpipfilled
2AA713980C205243,ui.generated.menus.frontend.customize.callingcardequipoptionspopupmenu
2AAD621C638FD948,ui.generated.menus.mp.teamselectmenu
2AB92E9C06B4FC5D,ui.generated.widgets.ingame.mp.escort.escortspeedwidget
2AC11409053F62BF,ui.generated.widgets.frontend.depot.battlepassctabutton
2AC2BA83E206BE98,ui.generated.menus.frontend.challengesselectmenu
2AC8BCDC487DA290,ui.generated.widgets.frontend.mp.leagueplay.lpskillheader
2AD3C6727513A3A7,ui.generated.widgets.frontend.mp.tournament.tournamentbannedpopup
2AE457871131A6B3,ui.generated.widgets.options.colorpickerbutton
2AE6A0497DCF8FBF,ui.generated.widgets.ingame.reticles.jup_hybridtherm01
2AE6A1497DCF9172,ui.generated.widgets.ingame.reticles.jup_hybridtherm02
2AE7684AF8389758,ui.generated.widgets.frontend.weapons.loadout.loadoutitemselectionbutton
2AE7E74FA55E2B83,ui.generated.widgets.sprite
2AEEED09E9B7DDC9,ui.generated.widgets.outofboundscountdown
2AF7529AD077C461,ui.generated.widgets.frontend.aar.aarcommendationsdetails
2AFF8215756CB097,ui.generated.widgets.dynamiclist
2B005F52DD763513,ui.generated.widgets.ingame.mp.dmz.gunbench.gunbenchweaponbutton
2B0263B868CEC502,ui.generated.widgets.frontend.mp.lobby.lobbyindividualmatchmade
2B0539421EA1F8FF,ui.generated.widgets.ingame.mp.spectatingplayercontrols
2B16010BD495A1F8,ui.generated.menus.mobilekeepchangesmenu
2B17EE821157BD45,ui.generated.widgets.frontend.dmzpersistentoperatorselectgearinformation
2B21BF0CEBB55BFC,ui.generated.widgets.frontend.equipmentinventorybutton
2B28CF7A1E092E7C,ui.generated.widgets.installmanager.managefilespopupinfosbuttons
2B3AB8EDA225C274,ui.generated.widgets.ingame.mp.dmz.enteringpoisplash
2B41E90E6DD95198,ui.generated.widgets.ingame.mp.fieldupgradenotificationcontent
2B44F3AF353AA553,ui.generated.widgets.brlaststandmessageprompt
2B4F30803F30554B,ui.generated.widgets.genericsidebuttonsrow
2B50E8209770FA6E,ui.generated.widgets.ingame.mp.masterchallengeicon
2B572729A52A8434,ui.generated.widgets.buttons.buttonsocialactionshort
2B59C0886D64DB25,ui.generated.widgets.frontend.mp.cas.gunsmith.attachmenticon
2B5C37EBF8E8C48F,ui.generated.widgets.frontend.seasonalevent.aar.aarseasonaleventeventplusreward
2B5F630DF6A75058,ui.generated.widgets.frontend.jupbattlemap.jupbprewardbuttonsmall
2B66AFDE3CF9F388,ui.generated.widgets.ingame.mp.br.brdataheistprogress
2B6C21949D842E5F,ui.generated.widgets.ingame.sp.jup.spsilodrone
2B7D5646E9A9D3A3,ui.generated.menus.frontend.mp.tournament.tournamentpostmatchpreview
2B80DD9A3C955C54,ui.generated.widgets.ingame.mp.killcam.killcamattachmentslist
2B8C5FA1E1C6E53E,ui.generated.widgets.frontend.aar.aarcommendationunit
2B8E74846997FA7B,ui.generated.menus.frontend.jupdepot.jupbattlepassconfirmpurchasepopup
2B95BA6664432F91,ui.generated.widgets.frontend.mp.playmenu.playmenutitlewc
2B9A4CDAD6007DAD,ui.generated.widgets.ingame.chyroncontainer
2BAA5A707C833B1C,ui.generated.widgets.mptacticalmaplegendcontainer
2BB0746F9992E9BA,ui.generated.widgets.frontend.battlemapv2.bpstatus
2BC479AEC870DCED,ui.generated.widgets.ingame.mp.br.brgasmaskmeterpip
2BD740FC3E6CB8DE,ui.generated.menus.frontend.jupaar.jupaarcontainer
2BE61B284B9F62C9,ui.generated.widgets.frontend.mp.lobby.lobbybattleroyale
2BEB2E4918CA9978,ui.generated.widgets.frontend.mp.dmz.dmzreadyuptab
2BF374B597B8D04D,ui.generated.widgets.ingame.mp.roundendaccentarrows
2BFE5349D243019F,ui.generated.datasources.frontend
2C02267DE48DF89B,ui.generated.widgets.ingame.codcaster.brcodcastersinglearmorpip
2C08CF3E0BF1493B,ui.generated.widgets.frontend.weapons.jup.gunsmithweapondetails
2C0A6389D140B367,ui.generated.widgets.ingame.mp.br.brredeploymentmessage
2C0ADDC5ADB90963,ui.generated.menus.frontend.magmadailypopup
2C159C12773E74A1,ui.generated.widgets.ingame.mp.matchstatusobjectiveprogress
2C18B1A69239485E,ui.generated.widgets.ingame.mp.br.brsrmatchstattracker
2C47F220BADE53C1,ui.generated.menus.frontend.mp.dmzloadoutconfirmationmenu
2C4ABB8F0EE9AAB3,ui.generated.widgets.ingame.reticles.reticlevz01
2C4ABC8F0EE9AC66,ui.generated.widgets.ingame.reticles.reticlevz02
2C4ADE0A6BD67910,ui.generated.widgets.alwaysloaded.timerlabelwithicon
2C6649E1E5B05D17,ui.generated.widgets.frontend.seasonalevent.seasonaleventxpbaramount
2C718FED9D368B06,ui.generated.widgets.ingame.mp.arena.arenaloadout
2C75952CBB9CC708,ui.generated.widgets.winnerscircle.winnerscircle
2C82CD61EBC399B3,ui.generated.widgets.buttons.buttonhighlightsingleaction
2C8522E571C99D16,ui.generated.widgets.frontend.weapons.perkpackage.perkicon
2C9C6AA2594CD07D,ui.generated.widgets.frontend.dmzplaylistbutton
2C9D203E74CB9AB8,ui.generated.menus.frontend.mp.cas.loadouts.gunsmith.gunsmith
2C9DA6B9AE0ED0B0,ui.generated.widgets.frontend.mp.cas.loadoutselectbuttonsbase
2CAEF2D73FCE6D88,ui.generated.menus.frontend.mp.cas.loadouts.obacquisitionselect
2CBFB173218D2DCB,ui.generated.widgets.textbackerhardlines
2CC0131900A5901C,ui.generated.widgets.ingame.zm.zm_safedigitset
2CC20DA635E7A34A,ui.generated.widgets.ingame.sp.mapspecific.dialoguegamepadoption
2CD2F75796A1EA61,ui.generated.widgets.options.networkinfos
2CD31755C39BF150,ui.generated.widgets.ingame.mp.matchstatusplayerscustom
2CD45B3ABFAE5AAA,ui.generated.widgets.options.calibrationswatch
2CD4E3E5C761F885,ui.generated.widgets.ingame.mp.killcam.killcamperkinfocontainer
2CD880B44EBE4910,ui.generated.menus.frontend.mp.cas.loadouts.equipmentselect_flc
2CE4850EBEA92A59,ui.generated.menus.frontend.sp.dungeonstatspopup
2CE4D8C20CB11E3D,ui.generated.widgets.frontend.mp.pmc.dmzbaseexpandershowbutton
2CFE0C798426511A,ui.generated.widgets.ingame.mp.scorestreaks.rcd.rcdmeter
2D0954FA32DB33DF,ui.generated.widgets.buttonpromptcontainer
2D130B484057B1EB,ui.generated.widgets.ingame.mp.scorestreaks.gunship.gunshipweaponstatus
2D18AE2C250FB02E,ui.generated.widgets.frontend.social.socialprofilemenu.socialshowcasebuttonhighlight
2D2573DBC59AD538,ui.generated.widgets.frontend.dmzpersistentoperatorcard
2D40AD816A0493A0,ui.generated.widgets.frontend.operators.operatorcustomizebutton
2D446618FA081421,ui.generated.widgets.ingame.mp.genericsplashsubheaderbacker
2D46710B37579C5B,ui.generated.widgets.ingame.mp.onelifemodes.numvnumdigit
2D48F76C2B1780C8,ui.generated.widgets.frontend.jupbattlemap.jupbpfactioninspectpanel
2D4A15CA5BD1459A,ui.generated.widgets.frontend.mp.cas.weaponattributesbar
2D50BCB610CDA3D4,ui.generated.widgets.frontend.jupbattlemap.jupbpstatus
2D5DF3D94578421A,ui.generated.widgets.frontend.jupbattlemap.jupbpendofseasonupsell
2D5EC244350C6502,ui.generated.widgets.frontend.mp.warzoneprivatematchlobbysquadselectionmenu
2D64BBF38D3EE5A5,ui.generated.widgets.genericparentlessexpander
2D84D15D55FD1E17,ui.generated.widgets.options.marginsguide
2D8C5A0771E5F9D4,ui.generated.widgets.dmzupsellpopuprewardbase
2D96E4816888A396,ui.generated.widgets.ingame.codcaster.codcasterkillcamweaponinfo
2DA954BE64EAD95A,ui.generated.widgets.ingame.reticles.reticlesnscopelimax
2DB3411B3596FE9E,ui.generated.widgets.rewarditem
2DC53A5A287395D9,ui.generated.widgets.frontend.social.socialinputtypeicon
2DC5800607C86DF5,ui.generated.widgets.ingame.weaponstatusinfo
2DE8E9228C5066B0,ui.generated.widgets.ingame.cp.iw8.nameplatehealthbar
2DF6175819BA350D,ui.generated.widgets.mousecursorcontextualmenuaction
2DFDBEC1A748D1FB,ui.generated.widgets.ingame.brcodcaster.brcodcasterfieldupgrade
2E05C830B9FDFA3F,ui.generated.widgets.brlongplayercard
2E090C78E06DE618,ui.generated.widgets.frontend.social.socialhighlightparty
2E0F0FFD42BF307E,ui.generated.widgets.frontend.social.socialplatformpresence
2E109EA3FB8D353C,ui.generated.widgets.ingame.mp.specialweaponsplash
2E1A00AF44E8AB6A,ui.generated.widgets.ingame.mp.aar.aarchampionsquestrewardsparadeitem
2E1CE9CF0EDAFB9F,ui.generated.widgets.frontend.mp.outbreak.obbackpackkeys
2E233A88595BEDBA,ui.generated.widgets.store.storerowfeaturedbutton
2E25CB6A461319C4,ui.generated.widgets.frontend.aar.aarchallengeprogressioncard
2E2C50E353F44041,ui.generated.widgets.ingame.mp.properk.properkcontainer
2E2C76621F4B2970,ui.generated.widgets.genericiteminfo
2E3045301C5F37FB,ui.generated.widgets.store.storerowlargebutton
2E39DEB2DAEC3C25,ui.generated.widgets.mp.shopmaintab
2E43B823FF580FB0,ui.generated.widgets.ingame.mp.scorestreaks.gunship.gunshiptargetlocationtext
2E5D0E5575DAE1ED,ui.generated.widgets.frontend.aar.aarbreakdown
2E6EA22380C5F27D,ui.generated.widgets.frontend.mp.lobby.lobbyplunderintropopup
2E7A9945FDAB33AD,ui.generated.widgets.ingame.mp.dmz.biolabcountdown
2E8172B776C8E804,ui.generated.widgets.frontend.battlemap.battlemapmenubase
2E82EA48D4AA9B52,ui.generated.widgets.frontend.jupdepot.jupbattlepassonboardingpopup
2E85265119CB9B95,ui.generated.widgets.ingame.mp.dmz.pmcmissionprogresssplashforwarder
2E8F195CF52F1727,ui.generated.widgets.frontend.customize.callingcardotherstab
2EA34ACF4F10EFD6,ui.generated.widgets.frontend.mp.playmenu.mapsincludeditem
2EA99ACBDD54E739,ui.generated.widgets.ingame.mp.br.brhudplayerstatusicon
2EAF85794A1D2171,ui.generated.widgets.frontend.seasonalevent.seasonaleventschallengerewardcardbutton
2EB6857CB11D16B3,ui.generated.widgets.frontend.weapons.loadout.loadoutslotpreview_flc
2EC28CAA8AC7D288,ui.generated.widgets.frontend.events.seasonaleventsstatuspanel
2EC7B340D31F2196,ui.generated.menus.frontend.mp.cas.loadouts.gunsmith.gunsmithtuningmenu
2EDB3974CB51FA85,ui.generated.widgets.frontend.events.seasonaleventsfeaturedcontentline
2EE448909EEB2D2C,ui.generated.widgets.mousecursortooltiptitle
2EEC7BC7C9EEA1A6,ui.generated.menus.frontend.jupdepot.jupbattlepasspurchaseprogresspopup
2EF5D4CCE5B057DF,ui.generated.menus.achievementsmenubase
2EFCCEDA49D0E01D,ui.generated.widgets.mp.missionprogresstrackerbase
2F0A0AA8BA4F4DB5,ui.generated.widgets.ingame.mp.headquarters.headquartersicon
2F25D0959984A8C0,ui.generated.widgets.alwaysloaded.talkerslayout
2F348EBAD6936ACD,ui.generated.widgets.globalpaneloptions
2F3FFB38E4DAAD08,ui.generated.widgets.frontend.social.socialgroupsbrowserrow
2F4DA139EB7E02E5,ui.generated.widgets.frontend.depot.mybundlebillboardbutton
2F4FA68630E961AB,ui.generated.widgets.store.storerowmedium
2F55BF49BF620EB8,ui.generated.widgets.frontend.weapons.loadout.loadoutitemperkpackagebutton_wz2
2F5703C3487B59AD,ui.generated.widgets.ingame.objectivetitlebase
2F57FC53C28336D0,ui.generated.widgets.ingame.reticles.reticlehybrid02
2F57FD53C2833883,ui.generated.widgets.ingame.reticles.reticlehybrid03
2F580053C2833D9C,ui.generated.widgets.ingame.reticles.reticlehybrid06
2F580253C2834102,ui.generated.widgets.ingame.reticles.reticlehybrid04
2F580353C28342B5,ui.generated.widgets.ingame.reticles.reticlehybrid05
2F6102547417CEA9,ui.generated.widgets.ingame.reticles.reticlesnadjust01
2F63BCCED630BB87,ui.generated.widgets.frontend.sp.missionselect.levelselectnodedetails
2F6480208ED316A2,ui.generated.menus.options.bootbrightness
2F658D4977BB198E,ui.generated.widgets.elitetakeoverdetails
2F675AFFE6471D35,ui.generated.menus.frontend.battlemap.bundlepurchasepopupcontainer
2F6D410E0E1086C3,ui.generated.widgets.genericsliderbarpoint
2F8133B782F85B09,ui.generated.widgets.frontend.aar.aarprogression
2F8508722C643B46,ui.generated.widgets.genericdropdownlistbutton
2F862E3C86E11D9A,ui.generated.widgets.frontend.battlemapv2.bpupsellreward
2F870835E1E31F13,ui.generated.widgets.ingame.gunscreens.gunscreenranked
2F8C25096C88B657,ui.generated.widgets.installmanager.managefilespopupinfos
2F8FD370045BD556,ui.generated.widgets.ingame.mp.arena.arenaloadoutweapon
2F9178723CB8CB55,ui.generated.widgets.ingame.cp.iw8.scoreboard.cpteamscores
2F9972DD29394324,ui.generated.widgets.menubuttoncheckbox
2FAC892E535390D5,ui.generated.widgets.frontend.jupdepot.jupbattlepassfreebanner
2FACD4952415FED8,ui.generated.widgets.frontend.mp.elderprogression.elderprogressionprogressnode
2FB575F1A298C52F,ui.generated.widgets.frontend.mp.mpmenubutton
2FB71F6375C3475E,ui.generated.widgets.ingame.zm.zmitemset
2FD57438829E0087,ui.generated.widgets.frontend.jupbattlemap.jupbparrowbutton
2FD6E6CDEADC8C73,ui.generated.widgets.ingame.zm.roundchalkmarknumber
2FE53CF9F859430A,ui.generated.widgets.frontend.social.socialchanneltextchatpreviewentries
2FF0E999F0EB0C62,ui.generated.widgets.frontend.lobby.operatorskincarouselitem
2FFE64D3E3617AEC,ui.generated.widgets.frontend.mp.cas.weaponlockerbutton
30069C7E9994D756,ui.generated.widgets.frontend.groups.socialgroupemblemwidget
3013B05CF8866505,ui.generated.widgets.frontend.globalplayerprogression
30142833415858C6,ui.generated.widgets.ingame.mp.br.cinematics.brcinematicwidgetcontainer
302ED87154078FD1,ui.generated.widgets.ingame.radialmenu8slice
30333612CAC50D4B,ui.generated.widgets.frontend.aar.aarunlockrownextlabel
303EE1960E760421,ui.generated.widgets.frontend.battlemapv2.bpblackcellupsellbpowned
3042190187228F90,ui.generated.widgets.brraritycolorbackground
30448E2A2B4C67A1,ui.generated.widgets.ingame.mp.youindicatorleft
3050B6FD6F0E34F9,ui.generated.widgets.frontend.mp.tournament.tournamentroundtitle
3058D59B50CC21D8,ui.generated.menus.frontend.customize.callingcardselect
3059390C5C26B66F,ui.generated.widgets.ingame.reticles.reticle18hybrid
305C364EC4D4C65A,ui.generated.widgets.ingame.cp.smartphone.geigerphone
305FDB23B4054B92,ui.generated.widgets.buttons.buttonsocialaction
3069D396D7AD5978,ui.generated.widgets.ingame.codcaster.codcasterportrait
307709B4960F0B31,ui.generated.widgets.stockattachment
3082FFEBF1CBD9B4,ui.generated.widgets.frontend.lfp.lfppartymemberentry
308629B068FB4625,ui.generated.widgets.featurednotificationcarousel
308E9FBC512143DE,ui.generated.widgets.frontend.mp.leagueplay.lprankselect
3096A3BEDC051087,ui.generated.widgets.ingame.mp.matchstatusobjectives
30A45CE64A0E18CF,ui.generated.widgets.ingame.mp.benchmarkstatsingame
30B6B328C849F545,ui.generated.widgets.ingame.mp.duallabelsbackground
30B6C153C787D0ED,ui.generated.widgets.frontend.depot.magmaupsellfullscreenpopup
30B6F60E7CC16CAA,ui.generated.widgets.frontend.social.socialprofilemenu.socialprofileshowcaseplayerdetails
30C9749BF1CA54F2,ui.generated.widgets.ingame.mp.trial.trialstatline
30CC06AC8F01890B,ui.generated.widgets.frontend.mp.backpack
30CCA4B9228DBF64,ui.generated.widgets.frontend.social.socialplayernameandplatform
30CF46456A1CACD6,ui.generated.widgets.ingame.mp.scorefeed.scorefeedentry
30DCE60F8CD89F9A,ui.generated.widgets.trials.trialskinnyreward
30E57F4B6180CE06,ui.generated.widgets.ingame.mp.launchconsole.launchconsolescreen
30EDB7B6E540E391,ui.generated.widgets.frontend.social.socialmenuflyoutheader
30F0721435398F2A,ui.generated.widgets.frontend.weapons.loadout.loadoutitembutton_flc
30F28DE85BEAB153,ui.generated.widgets.listpiphorizontal
30F91B0CE5172D1F,ui.generated.widgets.frontend.mp.warzoneprivatematchsquaddetails
30FA462EE83A480C,ui.generated.menus.frontend.mp.cas.loadouts.fieldupgrades_cer
30FF01D8CF6400AB,ui.generated.widgets.scrollbar.pip
311434D1EB5288AD,ui.generated.widgets.ingame.mp.dmz.pmcmissionprogresssplash
311B7248BA83796F,ui.generated.menus.mobileprivacychoices
3123BA299736FB82,ui.generated.widgets.ingame.codcaster.codcasterroundend
3129A7C63CCD30B8,ui.generated.widgets.frontend.customize.customizesortingpopup
312BF4ECE832B5AF,ui.generated.widgets.frontend.lfp.lfpfindpartybutton
312F23457ACB647D,ui.generated.widgets.frontend.battlemapv2.bpbootupdetails
312F905A2B09BD91,ui.generated.widgets.frontend.mp.leagueplay.lpseasonendflowrecap
314B20243DA6324F,ui.generated.widgets.genericselectionbutton
3167A6B6BB476154,ui.generated.menus.frontend.webview.onboardingmissionmenu
3170BD9CE2D14573,ui.generated.widgets.ingame.reticles.lightyellowdot
3174A5AEBBE1F728,ui.generated.widgets.ingame.reticles.reddotmagnifiedhybridprimarypink
3184F3624CA5E3D9,ui.generated.widgets.frontend.genericbuttonlistflyin
3185F8EBE08A8763,ui.generated.widgets.frontend.mp.recipeoptionspopup
31891CD50609C76B,ui.generated.widgets.ingame.reticles.reticlecrosshairrpg
318F7259387C4592,ui.generated.widgets.ingame.mp.vehicle.driverhudvan
319060271E8D12D6,ui.generated.widgets.frontend.globalplayerpanelprompt
319A64084C5A4BDA,ui.generated.widgets.operatorbloodtype
319BDD82982A92C7,ui.generated.widgets.frontend.weapons.armorybutton
319F2756F92725BE,ui.generated.widgets.ingame.reticles.extrareticles.reticleoutercirclemgolf36
31B1EB9A022810F4,ui.generated.widgets.frontend.battlemap.battlemapsectorbutton
31BCB9524EA51060,ui.generated.widgets.ingame.brcodcaster.brcodcasterobituarykill
31CB7D79B5149251,ui.generated.widgets.options.customcolorthumbgenericsliderbar
31CBEA73DE401B32,ui.generated.menus.frontend.mp.leagueplay.lprankrewardsmenu
31CE072CDF76F10F,ui.generated.widgets.ingame.mp.nukewarning
31DD6FB3DA84FA9B,ui.generated.widgets.frontend.mp.cas.gunsmith.gunsmithprogressionweapon
31E6065CE13FD740,ui.generated.widgets.wzm.settings.mobilebacktosettingsgridbtn
31EC2594C9284690,ui.generated.widgets.ingame.cp.smartphone.geigermeterarrow
31F064F090BBF6E6,ui.generated.widgets.basetextchatentry
31F1C031C929C860,ui.generated.widgets.ingame.mp.scorestreaks.jup.streakactivationtablet
31F42D967E7745A4,ui.generated.menus.playersurveypopup
31FE3FAC6C20F7C0,ui.generated.widgets.frontend.mp.leagueplay.lpseasonalrewarditem
31FF2FEFDA59BCFA,ui.generated.widgets.frontend.seasonalevent.seasonaleventsrewardcardbutton
320BB67B2606E267,ui.generated.widgets.ingame.mp.streakpip
320BE926C926A84C,ui.generated.menus.frontend.mp.cas.loadouts.weaponpreview
320E09B2F5D23431,ui.generated.swatches.Swatches_WZ2_5
3215B911824B7433,ui.generated.widgets.trials.trialeventlistbutton
3215FA20DDC8208F,ui.generated.widgets.frontend.mp.cas.gunsmith.gunsmithdetailsbase
321AD7C92C1E0D00,ui.generated.widgets.ingame.reticles.reticlecrosshairbaseouter
321BEFAC5B829DEB,ui.generated.widgets.frontend.datasourceprogressbar
32230FCCED197B81,ui.generated.widgets.frontend.mp.leagueplay.lptop250position
322EB5ADEFF50CA6,ui.generated.widgets.frontend.lobby.lobbystatuslayout
322ECA8F02FFB817,ui.generated.widgets.panelcontainer
32354B73B9EFFAA7,ui.generated.widgets.frontend.leaderboard.leaderboardfilterflyout
32395A85175565D7,ui.generated.widgets.ingame.mp.hudpromptwithlabel
32456101C6E8CE41,ui.generated.widgets.frontend.globalplayernotification
32468B2CC4973943,ui.generated.widgets.ingame.mp.jup.heartbeatsensortablet
3246C2C97F0D2D98,ui.generated.widgets.frontend.installprogress
3249DA21C67AB33E,ui.generated.widgets.frontend.mp.playmenu.motdrow
324ADBEB56FF2F12,ui.generated.menus.frontend.vehicles.vehiclecamoselect
325F59317F82D0FD,ui.generated.widgets.frontend.mp.leagueplay.lpdivisionrewardscontainerbase
32685DDE9093FE86,ui.generated.widgets.buttonhelperbuttonbackground
32699814D84EDD45,ui.generated.widgets.loadoutshare
326C866716320486,ui.generated.widgets.winchallengeitemtag
326EC9BD0F5E20B1,ui.generated.menus.codeconductmore
326F5AA3C5B8DC23,ui.generated.widgets.frontend.favoritednotification
3270EE7A2336F975,ui.generated.widgets.frontend.challenges.weeklychallengesbutton
327A06CDF99FC4ED,ui.generated.widgets.ingame.sp.spycamera.spycameralisteningdeviceprogressbar
327FBB60035557F8,ui.generated.widgets.frontend.seasonalevent.aar.aarseasonaleventeventplusdefaultrewardcolumn
3280DB608C5C35F2,ui.generated.widgets.frontend.unlockcriteria.criteriawidgets.unlockcriteriachallengecompact
328395C53FC39C3B,ui.generated.widgets.perktypeattachment
3289438237254EF8,ui.generated.widgets.frontend.barracks.progressionunlockfriendcard
32B13299B40D2387,ui.generated.menus.frontend.dmzgearinformation
32C27479B2742575,ui.generated.widgets.armoredtruckstatus
32C3783CEB76C2E6,ui.generated.menus.frontend.mp.partymatchmakinglobby
32C7161D85735F55,ui.generated.widgets.ingame.reticles.golddot
32C9E53CC27F0062,ui.generated.widgets.frontend.unlockcriteria.criteriawidgets.unlockcriteriagamemodecompact
32CDA808B86A1FBD,ui.generated.widgets.frontend.customize.callingcardprestigetab
32D1705174029A6A,ui.generated.widgets.ingame.mp.nukewarningcontainer
32D96DF66E704D76,ui.generated.widgets.ingame.brcodcaster.brcodcasterhealthbar
32E44C7B5526EEF8,ui.generated.widgets.screenfade
32F8B082D6E8F80F,ui.generated.menus.frontend.social.socialprofilemenu.socialshowcasecallingcardinspect
330B5A5A56CF9E04,ui.generated.widgets.frontend.challenges.callingcardchallengesdetailspanel
330D784355A7F1DD,ui.generated.widgets.frontend.installprogressbar
3314BB4CC88B5C3E,ui.generated.widgets.ingame.mp.br.brtraderweaponinfo
331C510AC0EADB91,ui.generated.menus.disturbingcontent
331F7134C28229D5,ui.generated.widgets.frontend.unlockcriteria.criteriawidgets.unlockcriteriabundlecompact
332E294BDA01CA77,ui.generated.widgets.ingame.mp.br.brmenumapkeylistitem
333436FCBCC94055,ui.generated.widgets.ingame.mp.br.brbannerheader
33357E50A15952B1,ui.generated.widgets.wzm.mobilegenericstepsprogress
333AA100FCA81B63,ui.generated.widgets.frontend.sp.missionselect.mapdecorationline
334CF5A50C4E28F6,ui.generated.widgets.globalsocialparty
33550FADE1B92E78,ui.generated.widgets.ingame.mp.splashslashcap
336564F93B0E7399,ui.generated.widgets.ingame.ingamelootcardmanager
3368D0C1ABE70925,ui.generated.widgets.ingame.mp.arena.arenaloadoutcontainer
336C1524B0CD8DFC,ui.generated.widgets.frontend.aar.jup.aarxpreward
336D72A1CC7EA108,ui.generated.widgets.frontend.mp.leagueplay.lpplayerid
33751C84DAC580D1,ui.generated.widgets.frontend.lfp.lfpfindermenu
337AD67C76D1056F,ui.generated.widgets.mp.wager.wagerwidget
338ED6516E0EFEB1,ui.generated.widgets.ingame.hitmarkerstackablecontainer
339A6DCAC66F8600,ui.generated.widgets.frontend.imagetab
33A3FBF136C4234E,ui.generated.widgets.frontend.weapons.loadout.loadoutitemfieldupgradebutton
33AC8350A0821B90,ui.generated.requires.frontEnd.SP
33AFF52A2639ADDF,ui.generated.widgets.ingame.mp.bradley.tankchassis
33B7F1DA7800D475,ui.generated.widgets.ingame.sp.nvg.nvgbattery
33B838D5D6A8080A,ui.generated.widgets.frontend.br.leagueplay.lpbrseasonalrewardlist
33BE1667D5E2E536,ui.generated.widgets.genericbuttonwithcolorpreview
33BE4D34CE80A5A0,ui.generated.widgets.frontend.dmzpersistentoperatorinformationtile
33C15E5F5656A7FB,ui.generated.widgets.frontend.magmaupsellpurchasebutton
33C6496DAC702F52,ui.generated.widgets.ingame.shared.scriptedwidgetgenericicon
33CAC1D3C1B21E1C,ui.generated.widgets.frontend.mp.outbreak.obexfilstreakcount
33D6C2B0E7CFB611,ui.generated.menus.frontend.depot.battlepassmenupopup
33DAEBF3460BFBE4,ui.generated.widgets.frontend.webview.loginrewardbuttoncontent
33E28350A0AFAB00,ui.generated.requires.frontEnd.CP
33F503ABC3240D35,ui.generated.widgets.ingame.mp.vehicle.vehiclealtimeter
33F7640ACB791DD2,ui.generated.widgets.frontend.barracks.barrackschallengeitemweek
33F932BB91974BFA,ui.generated.widgets.ingame.mp.vehicle.vehicleinstruction
33FB36FC684470B1,ui.generated.widgets.detailedweaponstats
3403E4E266A64422,ui.generated.widgets.frontend.playlistdetailspopup
3406ECEC224D7480,ui.generated.menus.frontend.codaccount.codaccountgreeting
34129750A0D8F0BE,ui.generated.requires.frontEnd.MP
341AFF30076F76E8,ui.generated.widgets.store.bundlestore
341CBF4F50D0B7AC,ui.generated.widgets.ingame.mp.timetobeat
341D437DC87A06B4,ui.generated.widgets.frontend.mp.trialsbutton
341D594EE7E093B4,ui.generated.widgets.ingame.gamemodescoreelement
342643529B41B967,ui.generated.widgets.ingame.reticles.reticlecrosshairjuliet
3429A0F81F73F52D,ui.generated.widgets.ingame.mp.scorestreaks.taccam.taccamcontrols
3431F7F947FA3AA1,ui.generated.menus.frontend.depot.battlepasshelppopup
3434B24D189955B5,ui.generated.widgets.mousecursorcontextualmenurankwidget
343B9C3944E9DC80,ui.generated.menus.frontend.mp.cas.loadouts.equipmentskinselectbase
343BCB791871F595,ui.generated.menus.options.importsettingsscreen
343E413F225C6F9C,ui.generated.widgets.frontend.mp.lobby.lobbymatchoperatordetails
3451895C2533EB14,ui.generated.widgets.frontend.mp.lobby.searchingforlobby
3453B9291C679BB6,ui.generated.widgets.frontend.mp.cas.streaktablet
34547C1B84CA3128,ui.generated.widgets.frontend.battlemap.battlemapinspectpanel
3457C779291A8CEE,ui.generated.widgets.ingame.zm.zmriftrunicon
34640E734AB02BCF,ui.generated.datasources.in_game
34705D6C949F85D1,ui.generated.widgets.frontend.mp.cas.loadoutgunsmithbutton
347A52F663DFB10E,ui.generated.widgets.frontend.groups.socialgroupmemberstab
3480143C8123E64E,ui.generated.menus.frontend.mp.cas.gunsmith.gunsmithtabsmenu
348D316A038E7F18,ui.generated.widgets.frontend.aar.aaraccolade
348DD7C2868D7E91,ui.generated.widgets.ingame.mp.aar.aarchampionsquestrewardsparade
348FA96288E8F3E5,ui.generated.widgets.frontend.social.friendsplaying.friendsplaying
3493FF1D3A8F337E,ui.generated.widgets.frontend.groups.filtersortpopup
3498112A5A1E16D6,ui.generated.widgets.frontend.mp.emblemeditor.emblembutton
3499DA5EFD5A1BEB,ui.generated.widgets.frontend.battlemapv2.bppurchasebutton
349E78B2970809B4,ui.generated.widgets.frontend.social.channels.textchat.ingametextchatentry
34A66D21196EDC0D,ui.generated.menus.frontend.mp.cas.loadouts.perkselectbase
34A7732816037A34,ui.generated.widgets.frontend.mp.gamemodebutton
34A89A6C7C2C9F34,ui.generated.widgets.ingame.mp.matchstatusscores
34B085088C842F01,ui.generated.widgets.frontend.gamemenuwidget
34BCF2D31352ABDA,ui.generated.widgets.inGame.InventoryContainerItemsStrip
34CD9870A438C697,ui.generated.widgets.ingame.mp.rcxdownertarget
34CE6D648293D17F,ui.generated.widgets.ingame.zm.zmvotestatus
34D8D912DA3FB387,ui.generated.widgets.brplunderpickupfeedback
34DEAA3AA5F5818A,ui.generated.widgets.frontend.cp.cpcheckpointwidget
34F43CFAA97B6F80,ui.generated.widgets.ingame.mp.dmz.poieventsplash
3504A768B3730DE8,ui.generated.widgets.frontend.unlockcriteria.criteriawidgets.unlockcriteriareceiverprogression
350A316C4405B058,ui.generated.widgets.mpslayerbuff
350E57BE9AF91D98,ui.generated.widgets.store.mw3tag
3512DAFE218DB93D,ui.generated.widgets.frontend.challenges.jupbptokenreward
3519A57C5B6E2941,ui.generated.widgets.frontend.mp.playmenu.gamemenurow
35228A917FCB164D,ui.generated.menus.frontend.mp.cas.loadouts.equipmentskinselect
352689C6A5C23CEA,ui.generated.widgets.mobileiconwithtext
353232A7AFE7C4F0,ui.generated.menus.frontend.mp.outbreak.obmissionsoverview
3535933BC0BEEDE2,ui.generated.widgets.frontend.mp.outbreak.obmissionsbutton
35430B825867224E,ui.generated.widgets.frontend.seasonalevent.seasonaleventcurrencyoverview
35499FE8261968C8,ui.generated.widgets.ingame.reticles.jupiter.jup_reticle_acog02
3549A2E826196DE1,ui.generated.widgets.ingame.reticles.jupiter.jup_reticle_acog01
354A66147F03EDBA,ui.generated.menus.mainmenuoffline
355557E48CAB9BBF,ui.generated.widgets.ingame.reticles.flyingbananas
3569EB8715627EC4,ui.generated.widgets.ingame.mp.br.brbink
356F0DA288EC4309,ui.generated.menus.frontend.mp.cas.loadouts.equipmentselectbase
357610878EF4B37D,ui.generated.widgets.frontend.splitscreentip
3580603BD99E7291,ui.generated.widgets.ingame.mp.risk.riskobjectiveteamscores
35807DEEA989D673,ui.generated.widgets.frontend.unlockcriteria.criteriawidgets.unlockcriteriabattlepass
3589809F005113F8,ui.generated.widgets.ingame.sp.sppausemissionobjective
35B2ED65FBF1A60F,ui.generated.menus.frontend.magmaupsellpopup
35B631A982022AAD,ui.generated.widgets.frontend.worldcupnotify
35BE033A94F9EA1E,ui.generated.widgets.nondisbandinglobbypanel
35BE78CEB95672CC,ui.generated.widgets.frontend.jupdepot.jupbattlepassgridcontainer
35CDDEBE91A812D1,ui.generated.widgets.mobileloadingpip
35D85F8FEF69353A,ui.generated.widgets.frontend.mp.playmenu.jup.playmenutitle
35D948586DFD0C2F,ui.generated.menus.frontend.loadscreenmenubase
35DE0FA49F8B0783,ui.generated.widgets.frontend.jupbattlemap.jupbpitemlockup
35E371E494661754,ui.generated.widgets.mp.shopperkpackagetab
35ECD87E41586A3A,ui.generated.widgets.contextualtip
35F38ABFE7DEB42A,ui.generated.widgets.ingame.reticles.jup_snscope_hsierra
35F57A430731BA50,ui.generated.widgets.brsecondchanceresults
35F7EA2C37A2EE22,ui.generated.widgets.ingame.mp.streak
35FC3E5D6FDEA8E5,ui.generated.widgets.optionsgraphicssliderbar
35FF47B4738E9990,ui.generated.widgets.cancelshaderspopup
360DE229EF771082,ui.generated.widgets.ingame.brcodcaster.brcodcastersecondchancematchtimerbacking
36246CFB66351029,ui.generated.widgets.frontend.mp.dmz.dmzinsuredslotdetails
36286E82AC0DB84C,ui.generated.menus.alwaysloaded.cdninstallmenu
362B49EE337EEB26,ui.generated.widgets.ingame.remoteturretparked
362DB94E13F1193E,ui.generated.widgets.alwaysloaded.talkersentry
3630476757271FE0,ui.generated.widgets.frontend.mp.cas.perkbutton
3630D4ED36DC1F90,ui.generated.widgets.winnerscircle.winnerscirclescorecard
36319265B8C719AE,ui.generated.widgets.ingame.mp.genericprogress
3634DC9AEF3C1AD0,ui.generated.widgets.ingame.reticles.reticleoutercirclemike9
363D548E0A843CCD,ui.generated.widgets.frontend.mp.cas.gunsmith.jup.gunsmithtunebutton
3645E54BBEA7A589,ui.generated.development.frontend.aar.aarxpunlockprogressionprimaryxp
364B7D0D4EB76A4A,ui.generated.widgets.ingame.inventoryperkpackagetooltip
364BC3093820834F,ui.generated.widgets.frontend.weapons.weaponblueprintbranding
364F410E1DA45D45,ui.generated.widgets.tabbutton
3657882435FFE459,ui.generated.widgets.frontend.mp.eventbanner
36704358E0D2BA88,ui.generated.menus.frontend.challenges.friendchallengeselect
367471F615AB69B9,ui.generated.widgets.frontend.weapons.weaponinfopanel
368038B0014B551C,ui.generated.widgets.ingame.zm.zmplayerinfo
368285B6C98BEE5D,ui.generated.widgets.ingame.mp.br.squadidinfo
3682E0F72FB8DC82,ui.generated.widgets.frontend.sp.missionselect.mapdecorationarrow
3691253C8F00CFFA,ui.generated.widgets.ingame.mp.killstreakconnectionwindow
369964BCFCD839A8,ui.generated.widgets.frontend.lobby.lobbymember
369C95233B676081,ui.generated.widgets.ingame.mp.littlebird.littlebirdaltimetermarker
369CBB39B11A7016,ui.generated.widgets.frontend.dmzpersistentoperatoritemburdenconfirmationprompt
36AB37E65443146F,ui.generated.widgets.frontend.mp.leagueplay.lprankpointsrow
36ACC74ECF936446,ui.generated.widgets.frontend.mp.lobby.lobbycharacterdetails
36B1E54E1E56DBF4,ui.generated.widgets.ingame.brcodcaster.brcodcastermatchheadergametimer
36B222E66F7857C0,ui.generated.widgets.ingame.reticles.santavdot
36C8ACB6B65043DD,ui.generated.widgets.frontend.aar.aarkitprogressionlayoutitemunlocks
36CBC657AC06550D,ui.generated.widgets.ingame.zm.jup.zmpowerupsplash
36CF65CF67D1F303,ui.generated.widgets.sendbroadcastpopup
36DC94A5E977BB1D,ui.generated.widgets.frontend.mp.elderprogression.elderprogressionemblempanel
36E09930EC557AA0,ui.generated.widgets.frontend.aar.aarrank
36E1B346D0471CE4,ui.generated.widgets.frontend.lobby.mapbutton
36E26D3199E56197,ui.generated.widgets.ingame.mp.shopperkpackageperkslayout
36E2B7E06DD7A401,ui.generated.widgets.frontend.social.channels.textchat.channeltextchatentrymessagebacker
36E72186A624CAEB,ui.generated.widgets.br2v2gulagplayerstatus
36E7D8A60C9CFD97,ui.generated.menus.frontend.cp.cpgamemodes
3703C05A73820CE5,ui.generated.widgets.ingame.mp.scorestreaks.dronesentry.dronesentryspeedometerneedle
3705F50C39448862,ui.generated.widgets.ingame.reticles.jupiter.jup_reticle_moscar_classic
37092E37EB75CB9D,ui.generated.widgets.frontend.battlenetstoreitembutton
370DAD0C2468BF0D,ui.generated.widgets.frontend.mp.tournament.matchgroupfinals
3716694DE3EAE236,ui.generated.widgets.frontend.mp.leagueplay.lpskilldivision
371AE3130FBD0186,ui.generated.widgets.ingame.mp.br.brbuybacksquadmateprompt
371CC2551FFF2527,ui.generated.widgets.textbackerroundedrectangle
371F1FB18A795E2E,ui.generated.widgets.ingame.mp.dmz.gunbench.gunbenchattachmentcategorybutton
372A0D7329CFDE02,ui.generated.widgets.frontend.br.leagueplay.lpbrplayerrank
372A21C87E18D163,ui.generated.widgets.ingame.mp.scorestreaks.gunship.gunshipcriticaldamagewarning
372C5B317966A8CE,ui.generated.widgets.genericoptionbuttonbackground
37303B061D64797D,ui.generated.widgets.ingame.ingamemenubackground
37312EF53CAA3205,ui.generated.widgets.frontend.mp.outbreak.obbackpacklandingpage
373B2288CE6EFDE0,ui.generated.widgets.ingame.mp.bradley.tankturretback
37425E4455BE4ADC,ui.generated.widgets.ingame.mp.vehicle.milcargotruckdiagram
3745A64080D8E10E,ui.generated.widgets.frontend.mp.cas.gunsmith.gunsmithbuttongroupbase
3749BBC08906F783,ui.generated.widgets.imagemaximized
374E811EE8476383,ui.generated.widgets.scrollbar.verticalminimalscrollbarsliderarea
374F6D61DE40DA1B,ui.generated.widgets.srchallengecore
375B582319E75270,ui.generated.menus.frontend.mp.cas.loadouts.gunsmith.gunsmithprogressionmenu
375C486BDD5023CD,ui.generated.widgets.ingame.dronecompass
37680C7C32542533,ui.generated.widgets.ingame.sp.mapspecific.dialogueprompts
376A00E3B99A23A8,ui.generated.widgets.ingame.mp.vehicle.atvdiagram
376D763DC3980016,ui.generated.widgets.frontend.clientcharacterwidget
37798D48761CEE60,ui.generated.menus.frontend.depot.battlepassupsellpopupmenu
3784CA5B306F0B43,ui.generated.widgets.frontend.mp.cas.gunsmith.gunsmithprogressionpanel
37861EA88E57630A,ui.generated.widgets.installmanager.installmanager_GameButtonNeedUpdate
37940076873C9052,ui.generated.widgets.frontend.jupbattlemap.jupbpunlockreticle
37A13790A4215240,ui.generated.widgets.frontend.unlockcriteria.criteriawidgets.unlockcriteriaplayerprogression
37A674B955CD58B8,ui.generated.widgets.ingame.weaponimage
37B6AD76AD787AE1,ui.generated.widgets.ingame.brcodcaster.brcodcastersecondchancematchtimerbackingcontainer
37BCDC37775235D6,ui.generated.widgets.ingame.mp.brperkshudwidgetinfo
37C9A2C8CE4F04FF,ui.generated.widgets.frontend.weapons.loadout.loadoutitemweaponbuttonbase
37DA157890110A6B,ui.generated.widgets.brnewinteractivenonlootcard
37DF540AB6FEB214,ui.generated.widgets.changeplaylistbutton
37E066375F860DD9,ui.generated.widgets.ingame.reticles.reticle_fvats
37F04B30DB536DC6,ui.generated.widgets.strongholdmissiontracker
37F0DDF773BE5370,ui.generated.widgets.globalpaneloffline
37F6DF927CB87BCF,ui.generated.widgets.ingame.reticles.reticlearscopevz02
380850326D9EF621,ui.generated.widgets.ingame.mp.dmz.gunbench.gunbenchupgrade
380ED9BEFFAF9AE3,ui.generated.widgets.ingame.reticles.jupiter.jupreticleouteracogclassic
3815FF06EF30D204,ui.generated.widgets.frontend.leaderboard.leaderboardgamemodeselectflyout
381F1906CE66B75B,ui.generated.widgets.buttondescriptiontext
382BCF839B711791,ui.generated.widgets.frontend.operator.operatorfactionname
3830016D715C2912,ui.generated.widgets.ingame.reticles.reticledmscopevz03centerzoom
383928C21E2CA02C,ui.generated.widgets.brexfilbinkoverlay
384370FB280AC862,ui.generated.widgets.ingame.reticles.extrareticles.reticleoutercirclesharppostlite
385F973EF431DE72,ui.generated.widgets.trials.trialskinnyrewardtier
38669CF8CB41D818,ui.generated.widgets.frontend.social.socialprofilecardempty
386CD8DAEFC449A0,ui.generated.widgets.ingame.mp.ffascorehud
3881A2A335733D2A,ui.generated.widgets.frontend.jupbattlemap.jupbattlemaptokenpurchasewidget
3882EC6BA1C21B32,ui.generated.widgets.ingame.mp.secure.securestatus
3885D8AD9C01D583,ui.generated.widgets.ingame.sp.sppricenameplate
3899A1AB4AC83CB5,ui.generated.menus.frontend.cp.intel.cppreviewintel
389A5FF29B82280A,ui.generated.widgets.frontend.weapons.armorybuttonbase
389D9A60BBF333FF,ui.generated.widgets.footer.unmuteallicon
38A00CD55C272F78,ui.generated.menus.frontend.lobbyrejoinpopup
38A17CB8C7889987,ui.generated.widgets.frontend.aar.aargunsmith
38ACEBF42763F47A,ui.generated.widgets.frontend.mp.pmc.swapmissionbutton
38AF4B4D0EE9CB3B,ui.generated.widgets.frontend.weapons.gunsmithtooltip
38B1F9A15156A43F,ui.generated.widgets.buttonhighlightbar
38BAC298EDC055DB,ui.generated.widgets.frontend.customize.callingcardcategorybutton
38BE610C5F06110A,ui.generated.widgets.ingame.damagenumbercontainer
38CBF6F4B49122F5,ui.generated.widgets.frontend.mp.playmenu.playmenurow
38D6DFB153BDF0F1,ui.generated.menus.frontend.social.socialprofilemenu.socialshowcaseoperatorselect
38F7F96DC3E11C32,ui.generated.widgets.ingame.mp.br.brmatchstatusinfobar
38F92CC2DB64B304,ui.generated.widgets.ingame.mp.br.resurgencemenumapredeployinfo
3909488028C58C55,ui.generated.widgets.frontend.mp.lobby.brplaylistbutton
39115412A77E73DB,ui.generated.widgets.ingame.reticles.reticlecrosshairspread
39168DCEF512B002,ui.generated.widgets.frontend.aar.aarlooteditemstab
39172E34879AAAF4,ui.generated.widgets.ingame.mp.aar.aarchampionsquestrewardsbr
39262A8969C22E1A,ui.generated.widgets.ingame.reticles.greenyellowdot
39333C832F341701,ui.generated.datasources.input
39365D0229034FA5,ui.generated.widgets.frontend.mp.leagueplay.lprankedendtimer
3937CD564109039F,ui.generated.widgets.frontend.battlemapv2.bphexagonprogresspiece
394850E8F7E65A17,ui.generated.widgets.ingame.mp.roundendscoreprogressbar
394B44CCC3B3C44C,ui.generated.widgets.frontend.mp.leagueplay.lphowtoplayoverviewcard
3955C0D7C25385C1,ui.generated.menus.store.storepurchasepopupbase
395EF46E32C5C4F1,ui.generated.widgets.frontend.armory.blueprinttag
3960C43B251B1696,ui.generated.widgets.imageautofitcontainer
396370E64DCD1417,ui.generated.widgets.ingame.codcaster.codcasterteamlistbannercontainer
39678CEE7C389320,ui.generated.widgets.frontend.barracks.lastgamestats
39684DEFD82A598D,ui.generated.widgets.bindingpreviewbutton
3979A5854BB7551D,ui.generated.widgets.frontend.customize.previewaudiobutton
397D19A4A7CCEF28,ui.generated.menus.frontend.mp.leagueplay.lpseasonalrewardsmenu
399114CCCF21F106,ui.generated.widgets.frontend.frontendweaponstatusinfo
399132DC449FFA0B,ui.generated.widgets.ingame.mp.scorestreaks.streakactivationkeypad
3991764E4F703992,ui.generated.widgets.ingame.mp.genericsplashheaderalt
399CDACC8848E006,ui.generated.widgets.frontend.mp.pmc.pmcmissions
399F663324AF93EB,ui.generated.widgets.ingame.mp.genericsplashheaderbaralt
39A70E243A8F8503,ui.generated.widgets.brsquadinfocontainer
39AE559A284A3BBD,ui.generated.widgets.frontend.weapons.loadout.loadoutbutton_flc
39B063864A2AD4A1,ui.generated.widgets.ingame.cp.iw8.eventtimer
39B70754F585B95C,ui.generated.menus.options.colorcustomizationfullscreen
39BE75B9769FAB41,ui.generated.widgets.frontend.equippedwidget
39C53EBB1BCA6143,ui.generated.widgets.frontend.jupbattlemap.seasons.jupbpspecialmapsectorswidget_s3
39C541BB1BCA665C,ui.generated.widgets.frontend.jupbattlemap.seasons.jupbpspecialmapsectorswidget_s6
39C543BB1BCA69C2,ui.generated.widgets.frontend.jupbattlemap.seasons.jupbpspecialmapsectorswidget_s4
39C544BB1BCA6B75,ui.generated.widgets.frontend.jupbattlemap.seasons.jupbpspecialmapsectorswidget_s5
39D0FE215E79A652,ui.generated.widgets.brlaststanddownedcontainer
39D8A6B965C9F1A3,ui.generated.widgets.frontend.mp.playlist.playlistfilterbutton
39E5A361DB5A4288,ui.generated.widgets.frontend.lobby.lobbymembergrid
39E7030609B40572,ui.generated.widgets.frontend.battlemapv2.bpsectortag
39ECB172D8FD3F3F,ui.generated.widgets.ingame.codcaster.brcodcasterarmorbar
39ECDF44A1AEF7CD,ui.generated.widgets.ingame.killstreakearnedsplash
39FB5364F316C2FA,ui.generated.widgets.bulletlist
3A0984159C3E0BC6,ui.generated.widgets.ingame.mp.brperkshudwidget
3A321150523F7A50,ui.generated.widgets.wzm.mobilepopupbackground
3A321A1F7B972B70,ui.generated.widgets.frontend.seasonalevent.seasonaleventstimer
3A3999EED1CF84F3,ui.generated.widgets.ingame.mp.scorestreaks.gunship.gunshiplowfuelwarning
3A3F5318AB0DC49E,ui.generated.widgets.objectivepinnedicon
3A43A1D283DB9E0F,ui.generated.widgets.frontend.mp.leagueplay.lpseasonalrewarditemwide
3A4A72BF71F1379D,ui.generated.widgets.ingame.mp.br.brendgamecredits
3A53712D9B391AAF,ui.generated.widgets.InventoryDragAndDropCashTile
3A5446675AC8E97B,ui.generated.widgets.ingame.reticles.reticleminireddot03animeshine
3A56D32B46DD4761,ui.generated.widgets.ingame.mp.edgeglowoverlaytrials
3A5CBD2C2618EDF8,ui.generated.widgets.prosocialmessagehint
3A5F484295BB5ED1,ui.generated.menus.frontend.operatorselectscreen
3A73F6653AF41DD0,ui.generated.widgets.frontend.weapons.loadout.loadoutitemselectlayout_flc
3A7FE66B191E2A44,ui.generated.widgets.frontend.battlemapv2.bpprogressbar
3A8704AA4DB1E3FE,ui.generated.widgets.frontend.mp.cas.previewweaponprompt
3A8C8715850F6A1B,ui.generated.widgets.ingame.zm.zm_safe
3A9F73940A6ED418,ui.generated.widgets.frontend.mp.tournament.tournamentteamstatus
3AA5C8859321FC35,ui.generated.widgets.paginationctavertarrows
3AB06BADBEBBA494,ui.generated.widgets.ingame.cp.iw8.humvee.playernumbox
3AC5BD7FFA5EF6AD,ui.generated.widgets.ingame.whizbyfront
3ACC34F0929B7C38,ui.generated.widgets.frontend.lfp.lfppreferences
3AD7510402A156FD,ui.generated.widgets.ingame.taccamparked
3AF005DC7BF9D2B9,ui.generated.widgets.frontend.aar.aarflyout
3B1113AF26EBB9D1,ui.generated.widgets.frontend.lfp.lfpfindermenubuttongrid
3B1401192C3A8663,ui.generated.menus.frontend.gameuninstallpopup
3B17241ED47F8F88,ui.generated.widgets.weaponprogressiononboarding
3B17BD3B81F7FB5B,ui.generated.development.frontend.aar.aarxpunlockprogressionprimaryxptexts
3B31EA86E073BEEB,ui.generated.widgets.frontend.barracks.progressionunlockfriendslist
3B36531B9AF802D8,ui.generated.widgets.frontend.mp.cas.streakequippedslots
3B3D0E30DFF02FDF,ui.generated.widgets.options.hdrwhitepointguide
3B47CA10BD84EC98,ui.generated.widgets.frontend.aar.aardmzupgradeprogressioncard
3B4A85AF1DB15C92,ui.generated.widgets.ingame.codcaster.codcastertimerarrows
3B531DB3C5348BFC,ui.generated.widgets.settingsmenubackground
3B598200FAAF43BD,ui.generated.widgets.ingame.reticles.reticledmscopevz03thor
3B5B58162FA82C81,ui.generated.widgets.frontend.depot.mpstorebillboardlist
3B66E1C96DCFA71B,ui.generated.widgets.frontend.barracks.progressionunlockfriendspopup
3B6E165363869D3B,ui.generated.widgets.ingame.mp.killcam.killcamframe
3B7C29FE1CD603C7,ui.generated.widgets.fullscreenbutton
3B7ED0647E569B8E,ui.generated.widgets.ingame.objective
3B8061139D01F009,ui.generated.widgets.frontend.mp.cas.cooldowninfo
3B81A8DE8797420D,ui.generated.menus.frontend.cp.cpkitselect
3B846E7926F05BC7,ui.generated.widgets.ingame.reticles.reticleaug
3B84F0C2293E947D,ui.generated.widgets.frontend.leaderboard.leaderboardmenubuttonlist
3B89CE56CB3E7C38,ui.generated.widgets.binocularsoverlay
3B8DC1A0F6182180,ui.generated.widgets.frontend.weaponscasedetailscontainer
3B940F997C1FB501,ui.generated.widgets.ingame.replayseekbar
3B94C1890314E460,ui.generated.widgets.frontend.customize.playercardselect
3BA07DB02FAD6821,ui.generated.widgets.settingsnotificationspopup
3BA37C213DB46CF9,ui.generated.widgets.ingame.reticles.reticlelaunchergromeo
3BAB80BFD7DEB80B,ui.generated.widgets.ingame.mp.matchstatusteams
3BB3551EE093C619,ui.generated.widgets.ingame.reticles.reticleholotherm01paranormaldirection
3BB967D2F21BB726,ui.generated.widgets.ingame.reticles.greendot
3BBD9631F98D38CE,ui.generated.widgets.ingame.mp.vehicle.driverhudcargotruckmg
3BBEEBD7CA562B01,ui.generated.widgets.ingame.mp.br.brplayagaincheckmark
3BBF8E04EB4D72F0,ui.generated.widgets.frontend.barracks.progressionunlockrank
3BC0C6585639F40C,ui.generated.widgets.frontend.br.leagueplay.lpbrstarsearning
3BC100C11DC41D10,ui.generated.widgets.frontend.depot.battlepassupsellpopup
3BC347CF68EC4AF7,ui.generated.widgets.frontend.weapons.gunsmithbuttonwrapper
3BC4BF69AB854AED,ui.generated.widgets.store.storerowfullscreen
3BC72EABED0D430D,ui.generated.widgets.ingame.mp.tacopsmapspawn
3BC820B6EBBAEE14,ui.generated.widgets.mpplayagainbuttons
3BCD55A9BA6407F6,ui.generated.widgets.frontend.cp.cpnextreward
3BCE5D8EE2967A2C,ui.generated.widgets.ingame.mp.matchstatusremaininglives
3BE1FDC14015BF78,ui.generated.widgets.frontend.mp.playmenu.menutab
3BE60ACA874664ED,ui.generated.widgets.frontend.mp.leagueplay.lpskillprogressbarmarker
3BEB66DC7C083AFA,ui.generated.widgets.ingame.gunscreens.gunscreentalkingcat
3BEF38C3375DE159,ui.generated.widgets.frontend.aar.aarcommendations
3BF38281768A0A97,ui.generated.widgets.ingame.codcaster.codcasterobjectiveicon
3C0FE8DCD91E5906,ui.generated.widgets.ingame.mp.littlebird.littlebirdmgcontrols
3C160AE971638631,ui.generated.widgets.ingame.mp.lowhealthhud
3C198AFC4BEC6BC3,ui.generated.widgets.frontend.mp.cas.blueprintbutton
3C20131A306AFDF9,ui.generated.widgets.frontend.jupbattlemap.jupbpitemdetails
3C226441A85D5A73,ui.generated.widgets.ingame.mp.warmode.warmodescoreboardobjective
3C4C4F48A7A7819F,ui.generated.widgets.frontend.aar.aarcommendationitem
3C4E7152144B29E1,ui.generated.menus.privacychoices
3C4F8C7FFE35CFFF,ui.generated.widgets.scrollbar.arrowdown
3C55FA0C0514D873,ui.generated.widgets.ingame.codcaster.codcasterplayerlistsubheaderrow
3C561EA80BE4359C,ui.generated.menus.frontend.mp.recipedeletemenu
3C6015E4E12BC3C1,ui.generated.widgets.frontend.jupbattlemap.jupbpvaultbattlepassblade
3C62F725682DB14C,ui.generated.widgets.frontend.barracks.gamestatswidget
3C7020D5E3592200,ui.generated.widgets.frontend.mp.dmz.stashpopupitem
3C773F6D4CA6480E,ui.generated.widgets.changeplaylistpanelbutton
3C7FD09C3AC034D9,ui.generated.widgets.options.sticklayoutoptionsmenu
3C90DB5CC42767E0,ui.generated.widgets.buttons.buttonmedium
3C90F69E47E8FAFF,ui.generated.widgets.options.buttonlayoutleftprompt
3C91E1BEFAB81F23,ui.generated.widgets.frontend.itemdetails
3C93156DB6F8B8E1,ui.generated.widgets.frontend.mp.dmz.weaponscasepreview
3C9954AF8B9F26CF,ui.generated.widgets.ingame.mp.br.brmatchstattracker
3CAB0D85BAC7098B,ui.generated.widgets.frontend.mp.cas.weaponlevelbar
3CAB6936683E1B66,ui.generated.widgets.ingame.interactivebuddyboost
3CAB85FDE1E90E08,ui.generated.widgets.frontend.weapons.perkpackage.perkbuttonmedium
3CB48F51AB69D393,ui.generated.widgets.ingame.mp.br.brhudplayerstatusiconrespawn
3CBFAD8C33AB6E85,ui.generated.widgets.frontend.groups.socialprofilecardsmallgroupmemberselectnewowner
3CC33AAD1C880102,ui.generated.widgets.frontend.mp.cas.gunsmith.gunsmithequippedslots
3CCA7BAA94FA043C,ui.generated.widgets.ingame.mp.edgeglowoverlayaisixthsense
3CCD0763F3315577,ui.generated.widgets.frontend.barracks.barrackschallengestatus
3CCD73DB9B0F111A,ui.generated.widgets.frontend.social.socialmenushowcase
3CD3852484A2E3B4,ui.generated.widgets.sp.missiledefuse.spmissiledefuse
3CDB1015EBEAF481,ui.generated.widgets.frontend.weapons.reticlepreview
3CED20B711072CF3,ui.generated.widgets.benchmarkzonedetails
3CF60924BC8FB874,ui.generated.widgets.ingame.warningmessage
3D0359E2586858D0,ui.generated.widgets.frontend.replacementweaponwidget
3D042C59E497F784,ui.generated.widgets.frontend.weapons.gunsmithattachmentcategorybase
3D0D8E3FC176F08D,ui.generated.widgets.alwaysloaded.tagbase
3D0F489B7A67AE0E,ui.generated.widgets.frontend.battlemap.battlemapbonussectorbuttonbase
3D213FEAED53E464,ui.generated.widgets.frontend.genericcontentpanel
3D233DF82F433C64,ui.generated.widgets.frontend.operator.operatorcard
3D30EEB8743FA957,ui.generated.widgets.frontend.weapons.loadout.loadoutitemselectionbuttonwide
3D34126E15797B69,ui.generated.widgets.simplebuttonhintlist
3D483AD469A87D9D,ui.generated.widgets.frontend.barracks.barrackschallengedetails
3D4BA6BECCA82C48,ui.generated.widgets.frontend.mp.dmz.dmzitemslotcorners
3D516E36E196B979,ui.generated.widgets.ingame.mp.rugby.rugbyprogress
3D5175F188E7FE52,ui.generated.widgets.frontend.aar.aarflyoutlootunlocked
3D534D540E6E7A23,ui.generated.widgets.chat.textchatbutton
3D5905E83364F2EA,ui.generated.widgets.genericheader
3D6A96F789EA123D,ui.generated.widgets.ingame.mp.trial.trialresultsbuttons
3D6D3A2325FEA05D,ui.generated.widgets.ingame.mp.vehicle.driverhudtacrover
3D6F11CB53446464,ui.generated.menus.firingrangemenu
3D771F6966BCE9B5,ui.generated.menus.frontend.social.socialprofilemenu.socialshowcaseweaponselect
3D7A02ABFAEA53F3,ui.generated.menus.mp.roundendffahud
3D81B32662C981C4,ui.generated.menus.frontend.webview.loginreward
3D9647B1ECFD6D45,ui.generated.widgets.frontend.codcaster.codcasterteamidentityinformationpanel
3D9A766EBBE5FD1F,ui.generated.widgets.ingame.mp.minimap
3DA22DEF6F7616D0,ui.generated.menus.frontend.cp.cpmaps
3DAAE8D4271E8D3A,ui.generated.widgets.ingame.mp.scoreboard.scoreboardrow
3DAF2511BFB9B700,ui.generated.widgets.frontend.mp.cas.gunsmith.gunsmithprogressionoverviewbutton
3DAFC4C830AA63A8,ui.generated.widgets.ingame.mp.currentobjective
3DB04ADEAD46B34C,ui.generated.widgets.ingame.reticles.extrareticles.reticleoutercirclesharp
3DB1CD7B5B9A984B,ui.generated.widgets.benchmarkgraph
3DB3D624DC8E8F5D,ui.generated.widgets.frontend.social.socialgametitlepresence
3DB8A390920A002A,ui.generated.widgets.ingame.mp.shopperkpackageinfopane
3DC12787B25E3CC1,ui.generated.menus.frontend.mission.missionselect
3DCBAE86A6346156,ui.generated.widgets.frontend.jupbattlemap.jupbpstandardpurchaseblade
3DE0E86772E29A5A,ui.generated.widgets.ingame.mp.trial.trialeventrewardprogress
3DE5BD078B4D8331,ui.generated.widgets.brmenumapinflationinfo
3DE9584CD8BE8B61,ui.generated.widgets.ingame.mp.escort.escortovertime
3DEBB037A91A1544,ui.generated.widgets.frontend.battlemapv2.bpstandardpurchaseblade
3DF3E94C4571CBD0,ui.generated.widgets.frontend.webview.loginrewardcardgfx
3DFB9992103D7ADD,ui.generated.widgets.cpstar
3E1832669ACD03D8,ui.generated.widgets.ingame.mp.br.brhudsquadstatuscontainer
3E26046B53E5575B,ui.generated.widgets.frontend.mp.lobby.matchmakinglobby
3E3D5899069919BE,ui.generated.menus.frontend.mp.cas.loadouts.stickerselectbase
3E3FF70A37FA26A4,ui.generated.widgets.generictextelement
3E4874460C5E21A6,ui.generated.widgets.frontend.weapons.loadout.loadoutcustomizationbuttons_zombie
3E562470988171FC,ui.generated.widgets.visordamageoverlay
3E5A412FC0E0B2BB,ui.generated.widgets.ingame.mp.grind.grindicon
3E5ADC57AE611890,ui.generated.widgets.ingame.codcaster.brcodcasterstatuseffect
3E628863DEFD77DA,ui.generated.widgets.frontend.br.leagueplay.lpbrhowtoplaysroverviewdetails
3E62EDDFF2FD4002,ui.generated.widgets.ingame.reticles.extrareticles.reticlefourx03
3E6742256B09DC88,ui.generated.widgets.ingame.reticles.reticleholotherm01alt
3E70B6BBF09F7A02,ui.generated.widgets.camocategories
3E7F0B6265DF88BA,ui.generated.widgets.genericcheckbox
3E8C41ADEEE08DCD,ui.generated.widgets.frontend.textwithbracket
3E8EE5569686EE10,ui.generated.widgets.ingame.inventoryhint
3E955C2A3B8711C3,ui.generated.widgets.genericjupitertechoverlaylowelements
3E96104051FB3150,ui.generated.widgets.ingame.mp.trial.trialattemptsremaining
3E9C65E0540343C5,ui.generated.widgets.ingame.calloutmarkerfeedbackpip
3EA6B3497BC24D81,ui.generated.widgets.ingame.mp.scorestreaks.gunship.gunshiptutorialcontrols
3EA6FA8A4E78F017,ui.generated.widgets.doublexpeventbanner
3EC0EE0829DE3396,ui.generated.menus.frontend.lfp.lfppartybrowsermenu
3EC1020ADE3CF6EB,ui.generated.widgets.frontend.social.socialprofilemenu.socialprofileplayerbrowser
3EC4029FD0EE77C9,ui.generated.widgets.brzombiesyringe
3EC534F0A07B6A0E,ui.generated.widgets.frontend.mp.outbreak.obselectedmissionobjectives
3ECBC03C1BF7E6D2,ui.generated.menus.frontend.mp.arenatournament
3ECCEB06739BC3AE,ui.generated.widgets.universalwrapicon
3ED10982C46E04E7,ui.generated.widgets.frontend.lobby.privatematchlobbyplaymenu
3EDCC4FF733B6C4A,ui.generated.menus.frontend.wishlistselect
3EE109724C615165,ui.generated.widgets.frontend.depot.nomoreitemsmessage
3F06D7161B0FC3A1,ui.generated.menus.frontend.barracks.barracksmenubase
3F0A583E3903C3D3,ui.generated.widgets.ingame.mp.invasionlabellist
3F1A17621C50D3D5,ui.generated.widgets.ingame.mp.trial.trialeventrewardtier
3F28D2AD0CDECC51,ui.generated.widgets.ingame.reticles.reticleholobase
3F2E8A50A133D469,ui.generated.widgets.scrollbar.mobileverticalscrollbarslider
3F31B42CD8091D32,ui.generated.widgets.frontend.events.codpointsbalance
3F322E041D17E903,ui.generated.widgets.options.brightnessguide
3F3845563CE4AD80,ui.generated.widgets.options.keybindpresetdetaileddesc
3F3BDCAB90CD5E4D,ui.generated.widgets.buttons.buttonsmalltall
3F541B98E72313BB,ui.generated.widgets.frontend.mp.progressionunlockitem
3F58DBE70081CB43,ui.generated.widgets.chat.textchatbody
3F58DD375BA7BA62,ui.generated.widgets.ingame.overlaytargetmarkerenemy
3F5FEB94ED26DDDE,ui.generated.widgets.ingame.mp.arena.arenaloadoutequipment
3F82E056B4033D99,ui.generated.widgets.frontend.dmzpersistentoperatorgearinformationbutton
3F8628D60F1C7287,ui.generated.menus.frontend.mp.cas.loadouts.gunsmith.deletecustommod
3F9EAED872FE3078,ui.generated.menus.frontend.groups.socialgroupmaxgroupreachedpopup
3FA188BC04684D67,ui.generated.widgets.trials.trialeventstartpopupmedalcontainer
3FA350CA49963DC6,ui.generated.widgets.frontend.lobby.privatematchstartbutton
3FA55EC350E7AFFD,ui.generated.widgets.frontend.depot.mpdepotmenuverticalbuttons
3FA78D40D43C793F,ui.generated.widgets.frontend.mp.dmz.dmzselectedmissionoverviewrewards
3FAA36B05D28894F,ui.generated.widgets.exitfullscreenbutton
3FB37871EB18B44E,ui.generated.widgets.ingame.hitmarker
3FBE5EA6F981AB01,ui.generated.widgets.frontend.customize.callingcardequipoptionspopup
3FBEB61F63CEE58F,ui.generated.widgets.codcasterwaypointscontainer
3FC9A5623315FE1F,ui.generated.widgets.ingame.mp.pointspopup
3FD1902FFFAC38E6,ui.generated.widgets.frontend.battlemapv2.bpunclaimedrewardupsell
3FD7983A237007AD,ui.generated.widgets.frontend.social.socialplayercallingcard
3FED75B8596CAB11,ui.generated.widgets.frontend.mp.dmz.factionrepincrease
3FF2CDCE5DBFF01C,ui.generated.widgets.frontend.lobby.lobbytokensbutton
3FFB3453942BCB3F,ui.generated.menus.cinematicfullscreen
3FFF0061847E13AD,ui.generated.widgets.frontend.lobby.expandablelobbyarea.expandablelobbylist
400A0A9265D0BD80,ui.generated.widgets.ingame.objectiveheading
400DEF79B32BC002,ui.generated.widgets.ingame.codcaster.codcasterdataviewlistscontainer
4019AE640D904748,ui.generated.widgets.ingame.reticles.reticleoutercirclehybrid03
4019AF640D9048FB,ui.generated.widgets.ingame.reticles.reticleoutercirclehybrid02
401B3DE734879982,ui.generated.widgets.ingame.mp.publiceventsplashdetailfluff
4020BA9C4E25DA2C,ui.generated.widgets.ingame.mp.armsrace.defconpointsfeedline
4022CAEAC837DE62,ui.generated.widgets.frontend.mp.tournament.tournamentplayernames
40279DAB3A95AB45,ui.generated.widgets.frontend.operator.operatorbiobase
40284A7989C01AB8,ui.generated.widgets.ingame.inventorybackerbrackets
4032821840559C6C,ui.generated.widgets.perkinfopanel
40384B0BFCCC9B5A,ui.generated.widgets.debuglocalpremiumidentifier
4039E8DF15997DAD,ui.generated.widgets.buttons.radialholdbutton
404643B11D5D28C7,ui.generated.widgets.cp.cpnewitemlabel
40497692DB6E053A,ui.generated.widgets.ingame.mp.shoulderswaphint
404B50DDA305537E,ui.generated.widgets.ingame.mp.matchstatusrounds
4053346F70D8BB22,ui.generated.widgets.ingame.mp.obituary.obituarykillsub
405A43B80E806E43,ui.generated.menus.frontend.depot.battlepassfullscreenpopup
40617D7D0E713073,ui.generated.widgets.firetypeattachment
406AB22BF3118245,ui.generated.widgets.frontend.jupaar.jupaarbattlepassprogressbar
408ABCF1CE660D8A,ui.generated.widgets.frontend.lobby.cpplayerstatus
409331693D788A53,ui.generated.menus.mp.br.brtransition
409628857D8CA743,ui.generated.widgets.brrmenumap
4098E7321DD6941C,ui.generated.widgets.ingame.reticles.reticleholotherm01altpenumbra
40B1971F183BA77C,ui.generated.widgets.buttons.buttonlargeshort
40BADFE9F0AF3F46,ui.generated.widgets.ingame.reticles.reticlearscopetherm01
40BE676E9AC8155A,ui.generated.widgets.frontend.cac.challengeinfo
40BF538C1BEA50F5,ui.generated.widgets.frontend.mp.dmz.dmzloadoutcustomizationbuttons
40C04E76689302B1,ui.generated.widgets.frontend.mp.playlist.playlistinfo
40C790EB6B4F0E8C,ui.generated.widgets.frontend.social.channels.channelpanel
40D6C1F326F1E983,ui.generated.widgets.frontend.mp.leagueplay.lphowtoplayrulesrestrictions
40D981B6FEA1D86F,ui.generated.widgets.ingame.fakestreamimage
40E967F4136A3ACC,ui.generated.widgets.frontend.featuredaccordionbutton
40EE0828828E134C,ui.generated.widgets.buttons.challengesectionminibutton
40FACD153FE08CA5,ui.generated.widgets.ingame.mp.warmode.warmodelastchancesplash
4106DC3789AABC4B,ui.generated.widgets.koreanratingscontainer
4112517ECADA860A,ui.generated.widgets.frontend.challenges.previewintelpopup
41146330DAA52832,ui.generated.widgets.frontend.br.brplaytutorialbutton
41162316BA75FEC7,ui.generated.widgets.frontend.roundedprogressbar
4124272ED28C6343,ui.generated.widgets.ingame.mp.littlebird.littlebirdaltimeter
412CA36A32C866B1,ui.generated.widgets.ingame.mp.scorestreaks.streakactivationphone
412F06BE2AE1E34E,ui.generated.widgets.frontend.mp.pmc.swapmissionpreview
4136F741A6E84360,ui.generated.widgets.ingame.codcaster.codcasterportraitlist
413FDA3041E7BAA2,ui.generated.widgets.ingame.codcaster.codcasterdataview
41422643BDF06563,ui.generated.widgets.frontend.aar.aarunlocks
4144B83EC4CB384F,ui.generated.widgets.ingame.mp.dmz.dmzwarpnotification
4147EE50B77C9928,ui.generated.widgets.frontend.barracks.progressionunlockdescription
414B1B761EAA91BC,ui.generated.widgets.slamexecutionsplash
416409267E154024,ui.generated.menus.frontend.battlemap.battlemapsectorpreviewbase
417E4613E509338F,ui.generated.widgets.ingame.mp.roundendenemyscore
418A1843EB709C85,ui.generated.menus.frontend.mp.cas.loadouts.fieldupgrades
41996F1F57343CAD,ui.generated.menus.frontend.storeconfirmpurchasepopup
41AA2F2AA41904B8,ui.generated.menus.frontend.social.flyinpopup
41B3DEB5EE22B907,ui.generated.widgets.iconlabelbacker
41B65C0D2EA93B5D,ui.generated.menus.frontend.mp.maps
41BEC68F3E278653,ui.generated.widgets.ingame.mp.br.brcashlost
41C225C50FAF847C,ui.generated.widgets.frontend.mp.outbreak.obloadoutbackpackcontainer
41C5FC2EC6C579C9,ui.generated.widgets.ingame.social.ingamesocialplayerdetails
41C6FD21CA9939C8,ui.generated.widgets.frontend.weapons.gunsmithattachmentbuttonshared
41CD24E008E66259,ui.generated.widgets.ingame.mp.br.brcontrolleritem
41CFF4F508818348,ui.generated.widgets.ingame.mp.br.brhealthandarmorbarspartymember
41D840FFECA6E382,ui.generated.widgets.pcwidgetineditormode
41FAD5766A0023EF,ui.generated.widgets.frontend.store.bundlelitepreviewbutton
42010D916AEF7F32,ui.generated.widgets.muzzleattachment
4219D93CEBE99F75,ui.generated.widgets.ingame.reticles.drsdigitalthermalsight
42235529F57108B1,ui.generated.widgets.frontend.mp.cas.weaponmasterypanel
42308330E9FBF2D2,ui.generated.widgets.ingame.reticles.amberdot
42398820AC1E7B87,ui.generated.widgets.selectbaseperkpopup
424E577C1CCF384F,ui.generated.widgets.frontend.mp.leagueplay.lpseasonendflowoperators
4252E98DC616CEE1,ui.generated.widgets.ingame.mp.br.brgulagplayerstatus
425509F11F26CCB2,ui.generated.widgets.frontend.social.socialprofilemenu.socialshowcaseweaponbutton
4257CC51C3C85A6A,ui.generated.widgets.optionskeybindingbanner
425AF6A08A114FCD,ui.generated.widgets.frontend.mp.cas.gunsmith.receiverbuttonbase
426199BF5996D5F8,ui.generated.widgets.ingame.mp.br.brsquadwipenotification
42636F1F1A89844B,ui.generated.widgets.frontend.depot.battlepasspopupwindow
4266C8EEADCF6ACD,ui.generated.widgets.ingame.mp.thermalvisionfriendlydefault
42679B94B551F273,ui.generated.widgets.frontend.social.socialprofilemenu.socialprofileplayercard
426BFBC96D2A96AA,ui.generated.widgets.dmzdefaultloadoutbutton
426FEEE3E9EB1344,ui.generated.widgets.subtitlesizeoptionsmenu
4273F442C277C658,ui.generated.widgets.frontend.store.storefreetag
42759A6EDFEDC514,ui.generated.widgets.frontend.customize.callingcardmasterycardnew
42760FAEBC79D5AD,ui.generated.widgets.ingame.mp.shoppinghint
4276A29FD06494AF,ui.generated.widgets.accordionpanelheader
4282EA8115D1EE1D,ui.generated.widgets.frontend.mp.playlist.playlistbutton
429408A6257BBE12,ui.generated.widgets.ingame.codcaster.codcasterscoreheaderobjectives
429D3771BC35FE2B,ui.generated.widgets.ingame.mp.vehicle.jeepdiagram
42A4DE43322E90AC,ui.generated.widgets.frontend.seasonalevent.seasonaleventvehiclecamochallenges
42B05E1764B4D84C,ui.generated.widgets.frontend.jupbattlemap.jupbpupsellreward
42B0D5DFBE4A203C,ui.generated.widgets.benchmarkhardwareconfigurationcontainer
42B52FE3880E46C2,ui.generated.menus.alwaysloaded.mainlockoutmenu
42B6CCAA21DAEF41,ui.generated.menus.reportplayerselectmenu
42BE7A7CBE27DCA7,ui.generated.widgets.frontend.cp.cpdisabledmunitionsicon
42C87D63AE57CBAB,ui.generated.menus.frontend.lootpurchasingpopup
42D6B4A3167EC0E0,ui.generated.widgets.frontend.battlemap.battlepasslanding
42DD53BFB3420AE6,ui.generated.widgets.frontend.mp.dmz.dmzbasechallengereward
42DF0183C1757B5E,ui.generated.widgets.ingame.mp.vehicle.cargotruckdiagram
42E6C764EEE89CCA,ui.generated.widgets.frontend.challenges.weaponmasterdetailspanel
42EE0FAAB80AC6EE,ui.generated.widgets.genericradio
42F2316C36D3A72C,ui.generated.widgets.frontend.weapons.loadout.loadoutaddbutton
43018CCB0B18B7A8,ui.generated.widgets.wzm.mobilegenerictextbutton
4308AACBF24097B3,ui.generated.widgets.frontend.mp.leagueplay.lpdivisionrewardmessage
431255530E1A608A,ui.generated.widgets.kbmbutton
431828CD30E8FA55,ui.generated.widgets.ingame.codcaster.codcasterequipmentscontainer
43299D451B7CDE06,ui.generated.widgets.frontend.mp.cas.operatorexecutionbutton
4330E55110C7696F,ui.generated.widgets.ingame.mp.globalplayersplashbanner
4335ED98CFEADFA8,ui.generated.menus.frontend.loadoutmanagement
43386E0C7CD9E546,ui.generated.huds.brhud
4347B4C88AB97844,ui.generated.widgets.ingame.reticles.purpledot_tim
4349CCD9978045B0,ui.generated.widgets.ftue.ingame.ftuecheckbox
434AAEB8880C7DCF,ui.generated.widgets.options.buttonlayoutprompts
434B77E69E0A58AE,ui.generated.widgets.ingame.mp.trial.trialrewardprogress
434E1D4669A2D74B,ui.generated.widgets.ingame.mp.scorestreaks.apache.apachescreenoverlay
43502A5A22F4A2C6,ui.generated.widgets.ingame.sp.cctv
43514B5724271AA7,ui.generated.widgets.frontend.events.seasonaleventsgroundingline
435DF827F132EDA2,ui.generated.widgets.frontend.customize.mpcustomizemenu
435ECAB0C1FB6E92,ui.generated.widgets.mp.mptacticalmapkey
436C0DDFFDA8EB79,ui.generated.widgets.frontend.mp.tournament.tournamentloading
4375FE7A35085945,ui.generated.widgets.frontend.store.storeitembuttonbackground
43836185F54B9031,ui.generated.widgets.ingame.mp.littlebird.littlebirddiagram
438BBDDA399D8EC5,ui.generated.widgets.ingame.mp.br.brmissiontrackersubobjectiveinfo
438E51C25B1B54A2,ui.generated.widgets.frontend.playlistdetailsmaptile
4391EBC800C97034,ui.generated.widgets.brhealthequipment
439399C443C16B09,ui.generated.widgets.ingame.whizbyback
4395F0AA5DBF6C3C,ui.generated.widgets.genericradialprogressbar
43A055F7BCDEB42F,ui.generated.widgets.ingame.mp.disguisesixthsenseoverlay
43A335BC7873CFD2,ui.generated.widgets.frontend.jupbattlemap.jupbattlemapseasonrecapdetails
43A9215675E022E0,ui.generated.widgets.frontend.mp.lobby.warzoneprivatematchlobbyexpire
43ABB2AD1ECC6E9F,ui.generated.widgets.buttons.challengesectionseasonalbutton
43B9C38EBF6D36FD,ui.generated.widgets.frontend.operatorfactionsbackground
43BB415ABA9D1AD1,ui.generated.widgets.seasonbanner
43BCCA3E25863256,ui.generated.widgets.frontend.depot.itematom
43C011330923ED06,ui.generated.widgets.options.buttonlayoutprompt
43C37BA39A2BBD18,ui.generated.widgets.frontend.battlemap.battlemaptokenpurchasewidget
43C8127E1F3348D3,ui.generated.menus.frontend.codaccount.codaccountauthentication
43D4F725F490691D,ui.generated.widgets.mainmenubladeupselloverlay
43D6DC6E4B4B0A17,ui.generated.menus.frontend.vehicles.vehiclehornselect
43D73DBCEB15E7F7,ui.generated.widgets.frontend.mp.outbreak.obexfilstreakcard
43DF667E1137BD68,ui.generated.widgets.ingame.reticles.extrareticles.reticleoutercirclehybridrange01
43EC395A03AC8198,ui.generated.menus.frontEnd.mp.LeaguePlay.LPCareerMenu
43FD978CF211361B,ui.generated.widgets.ingame.mp.br.bartercostdisplaywidget
440424A4CDDB29B1,ui.generated.widgets.resurgenceactionfeed
44096703C9ABAC99,ui.generated.widgets.frontend.aar.aarunlockitem
440F71DCE90E7085,ui.generated.widgets.frontend.jupdepot.jupbattlepassctabutton
441551BC4689541E,ui.generated.widgets.frontend.social.socialprofilemenu.socialprofilerankwidget
441A5C471CF476D2,ui.generated.widgets.registrationtime
441C4BC6B04302F9,ui.generated.widgets.ingame.equipmentbaselinear
441ED94CB42689BB,ui.generated.widgets.listlineseparator
441EFAE6B208508B,ui.generated.widgets.ingame.mp.miscmessagescontainer
442FDAEFF002C8DF,ui.generated.widgets.connectionmetermphud
443FCFB925951444,ui.generated.widgets.ingame.codcaster.codcasterstatusicon
44430522078651E8,ui.generated.widgets.frontend.seasonalevent.seasonaleventdetailspopuppanel
4443A06C145C65B2,ui.generated.widgets.frontend.jupdepot.jupbattlepasspurchasebutton
4443BC1DFAAEBDC5,ui.generated.widgets.frontend.challenges.challengepopupdetails
4445B496945D8C63,ui.generated.widgets.store.storerowoptionsbuttion
4452286D0E9C17ED,ui.generated.widgets.frontend.jupdepot.jupbattlepasspopupwindow
445CFA7B6CE8DC73,ui.generated.widgets.frontend.cp.cpnextrewardconatiner
4469DE55DDAC4C57,ui.generated.widgets.ingame.mp.br.brfightticketmessage
446F31AC3CB7BF0A,ui.generated.widgets.frontend.mp.dmz.dmzselectedmission
4473DB48A64080B7,ui.generated.widgets.ingame.mp.shopgeartabcontent
44783F6D9E1E5116,ui.generated.menus.onboardingpopup
4479AD720B20F506,ui.generated.widgets.ingame.mp.genericsplashleftalt
447DD210D15FB2FD,ui.generated.widgets.trials.trialrewardmedalslarge
4497C45BAE752292,ui.generated.menus.frontend.mp.battleroyale
449EF2D93E44ABF8,ui.generated.widgets.ingame.mp.br.brweaponstatusinfo
449FF1D9165BDEA5,ui.generated.menus.frontend.barracks.leaderboardmenubase
44A7FC9C108F35E3,ui.generated.widgets.bundleupsellbutton
44AC4B8869980834,ui.generated.widgets.ingame.mp.warmode.warmodeobjectinteractprogress
44BAF1C5DFD5FA48,ui.generated.widgets.frontend.battlemapv2.bpunclaimedrewards
44C1CC78A642DDC5,ui.generated.widgets.frontend.mp.outbreak.obloadoutitemslots
44C33FB3D46F62D9,ui.generated.widgets.frontend.aar.aarcash
44D449A82BEAEAD1,ui.generated.widgets.genericprogressbar
44DF59113F3B48EF,ui.generated.widgets.oxygenmeter
44E51BB82D359CC3,ui.generated.widgets.ingame.reticles.reticlefourx04vdayheartbreak
44E95A299638939B,ui.generated.widgets.ingame.inventoryitemdescriptiontooltip
44F959CEAA4284FF,ui.generated.widgets.channelsettingslearnmorepopup
44FAB52531C77704,ui.generated.widgets.ingame.mp.vehicle.vehicleability
450C4DC1125D2700,ui.generated.widgets.frontend.mp.playmenu.basemenurow
451203F0436DEB06,ui.generated.widgets.frontend.playerlogin
452C984877D77B9C,ui.generated.widgets.frontend.social.socialpartywidget
453354D33000ED03,ui.generated.widgets.options.gamepadbuttonswapoption
4535A2B87404071B,ui.generated.widgets.ingame.reticles.reticle21hybrid
453835D2D97DE0D5,ui.generated.widgets.frontend.mp.tournament.tournamentlobbyflow
453DFB46A4169512,ui.generated.widgets.ingame.mp.scorestreaks.gunship.gunshipreticlecompassflat
454134A778DC77DA,ui.generated.widgets.buttons.buttonjumbo
454B329035FF8EA2,ui.generated.widgets.ingame.sp.nvg.nvglightmeterneedle
455469BD8B84C843,ui.generated.widgets.frontend.seasonalevent.seasonaleventscomingsoonlabel
4559CB7140407BBB,ui.generated.widgets.mp.br.brtacmapscoreboard
455FAB92E6DBB1AB,ui.generated.widgets.ingame.mp.vehicle.driverhudarmoredpatrol
456613E450D5BF18,ui.generated.widgets.ingame.benchmarkzoneprogressbar
456943598C65A2CA,ui.generated.widgets.ingame.mp.vehicle.driverhudatv
456B5C5D20EDBEC3,ui.generated.widgets.ingame.reticles.reticleholorange01pstl
456D2BE4D9F8D5C7,ui.generated.menus.frontend.social.socialprofilemenu.socialshowcaseeditself
45768040A5842D07,ui.generated.widgets.ingame.mp.aar.aartallyscoreboardlineitem
457728598C71B245,ui.generated.widgets.ingame.mp.vehicle.driverhudapc
458389C8363C1C61,ui.generated.widgets.memorymanagedwidgetcontainer
45845F50B30E7A23,ui.generated.widgets.ingame.obsquadmissions
45868880705043F0,ui.generated.widgets.frontend.social.channels.channelchat
45880A2A0CCDA81A,ui.generated.widgets.frontend.weapons.gunsmithbuttonwrapperbase
458E8C2F2DB4C9D3,ui.generated.widgets.strongholdmissionpip
45902E1B21D38579,ui.generated.widgets.ingame.mp.jup.fieldupgradenotificationcontent
45A49D56B6567668,ui.generated.menus.frontend.mp.cas.weaponmastery
45C6105602E271A2,ui.generated.widgets.frontend.codaccount.codaccountmarketingoptin
45C8E3C0A6FD6428,ui.generated.menus.frontend.gamemenu
45CB961C21980A4F,ui.generated.widgets.frontend.mp.leagueplay.lpskillprogressbar
45D9A7DF6BA9BAFC,ui.generated.widgets.frontend.barracks.gamestatbar
45E064EBECD7F32F,ui.generated.widgets.frontend.battlemapv2.bpitemdetails
45EC20538AB5E448,ui.generated.widgets.ingame.interactivebuddyboostarrows
460A1E4BAC7A4A6C,ui.generated.widgets.ingame.mp.br.braarscoreboard
461ED0C01B6B351B,ui.generated.widgets.frontend.playercardbutton
4631259534D85BFB,ui.generated.widgets.ingame.mp.prekillcamplayercard
46384C1C3A15A2E8,ui.generated.widgets.mobilegenerictextbuttonlabel
463C4AE437048531,ui.generated.widgets.frontend.social.socialprofilelabel
4645D64F60B5E1E3,ui.generated.menus.mainmenu
4647FB2FEABC637F,ui.generated.widgets.generictogglebutton
464FA12D9555E244,ui.generated.widgets.ingame.mp.br.brzombiesyringecount
46541A4627ED800F,ui.generated.widgets.buttons.highlightinnerbutton
46548150A6C0E583,ui.generated.widgets.challengeresettimer
46579864DCA573A0,ui.generated.widgets.trials.trialeventlistarrow
4658462930D27638,ui.generated.widgets.frontend.seasonalevent.seasonaleventsmenucontenttemplatecommunity
46648661D21B326A,ui.generated.widgets.ingame.reticles.reticlesniperlimax
46718BF57DE6B392,ui.generated.menus.frontend.mp.mppubliclobby
4674C354976928ED,ui.generated.widgets.ingame.brcodcaster.brcodcastersquadinfoplayercontainer
467610646FF94D86,ui.generated.widgets.ingame.rallyingcrytargetdetector
467BCEE26330D3A0,ui.generated.widgets.frontend.lobby.splitscreenprompt
467E3963272D5313,ui.generated.widgets.frontend.store.storebillboarddescitem
46812D79292209A5,ui.generated.widgets.ingame.reticles.reticlehybrid03pshock
468871A7CE536896,ui.generated.widgets.ingame.reticles.fourxhelima
46A6E48E6D2089E7,ui.generated.widgets.frontend.seasonalevent.seasonaleventslootpreview
46A98E1ED31727A2,ui.generated.widgets.ingame.mp.vehicle.techorebeldiagram
46AFC9633986F50E,ui.generated.widgets.frontend.leaderboard.leaderboardrow
46C5501231480C71,ui.generated.widgets.frontend.mp.dmz.dmzpersistentoperatorselectinternal
46CD3E6A8D794C03,ui.generated.menus.frontend.mp.dmz.dmzkeyselect
46D779653547D70B,ui.generated.widgets.frontend.battlemap.codpointsbannerlayout
46D7DC36FF99A071,ui.generated.widgets.ingame.mp.arcademodestatuslist
46D8BE4131C428FB,ui.generated.widgets.ingame.reticles.reticlefourx05
46DA461222E6863B,ui.generated.widgets.frontend.prelobbytabs
46E796E93B552F82,ui.generated.menus.mp.jup.roundendteamhud
46EACAF4D21940C3,ui.generated.widgets.ingame.reticles.reticlefourx04vdayheartbreakr
47036F8EC1C0C34C,ui.generated.widgets.frontend.weapons.customization.camobutton
470563E694946209,ui.generated.menus.frontend.mp.outbreak.obbackpackmenu
4713839F8393DA0C,ui.generated.widgets.options.sticklayoutbutton
47201855E0E722F7,ui.generated.widgets.frontend.unlockcount
4723068E67C5D1C0,ui.generated.widgets.ingame.mp.genericsplashanimatedaccentcapextension
47277328A9E3D0A7,ui.generated.widgets.frontend.barracks.mpbarracksmenubuttons
47335542306B3F28,ui.generated.menus.frontend.social.socialrecentfilteredmenu
473BED345E20B613,ui.generated.widgets.frontend.lfp.lfppartybrowserheader
4758BA3EEF9D3A7B,ui.generated.widgets.ingame.mp.thermalvision
475A553A6DC801C3,ui.generated.widgets.controllerlayout.controllerimage
475B9F168AE66672,ui.generated.widgets.ingame.sp.gettocover
475BEC9A74F62F5D,ui.generated.widgets.ingame.mp.streaklistrealism
475F624020950508,ui.generated.widgets.frontend.tabpip
476152A6456265B0,ui.generated.widgets.frontend.unlockcriteria.criteriawidgets.unlockcriteriabundle
476CA47C510E08E4,ui.generated.widgets.frontend.mp.dmz.dmzfactiontabpremiumbacking
4784677A243B3762,ui.generated.widgets.smallplayercard
478D7A1E00685B1F,ui.generated.widgets.frontend.customize.playercardmasterycard
47A2411DB065870E,ui.generated.menus.frontend.jupbattlemap.jupbpautoswitchpopup
47C016274869F320,ui.generated.menus.frontend.weapons.loadout.loadoutperkselectmenubase
47C6996BCF8E726C,ui.generated.widgets.ingame.reticles.reddotmagnified
47CD1EA0B5557CD8,ui.generated.widgets.ingame.mp.br.aarmatchtotalvalue
47DD35CC1F657F78,ui.generated.widgets.ingame.mp.invasionkillimage
47ED2B956B99D8F3,ui.generated.widgets.frontend.social.socialprofilemenu.socialprofileplayerstatus
47EE8BEC0EA19204,ui.generated.widgets.buttons.buttonxlarge
47EFBA606036F051,ui.generated.widgets.sp.missiledefuse.spmissiledefuseframe
47F55BB8A3AF6B97,ui.generated.datasources.zm-inventory
47F759BAAF8FDEDE,ui.generated.widgets.ingame.mp.vehicle.driverhudmedtransport
47FA46733F7E4FB4,ui.generated.widgets.frontend.aar.aarunlockdescription
4800CA7A0DB0B131,ui.generated.widgets.ingame.mp.vehicle.lgtransportdiagram
4825D62ABB100518,ui.generated.widgets.ingame.mp.mperrormessage
482DE3AB82423F7A,ui.generated.widgets.frontend.aar.jup.aarxpunlockprogression
483460C19FD98754,ui.generated.widgets.frontend.seasonalevent.seasonaleventsmenucontenttemplateinfotiles
483833F8B57908B3,ui.generated.menus.frontend.mp.outbreak.obaarcontainer
483A11CC6653B3F6,ui.generated.widgets.firetype
483B9125FB8EA6B3,ui.generated.widgets.frontend.mp.leagueplay.lpoperatorvariantpreview
483BCEB98CF8C1A6,ui.generated.menus.frontend.mp.tournament.tournamentmatchmaking
48493C26A7B5DFE8,ui.generated.widgets.frontend.mp.esportsruleslabel
484DF0D4697A7F70,ui.generated.widgets.ingame.mp.matchstatusscorebar
4877D7453C6FC909,ui.generated.widgets.frontend.mp.outbreak.obselectedmissionreward
487B22BEF2CC4EB2,ui.generated.widgets.frontend.store.storebundlepreviewlist
488AF8470F2061CE,ui.generated.widgets.frontend.mp.outbreak.acquisitionstashdescription
488B305CAAEF13EC,ui.generated.widgets.ingame.hitmarkerquadwrapper
48937B7F77A1BBDA,ui.generated.widgets.ingame.mp.ctf.flagcarriericon
48958D6B9DD6EF3D,ui.generated.widgets.ingame.brcodcaster.brcodcastersquadlistentry
489BB3642754B9A8,ui.generated.datasources.customization
48A628C710F28C8E,ui.generated.widgets.frontend.cp.cpmapbutton
48ACA5D39FEFA034,ui.generated.widgets.frontend.battlemapv2.bpfullupsell
48AD7EB5EFAE6265,ui.generated.widgets.frontend.battlemapv2.bparrowbutton
48B991F03CFD9456,ui.generated.widgets.ingame.mp.littlebird.littlebirdcontrols
48DA2C86133A247B,ui.generated.widgets.mp.havocmodifierslegend
48E0536EE46D67C0,ui.generated.widgets.aarchampionsquestrewarditem
48E0E69A04E641E3,ui.generated.widgets.frontend.operator.operatorunlockchallenge
48F2A1F1D719A8A7,ui.generated.widgets.ingame.equipmentcontainercombined
490804E7A3480C97,ui.generated.widgets.ingame.reticles.mintdot
4914183DE757A476,ui.generated.datasources.generic_widgets
491444293ED37ABC,ui.generated.widgets.frontend.mp.tournament.tournamentmatchinfo
4914D713A280B184,ui.generated.widgets.lockedbonuschallenge
4919BEF2A14909C1,ui.generated.widgets.ingame.reticles.reticlenotchedcircledotgreen
491EE89E69F54A68,ui.generated.widgets.frontend.mp.tournament.tournamentplayerstatus
492851E75B7C9866,ui.generated.widgets.frontend.aar.aarraidrewardscelebration
49314738B3C0E42E,ui.generated.widgets.frontend.mp.tournament.matchgroupleftside
4933D9BB74001E78,ui.generated.widgets.frontend.social.socialrecentmenu
4934746FD6DBFCF8,ui.generated.datasources.hud_editor
494853D39CA85E2D,ui.generated.menus.frontend.weapons.loadout.loadoutitemselection
495AA5EDB21462C6,ui.generated.widgets.ingame.mp.vehicle.cargotruckmgdiagram
496DB9781A5FDC6D,ui.generated.widgets.frontend.cp.cpkitselectroles
49741DF619C70EE2,ui.generated.widgets.ingame.mp.br.contracts.brmissiontimer
4975112DFA319800,ui.generated.widgets.dmzmaplegend
497EDEF5658248CD,ui.generated.widgets.frontend.mp.missionbutton
4987384AEF369BAA,ui.generated.widgets.doublenotchedbacker
4991A54419C2B91E,ui.generated.widgets.frontend.mp.cas.gunsmith.gunsmithprogressionrotatingdot
499CE3D253C5D6B1,ui.generated.widgets.challengesdaily
49A393712F8C0DE4,ui.generated.widgets.ingame.reticles.reticlefourx04vdayheart
49A60D1C7E7E69A0,ui.generated.menus.frontend.challenges.weaponcamochallengeselect
49B33ACD1931EAF1,ui.generated.widgets.frontend.battlemap.battlemappreviewbuttonsmall
49B58A89919BEE8D,ui.generated.menus.frontend.sp.spdifficultyselectmenu
49B9192D89C43531,ui.generated.widgets.ingame.sp.sppausemissionobjectives
49BD968222ACD486,ui.generated.menus.frontend.challengesdailypopup
49CFA473261BD976,ui.generated.widgets.frontend.mp.leagueplay.lphowtoplaymapitem
49D42E48152A6526,ui.generated.widgets.ingame.mp.br.brhudplayerinfilcontrollerdisplay
49E26DF93FFB0CE0,ui.generated.luielems.mp.br.minimap.minimapborder
49E88446B72E1E87,ui.generated.widgets.frontend.lobby.privatematchlobbybuttonshorizontal
49FA7460F9E8B51F,ui.generated.widgets.ingame.codcaster.codcastertimedfieldupgradeicon
49FF9E22099D84DA,ui.generated.widgets.ingame.mp.benchmarkstatsingamehorizontalcontainer
4A06383450AF03E7,ui.generated.widgets.ingame.reticles.yellowdot
4A1CFDFE6805532F,ui.generated.widgets.ingame.cp.iw8.scoreboard.cpscoreboardrow
4A2B80E79CF37C7E,ui.generated.widgets.trials.trialeventrewardpopup
4A2E8E5EA9FCA425,ui.generated.widgets.mobilesocialicontab
4A2F4F5D1E724344,ui.generated.widgets.frontend.mp.cas.gunsmith.gunsmithprogressionoverview
4A3670FCB97E8572,ui.generated.widgets.frontend.weapons.gunsmithweapondetails
4A3868F63AE5C074,ui.generated.widgets.ingame.mp.scorestreaks.streakactivationnukebanner
4A3A1BB6A453F6E1,ui.generated.widgets.frontend.jupbattlemap.jupbpmapmetadata
4A4F861D8235FAA4,ui.generated.widgets.frontend.sp.campaignplaymenu
4A50324B3B2EFCBF,ui.generated.widgets.ingame.mp.vehicle.vehiclefuelmeter
4A59ED3CCBD16C11,ui.generated.widgets.ingame.sp.spkeypadentryline
4A5DF3BFD358C3D3,ui.generated.menus.frontend.cp.cpmissiondetails
4A6C66F6FB53F30F,ui.generated.widgets.buttonpromptcontainerhorizontal
4A6DF8917C17A7ED,ui.generated.widgets.ingame.mp.scorestreaks.locationselector2d
4A7436F1C30075E6,ui.generated.widgets.ingame.sp.checkpointreached
4A87A11661F6C62D,ui.generated.menus.frontend.weapons.loadout.loadoutoverview
4A90E72467A133B2,ui.generated.widgets.frontend.mp.cas.perkdetails
4A944DB9B8608918,ui.generated.widgets.frontend.depot.numberofitems
4A994186594B5F1C,ui.generated.widgets.ingame.mp.objectiveprogress
4AAF3F721E69B63F,ui.generated.widgets.frontend.unlockcriteria.criteriawidgets.unlockcriteriawinchallenge
4AB654EA454EFAE0,ui.generated.widgets.frontend.battlemap.battlemappreviewbuttonlargebase
4ABA1E7DC5F2404E,ui.generated.widgets.frontend.social.socialrecentactionbuttons
4AC39442ED686874,ui.generated.widgets.store.storebundlecollection
4AC61293C3D94593,ui.generated.widgets.ingame.mp.playermicdisplaybase
4ACC53E1F06CEEFF,ui.generated.widgets.ingame.cp.sandboxspecialequipmentcontainer
4ACF0A14DC115834,ui.generated.widgets.frontend.barracks.unlocksrankpanel
4AD9EADB65D7001E,ui.generated.menus.frontend.mp.recipecreatepopup
4AD9FAB7153A9AD2,ui.generated.widgets.frontend.sp.cinematics.cinematicselectbutton
4AE17D72B7822F48,ui.generated.widgets.frontend.barracks.srchallengeitem
4AE99A8ED2AC5C4F,ui.generated.widgets.frontend.mp.dmz.dmzbaselockedchallenge
4AEB6769A8C6DCC1,ui.generated.widgets.ingame.mp.littlebird.littlebirdmgdiagram
4AF00B28418B2745,ui.generated.widgets.frontend.seasonalevent.seasonaleventtabtimertext
4AF3EBC1758937EB,ui.generated.menus.imagefullscreen
4AF48B89D94CD8D5,ui.generated.widgets.frontend.aar.aarweaponunlockprogression
4B0758987B948D66,ui.generated.widgets.buttons.buttonxtall
4B0C49D1D87BCBFF,ui.generated.widgets.ingame.reticles.reticledmscopetherm01domascus
4B2B3EA3731BA56A,ui.generated.widgets.frontend.br.brchallengebuttonlarge
4B33EEB7F15496AA,ui.generated.widgets.frontend.mp.cas.loadoutitemweaponcontainer
4B362D4FF2F5453C,ui.generated.widgets.ingame.mp.battlepasssplash
4B38A4DA8A574260,ui.generated.widgets.obcenteredtextbutton
4B3995CA59B21121,ui.generated.widgets.frontend.barracks.barracksstatssummary
4B3DCA5820E308D8,ui.generated.widgets.ingame.reticles.reticlehybridrange01
4B4080A22D383BA0,ui.generated.menus.frontend.barracks.leaderboardmenu
4B40A8076AC149CF,ui.generated.widgets.frontend.mp.cas.gunsmith.gunsmithprogress
4B4D15D00D7FE4A0,ui.generated.widgets.ingame.sp.mapspecific.union.spycameraunionlisteningdevicereticle
4B6493EABDCC359D,ui.generated.widgets.frontend.mp.cas.loadoutselectbuttons
4B67A87B6D1C8161,ui.generated.widgets.frontend.store.storebundleitem
4B6CB1C90F5773ED,ui.generated.widgets.frontend.lobby.modedetails
4B731A0C5618B59D,ui.generated.widgets.genericoptionbuttonbasemobile
4B77CBBD421A3D99,ui.generated.widgets.genericsliderbar02
4B7ACE823CD6647D,ui.generated.widgets.frontend.aar.aarscoreboards
4B7E08C0A2FD2396,ui.generated.widgets.customcolorsliderbar
4B82D803B7A1D951,ui.generated.widgets.ingame.mp.scorestreaks.missiledronecontrols
4B8A1EA6A6FA71CD,ui.generated.menus.perkpackageselectmenubase
4B8A4BA5182710B4,ui.generated.widgets.genericeditboxtrailing
4B90FA945B80071B,ui.generated.widgets.frontend.battlemapv2.bpmapmetadata
4B91DF13486D78B5,ui.generated.widgets.frontend.mp.playlist.playlistpromotedbutton
4B974A4520FAC893,ui.generated.widgets.slamexecutionsplashcontainer
4B98D3BD1F5BEFA5,ui.generated.widgets.frontend.seasonalevent.seasonaleventquickselect
4BA033894B19D0AB,ui.generated.widgets.ingame.mp.br.brloadoutperks
4BA442D0D44C515D,ui.generated.widgets.ingame.hitmarkerquad
4BB59B9D8BB503BE,ui.generated.menus.frontend.social.socialprofilemenu.socialprofilemenu
4BB6576B81028C83,ui.generated.widgets.options.bindinglabel
4BB8F504F4DB82E3,ui.generated.widgets.frontend.menutitle
4BC03CA4F7795583,ui.generated.widgets.store.storebundlediscount
4BDB1D89CEF4CAE3,ui.generated.widgets.ingame.mp.playershrapnelhudelement
4BE30A308CF28AAF,ui.generated.widgets.lootstemlinewidget
4BE61D78E997CE7F,ui.generated.widgets.frontend.mp.leagueplay.lprankpointscounter
4BFA1AE1633A2900,ui.generated.widgets.frontend.store.storescrollarrow
4BFDADF018AB86FB,ui.generated.widgets.frontend.mp.cas.protunedentrytag
4BFDC4D8EA9C4637,ui.generated.widgets.ingame.mp.dmz.dmzdisguiseoverlay
4C025D3DF20AFE90,ui.generated.widgets.frontend.lobby.publicmatchstartbutton
4C05BA15D0B625BB,ui.generated.widgets.frontend.mp.lobby.brpromotedbutton
4C06B3A258D7F6E2,ui.generated.widgets.ingame.mp.publiceventsplashbanner
4C07B5981BDC9884,ui.generated.widgets.frontend.challenges.winchallengechallengeselect
4C0D1B97682008AE,ui.generated.widgets.frontend.mp.partymemberreadystatus
4C1106CBA354A569,ui.generated.widgets.benchmarkhardwareconfiguration
4C162427D1271941,ui.generated.widgets.ingame.reticles.reticleholobasebcell
4C18419675B46328,ui.generated.widgets.frontend.weapons.loadout.loadoutpreviewbg_flc
4C247C2DF1406A0B,ui.generated.widgets.ingame.calloutmarkerping
4C27C9B4C050F7D0,ui.generated.widgets.frontend.mp.cas.blueprintstorebutton
4C305596E469FE3F,ui.generated.menus.frontend.social.socialprofilemenu.socialshowcaseweaponinspect
4C4B9271D434BCC9,ui.generated.widgets.options.colorselectionwidget
4C4C0F4F7C2A71F8,ui.generated.widgets.frontend.battlemap.newweapontag
4C4E87E1880A8A86,ui.generated.widgets.frontend.seasonalevent.season_5.seasonaleventjupprompt
4C5BE03BB2548D0B,ui.generated.widgets.frontend.operator.operatorquippreview
4C62AF134648E84B,ui.generated.widgets.buttons.buttonbaseinset
4C66E1754518E46B,ui.generated.widgets.genericcyclelist
4C67A196BA53DF08,ui.generated.widgets.weaponwithattachments
4C7B279849FE8FC3,ui.generated.widgets.frontend.mp.tournament.tournamentlobbymember
4C811C3F3FD47411,ui.generated.widgets.ingame.cp.pause.jumptostart
4C87103BFAD8C1D1,ui.generated.widgets.diagonalcorners
4C8926D982EDDA7B,ui.generated.widgets.frontend.mp.leagueplay.lpradialrankpips
4C931A009E62C056,ui.generated.widgets.frontend.mp.cas.gunsmith.modificationpreviewattach
4C9717D0DBFBCFDE,ui.generated.widgets.frontend.mp.cas.gunsmith.gunsmithweaponlevel
4C9751A26BFF4565,ui.generated.widgets.frontend.operator.operatorselectprompts
4CAB447770D8B648,ui.generated.widgets.frontend.mp.cas.editloadoutbutton
4CBD8916731A51C4,ui.generated.widgets.frontend.customize.callingcardchallengebutton
4CC20DFE8953168C,ui.generated.widgets.ingame.reticles.reticlehybrid03vdayheartbreak
4CCED95DCC2A0FE8,ui.generated.widgets.frontend.mp.previewcontrolslegendelement
4CD95DDB96758017,ui.generated.widgets.frontend.social.socialprofilemenu.socialshowcasecallingcardshowcasepreviewbutton
4CEB10FAB2ECD122,ui.generated.widgets.ingame.reticles.reticleholobcell
4CEDA566C4579BDE,ui.generated.widgets.frontend.groups.socialgrouppageactionbuttons
4CF4028540895512,ui.generated.widgets.benchmarksummarycontainer
4CFD4C05A933A5E0,ui.generated.widgets.ingame.mp.netstatsicons
4D0B8C725296A8E2,ui.generated.widgets.frontend.events.ministorecontainer
4D10DB9B51A9AE80,ui.generated.widgets.trials.notrialticket
4D166F838DEB1B22,ui.generated.widgets.interrogationsplash
4D17C7635B51A673,ui.generated.widgets.frontend.mp.lobby.brfeaturebutton
4D18BE8718B0FD20,ui.generated.menus.multiplerewardpreviewpopup
4D1DC0E326EF461C,ui.generated.widgets.ingame.mp.scorestreaks.trinityoverlay
4D1FFA5520FE4CA0,ui.generated.widgets.frontend.depot.item3x1wide
4D2FD11509DEA7B5,ui.generated.widgets.frontend.mp.lobby.lobbyflowwidget
4D327F353EC331BB,ui.generated.widgets.ingame.mp.rugby.rugbyjugginfohealth
4D3764190689B9A4,ui.generated.widgets.frontend.aar.aartextslam
4D3D832F10102831,ui.generated.widgets.frontend.social.sociallocalpresencedebug
4D4C403A096D7F41,ui.generated.widgets.frontend.challenges.camopreviewchallenge
4D6327FD82E71174,ui.generated.widgets.ingame.mp.secure.securescreen
4D6749B97463AE54,ui.generated.widgets.frontend.operator.operatorbiobutton
4D78F5EFC7DC0DFA,ui.generated.widgets.ingame.reticles.starreddot
4D7DC1C400EFC9BD,ui.generated.widgets.ingame.mp.roundendscore
4D80C8EB3A9E4832,ui.generated.widgets.Hudeditor
4D826F329141BC4A,ui.generated.widgets.frontend.seasonalevent.seasonaleventsmenucontenttemplatehunt
4D8578E027834D6F,ui.generated.widgets.battlebuddybonus
4D965F9EF50EDED8,ui.generated.menus.frontend.mp.cas.loadouts.fieldupgradesbase
4D9F36BE9A172C91,ui.generated.widgets.frontend.unlockcriteria.criteriawidgets.unlockcriteriagamemode
4DA61680FDEEF31E,ui.generated.widgets.options.favoriteoptionicon
4DA771BE9FE8DA71,ui.generated.widgets.ingame.reticles.reticleholotherm01dark
4DAAA764E394C426,ui.generated.widgets.options.emptysettings
4DADC5E2AC72DD51,ui.generated.widgets.ingame.mp.cyber.cyberempicon
4DB15996B30A135F,ui.generated.widgets.ingame.mp.specialweaponsplashwrapper
4DBD3305CA2D80F9,ui.generated.widgets.dmzupsellpopupcrown
4DBDD6D128626E0A,ui.generated.widgets.ingame.mp.scorestreaks.locationselectormain
4DC6405CF9DD99CA,ui.generated.widgets.frontend.jupdepot.jupbattlepasspurchasebackground
4DD49AA0DAD5FB76,ui.generated.widgets.frontend.mp.gamemodedetails
4DE1626AE4916663,ui.generated.widgets.frontend.groups.filtersorttab
4DFF1B54691BEB81,ui.generated.widgets.frontend.aar.aarxpreward
4E037D4E31A8CE7E,ui.generated.widgets.ingame.reticles.reticleholorange01
4E1E9FEE56C1FE3F,ui.generated.widgets.vehiclefiltermenubutton
4E384795A2E333AC,ui.generated.widgets.dungeonrewards
4E481ABDA96AAD95,ui.generated.widgets.frontend.social.socialprofilecardxsmallbase
4E4EF90434FFE4F0,ui.generated.widgets.frontend.battlemapv2.bpfocusreticle
4E535C6F54DDA746,ui.generated.widgets.frontend.lobby.lobbycamotrackerbutton
4E67D1A1F3FF9BD9,ui.generated.widgets.frontend.customize.radialcustomizationpopup
4E68222459BDB973,ui.generated.widgets.frontend.depot.lootitemcard
4E6EEDE4B19FBA8B,ui.generated.widgets.frontend.unlockcriteria.criteriawidgets.unlockcriteriachallengeprogressbar
4E7B99D8AA276032,ui.generated.widgets.frontend.seasonalevent.seasonaleventeventplusinstantrewardlabel
4E7C2A51E4210E2E,ui.generated.widgets.frontend.lobby.lobbystartbutton
4E8D006A6607BC7E,ui.generated.widgets.brrhealthandarmorbarspartymember
4E8E23DB3E2CA06F,ui.generated.widgets.frontend.dmzpersistentoperatorcardcontainer
4E9046AABCBECD19,ui.generated.widgets.ingame.replayplayerselect
4E93704EA7FD3A96,ui.generated.widgets.frontend.mp.leagueplay.lpcareermenubuttons
4E9EDD6DFF3D7AF2,ui.generated.widgets.ingame.reticles.jupiter.jup_reticle_classictherm
4EA0C8373B0D5BE3,ui.generated.widgets.ingame.reticles.golddotstreak
4EAC9F93091108C6,ui.generated.widgets.ingame.reticles.reticleoutercirclefourx05
4EACA09309110A79,ui.generated.widgets.ingame.reticles.reticleoutercirclefourx04
4EACA29309110DDF,ui.generated.widgets.ingame.reticles.reticleoutercirclefourx02
4EADF4DC0094F25C,ui.generated.widgets.ingame.zm.zmpowerupsplash
4EB12B096DDA2E45,ui.generated.widgets.options.genericinnerbutton
4EB9C25C70DA99F1,ui.generated.widgets.frontend.mp.dmz.dmzfrontendexfilstreakdisplay
4EBDA0DE82475A5F,ui.generated.shadowpresets.ShadowPresets
4EBFC6EE58A9AC21,ui.generated.widgets.ingame.mp.trial.trialeventscoreboardtierhint
4ED19D68721C4F98,ui.generated.widgets.frontend.submenutab
4ED2428C1385A976,ui.generated.huds.brrhud
4EDC14F65D53B284,ui.generated.menus.frontend.social.socialprofilemenu.socialshowcaseweaponattachmentinspect
4EDD5BF05296CF61,ui.generated.widgets.magazineattachment
4EDEFC65D371485A,ui.generated.widgets.ingame.codcaster.codcasterteamlistseparators
4EE648FD9203ADB9,ui.generated.widgets.ingame.reticles.jup_hsierra_scope
4EE6631B3B4BC52D,ui.generated.widgets.frontend.mp.outbreak.obfrontendexfilstreakdisplay
4EE951624E19785D,ui.generated.widgets.ingame.cp.iw8.subobjectivewidget
4EEE6B678A0D36EE,ui.generated.widgets.ingame.mp.scorestreaks.gunship.gunshipweapons
4EF0774539E19883,ui.generated.widgets.frontend.depot.battlepassbutton
4EF198A8F15B6A72,ui.generated.widgets.store.storerowfeatured
4EF977D13CC33A8C,ui.generated.widgets.frontend.mp.cas.weaponcustomizebuttons
4EFA5028ABBC4691,ui.generated.widgets.frontend.social.socialprofilemenu.socialprofilerankcontainer
4F203C8DB4A75C4E,ui.generated.widgets.trials.trialeventcontainer
4F21130550E86BFD,ui.generated.widgets.frontend.dmzpersistentdismissoperatortooltip
4F21A0E0584BB386,ui.generated.widgets.mp.br.brmenumap
4F221C5E3EE4ACD5,ui.generated.widgets.options.buttonlayoutbuttons
4F24C3628C6800E7,ui.generated.menus.frontend.depot.battlepassvipgiftintro
4F29924C44A11ECB,ui.generated.widgets.frontend.mp.dmz.dmzfactiontabs
4F36DD54EF05BF55,ui.generated.widgets.ingame.mp.genericsplashheaderoverlay
4F370073744B51E8,ui.generated.widgets.ingame.mp.vehicle.vehiclewarningdestruct
4F3FBC34E9F1725E,ui.generated.widgets.ingame.mp.dmz.enteringpoicontainer
4F53B860BB6E95F6,ui.generated.widgets.ingame.mp.fieldupgradelinearbar
4F5A1F7CEFD8E232,ui.generated.widgets.reportplayerlistitem
4F5B73D791E2A169,ui.generated.widgets.ingame.mp.objectiveprogressbar
4F5C300A603E60F5,ui.generated.widgets.ingame.progressbartierseparators
4F6548FDB5D6FD94,ui.generated.widgets.frontend.jupdepot.jupbattlepasstierprogression
4F6879CDD5A6E83D,ui.generated.widgets.frontend.unlockcriteria.criteriawidgets.unlockcriteriabase
4F747CAECEE14753,ui.generated.widgets.frontend.mp.pmc.dmzbaselist
4F811CFF9CD71686,ui.generated.widgets.ingame.mp.vehicle.vehicleprogressbar
4F8434384B42F9E8,ui.generated.widgets.frontend.depot.billboardarrow
4F881CA748526503,ui.generated.widgets.frontend.jupbattlemap.jupbpminimapsector
4F9A1919A8920A1C,ui.generated.widgets.scrollbar.genericcyclelistpip
4F9A78DEA64BFBC9,ui.generated.widgets.ingame.codcaster.codcasterscoreheadersnd
4F9BAC06735F2E1B,ui.generated.widgets.mainmenubladengoverlay
4F9E125CA86EB1DB,ui.generated.widgets.trials.trialeventaccordionbutton
4FA4DF6D6AD41EDD,ui.generated.widgets.installmanager.modifyandexitbutton
4FAD82D21E9A6644,ui.generated.widgets.genericsidebutton
4FAEA7C931040D84,ui.generated.widgets.ingame.reticles.reticlearscopetherm01gold
4FBA810BCE77AAAD,ui.generated.widgets.firingrangescores
4FBCD4AE467E4282,ui.generated.widgets.ingame.mp.splashdotsiconbacker
4FCD636241077EEB,ui.generated.widgets.tutorialvideomaximized
4FCEF569BE1B3043,ui.generated.widgets.headeronlyexpanderheader
4FD273EF721CAE15,ui.generated.menus.frontend.mp.cas.loadouts.gunsmith.gunsmithprogressionmenubase
4FD8614CE7FA556C,ui.generated.widgets.store.partyskinbundletag
4FDBFEB49C4B228B,ui.generated.widgets.ingame.calloutmarkerpingpartynum
4FE4D98BE9057A3E,ui.generated.widgets.resurgenceactionfeedback
4FF42901909D25BE,ui.generated.widgets.frontend.weapons.tacticalbuildlockup
4FFD06843F9E1B5D,ui.generated.widgets.frontend.cp.cpdetailstab
50152F77312652D9,ui.generated.widgets.frontend.weapons.perkpackage.perkbuttonlargetall
50211EBC1244E537,ui.generated.swatches.Swatches
5021DC99E22E41C9,ui.generated.widgets.miclevelsliderbar
5028A84F771CA075,ui.generated.menus.frontend.barracks.leaderboardselectmenubase
502A773BD0988826,ui.generated.widgets.ingame.mp.vehicle.vehiclewarningmissile
503700D5C58E1BA3,ui.generated.widgets.frontend.lobby.lobbyonboardingmissionbutton2
503CA7109F93482D,ui.generated.widgets.frontend.depot.viewbundlebutton
50419AA657374AFA,ui.generated.widgets.genericboxfillandstroke
504FA8AFF2EA2BD0,ui.generated.widgets.fencepopuptimer
505296231C492371,ui.generated.menus.frontend.depot.futuretitleupsellpopup
5059F98FC153E797,ui.generated.widgets.ingame.reticles.reticlecirclegreen
50695C625FCB5FDA,ui.generated.menus.frontEnd.mp.PrivateMatchLobby
507CAF422525FE82,ui.generated.widgets.ingame.sp.spcontrollerscheme
507E79632E82E347,ui.generated.widgets.frontend.jupbattlemap.jupbattlemaptokenpurchasewidgetbase
5084152DED7A0B9A,ui.generated.widgets.mp.modifierslegend
5087ED2AF5B5A6D1,ui.generated.widgets.motdwebview
508B6AA00CD31A84,ui.generated.widgets.frontend.tabsspacer
508C4894D2684C0E,ui.generated.widgets.ingame.shared.optimalreloadcontainer
508FFFF24FD1166E,ui.generated.widgets.debugchallenge
50985767E2532CE6,ui.generated.widgets.frontend.seasonresetpopup
50986262EBB73C89,ui.generated.widgets.motdskipbuttonbackground
50AE65CC0D4A3917,ui.generated.widgets.store.storerowtagbonuseffectgeneric
50AF0D9EA75B7205,ui.generated.widgets.options.relatedsettingscommonwidget
50BED016D9D09830,ui.generated.widgets.ingame.gunscreens.gunscreenrankedwins
50C238E94BE8A65E,ui.generated.widgets.ingame.equipmentnvg
50C5AF8671DBFF5A,ui.generated.widgets.ingame.mp.br.brsquadwipematchstattracker
50C60FB603CA81E8,ui.generated.widgets.mousecursortooltipdetails
50D2F2DA0BA0F923,ui.generated.widgets.bindingpreviewlayout
50D39A52C4C2EE7F,ui.generated.widgets.dailydownloadbackground
50D477C32BF10328,ui.generated.widgets.ingame.mp.br.brpausemenubuttons
50DADA34171B0CA9,ui.generated.widgets.executionhint
50DD6A2FB5118B2C,ui.generated.menus.frontend.groups.socialgroupmembers
50DE5EA265915D0A,ui.generated.widgets.ingame.codcaster.codcasterteamlist
50E1D203A69B3668,ui.generated.widgets.frontend.unlockcriteria.criteriawidgets.unlockcriteriawinchallengecompact
50E8F29ABE63E74B,ui.generated.widgets.frontend.mp.partymemberstatusinfo
50EA5663785CA1C5,ui.generated.widgets.ingame.mp.scorestreaks.gunship.gunshipreticle40mm
50EDE999E2BF6A53,ui.generated.menus.frontend.mybundleselect
50F83555A7A8FF3D,ui.generated.widgets.globalpanel
51020637CCA961AC,ui.generated.widgets.newitemnotification
510D9BD9DD131203,ui.generated.widgets.ingame.brcodcaster.brcodcasterplayercardcontainer
510F83977AC0A879,ui.generated.widgets.dmzitemoperatorbonus
511B3987EB959951,ui.generated.widgets.frontend.sp.missionselect.mapdecorationtriangle
511FC3FE3822541C,ui.generated.widgets.frontend.challenges.currentmasterchallengewidget
5127411407799F9B,ui.generated.widgets.frontend.groups.descriptiontooltip
512AC2AFA35F462D,ui.generated.widgets.frontend.mp.lobby.lobbywarzoneintrorewardspopup
512CB086B038C195,ui.generated.widgets.frontend.mp.cas.gunsmith.mininextunlockitems
51347B8D37673F0E,ui.generated.widgets.bonusdailychallengeheader
51360ADADE948F3F,ui.generated.widgets.frontend.store.storebundlecollectionfeaturedreward
5136AB21F8CCDCF6,ui.generated.widgets.mobileslideshowmatchmakingstatus
5138063B2D44EECD,ui.generated.widgets.frontend.mp.leagueplay.lpplayerinfo
51481D3B8971A7CB,ui.generated.widgets.ingame.mp.vehicle.driverhudhooptytruck
514D9A26154AFAA3,ui.generated.widgets.ingame.mp.scorefeed.scorefeedtextrow
5159620B11C63F23,ui.generated.widgets.ingame.sp.spycamera.spycameraretinalscannerprompt
515A41901880E61C,ui.generated.widgets.frontend.mp.cas.acquisitionparserinfo
515FE616AD14138E,ui.generated.widgets.ingame.hintscontainer
5170727DAFF12BDA,ui.generated.widgets.ingame.whizby
5178AC7F58324FED,ui.generated.widgets.frontend.leaderboard.leaderboardplayercard
518D1B1C8F703458,ui.generated.widgets.frontend.mp.cas.gunsmith.gunsmithprogressionfluff
51916C1AD7991F6D,ui.generated.widgets.frontend.mp.tournament.tournamentresultrewardlist
51957268F81AB7F1,ui.generated.widgets.spidergraphlabel
51A59B213D8A4AB0,ui.generated.widgets.ingame.mp.aar.ob.obaarexfilstreakprogressbar
51A5E59FB6D74CF7,ui.generated.widgets.ingame.codcaster.codcasterscoreheadercontrol
51ACBA75E356B333,ui.generated.widgets.frontend.mp.cas.weaponbuttongroup
51AF81120CC71D78,ui.generated.widgets.mutestrategyselectpopup
51B4AAACDAF08EA5,ui.generated.widgets.ingame.cp.iw8.playernameplatecontainer
51C129C5433D9D39,ui.generated.widgets.frontend.depot.battlepassmissiontag
51CB20DC62A2EC2A,ui.generated.widgets.ingame.codcaster.codcasterplayerlistrowwidget
51CCEA05F1AAA82F,ui.generated.widgets.ingame.mp.br.brplunderboxredeploybutton
51CD1528F39B8B1C,ui.generated.widgets.frontend.mp.cas.camocategorybutton
51D41D06E5D73BD5,ui.generated.widgets.frontend.depot.rarityodds
51D448CECEB9B6A5,ui.generated.widgets.frontend.operators.operatorcustomizebuttonbase
51D76421E4D6E51B,ui.generated.widgets.ingame.reticles.pinkdot
51E13285BAD136B2,ui.generated.menus.frontend.jupdepot.jupbattlepassupsellpopupmenu
51EA8DD789F753D1,ui.generated.widgets.frontend.mp.missioninfopanel
51F9B1227EFD9F59,ui.generated.widgets.frontend.menubuttonprompt
521CB35C81A5B376,ui.generated.widgets.ingame.mp.risk.riskroundendhud
522191937D68974D,ui.generated.widgets.brtrialsplaybutton
52219987E0F4E7A9,ui.generated.widgets.ingame.mp.vehicle.driverhudjltv
5225D7700194FC22,ui.generated.widgets.frontend.vehicles.vehiclecamoselectbase
52260717FDF6607F,ui.generated.widgets.frontend.processingbutton
5228CAAE52BFA129,ui.generated.widgets.ingame.reticles.iw9.reticlesndrop01highzoom
523ED41DC2120B07,ui.generated.widgets.store.storecarryforwardgames
524677FC7A006106,ui.generated.widgets.frontend.lobby.lobbymembersfooter
524D850BA0558EE2,ui.generated.widgets.frontend.battlemapv2.bpblackcellaltbutton
52540C1FF04D6B99,ui.generated.widgets.frontend.battlemap.battlemapmenu
52598A19CF080064,ui.generated.widgets.frontend.jupbattlemap.jupbpsectortag
526481B998B60050,ui.generated.widgets.floorwidgetlistelement
5264AEF39FE3895A,ui.generated.widgets.vehiclefilterpopup
526533B9FFDD8FBC,ui.generated.menus.frontend.social.channels.channelpanelbase
526D3C299E3AA026,ui.generated.menus.frontend.mp.tournament.tournamentloadingscreen
527F989D3EFF592E,ui.generated.widgets.frontend.jupbattlemap.jupbpmapsector
52817368A0DF2BAB,ui.generated.widgets.frontend.events.ministoreinputprompt
52860F7A878F7302,ui.generated.widgets.frontend.store.store4itemsrow
529466959BCB0832,ui.generated.widgets.ingame.mp.vehicle.vehicleseatassignment
52947973D5D01112,ui.generated.widgets.frontend.seasonalevent.aar.aarseasonaleventeventplusultimaterewardcolumn
52971805151E0B61,ui.generated.widgets.ingame.codcaster.codcasterteamlistplayernames
5298C0362EFF1EA4,ui.generated.widgets.frontend.depot.battlepassunlockitem
529C6C1C21FB6110,ui.generated.menus.options.hudboundsmenu
529D2C4DFE49E8F5,ui.generated.widgets.ingame.zm.zmscoreboardinventory
52A3D02FA0DF3C7E,ui.generated.menus.warzoneonboardingendchoicepopup
52AAF418B25DBF81,ui.generated.widgets.frontend.jupbattlemap.jupbpminimap
52AD930C1CACC879,ui.generated.widgets.options.xb3sticklayout
52B64578DDFCC4F0,ui.generated.widgets.cp.missionrewardsprogress
52B6763B3DDCED74,ui.generated.widgets.frontend.lobby.lobbystatusbutton
52B9F3F8BD8F3DF0,ui.generated.widgets.frontend.mp.outbreak.obacquisitioninventorybutton
52BE5C59E3DF0456,ui.generated.widgets.cdlinvalidloadout
52C67073EC27E848,ui.generated.menus.perkpackageselectmenu
52CD5025C89B18AA,ui.generated.widgets.genericdepletionbar
52DB40B3867337F6,ui.generated.widgets.frontendinventorybuttonoverlay
52DD76495E96F4C6,ui.generated.widgets.buttons.editloadoutwithfavbutton
52F3D6FC87DE5FD6,ui.generated.menus.frontend.depot.battlepassvipgiftupsell
52FDC456EDA4419F,ui.generated.widgets.ingame.mp.br.brarenaequipment
5312CE0290329F64,ui.generated.widgets.ingame.compassbase
5325D331EFA745BA,ui.generated.widgets.ingame.gunscreens.gunscreentalkingrobot
532C57628934590F,ui.generated.widgets.expanderclosebutton
532D16E7D8987F30,ui.generated.menus.frontend.battlemap.battlemapbootup
53322C7990A5D025,ui.generated.widgets.frontend.cp.starsystem.cpweeklystars
533276B57633626C,ui.generated.menus.frontend.weapons.breakblueprintconfirmpopup
533DD47CD68A555E,ui.generated.menus.frontend.barracks.leaderboardfiltermenu
5340EAA3142574F6,ui.generated.menus.frontend.mp.warzoneprivatematchlobby
5348E5A69C4DD641,ui.generated.widgets.ingame.mp.contractresultssplashbanner
5359C7A3EE66BB25,ui.generated.menus.uiscreenfade
535ADF277BD9ECED,ui.generated.widgets.genericroundedrectangle
5364290E3BA5A26D,ui.generated.widgets.frontend.mp.outbreak.obloadoutmanagementinternal
53675D3640ABA0D3,ui.generated.widgets.frontend.jupbattlemap.jupbundlepurchasepopup
537CEF47E3A2D2F2,ui.generated.widgets.ingame.shared.qteprompt
538292471CBC0426,ui.generated.widgets.ingame.sp.spcontrolleritem
5390A15E983ADE45,ui.generated.widgets.trials.trialeventrewardsdetails
53A20AD89EEDE935,ui.generated.widgets.ingame.mp.objectivetracker
53AD94B6048DA3D0,ui.generated.menus.frontend.barracks.leaderboardselectmenu
53BBE931C5543820,ui.generated.widgets.dmzloadoutitemequipmentbutton
53C07100E0454AF0,ui.generated.widgets.ingame.mp.br.brredeploysolos
53CC33D6640D62AD,ui.generated.widgets.frontend.battlemap.battlemapinspectpanelbase
53D0E7717FD09054,ui.generated.widgets.ingame.shared.shinebox
53D1048117276041,ui.generated.widgets.ingame.reticles.reticleminireddot03elecblue
53D983D37B004491,ui.generated.widgets.frontend.globalpanelnavnewnotification
53F19474C882A870,ui.generated.widgets.frontend.globalplayerprompt
53F30CFF9033CA63,ui.generated.widgets.gunsmithpreviewbuttonsbase
53F49E3E397E4262,ui.generated.widgets.frontend.weapons.loadout.loadoutitemweaponbutton
53F547105491C8EC,ui.generated.widgets.frontend.cdlrestricted
53FA697225752A4A,ui.generated.widgets.frontend.mp.lobby.lobbybattleroyalebuttons
5400D7F5A14B91AD,ui.generated.widgets.frontend.sp.bigmapentrypointbutton
5410DF6891AA2B9A,ui.generated.widgets.ingame.mp.vehicle.pickup2014diagram
5433218D24224A32,ui.generated.widgets.filternotificationspopup
54339E05C30AFAFD,ui.generated.widgets.ingame.mp.dmz.aar.dmzaarpmctask
54343C1127DBC14C,ui.generated.widgets.frontend.depot.battlepasstierprogressionloot
5434E100A8F4DCE3,ui.generated.widgets.scopeattachment
5438EA7A9C5CD7E3,ui.generated.widgets.ingame.juptutorialmessagebackground
543ACFF5A4CCCFBD,ui.generated.widgets.inGame.InventoryWeaponButton
54467C75220D0376,ui.generated.widgets.ingame.mp.br.brfultonprogressbar
544A73731BAFFFA0,ui.generated.widgets.brinflationbacker
544B6342CCB1A6F3,ui.generated.widgets.ingame.reticles.reticlesniperdelta
5450C2E904DF5EA3,ui.generated.menus.frontend.jupdepot.jupbattlepasshelppopup
545ADC8F134138A5,ui.generated.widgets.obdoublenotchedbacker
545DAFC4A0988528,ui.generated.widgets.ingame.mp.dmz.gunbench.gunbenchweapons
5466E8F59F6A4FB5,ui.generated.widgets.ingame.mp.trial.trialstatlinetop
54692F40C841DF9F,ui.generated.menus.frontend.weapons.weaponarmorytabsbase
546DE0E467EE67D2,ui.generated.widgets.frontend.mp.tournament.tournamentfinalsbracket
546FF7144F3FDD57,ui.generated.widgets.frontend.playlistdetailsmodetile
5474DC230D314BC1,ui.generated.menus.frontend.firstbootsetupcomplete
5478872C71BCCD6D,ui.generated.menus.frontend.mp.customgamewaitmenu
549127B8EBD02B64,ui.generated.widgets.frontend.seasonalevent.seasonaleventhunttargetcard
54993CB9438B8CF9,ui.generated.menus.frontend.jupdepot.jupbattlepassfullscreenpopup
54A15435C2BE36AD,ui.generated.widgets.frontend.worldmap.operationbriefing
54A60042CC410967,ui.generated.widgets.ingame.reticles.reticlearscopetherm01cyber
54A786436F8D16D2,ui.generated.widgets.ingame.gunscreens.gunscreenhauntingclock
54AB57ACC1FF4284,ui.generated.menus.frontend.br.brchallengesmenu
54BBB4F5FBF7B6E4,ui.generated.widgets.frontend.lobby.lobbymembersheader
54BBD50C2B1EDFB4,ui.generated.widgets.globalpaneltab
54BED80B5F5784EB,ui.generated.menus.frontend.customize.emblemselectmenu
54C465F61529E23B,ui.generated.menus.frontend.operators.operatormissions
54CD01599803E11A,ui.generated.widgets.ingame.reticles.reddot
54E72402578A33DE,ui.generated.widgets.frontend.submenutabsbar
54EC28CB9688B0C8,ui.generated.widgets.ingame.reticles.reticledmscopevz01_darkritual
54ECBF0848F92CE1,ui.generated.widgets.frontend.battlemapv2.battlepasslandingdetailpanel
54F63A8E3BA9794C,ui.generated.widgets.frontend.mp.recipecreatepopupbuttons
54F640F7ED435728,ui.generated.widgets.triggerlayoutpreview
54F6C21991542A7A,ui.generated.widgets.bundlepurchaseupsellpopup
5500706AAE01C82B,ui.generated.menus.frontend.mp.outbreak.obloadoutmanagement
5504E6DDB0669030,ui.generated.widgets.ingame.reticles.crimsondot
551002BB71A265AD,ui.generated.widgets.mainmenubladestoreoverlay
55179AD4FE28CF64,ui.generated.widgets.ingame.tutorialmessage
551B2DFE4426660E,ui.generated.widgets.frontend.aar.aarcppoints
553B3767BF386D81,ui.generated.widgets.mp.modifiersrow
5548CCDC8A39ABD1,ui.generated.widgets.ingame.gunscreens.gunscreentalkingnpc
555560CDD0CC4E39,ui.generated.menus.frontend.mp.cas.loadouts.obacquisitionstashselect
555BDC3525B971A4,ui.generated.widgets.wzm.mobileraritylabelsmall
55636B244DDBB948,ui.generated.widgets.scrollbar.horizontalscrollbarsliderarea
556895367359D945,ui.generated.menus.optionsmenuingamepreview
5574D7ED4CB9CF4F,ui.generated.widgets.frontend.seasonalevent.seasonaleventfeaturedbonus
557CB5003569D325,ui.generated.widgets.frontend.social.socialprofilemenu.socialprofilestatuscontainer
557F3D5C9E314319,ui.generated.widgets.frontend.weapons.gunsmithattachmentcategory
5586073DEBB8D2B4,ui.generated.widgets.frontend.mp.tournament.tournamentroundresult
55875702D18AFC70,ui.generated.widgets.dailychallengesplashcontent
559794FB2A5B9D27,ui.generated.widgets.frontend.tooltip
559D0B99020E5AB6,ui.generated.widgets.ingame.reticles.reticlecrosshairrcdronegb
55B5C97E5EB6DC02,ui.generated.menus.frontend.mp.removeplayersmatchmakingpopup
55B7333CDA70DDCE,ui.generated.widgets.ingame.mp.roundendteamscore
55C8C64F86E06DE3,ui.generated.widgets.frontend.depot.battlepassseasonresetstatus
55CBD63AC1B384F5,ui.generated.widgets.options.colorselectionbutton
55D3053AE5EDAF1E,ui.generated.widgets.buttons.buttonsmall
55E444C0BF71F183,ui.generated.widgets.ingame.mp.matchstart
55E84FF9D03B0F50,ui.generated.widgets.frontend.groups.socialgroupprofiletab
560B1A9D050E983C,ui.generated.widgets.frontend.mp.leagueplay.lpseasonendflowdivisionreset
560CD46B797CA191,ui.generated.widgets.ingame.mp.dmz.gunbench.gunbenchbuyweaponbutton
5610BF80001DDBBB,ui.generated.widgets.sp.missiledefuse.spmissiledefusecontainer
561B0514AD7A0BAA,ui.generated.widgets.juggernautoverlay
56292D3F6137EAB1,ui.generated.widgets.frontend.battlemap.battlemapfocusdot
5633F80072CAC71F,ui.generated.widgets.frontend.events.storebundlepurchaseoverlay
563AB8ACE133CC4F,ui.generated.widgets.frontend.store.titleiditembutton
5642E0383D1B5CF6,ui.generated.widgets.frontend.social.socialplayergridempty
5651F1DCC09B13D6,ui.generated.widgets.ingame.reticles.reticleacog
565CC8B83AB8237B,ui.generated.widgets.frontend.customize.challengesselectprompt
5661FE3EA2DDB114,ui.generated.widgets.dailychallengescontainer
56675ABBBE43B08D,ui.generated.widgets.frontend.social.socialprofilemenu.socialprofileplayerbrowserfilterpopup
566E8BB1152CB468,ui.generated.widgets.ingame.mp.br.kingslayer.kinghudicon
56763D0F95C0F2DB,ui.generated.widgets.ingame.reticles.reticlethermal01paranormaldirectional
5677CE7D99975D6E,ui.generated.menus.frontend.mp.tournament.tournamentresultspopup
5682662AA53302CF,ui.generated.widgets.ingame.mp.scorestreaks.rcd.rcdcontrols
56929432F5D52A7C,ui.generated.widgets.frontend.social.socialprofilemenu.socialprofileplayedtogethertab
56976D8561F7FEC5,ui.generated.widgets.chat.textchatentrieslist
569D243DF35268AB,ui.generated.widgets.ingame.reticles.reticlehybrid03vday
56A90AD5EB47ECB2,ui.generated.widgets.frontend.partyxpbonusmatrix
56B6F51F538ED9B8,ui.generated.widgets.frontend.battlemapv2.bppurchasescreenbracketitemdetails
56BC7AB0925DCEDA,ui.generated.widgets.frontend.mp.cas.gunsmith.gunsmithcustomizebase
56D9E483FC62C702,ui.generated.widgets.frontend.jupbattlemap.jupbptoggle
56EBD8AD8734CB3C,ui.generated.widgets.ingame.calloutmarkerfeedback
56F69B19851482B1,ui.generated.widgets.ingame.mp.trial.trialrewardtier
56FD7BB1A72936C4,ui.generated.widgets.ingame.mp.ffaplayerscore
56FE0D72828FBDFD,ui.generated.widgets.frontend.events.seasonaleventsmenueventselection
57107906D5506F53,ui.generated.widgets.store.storerowlarge
5716633A0D5AB470,ui.generated.widgets.frontend.unlockcriteria.criteriawidgets.unlockcriteriaactionprompt
571E7CA173503597,ui.generated.widgets.frontend.pcachievements.pcachievementtotalscore
57261ADE63A1D92F,ui.generated.widgets.frontend.events.seasonaleventsfeaturedcontentpanel
572BC8A4CE1F7198,ui.generated.widgets.frontend.social.socialprofiledetailsactionbuttons
57366AECAFB0ACA1,ui.generated.widgets.frontend.battlemapv2.bprewardhvtbanner
5741745DFEFBF27E,ui.generated.menus.frontend.barracks.prestigemenu
5750BF7A93B188E5,ui.generated.widgets.ingame.mp.groundwar.squadstatuslist
575243CD65279DB0,ui.generated.widgets.ingame.reticles.blackdotmagnified
5754C6CC4A8A2914,ui.generated.widgets.ingame.mp.dmz.gunbench.gunbenchattachmentinfopanel
57566B0AD6A5F206,ui.generated.widgets.ingame.mp.br.brrmissiontracker
575F43F4CDB33F33,ui.generated.widgets.ingame.mp.br.loadoutstationbrcontent
57691C4CC2920D2F,ui.generated.requires.FrontEnd
57701F4E98E44BC5,ui.generated.widgets.mp.loadingscreenmap
57803BD3B8A263E2,ui.generated.menus.frontend.vehicles.vehiclecustomizationbase
578B5E5F043C71E1,ui.generated.widgets.caccommon.weaponrotator
578BAC2227B38F63,ui.generated.widgets.frontend.mp.dmz.dmzexfilstreakcard
57929FB27F7528FB,ui.generated.widgets.secondarytab
5797D1F9B421D344,ui.generated.widgets.ingame.mp.aar.ob.obaarexfilstreak
579AAFF1E0AE86CC,ui.generated.widgets.frontend.cp.starsystem.cpstarrewardbutton
57A11025E043B5F9,ui.generated.widgets.ingame.compass
57A53C6D61137888,ui.generated.widgets.ingame.mp.genericsplashsubheaderalt
57AA5C3DD9581F25,ui.generated.widgets.globalpanelbackground
57B282BE31D9A29D,ui.generated.widgets.buttonoptionsdescriptiontext
57CA24756610E432,ui.generated.widgets.ingame.brcodcaster.brcodcastersquadlistheader
57D8674B45B345E2,ui.generated.widgets.ingame.gunscreens.gunscreengluttony
57F49F6753FC4172,ui.generated.widgets.ingame.reticles.dotbase
57FF01FEEF08A0B9,ui.generated.widgets.ingame.mp.killcam.killcamrespawnmessage
57FF8B30FB7D4CCE,ui.generated.widgets.frontend.mp.cas.gunsmith.gunsmithamphighlight
5822D9F7A68C81ED,ui.generated.widgets.ingame.mp.br.brkeypadcontrollerscheme
5825BD2CC375E260,ui.generated.widgets.frontend.cp.cpkitselectbutton
5829E0FA796F3DF0,ui.generated.widgets.frontend.leaderboard.leaderboardheadertextfield
5832FC9C2B830BC7,ui.generated.widgets.ingame.reticles.reticlethermal
583728F5D59A59E9,ui.generated.widgets.ingame.mp.scorestreaks.locationselectormarker
5838E8C49519C556,ui.generated.widgets.ingame.mp.br.brprogressbaraar
583CD8F7D221745F,ui.generated.widgets.frontend.barracks.barrackschallengesdaily
584BF5519620A054,ui.generated.widgets.skillsplash
585BB13ABC56E231,ui.generated.widgets.frontend.depot.lootitemcardflare
5864D7BAB1D8F3FA,ui.generated.widgets.frontend.sp.missionselect.mapdecorationtext
586F910550554E10,ui.generated.widgets.ingame.combometer
5871499E78FBA9A4,ui.generated.widgets.wzm.mobilealtheader
58714F9F3E817644,ui.generated.widgets.ingame.reticles.iw9.reticlesnscoperf01hip
5872573493D9F709,ui.generated.widgets.cp.cpscoreboardheader
5878445720054C4B,ui.generated.widgets.ingame.mp.br.poistarrating
587A362FBEC2CE71,ui.generated.widgets.ingame.mp.localplayersplash
588AE44E7CD43A8D,ui.generated.widgets.frontend.store.storebundleitemamount
5890F0E84B74F340,ui.generated.widgets.ingame.codcaster.codcasterfullscreenmap
58920C265BCC2EAE,ui.generated.widgets.frontend.aar.aarunlockrow
589399958DB35864,ui.generated.menus.frontend.mp.leagueplay.lpranktabsmenu
58AC64EEA518B984,ui.generated.widgets.frontend.battlemap.battlemapinspectfooterbuttonbase
58B1867E005B1FBA,ui.generated.widgets.frontend.mp.dmz.dmzonsoldier
58C7D3892457D17C,ui.generated.widgets.options.colorblindswatch
58C818482ADEF5F0,ui.generated.widgets.bundlelitepreviewcursor
58CD02EA09446D8E,ui.generated.widgets.options.sticklayoutdirections
58DDCC25E22EF5E1,ui.generated.widgets.menubutton
58E04D84F4CF5C0A,ui.generated.widgets.trials.trialrewardstarslarge
58F40E8A83D78F04,ui.generated.widgets.ingame.reticles.reticleoutercircleroots
590501E09935D997,ui.generated.widgets.frontend.unlockcriteria.criteriawidgets.unlockcriteriawinchallengewidget
59062B34BA174EA3,ui.generated.widgets.frontend.mp.lobby.lobbysmallteammatchmade
5908076456712535,ui.generated.menus.frontend.dmzpersistentoperatorselect
590E8E0904BD6ECD,ui.generated.widgets.frontend.jupbattlemap.jupcodpointsbannerlayout
591276972567D729,ui.generated.menus.frontend.mp.cas.weaponprogression.platformprogressionmenu
59129A0590F578D0,ui.generated.widgets.footer.footerbackicon
591DB5D9B8407400,ui.generated.widgets.installmanager.filepackmanager_packinfo
5922CA3A02BA9898,ui.generated.widgets.ingame.mp.br.brplayagainsquadpanel
592424A66D866AF8,ui.generated.widgets.frontend.codaccount.codaccounteditboxbase
592E8529F9CA6D88,ui.generated.menus.frontend.barracks.commendationsmenu
593A11DB09C9ACD7,ui.generated.widgets.ingame.mp.br.brendgameaar
594C6591A47F1295,ui.generated.widgets.options.generickeybindlinkbutton
5959E7AEEB67BD04,ui.generated.widgets.ingame.mp.matchroundpip
595A6FB26FE4BDA5,ui.generated.widgets.frontend.headquarters.combatrecordmultiplestatbox
5971C66AD49D293F,ui.generated.widgets.mousecursorcontextualmenutitle
597CEE00E5C0CF66,ui.generated.widgets.trials.trialeventleaderboard
59840ED803C5AFDE,ui.generated.widgets.mp.havocmodifiersrow
59889501595E600F,ui.generated.widgets.benchmarkimpactedsettings
598BA24F4D91F2F7,ui.generated.widgets.ingame.mp.genericsplashanimatedaccentcap
598CDC7E3A37EFF4,ui.generated.menus.frontend.events.ministorepopup
59946F65740D628B,ui.generated.widgets.trials.trialeventearnedmedalscontainertype
59A14C4AAA6B9175,ui.generated.widgets.ingame.hitmarkerkillstackablecontainer
59ABEE578578F105,ui.generated.datasources.cg
59ACA3BB4D3955FF,ui.generated.widgets.ingame.mp.scorestreaks.dronesentry.dronesentrychassis
59B18F221D5314B2,ui.generated.widgets.frontend.mp.cas.gunsmith.gunsmithdetailsmodlist
59B22057F4A5E939,ui.generated.widgets.armoredtruckupgrade
59B5D47638B5D494,ui.generated.widgets.ingame.calloutmarkerpingpulse
59C1CC226948F5BE,ui.generated.widgets.ingame.mp.streaklist
59C559E3F0FD1D72,ui.generated.widgets.frontend.missioncommandtilefactionprogress
59DB0B5785A0930E,ui.generated.datasources.mp
59F1C293C1DB015B,ui.generated.widgets.trials.trialobjectivelabels
5A03270C943C45CD,ui.generated.widgets.options.sticklayoutbuttons
5A1535A6044E751E,ui.generated.widgets.ingame.hitmarkeranchored
5A198291CB9896FC,ui.generated.widgets.seasonaleventcamocard
5A23680EEF8A53BB,ui.generated.menus.frontend.codaccount.codaccounteditpopup
5A2A9DD6BE4C624E,ui.generated.widgets.ingame.mp.br.brendgameresultsbuttons
5A338ACEB62D4BF9,ui.generated.widgets.frontend.weapons.loadout.loadoutcustomizationbuttons_wz2
5A3BA69B90E0BE13,ui.generated.widgets.ingame.codcaster.codcasterteamlistheader
5A3D911371F226A2,ui.generated.widgets.ingame.mp.br.brsecondchanceovertimetimer
5A3F18EFABC0B44E,ui.generated.widgets.ingame.brcodcaster.brcodcastersquadlistcontainer
5A4719F32998C50D,ui.generated.widgets.ingame.mp.doublexpsplashcontainer
5A49ED92242E7299,ui.generated.menus.frontend.challenges.dmzmapchallengeselect
5A4A5C91B7057E52,ui.generated.widgets.genericholdbutton
5A4D52A392693116,ui.generated.widgets.frontend.mp.cas.featuredbuttonbackground
5A5A04297C1D64DC,ui.generated.menus.frontend.mp.zm.zmplaylistselect
5A6B3E887AEE1E22,ui.generated.widgets.frontend.aar.aardmzupgradeprogression
5A712FAEB6E89C0A,ui.generated.widgets.frontend.mp.cas.weaponlevel
5A75B3DAB6FD70CE,ui.generated.widgets.ingame.mp.br.respawntimedrop
5A85D7B1DA377090,ui.generated.widgets.frontend.systemlinkjoinmenutitlerow
5A8D7627C8615CC6,ui.generated.widgets.mainmenubladedisableoverlay
5A90C3D6B6E281EB,ui.generated.widgets.ingame.mp.genericprogressnameplate
5A9865EF7A152348,ui.generated.widgets.frontend.depot.battlepasspurchasebackground
5AA156A81FE4CF6A,ui.generated.widgets.ingame.chatbox
5AA3B0649D5B75F4,ui.generated.widgets.laserattachment
5AACC2D9C18659DE,ui.generated.widgets.ingame.mp.br.brroundcounttimer
5AAFF6C29B2C29B0,ui.generated.widgets.frontend.br.leagueplay.lpbrhowtosroverviewplayplayerrankdivision
5ABAADB841993D32,ui.generated.widgets.ingame.reticles.greendot_muted
5ABEE7D100710F45,ui.generated.widgets.frontend.aar.aarxpelderprogression
5ABFB51EEC3E18FB,ui.generated.widgets.gridcountarrows
5AC97B0006C19D5F,ui.generated.widgets.ingame.gunscreens.gunscreentalkingwave
5AD335D180BC4213,ui.generated.widgets.frontend.depot.purchasebundlebutton
5AD430C41ABF03C1,ui.generated.widgets.ingame.mp.genericsplashcontrolhintalt
5AE5F6B4467691B4,ui.generated.widgets.frontend.jupbattlemap.jupbpmap
5AEF9C184A64C8F6,ui.generated.menus.frontend.mp.trialeventbr
5AF00F8CD74F1167,ui.generated.widgets.frontend.battlenetstoredeveloppers
5AF53F035141E502,ui.generated.menus.frontend.weapons.weaponarmorytabs
5AF808618CB93BEF,ui.generated.widgets.ingame.mp.fieldupgradenotification
5B13C4F7E3D9B124,ui.generated.widgets.ingame.codcaster.codcasterpip
5B21A22BDAD17386,ui.generated.widgets.ingame.mp.bombmodes.bombbriefcasetablet
5B21BB46BCD243AA,ui.generated.widgets.frontend.customize.playercardpreviewpanel
5B22B4184A904B57,ui.generated.menus.frontend.mp.trialeventmp
5B26A29238518084,ui.generated.widgets.supportingcreatorcode
5B2DE9EEDDF4BF12,ui.generated.widgets.ingame.mp.killcam.killcamweaponinfo
5B322A448715B2A0,ui.generated.widgets.scrollbar.mobileverticalscrollbarsliderarea
5B3F65DA30B96860,ui.generated.widgets.ingame.mp.scorestreaks.gunship.gunshipcoordinates
5B418EF288E2A412,ui.generated.widgets.frontend.mp.dmz.dmzselectedmissionrewards
5B4700EAAB7021BE,ui.generated.widgets.digitalbillboardsweather
5B4F2D57409C5874,ui.generated.widgets.frontend.depot.billboardfocusarea
5B5687422A18C21B,ui.generated.widgets.frontend.mp.cas.miniattachments
5B5D10FE5A8E1FDD,ui.generated.colorcorrectionpresets.ColorCorrectionPresets
5B657215AB850B3F,ui.generated.widgets.frontend.rowquickselect
5B69F4DC31C9BB34,ui.generated.widgets.frontend.seasonalevent.aar.aarseasonaleventeventplusinstantrewardcolumn
5B6E0EC51AF787DE,ui.generated.widgets.ingame.spotterscopeoffhand
5B7F8126BCB38618,ui.generated.widgets.frontend.aar.aarflyoutstats
5B8874CBE787FCD0,ui.generated.widgets.ingame.equipmentbase
5B8BCE42E749769F,ui.generated.menus.frontend.vehicles.vehiclecustomization
5B906689A22091CD,ui.generated.widgets.frontend.weapons.loadout.loadoutitembuttongroupbacker_flc
5B90F466F7476B3E,ui.generated.widgets.ingame.codcaster.codcasterportraitlistteamlogo
5B91FC6B8385C938,ui.generated.widgets.frontend.mp.cas.camocategorybuttonpreview
5B9919C0025CB206,ui.generated.widgets.frontend.hqmenugamerow
5BA0920B0FDF3B10,ui.generated.widgets.frontend.operator.factionswitchprompt
5BA7E71BC2A17B13,ui.generated.widgets.ingame.codcaster.codcasterscoreheaderhardpoint
5BABD2C3017774C7,ui.generated.widgets.benchmarksummary
5BB041D7575E9845,ui.generated.widgets.ingame.gunscreens.gunscreengreed
5BBDF26F25ACEB2F,ui.generated.widgets.options.settingeffect
5BBF4C6659E003D2,ui.generated.widgets.frontend.hqmenugamebuttonbackground
5BC227B29621AF89,ui.generated.widgets.brmenumapkeyheader
5BC2B517152B9DF9,ui.generated.widgets.ingame.mp.genericsplashsupportsymbol
5BC4B11FBAAD4A27,ui.generated.widgets.frontend.rownavigationhint
5BC7C493CDA52671,ui.generated.widgets.frontend.mp.cas.weaponmasterypanelbackground
5BC927D68B992EBF,ui.generated.widgets.frontend.mp.cas.loadoutitemperkbutton
5BC9FCE50F9A0634,ui.generated.widgets.aspectratiofadeframe
5BD20F4C5E110F3D,ui.generated.menus.frontend.mp.leagueplay.lpdivisionrewardsmenu
5BD2E4F400905A77,ui.generated.widgets.ingame.mp.splashglitchicon
5BD9037F757BF411,ui.generated.widgets.frontend.dmzdevonlyinventorybuttons
5BDD6E973CA84394,ui.generated.widgets.ingame.sp.inworldtext
5BE18295745F95C2,ui.generated.widgets.frontend.mp.cas.gunsmith.gunsmithprogressionmaincircle
5BE336CEB8096EA5,ui.generated.widgets.dmzbonusicon
5BE530EB3501156E,ui.generated.widgets.frontend.customize.radialcustomizationitempreview
5BE79D252E95EE92,ui.generated.widgets.mousecursorcontextualmenuseparator
5BE87B3D84CD8277,ui.generated.menus.mp.roundendteamhud
5BF2E50E31D53D71,ui.generated.widgets.ingame.reticles.reticlesnprmike4illu
5BF3CCE3F36C515D,ui.generated.widgets.frontend.mp.dmz.dmzglobalpanelstatusitem
5BF5043AD331B9C9,ui.generated.widgets.frontend.mp.cas.restrictiongunsmithwarning
5BFD3420FF7E679C,ui.generated.widgets.frontend.mp.outbreak.obgenericbackpackslot
5C01FA706B1A701C,ui.generated.widgets.frontend.depot.battlepassitem
5C0C0B6405681E25,ui.generated.widgets.frontend.worldmap.operationeventbanner
5C0D28CEFFB38E5F,ui.generated.widgets.frontend.weapons.loadout.loadoutcustomizationbuttons_flc
5C0D366E26C1684D,ui.generated.widgets.ingame.mp.genericsplashfullscreenextensions
5C12F70651623DD5,ui.generated.widgets.ingame.mp.br.braltimeterdisplayplayers
5C1BB35206528779,ui.generated.widgets.ingame.reticles.purpledot
5C1BFC2C64D27BFE,ui.generated.widgets.ingame.mp.javelinicon
5C25B8957560F6D7,ui.generated.widgets.brmenumapgulaginfogridchild
5C4A2B22CE013847,ui.generated.widgets.ingame.reticles.iw9.reticlesnscoperf01
5C4A78E82879C13B,ui.generated.menus.blmfullscreen
5C5096A56B9EFC9E,ui.generated.widgets.ingame.mp.voxelheadsizeplayer
5C5877B30FEBD926,ui.generated.widgets.frontend.lobby.mapdetails
5C650BBE8906D600,ui.generated.widgets.ingame.codcaster.codcasterobjectivedatadriven
5C7000C9EC8B93DD,ui.generated.menus.frontend.gameinstallmanager
5C7CB22AAF42F573,ui.generated.menus.frontend.mp.cas.loadouts.stickerselect
5C82734AEBF027D9,ui.generated.widgets.frontend.customize.callingcardalltab
5C857565C41E896E,ui.generated.widgets.frontend.mp.gamesetupcategoryoptions
5C879E7E622A75EA,ui.generated.widgets.limitedtimenotification
5C883EB837A9F116,ui.generated.widgets.frontend.jupbattlemap.jupbattlemaptokenpurchasebutton
5C8DC2D46AF11B6F,ui.generated.widgets.ingame.reticles.stardot
5C981E10A48C862E,ui.generated.widgets.frontend.mp.cas.loadoutweaponcluster
5C999A23764FF9D3,ui.generated.widgets.frontend.lfp.lfpsearchdetailwidget
5CB027E395E41544,ui.generated.widgets.frontend.depot.lootitemcardmini
5CB0820470D871F1,ui.generated.huds.mphud
5CCE5A8221E88306,ui.generated.widgets.ingame.mp.vehicle.suv1996diagram
5CD1CE2D80A49ED1,ui.generated.widgets.frontend.fullmodaltabpopup
5CE887F7347BB8DB,ui.generated.widgets.mp.combatdetails
5CEAC3844AD16BC7,ui.generated.menus.frontend.mp.cas.loadouts.charmselect
5CEC4A27C8AC0722,ui.generated.widgets.ingame.mp.shoprecipebutton
5CEF9E47A417B72F,ui.generated.widgets.netstatwidget
5D1147404991EA3C,ui.generated.widgets.frontend.jupbattlemap.jupbpupsellitem
5D12C58468128168,ui.generated.widgets.ingame.reticles.reticle17hybridb
5D12C6846812831B,ui.generated.widgets.ingame.reticles.reticle17hybridc
5D12C88468128681,ui.generated.widgets.ingame.reticles.reticle17hybrida
5D171EDDDD4AC232,ui.generated.widgets.frontend.aar.aarxpunlockprogressiondoublexpcountdowngfx
5D1D05B8D6AD7D9F,ui.generated.widgets.ingame.cp.iw8.cppauseobjectives
5D29B6E0591A7914,ui.generated.widgets.ingame.mp.scoreboard.scoreboardtitlerow
5D39D368FBD25CC9,ui.generated.widgets.frontend.aar.aarkitprogressionlayoutweeklystars
5D4EF233C4927894,ui.generated.widgets.frontend.mp.tournament.matchgroup
5D5C8212730FEEDD,ui.generated.widgets.frontend.worldmap.claimedterritories
5D60D8AD32F84F13,ui.generated.widgets.buttons.mobilegenericbuttonbase
5D73AE71D06D95D2,ui.generated.menus.frontend.cp.cpmunitionselect
5D746A4A7FEC3241,ui.generated.widgets.ingame.mp.br.brredeploymenttimer
5D7DAE717AD79285,ui.generated.widgets.frontend.mp.dmz.dmztaskempty
5D7E3998E52E662D,ui.generated.menus.frontend.depot.battlepassconfirmpurchasepopup
5D9A7BCCC55360CC,ui.generated.menus.options.screenmargins
5DA3786581576EEF,ui.generated.widgets.ingame.mp.trial.trialnexttier
5DA6F6DB4425B3D3,ui.generated.widgets.frontend.mp.theater.theaterclipbutton
5DAEE2166FE1E40B,ui.generated.widgets.genericoptionbuttonbase
5DAF605B8824CC90,ui.generated.menus.frontend.operators.operatorcustomizationbase
5DB1DD6A951D0D9A,ui.generated.widgets.frontend.mp.cas.gunsmith.gunsmithtunebutton
5DB290C10FB7982F,ui.generated.widgets.frontend.barracks.progressionunlocktilebase
5DB50249B6748588,ui.generated.widgets.ingame.reticles.reticleholo04scifi
5DB681779E563D7A,ui.generated.widgets.ingame.mp.scorestreaks.gunship.gunshipzoommeterguidedynamic
5DBE3E0F7DB183BF,ui.generated.widgets.frontend.jupbattlemap.jupbprewardhvtbanner
5DC124BAF5C8F322,ui.generated.menus.frontend.smsverificationmenu
5DC95A17F6C2BEC0,ui.generated.widgets.ingame.reticles.reticlethermalsnpr
5DCEA702A2CDB0B7,ui.generated.widgets.frontend.mp.cas.gunsmith.gunsmithcustomize
5DCF543DAE2AFF9A,ui.generated.widgets.genericoptionsubcategorytitle
5DD31013220E9294,ui.generated.widgets.frontend.br.brchallengestypelist
5DD7E8DA9BE2207D,ui.generated.menus.frontend.mp.gamesetup
5DE1FC1BE99A9362,ui.generated.widgets.perkupdatedesc
5DEAAC4251985838,ui.generated.widgets.ingame.mp.vehicle.driverhudtechnical
5DEE11FDE8498FD1,ui.generated.widgets.ingame.benchmarkprogresstile
5DF434C3714BF694,ui.generated.widgets.ingame.reticles.reticleturretmobile
5DF572DA581B801C,ui.generated.widgets.frontend.lfp.lfppartybrowserfocuspanel
5DFABEF28EBB838E,ui.generated.widgets.ingame.codcaster.codcastermatchdetails
5DFE433DF851C34C,ui.generated.widgets.frontend.worldmap.territoryoperationreward
5DFF518A127B5541,ui.generated.widgets.ingame.mp.javelincrosshair
5E09A56BB095C6E7,ui.generated.widgets.frontend.mp.dmz.inventoryquantity
5E1576237D002642,ui.generated.widgets.buttons.buttonbootaudiooutput
5E15F15B89E9FDB4,ui.generated.widgets.frontend.cp.cproleexperience
5E1B3372B18A9CD9,ui.generated.widgets.scorpiontrophycollection
5E1B7599C0727C9E,ui.generated.widgets.buttons.buttonhighlightinset
5E1C1ED3BED3D8C9,ui.generated.widgets.frontend.barracks.barrackscustomizesummary
5E1EE3FFB4877480,ui.generated.widgets.holdforactionbutton
5E27E5A5CC09C9FD,ui.generated.widgets.frontend.headquarters.clantagbutton
5E2ECA3B290BAD9D,ui.generated.widgets.frontend.battlemapv2.bppurchasebladeproductitemdetails
5E32B1BA572AFCDC,ui.generated.widgets.buttons.textbutton
5E3748C1B2EF78AF,ui.generated.widgets.bindingpreviewactionssection
5E3A8DEA3C5D666D,ui.generated.widgets.ingame.sp.nvg.nvgbase
5E500BA6904A6A2B,ui.generated.widgets.ingame.mp.br.brteamscoreboardrow
5E5EC4EDF909E885,ui.generated.widgets.frontend.mp.playmenu.anchoredplaymenurow
5E61401777D0AD1A,ui.generated.widgets.frontend.mp.cas.gunsmith.gunsmithdetailedequippedslots
5E63E79D0787E2B6,ui.generated.widgets.ingame.mp.br.brendgameplayernumberbox
5E6628E225921FB2,ui.generated.widgets.ingame.mp.br.brinteractivetradercardbanner
5E667EBE9E294D0E,ui.generated.widgets.scrollbargamepadhint
5E6F3A4C0AB24596,ui.generated.widgets.frontend.mp.leagueplay.lpdivisionrewardscontainertwoslot
5E871B013000F0D4,ui.generated.widgets.frontend.mp.exgm.loadout.exgmloadoutbuttons
5E8E687D52507DA3,ui.generated.widgets.ingame.mp.splashtrapsubheader
5E902EE16D34CD86,ui.generated.widgets.ingame.reticles.reticlearbase
5E97D6E8F11DA722,ui.generated.widgets.frontend.social.socialhighlightdetails
5E9956E816EECA3E,ui.generated.widgets.ingame.codcaster.codcasterdataviewlist
5E9FA9938F9FAFCD,ui.generated.widgets.frontend.mp.dmz.dmzbasechallengeobjectives
5EAF796EA6F88A30,ui.generated.widgets.frontend.lobby.trialdetails
5EB303316E71E20E,ui.generated.widgets.frontend.aar.aarrewards
5EC3229DED6F1500,ui.generated.widgets.frontend.seasonalevent.seasonaleventsmenucontenttemplatechallenge
5ECBE078782861EA,ui.generated.widgets.frontend.mp.elderprogression.elderprogressionchallengedetails
5ED0962BE5CA8E23,ui.generated.widgets.frontend.mp.cas.gunsmith.swapattachbutton
5EDA33A72433CF88,ui.generated.widgets.genericeditbox
5EDC46C9AFC34D31,ui.generated.widgets.ingame.mp.splashscrollinglinesbacker
5EE738FCB6500CDF,ui.generated.menus.frontend.groups.socialgroupselectmember
5EF26E6450079841,ui.generated.widgets.ingame.mp.cmd.cmdmessage
5F0DA7AD8495555F,ui.generated.widgets.brlaststandtimer
5F14355C36F3FE1C,ui.generated.widgets.ingame.mp.publiceventsplash
5F22823D80F0D9D4,ui.generated.widgets.ingame.reticles.extrareticles.reticleoutercirclecrossbow
5F2C19260FDEC69B,ui.generated.widgets.frontend.mp.cas.raritywidget
5F31A516521D4300,ui.generated.widgets.frontend.itemexchangelabel
5F39314A6C25F41C,ui.generated.widgets.scrollabletextwidget
5F3BFC5135F42D21,ui.generated.widgets.ingame.reticles.jupiter.jup_reticle_ngsw
5F404E9F9A416E32,ui.generated.widgets.frontend.mp.cas.itemselectbuttonlarge_flc
5F40799E946B87B2,ui.generated.widgets.globalpanelnavbutton
5F47FF0A40CF405E,ui.generated.widgets.genericprogressbarcompleted
5F5EFDF2D9FFC0CD,ui.generated.widgets.ingame.mp.genericsplashcapalt
5F656875BFE3706C,ui.generated.widgets.frontend.seasonalevent.seasonaleventsmenucontenttemplatebundles
5F710055BF30B7FD,ui.generated.menus.frontend.groups.socialgroupsetupmenu
5F71AA61B2F34229,ui.generated.widgets.ingame.reticles.reticlelmgbase
5F73FACF239D304E,ui.generated.widgets.ingame.mp.playermicdisplay
5F7C906B8DC1E76B,ui.generated.widgets.ingame.mp.scorestreaks.mobileturret.mobileturretcontrols
5F7E14FE26A62DF0,ui.generated.widgets.frontend.customizemenu
5F9BAC06F94818A2,ui.generated.widgets.frontend.mp.outbreak.obbackpackprompts
5FA7625090E87277,ui.generated.menus.options.editbuttonlayout
5FABD34A9E7423B9,ui.generated.widgets.frontend.barracks.barrackschallengemissiondetails
5FAE3CADDCD1B618,ui.generated.widgets.frontend.mpcustomizemenubuttons
5FAF9A82E8C04F87,ui.generated.menus.frontend.mp.warzoneprivatematchsquadselectcontainer
5FBDD88E096FE53C,ui.generated.widgets.hudeditor.layoutselectpips
5FC2ECEEDCAD3ACE,ui.generated.widgets.frontend.barracks.progressionunlockfriendscontainer
5FC77EF4C03E00F6,ui.generated.widgets.ingame.mp.masterchallengeheader
5FD07B93796BA4EC,ui.generated.widgets.frontend.depot.battlepassmenu
5FD5492D08D02847,ui.generated.widgets.ingame.reticles.extrareticles.reticleoutercircleacogwest02
5FDB925EAD267628,ui.generated.widgets.ingame.reticles.reticleoutercirclehybrid03vday
5FE0922DE77CDF13,ui.generated.menus.frontend.mp.cas.weaponprogression.attachmentprogressionmenu
5FFF1E346C892BE0,ui.generated.widgets.frontend.aar.aarperformance
60054D6F0F2AE54A,ui.generated.widgets.ingame.mp.killstreaks.earnedstreak
60070ED1DD02D889,ui.generated.widgets.frontend.challenges.weaponscasebutton
60159A02E2D1ABF8,ui.generated.widgets.ingame.mp.br.brprematchinfo
6021D2630A0EBEAE,ui.generated.widgets.acquisitionstashwarning
6027272273F77B2C,ui.generated.widgets.ingame.weaponpickupflyout
602F1F283F8B0A83,ui.generated.widgets.ingame.brcodcaster.brcodcasterammocounter
6039407A6B579F2F,ui.generated.widgets.frontend.mp.cas.editstreaksbutton
6039D54C04A623CF,ui.generated.widgets.frontend.br.brplaymenu
603FAC8980AFDA68,ui.generated.widgets.ingame.reticles.reticleminireddotgotagochild
6040B3F5515A527B,ui.generated.widgets.frontend.aar.aarkitprogressionweeklystarsinfo
604B426417DD8F1C,ui.generated.widgets.plunderdoublechevronprogressbar
604D97166EA5E114,ui.generated.widgets.ingame.mp.scoreeventline
6065F01786400C0A,ui.generated.widgets.ingame.mp.warmode.warmodegesturesmartphone
6068A1BFCDE67F1D,ui.generated.widgets.frontend.depot.battlepasspurchasebuttonbase
607B194F51E9C454,ui.generated.widgets.sp.missiledefuse.spmissiledefusedetonate
607D830B86F4FB03,ui.generated.menus.frontend.campaignmissionselect
607F3E79FB494FFF,ui.generated.widgets.ingame.mp.vehicle.hooptytruckdiagram
6085AFE228D527A2,ui.generated.widgets.ingame.mp.oic.oicbonussplash
60894153D4952696,ui.generated.widgets.activearmoryoverlay
608E31A81C1D7AE4,ui.generated.widgets.ingame.codcaster.codcasterobjectivestatus
609389852E54555B,ui.generated.widgets.ingame.mp.scorestreaks.remoteturret.remoteturretcontrols
6099BD46838861FA,ui.generated.widgets.ingame.mp.vehicle.medtransportdiagram
609E56A7E2CE2261,ui.generated.widgets.frontend.depot.billboardarrows
60AA56A633FCE765,ui.generated.menus.frontend.mp.cas.streakselect
60C00988D56BF456,ui.generated.widgets.frontend.mp.cas.gunsmith.attachmentequippips
60C80DBDA6316F5B,ui.generated.menus.frontend.social.socialprofilemenu.socialshowcaseplayercompare
60CDACE13E23D166,ui.generated.widgets.frontend.jupbattlemap.jupnewweapontag
60D28BE5120E1FAC,ui.generated.menus.onboardingfeaturepopup
60D69BB8EE19C125,ui.generated.widgets.frontend.lobby.cppubliclobbyplaymenu
60D93AA3131106D8,ui.generated.widgets.ingame.mp.vehicle.driverhudhoopty
60DF060F5F4E7A87,ui.generated.widgets.genericsliderwitheditbox
60E0FA04CA182A9A,ui.generated.widgets.ingame.mp.splashtopoiconbacker
60E4CFFD783B5B55,ui.generated.widgets.frontend.mpbattlenetstoremenubuttons
60EED75BFD2F0BBC,ui.generated.widgets.ingame.mp.br.brarmordamage
6103E42A79E28957,ui.generated.menus.frontend.mp.leagueplay.lpplaylistdetails
610517A54295C74D,ui.generated.widgets.ingame.mp.chyron
610C69829381A62E,ui.generated.widgets.bundlelitepreviewlist
610F94D54FC5260C,ui.generated.widgets.ingame.codcaster.codcasterportraitbackground
6115745B4623AC02,ui.generated.menus.frontend.codaccount.codaccountregister
611D7C5575808384,ui.generated.widgets.ingame.inventorybuttonbase
611E8F9819C5BF86,ui.generated.menus.frontend.jupdepot.jupbattlepasspurchasepopupbase
61204BCD8F922CFC,ui.generated.widgets.ingame.mp.lrdetectoroverlay
6120702D13ABB004,ui.generated.widgets.broadcasttextchatentry
6120E8A16928E772,ui.generated.widgets.frontend.jupaar.jupaarbattlepassseasontag
612533CED4E49C86,ui.generated.menus.frontend.mp.outbreak.obmissionselect
612B73D746EABC02,ui.generated.widgets.ingame.mp.vehicle.driverhudcargotruck
612DAA7C3566DC4F,ui.generated.widgets.ingame.codcaster.codcasterdataviewlistheader
6130BBDB3F0C4395,ui.generated.widgets.ingame.mp.vehicle.apcdiagram
6135466119CDB316,ui.generated.menus.frontend.customize.emblemselectmenubase
61384F9E53BC2FA6,ui.generated.widgets.ingame.mp.trialstatus
614137E69E426DD5,ui.generated.widgets.ingame.inventorylabel
6152D95E427BA749,ui.generated.widgets.ingame.mp.splashzombiesmissionprogresstracker
6156A0AB4BAEB06F,ui.generated.widgets.ingame.reticles.reticlesnipersksierra
61574924E489700F,ui.generated.widgets.ingame.mp.br.numberboxbackgroundshine
61642D5643C29090,ui.generated.widgets.ingame.mp.scorestreaks.gunship.gunshipzoommeterdynamic
6189C6F32B69434C,ui.generated.menus.frontend.jupdepot.jupbattlepasstierspurchasepopup
6189D063B36DE0DF,ui.generated.menus.frontend.webview.fullscreenmotd
618DDF23350EE519,ui.generated.widgets.frontend.battlemap.battlemapinspectfooterbutton
619564E141376CC8,ui.generated.widgets.ingame.mp.benchmarkstatsingamelabelbacking
61A135A3D2035215,ui.generated.widgets.ingame.codcaster.codcasterprogressbar
61A6A5052778869E,ui.generated.widgets.ingame.mp.genericsplash
61AC62B1B74FE6EC,ui.generated.widgets.menusettingsbutton
61B9D135EAE4C8D5,ui.generated.widgets.ingame.mp.br.brteamscoreboard
61CFB32BEEBA6AC8,ui.generated.widgets.frontend.mp.lobby.lobbyfocusarrow
61D89AE1D57B9A89,ui.generated.widgets.frontend.mp.warzoneprivatematchcreationpopupbuttons
61ED1193E898B7C1,ui.generated.widgets.frontend.mp.dmz.dmzkeycondition
62011D7523E4CF8A,ui.generated.widgets.frontend.mp.dmz.dmzselectedmissionscount
62017704562ED8F3,ui.generated.widgets.frontend.mp.leagueplay.lptop250rewardpreview
620849005E886907,ui.generated.widgets.weaponeffecticons
6214A390E05AF4EB,ui.generated.widgets.ingame.reticles.reticlelaunchermike32
621FD42F5410A3C6,ui.generated.widgets.genericoptionbutton
6228710A73DA0B97,ui.generated.widgets.ingame.havocprogress
622A099310152088,ui.generated.widgets.frontend.aar.aarbattlepassprogression
622B89FFD35090AA,ui.generated.widgets.frontend.cp.cpdisabledmunitions
62331567C39BC6A3,ui.generated.widgets.ingame.sp.spweaponstatusinfo
6233226641345E4E,ui.generated.widgets.frontend.mp.outbreak.acquisitioninsuredbuttoncontainer
62391046A55EC795,ui.generated.widgets.frontend.mp.leagueplay.lpseasonendflowmedal
625130666716C763,ui.generated.widgets.ingame.mp.fieldupgrades.tacinsertspawnoverlay
62670FCEB077C11C,ui.generated.menus.frontend.webview.webviewquickplayselection
62675F550B7BBEDE,ui.generated.widgets.ingame.mp.br.contracts.brchampionsquestobjectiveelementtracker
6270B7F862A2D2BC,ui.generated.widgets.ingame.mp.vehicle.vehiclebatterymetersegmented
627307059FBFE979,ui.generated.widgets.xptokenflyoutnotificationelement
6276306A06328C66,ui.generated.widgets.brkeypadbtn
6280C4D03C9A358E,ui.generated.widgets.frontend.aar.aarrankdisplay
628133C015C0B40E,ui.generated.menus.options.boothdrblackpoint
628BDED59C94EA88,ui.generated.widgets.playerreportcheckbox
62972D0970D4BA70,ui.generated.widgets.ingame.mp.bombmodes.bombplantedtimers
62986FD30F0C68BE,ui.generated.widgets.frontend.unlockcriteria.unlockcriteriaprompt
62A046D1F8B092B6,ui.generated.widgets.ingame.challengecompletedsplash
62BA016863E4D84A,ui.generated.widgets.frontend.mp.dmz.dmzselectedmissionobjectives
62BCC51C87D013FE,ui.generated.menus.ingame.ingamegunsmith
62C1ABE4040F9EFC,ui.generated.menus.frontend.systemlinklobby
62C3EDC398E96CD4,ui.generated.widgets.frontend.seasonalevent.seasonaleventcamomasterychallenge
62C43D11469B788C,ui.generated.widgets.splootsplash
62C832BA90EE4099,ui.generated.widgets.options.audiospeaker
62D3C67579E421A5,ui.generated.widgets.frontend.mp.cas.weaponattributes
62D6542B1AC0580A,ui.generated.widgets.ingame.mp.changeweaponprompt
62D8DB4929EAD033,ui.generated.widgets.frontend.mp.pmc.dmzbasebutton
62E8CDA8CD46602A,ui.generated.widgets.frontend.customize.callingcardmasterycard
631855D258945FE8,ui.generated.widgets.ingame.codcaster.codcasternotificationlist
6322DC4DAE76BD12,ui.generated.menus.frontend.mp.outbreak.obreadyup
6327CDF485F2C7EC,ui.generated.widgets.frontend.cp.cpgamesetupbuttons
632B8E365DC5F5D8,ui.generated.widgets.reportplayer.reportplayeridentitywidget
634E1339229415F4,ui.generated.widgets.firingrangepausemenubuttons
6355BAC27CF7F15A,ui.generated.widgets.scrollbar.arrowleft
63570C6B3CB69190,ui.generated.widgets.caccommon.characterrotator
635BB532789E4FEF,ui.generated.widgets.minimapstealthborders
635CAE604675DCD1,ui.generated.widgets.ingame.calloutmarkerpinganchorcontainer
6363CF94A43A8E69,ui.generated.widgets.frontend.mp.dmz.dmzselectedmissionoverview
637E7040069C41D5,ui.generated.widgets.ingame.mp.vehicle.driverhud
637F222002DDD476,ui.generated.widgets.frontend.aar.aarkitprogressiontierfooter
63879A7C650BDBB2,ui.generated.menus.frontend.barracks.combatrecordtabsmenu
6387A56E35B1BAD2,ui.generated.widgets.ingame.mp.scorestreaks.missiledroneinstructions
638B29FD5A2223DF,ui.generated.widgets.ingame.mp.br.brhudplayerinfilcontrollerscheme
638DF4E13C4B09E8,ui.generated.widgets.frontend.mp.lobby.lobbybattleroyalegamemodebutton
639A9C03A7C05ACF,ui.generated.widgets.frontend.cp.cpgamemodesbuttons
639FA442425BDC37,ui.generated.widgets.genericprogressbarvertical
63A203FB857232BB,ui.generated.widgets.ingame.mp.scorestreaks.locationselectortablet
63B4D384AC0F61E9,ui.generated.widgets.ingame.reticles.orangedot
63BCFA5D80C76633,ui.generated.widgets.trials.trialeventearnedmedalscontainer
63C7BEB93BA739F5,ui.generated.widgets.frontend.jupbattlemap.jupbppurchasebutton
63C904A46D0E42CC,ui.generated.widgets.frontend.preloadingshadersiconsinfos
63D2FDEE46B0508C,ui.generated.menus.frontend.seasonalevent.seasonaleventcinematicpopup
63DE2F32E84478F9,ui.generated.widgets.ingame.mp.br.brgulagticketcontainer
63E5F0ADFD83440C,ui.generated.menus.frontend.mp.zm.zmmainmenu
63EF3119B961CA6B,ui.generated.widgets.gridpagepips
63FE40211DA24C43,ui.generated.widgets.ingame.reticles.reticlereflex06animeshine
6406D3D08860775A,ui.generated.widgets.ingame.reticles.greendot_lime
64104BF16F67E1FD,ui.generated.widgets.frontend.customize.callingcardpreviewpaneltier
6413B15CA7BFF7D6,ui.generated.widgets.frontend.aar.aarflyoutrankup
64210ABEFC27BA32,ui.generated.widgets.frontend.mp.tournament.bracketteamrightside
642F657D1715F729,ui.generated.widgets.tabbacker
642FD38C8DA683BE,ui.generated.widgets.ingame.gamemodeinfo
643357C1419E63A6,ui.generated.menus.frontend.missioncommand
643591C3C45E6F39,ui.generated.widgets.buttons.locationselectorbutton
643C4A2BFE2F4218,ui.generated.widgets.playerdetailsavailabilitybutton
644076E84B0AFDC0,ui.generated.widgets.frontend.depot.pricebuttonsmall
6454C7087092039F,ui.generated.widgets.frontend.unlockcriteria.criteriawidgets.unlockcriteriaseparator
64611BF71BE3933C,ui.generated.widgets.challengestrackedflyin
646EAF5A08D54CDA,ui.generated.widgets.frontend.mpweaponmenu
647208B65C2978C0,ui.generated.widgets.ingame.mp.dmz.brcontractcancelsplash
6477BE2EC80A63D3,ui.generated.widgets.ingame.mp.vehicle.jltvdiagram
648531A8E6378CAA,ui.generated.widgets.ingame.mp.perkactiverow
6490DA4F89DA2106,ui.generated.widgets.wzm.settings.mobilesettingstopbar
6498DC11DEE6FA90,ui.generated.widgets.buttons.buttonlargebanner
6499FD3FCC79A42C,ui.generated.widgets.frontend.jupaar.jupaarbattlepassglowdigits
649A9D968CEE5D59,ui.generated.widgets.frontend.jupaar.jupaarbattlepassprogressbarplayhead
64AFA93EED93B2EE,ui.generated.widgets.frontend.itemdetailscontainer
64BC1DFCA914F6B9,ui.generated.widgets.motdskipbutton
64C0DB888E2AD9C3,ui.generated.widgets.frontend.depot.battlepassfreebanner
64C7EA2FEFFF0837,ui.generated.widgets.frontend.weapons.gunsmithprogressionbutton
64C8E0F34945EA3F,ui.generated.widgets.newitemsmallicon
64CE834503E23B33,ui.generated.widgets.ingame.mp.genericsplashheadercontentalt
64D01DA8B37F84D5,ui.generated.widgets.frontend.weapons.loadout.loadoutbutton
64D222899CFF2663,ui.generated.widgets.frontend.lobby.lobbyonboardingmissionbutton
64D2ACE58529793A,ui.generated.widgets.frontend.textlrarrowhighlight
64D5FD83287EF7E6,ui.generated.widgets.ingame.inventoryhintprompt
64E265224B81413F,ui.generated.widgets.frontend.customize.callingcardcollection
64EAE65201176F9D,ui.generated.widgets.frontend.genericpopuplist
64EEA98BD66D04B6,ui.generated.widgets.ingame.reticles.santavdotchild
64F212067E02866F,ui.generated.widgets.scrollbar.verticalscrollbarslider
64F39F533915450C,ui.generated.widgets.frontend.mp.tournament.tournamentbracketcontainer
64F74DB4D7372C00,ui.generated.widgets.popupbutton
64F9DF774662DD76,ui.generated.widgets.frontend.depot.battlepassrewardpopup
64FD363097523AA9,ui.generated.menus.frontend.mp.tournament.tournamentmatchpreview
65099F47A7019210,ui.generated.widgets.frontend.br.leagueplay.lpbrhowtoplaysrgriditem
650B537E67D134C2,ui.generated.widgets.ingame.mp.obituary.squadmessage
650D47BEFC62FF47,ui.generated.widgets.globalpanelnotifications
6515F91A26785FB7,ui.generated.widgets.jup.genericoptionbuttonbackground
65247FBD7AB50362,ui.generated.widgets.ingame.cp.pausemenu.cppausemenubuttons
6525A48C36EB8AFF,ui.generated.widgets.ingame.mp.deadsilenceoverlay
652B16FE1AF516FB,ui.generated.widgets.mobilepopupbackgroundinternal
652EEA4D49462E69,ui.generated.widgets.mp.ffascoreboardbase
653D915A3A1D7422,ui.generated.widgets.menubuttoncheckboxnew
654804790D2D3F76,ui.generated.widgets.ingame.mp.br.brkioskcostdisplaywidget
6549B56224E61CA0,ui.generated.widgets.frontend.battlemapv2.battlemapseasonrecapdetails
654BE319F0D7D92D,ui.generated.menus.frontend.churnpopup
65578E7EB4E18518,ui.generated.widgets.ingame.mp.br.brdualscorebars
656A7A1009235ABF,ui.generated.widgets.ingame.mp.mpbink
6574D2FA380D31CD,ui.generated.widgets.frontend.mp.gamesetupbuttons
657B8B527E7DA6C0,ui.generated.widgets.frontend.tabsbacker
65802FECA4473C3B,ui.generated.widgets.frontend.mp.cas.gunsmith.modcustomizationitem
6580456DBE6C5E4B,ui.generated.widgets.ingame.mp.pillage.pillageicon
658910DA7DA36275,ui.generated.widgets.ingame.mp.intelinfosplashbanner
65940213D4D306A4,ui.generated.widgets.ingame.mp.br.brsrnotification
65A8C795BF848C48,ui.generated.widgets.ingame.weaponname
65AD4933479B3933,ui.generated.widgets.ingame.mp.gameplaysplash
65B06EB18AA87EEB,ui.generated.widgets.exfilchallengescontainer
65B2C7F7CA50E531,ui.generated.widgets.ingame.gethighmodealtimeterdisplay
65B9F8487CF09EA4,ui.generated.widgets.ingame.mp.scorestreaks.jup.locationselectorinfo
65BA28BD7D58E064,ui.generated.widgets.frontend.battlemapv2.bptoggle
65BE0E9E844D6520,ui.generated.menus.frontEnd.mp.GameModes
65C6D54CA0F4EE3C,ui.generated.widgets.frontend.challenges.winchallengeunlockitem
65D4DFCF69B3A083,ui.generated.widgets.ingame.codcaster.codcastersponsorsteamlistbanner
65DF6C5492666FD5,ui.generated.widgets.frontend.social.socialmenulayoutnew
65E705ECC963B3A7,ui.generated.widgets.ingame.mp.dmz.gunbench.gunbenchwarningbanner
65E7EAF9C2C8307E,ui.generated.widgets.gunsmithpreviewbuttons
65E801D52A1F6E21,ui.generated.widgets.ingame.codcaster.codcasterequipment
65F658254468ED81,ui.generated.widgets.frontend.mp.leagueplay.lprankrewarditemcontainer
65FBF73A5F5EF664,ui.generated.widgets.store.storebundlecollectionrewarditem
6623F9D10F126980,ui.generated.widgets.bindingpreviewmouse
6627E1C5C473C354,ui.generated.widgets.frontend.dmzpersistentoperatorconfirmationpromptbuttongroup
662EB07687ACA9EC,ui.generated.widgets.ingame.mp.risk.riskscorenotch
66360B1795E58D8E,ui.generated.widgets.frontend.playlistdetailstaglabel
6639D8C27D1B351A,ui.generated.widgets.frontend.sp.campaignbigmapmenu
663A7DB6D4AA9777,ui.generated.widgets.ingame.mp.scorestreaks.gunship.gunshipreticle25mmwrapper
6647B6F0309470A3,ui.generated.widgets.options.optionwindow
6649404EAC58E2F9,ui.generated.widgets.frontend.barracks.progressionunlockmasterycard
664D09B4BF15E9AF,ui.generated.widgets.ingame.mp.scorestreaks.rcd.rcdmarker
665AB010E053C1E3,ui.generated.widgets.ingame.codcaster.codcasterplayercardcontainer
66689CCF29E9AE2E,ui.generated.widgets.frontend.battlemapv2.bpmap
666AA57108E2DC89,ui.generated.widgets.frontend.depot.pricebutton
666F52D9E073CDDD,ui.generated.widgets.ingame.gunscreens.gunscreenghosttracker
6675C01BA5323217,ui.generated.widgets.frontend.lobby.mapvoting
6678614EB4879F27,ui.generated.widgets.ingame.reticles.iw9.reticleargeneric
667D7E15E79F305A,ui.generated.widgets.battlepassarrowkbm
667E3F2A33FEEB7D,ui.generated.widgets.ingame.mp.turretplacement
6684A3299E86FFF9,ui.generated.widgets.touch.mobileverticalscrollbar
6686506E0E1594E2,ui.generated.widgets.frontend.mp.outbreak.obaarparade
668DC970124A6116,ui.generated.widgets.dmzcrownlocked
668DF121BB61EF70,ui.generated.widgets.ingame.mp.trial.trialstatsbreakdown
6690C4FDB8538A0A,ui.generated.widgets.exitfullscreenvideobutton
66983C45F3B95C90,ui.generated.menus.frontend.battlemapv2.bpautoswitchpopup
66A1C9C2922B59F2,ui.generated.widgets.frontend.jupdepot.jupbattlepassmenu
66A7ABAAE092EF0F,ui.generated.widgets.ingame.mp.teamselectmenubuttons
66A9A7B8C4F2174F,ui.generated.widgets.ingame.mp.scoreboard.scoreboardheadersubinfo
66AA7B89AE33E34F,ui.generated.menus.frontend.mp.dmzmainmenu
66ACCF26626172D5,ui.generated.widgets.frontend.challenges.operatorchallengeselect
66ADFD9BB9BB9402,ui.generated.widgets.ingame.brcodcaster.brcodcasterplayerloadout
66B052A1F0E7A8DE,ui.generated.menus.globalpaneloptionssearch
66B33C5137472536,ui.generated.widgets.frontend.mp.cas.gunsmith.gunsmithprogressionmininavbar
66B5640B94086229,ui.generated.widgets.ingame.ingameintrocinematic
66B76F92671D9140,ui.generated.widgets.frontend.social.socialplayeractions
66BEC401C44CF69B,ui.generated.widgets.launchchunknewphasepopup
66C16B45108A586B,ui.generated.widgets.optionsgraphicssliderbaroverflow
66CDBD2F1336C1A1,ui.generated.widgets.ingame.warningmessagecontent
66D04CA7DACCB264,ui.generated.widgets.frontend.unlockcriteria.unlockcriteriawidget
66D7566EF5DEE562,ui.generated.widgets.frontend.rtt.rttloadingscreen
66E3B23B011DE7F8,ui.generated.widgets.frontend.mp.leagueplay.lphowtoplayranksdivisions
66E526095EAAC0E5,ui.generated.widgets.frontend.cp.soclassic.somapdetails
66E7709ACF7A0C6C,ui.generated.widgets.ingame.mp.rcxdenemytarget
66E7AC5DA7534300,ui.generated.widgets.frontend.mp.cas.gunsmith.gunsmithbutton
66F09CD20D79134F,ui.generated.widgets.frontend.mp.dmz.dmztaskprogress
66F4F155FA432BFA,ui.generated.widgets.ingame.mp.fieldupgradeusemessage
66F88349748D1D0C,ui.generated.widgets.frontend.aar.aarxpunlockrank
66FD11023A3D2BD2,ui.generated.widgets.frontend.battlemap.battlemapsectorpreviewdetails
6708AC7669A567B0,ui.generated.widgets.frontend.mp.cas.fieldupgradesbuttonbase
6716132C3C788D33,ui.generated.menus.pcachievementsmenu
67279B78B5B39516,ui.generated.widgets.frontend.seasonalevent.seasonaleventstitleanddescription
673751FBA4C88B83,ui.generated.widgets.frontend.barracks.barrackschallengemissiondetailspips
673D8C44EB92EA02,ui.generated.widgets.frontend.mp.elderprogressionribbon
67486135D493CB30,ui.generated.widgets.ingame.reticles.reticle08
67486235D493CCE3,ui.generated.widgets.ingame.reticles.reticle09
67486A35D493DA7B,ui.generated.widgets.ingame.reticles.reticle01
67486B35D493DC2E,ui.generated.widgets.ingame.reticles.reticle02
67486C35D493DDE1,ui.generated.widgets.ingame.reticles.reticle03
67486D35D493DF94,ui.generated.widgets.ingame.reticles.reticle04
67486E35D493E147,ui.generated.widgets.ingame.reticles.reticle05
67486F35D493E2FA,ui.generated.widgets.ingame.reticles.reticle06
67487035D493E4AD,ui.generated.widgets.ingame.reticles.reticle07
674B7D09D31E9237,ui.generated.widgets.ingame.mp.fieldupgrades.ddos.ddosdevicescreen
674BE635D496E306,ui.generated.widgets.ingame.reticles.reticle19
674BE735D496E4B9,ui.generated.widgets.ingame.reticles.reticle18
674BEC35D496ED38,ui.generated.widgets.ingame.reticles.reticle13
674BED35D496EEEB,ui.generated.widgets.ingame.reticles.reticle12
674BEE35D496F09E,ui.generated.widgets.ingame.reticles.reticle11
674BEF35D496F251,ui.generated.widgets.ingame.reticles.reticle10
674BF035D496F404,ui.generated.widgets.ingame.reticles.reticle17
674BF135D496F5B7,ui.generated.widgets.ingame.reticles.reticle16
674BF235D496F76A,ui.generated.widgets.ingame.reticles.reticle15
674BF335D496F91D,ui.generated.widgets.ingame.reticles.reticle14
674F6D35D499FE42,ui.generated.widgets.ingame.reticles.reticle28
674F6E35D499FFF5,ui.generated.widgets.ingame.reticles.reticle29
674F6F35D49A01A8,ui.generated.widgets.ingame.reticles.reticle26
674F7035D49A035B,ui.generated.widgets.ingame.reticles.reticle27
674F7135D49A050E,ui.generated.widgets.ingame.reticles.reticle24
674F7235D49A06C1,ui.generated.widgets.ingame.reticles.reticle25
674F7335D49A0874,ui.generated.widgets.ingame.reticles.reticle22
674F7435D49A0A27,ui.generated.widgets.ingame.reticles.reticle23
674F7535D49A0BDA,ui.generated.widgets.ingame.reticles.reticle20
674F7635D49A0D8D,ui.generated.widgets.ingame.reticles.reticle21
6750B9D8858E9A89,ui.generated.widgets.challengestrackedcore
6751E289E31623BB,ui.generated.widgets.ingame.mp.globalplayersplashbannercallingcard
6752DA35D49CED50,ui.generated.widgets.ingame.reticles.reticle31
6752DB35D49CEF03,ui.generated.widgets.ingame.reticles.reticle30
675CE3D3B8ABBF24,ui.generated.widgets.ingame.reticles.reticlelaunchergustav
675E0F6B0F7318EA,ui.generated.menus.frontend.mp.pmc.pmcmissionselect
67643F7634E5A1CB,ui.generated.widgets.ingame.reticles.reticlecrosshairauto
6769546F06D31074,ui.generated.widgets.frontend.battlemapv2.bpendofseasonupsell
676D41E319632708,ui.generated.widgets.frontend.aar.aarcashbreakdown
677E72305B94C2D2,ui.generated.widgets.frontend.challenges.weaponmastersummary
678965128FBCE62F,ui.generated.widgets.frontend.classifiedcountdowntimer
678BB71889E112CC,ui.generated.widgets.frontend.mp.cas.equipmentbutton
678F63BA61668F0E,ui.generated.menus.frontend.mp.pmc.dmzbase
679AAF5D521F3560,ui.generated.widgets.ingame.equipmentcontainer
67A3E2D823B46765,ui.generated.widgets.frontend.customize.playercardselectbase
67A3F147AB2759B8,ui.generated.widgets.ingame.mp.bradley.bradleyammocounter
67B2E057B6CDFE45,ui.generated.widgets.singlechevron
67C21AFB500FB8A4,ui.generated.widgets.ingame.mp.leagueplay.lpsuspensionpopup
67C7101B7F6F5742,ui.generated.widgets.activearmorybundlepreviewoverlay
67DE6E82D0A7A6E3,ui.generated.menus.frontend.webview.fullscreenwebviewbase
67E413C33B956084,ui.generated.navigation.MenuNavigation
67E44D97D92762F8,ui.generated.widgets.ingame.reticles.pinkdot3
67E44E97D92764AB,ui.generated.widgets.ingame.reticles.pinkdot2
67E72A58C5F8A17D,ui.generated.widgets.ingame.mp.br.squadleadcontrollerscheme
67E8A33E8CD89CE2,ui.generated.requires.InGame
680064D558518430,ui.generated.widgets.frontend.aar.aarnextunlocks
6818659CC42F6066,ui.generated.widgets.toastnotification
681D3AD59E0AC474,ui.generated.widgets.featurednotificationtimer
681DC867F7BAA34C,ui.generated.widgets.frontend.store.storemybundlesbuttonhint
68273E727F4417CB,ui.generated.widgets.frontend.mp.mpchallengeprogressbar
682AA907F9D68D52,ui.generated.widgets.frontend.promptbutton
682DFA2A20FD3E7D,ui.generated.menus.frontend.operators.operatorcustomization
683589C628B70E67,ui.generated.menus.frontend.mp.aar.aarcontracts
683BF8DEB4EB3467,ui.generated.widgets.ingame.zm.zmvotecontrols
68489ADF33FFE9F1,ui.generated.widgets.frontend.rtt.rttplayercardscreen
6859F7343DB08E9F,ui.generated.widgets.notificationcenternotification
68691542F5AE366F,ui.generated.widgets.options.colorpickergrid
686B76C929776E2F,ui.generated.menus.frontend.jupdepot.jupbattlepassmenupopup
686EF1C8AEB37F8D,ui.generated.widgets.frontend.aar.aarkitprogressionsubinfo
6879413AAE93C425,ui.generated.widgets.frontend.mp.lobby.lobbymapbutton
6883F80E44CDCB58,ui.generated.widgets.frontend.mp.cas.gunsmith.gunsmithbalance
688D8BA25EB903B7,ui.generated.widgets.ingame.mp.br.gulagchyron
688D928184A92DA2,ui.generated.menus.bindingpreview
6891A3313C1D5224,ui.generated.widgets.frontend.weapons.weaponinfopanelbase
68920897FBF587A2,ui.generated.widgets.frontend.cp.intel.cpintelbutton
68A23AB475FB550A,ui.generated.widgets.frontend.vehicle.vehiclebutton
68AB2B1E31059002,ui.generated.widgets.ingame.reticles.reticlehybrid03altvday
68AB6241D3F07D6F,ui.generated.widgets.ingame.mp.scorestreaks.jup.streakactivationnukebanner
68B0E4AE0D6A3981,ui.generated.widgets.frontend.weaponcustomizationpanel
68B19DCE96DBD92F,ui.generated.widgets.ingame.mp.vehicle.apcrusdiagram
68B944F128411D54,ui.generated.widgets.frontend.social.socialmenuhubandfriends
68BCA5023DD1E777,ui.generated.widgets.xptokenflyoutnotification
68C30EA364AEF5FC,ui.generated.widgets.ingame.mp.scorestreaks.apache.apachescreen03
68C30FA364AEF7AF,ui.generated.widgets.ingame.mp.scorestreaks.apache.apachescreen02
68C310A364AEF962,ui.generated.widgets.ingame.mp.scorestreaks.apache.apachescreen01
68C4AF113D2D47BF,ui.generated.widgets.connectionmeter
68C69D9EC80E443B,ui.generated.widgets.frontend.social.friendsplaying.friendsplayingemblem
68CBD9845DAB1370,ui.generated.widgets.ingame.objectivedescription
68CDD39FB45C9DED,ui.generated.menus.frontend.genericlootitempreview
68DA802ECE20F628,ui.generated.menus.frontend.mp.exgm.loadout.exgmloadoutoverviewmenu
68DD21632ADB5DE7,ui.generated.widgets.frontend.mp.leagueplay.lpdivisionrewardscontainermedium
68E236B21F1D6642,ui.generated.widgets.genericcheckboxbutton
68E6D67A8792D3AB,ui.generated.widgets.ingame.mp.perksplash
68F075CD84B3694E,ui.generated.widgets.equippeditempanel
68F938BB78544DFB,ui.generated.menus.frontend.cp.cpaarscoreboard
68FE70DE3C7223F2,ui.generated.menus.frontend.loadscreenmenu
6901CE9D9886E2BC,ui.generated.widgets.fxmask
6901F486D936D3CC,ui.generated.widgets.ingame.reticles.reticlecrosshairlauncher
690E90C2192E240A,ui.generated.widgets.frontend.jupbattlemap.jupbpprogressbar
69146318AC0BB35C,ui.generated.widgets.frontend.mp.lobby.lobbystartmatchbutton
6917FED84350D8C0,ui.generated.widgets.frontend.mp.cas.loadouteditbutton
6951304F21D03811,ui.generated.widgets.ingame.mp.mplowermessage
6953DEC899E98CA4,ui.generated.widgets.genericlock
6954DA8EC6F465B9,ui.generated.widgets.frontend.aar.aarweaponunlockrewardlist
696898A93F92882C,ui.generated.widgets.frontend.mp.dmz.dmzfobtabs
696CCFC9A8A1D2D0,ui.generated.widgets.ingame.mp.scorestreaks.gunship.gunshipvisionsystem
696F34A42B2C9BB1,ui.generated.widgets.frontend.jupbattlemap.jupbpautoswitch
6978125A95D6CA58,ui.generated.widgets.ingame.reticles.reticleholo04
6978135A95D6CC0B,ui.generated.widgets.ingame.reticles.reticleholo05
6978145A95D6CDBE,ui.generated.widgets.ingame.reticles.reticleholo06
6978185A95D6D48A,ui.generated.widgets.ingame.reticles.reticleholo02
697A348F329B2F88,ui.generated.widgets.ingame.mp.scorestreaks.asd.bombdroneframe
697C900BA70F581A,ui.generated.widgets.ingame.mp.br.brprogressbar
697D7B978D63D59A,ui.generated.widgets.frontend.lfp.lfppartybrowserfocuspaneldetails
6999AEEB441FBF03,ui.generated.widgets.frontend.mp.outbreak.acquisitioninsuredbutton
699E850AAC20DC9D,ui.generated.widgets.frontend.mp.cas.fieldupgradesbutton
69AD23C534163180,ui.generated.widgets.buttons.imagebutton
69AF80608E5B2F41,ui.generated.widgets.ingame.mp.publiceventsplashedge
69B7665E14804657,ui.generated.widgets.frontend.mp.loadoutitembuttonsmall
69B95D05CB476493,ui.generated.widgets.frontend.social.socialprofilemenu.socialshowcasegunsmithweapondetails
69C5A711EDD89E83,ui.generated.widgets.ingame.cp.iw8.cptabletusb
69D8EDF7EB16C5B4,ui.generated.widgets.ingame.reticles.reticleholo04pink
69E983EA091C4F7D,ui.generated.widgets.frontend.aar.aarchallengeitemstandard
69F6E32C0620F58A,ui.generated.widgets.frontend.mp.pmc.dmzbasesliderthumb
69F88FE197C686FF,ui.generated.widgets.frontend.launcheventbanner
6A041671DDBEB67F,ui.generated.widgets.frontend.social.channels.textchat.systemmessagetextchatentry
6A0F6A2933DC7058,ui.generated.menus.createperkpackagemenu
6A191886FEFA2023,ui.generated.widgets.ingame.mp.invasionpointlabel
6A1C9FCBED884234,ui.generated.widgets.ingame.mp.br.brtraderlootinfo
6A1F2530C65A7A6B,ui.generated.widgets.frontend.sp.missionselect.mapdecorationcompass
6A1F6C04EE20DA28,ui.generated.widgets.ingame.reticles.reticlelaunchergrid
6A28B64A7C0C8FD4,ui.generated.widgets.frontend.aar.aarglitchxpbacking
6A342107052F2836,ui.generated.menus.frontend.social.phoenixtoolmenu
6A38E568ECC28B7F,ui.generated.widgets.doublexp.doublexpnotificationelement
6A49C17D42833EB7,ui.generated.widgets.ingame.mp.scorestreaks.gunship.gunshiptargetlocation
6A5653793364966F,ui.generated.widgets.frontend.cp.soclassic.sostarrewardnext
6A5CECA3B1F27E2E,ui.generated.widgets.store.storebundletacticalindicator
6A606AAF66D3112C,ui.generated.widgets.ingame.codcaster.codcasterplayercard
6A63E91E1576CE75,ui.generated.widgets.frontend.barracks.barracksweaponstatspreview
6A641CB83957432D,ui.generated.widgets.frontend.aar.aarxpunlockprogression
6A64B13E92A85DE2,ui.generated.widgets.ingame.mp.ctf.flaglocation
6A771CED9AC9786B,ui.generated.widgets.ingame.hudobjectivewidget
6A84CD1807291DF7,ui.generated.widgets.installmanager.installmanager_gamebutton
6A869B175BD46A7E,ui.generated.widgets.ingame.mp.trial.rewardtierstars
6A8B6F963424EA81,ui.generated.widgets.ingame.mp.scorestreaks.fieldupgradeactivationtablet
6A8E055297EACB72,ui.generated.widgets.ingame.thirdpersoncenterstatus
6A8EA5874F933CE3,ui.generated.menus.frontend.cp.intel.cpintel
6A8EB41B62DBAA58,ui.generated.widgets.frontend.mp.dmz.dmzexfilstreakcount
6A8FFE1ED85A1160,ui.generated.widgets.ingame.mp.br.contracts.brchampionsquestobjectiveelementstatus
6A927BED90EB965A,ui.generated.widgets.frontend.battlemapv2.bpinspectpanel
6A97814A92E4C3BD,ui.generated.widgets.options.ps4sticklayout
6A98917EFB74F323,ui.generated.widgets.ingame.reticles.catdot
6AAE3417FCE93A8B,ui.generated.widgets.frontend.mp.dmz.replacestashpopup
6AB963CB50A09EEC,ui.generated.widgets.frontend.battlemapv2.bpunlockreticle
6ABE22A2A454DBAD,ui.generated.widgets.ingame.reticles.reticlesnipercharlie725
6ABE7ACBE9250D74,ui.generated.widgets.weaponattributestat
6ABF83F3E2D7CDB6,ui.generated.widgets.caccommon.specialweaponattributewithtext
6ACB19519EACCCF9,ui.generated.widgets.ingame.mp.killstreaksplash
6AD090AB4D4F70CC,ui.generated.widgets.frontend.lobby.igrxpbonustip
6AD34EF0E03C72E6,ui.generated.widgets.ingame.zm.roundchalkmark
6AE2D2D3F5DAEDEB,ui.generated.widgets.frontend.social.socialprofilecardsmallgroupmember
6AE613F7BBAC88DA,ui.generated.widgets.frontend.worldmap.operationrewardscontainer
6AE801A0AF1A46E7,ui.generated.widgets.ingame.codcaster.codcasterobituarycontainer
6AF5B0EFB5C594AC,ui.generated.widgets.ingame.brcodcaster.brcodcasterequipmentbase
6B04C82120E9F868,ui.generated.widgets.winchallengequeue
6B0E1C86EA4E6956,ui.generated.widgets.frontend.lobby.expandablelobbyarea.missiondetailslobbyitem
6B48011C08EA80A9,ui.generated.widgets.playerdetailsavailabilitydropdown
6B4BF8D4C0217CE1,ui.generated.widgets.mobilegenericswitchbutton
6B650BF1938134F0,ui.generated.menus.frontend.depot.battlepasspurchasepopupbase
6B65169C7CD4259F,ui.generated.widgets.ingame.radialmenu
6B6AD1C879CC0CBF,ui.generated.widgets.frontend.mp.playmenuedgefade
6B6E8CD9DDB5D9D9,ui.generated.widgets.frontend.mp.cas.streakequippedstack
6B6F94E4C1EE7AF2,ui.generated.widgets.frontend.seasonalevent.eventplustabtimer
6B7D0B2273EDD6F9,ui.generated.widgets.ingame.mp.scorestreaks.dronesentry.dronesentryunderwaterindicator
6B80DEB759273797,ui.generated.widgets.ingame.weapontacstanceinstruction
6B89124D3CCB404E,ui.generated.widgets.launchchunkwidget
6B8BED9CD33E269B,ui.generated.widgets.inGame.InventoryBackpackButton
6B910712BAB56C81,ui.generated.menus.sp.campaignmenu
6BCC253181106A1A,ui.generated.widgets.store.storerowoptions
6BD0BB26ACC0491A,ui.generated.widgets.headeronlyexpander
6BE0AD53E56C50FB,ui.generated.widgets.frontend.mp.cas.loadoutcopyreplace
6BF5B56103E39616,ui.generated.widgets.jup.genericbuttonbackground
6BF6BE2E97CF1E73,ui.generated.widgets.lobbytrackerbuttons
6BFE772EBDB93A64,ui.generated.widgets.frontend.seasonalevent.seasonaleventsquickplaybutton
6C01EF9E06C028C8,ui.generated.widgets.frontend.br.brcqlobbystatustracker
6C09CAD6A92C291A,ui.generated.widgets.options.settingeffectslayout
6C1842A6D83029AC,ui.generated.widgets.frontend.customize.callingcardemptygrid
6C1EDE362312713E,ui.generated.widgets.frontend.jupdepot.jupbattlepassupsellpopup
6C20A1C3A4B9707A,ui.generated.menus.options.optionslayoutbase
6C2DA5087B6544D0,ui.generated.widgets.store.partyskinbundledetailspanel
6C3341E1D4440F5D,ui.generated.widgets.frontend.battlenetstoreeditionimage
6C3BF50BBCD405CB,ui.generated.widgets.frontend.seasonalevent.seasonaleventsextrainfopanel
6C3D700BBA8C955A,ui.generated.widgets.checkboxwithimagelabel
6C47C74F1451AEDF,ui.generated.widgets.frontend.mp.dmz.dmzexfilstreakpromptbacker
6C48F1827FA54801,ui.generated.widgets.frontend.mp.pmc.pmcselectbutton
6C4C376467E6D904,ui.generated.widgets.brteamcash
6C53901AE27A5A2B,ui.generated.widgets.frontend.trackedchallengebutton
6C57C5CA23D01815,ui.generated.widgets.gasmaskoverlay
6C5AE02AE06CA92C,ui.generated.widgets.ingame.mp.cmd.cmdpoint
6C5D0EDA444EC080,ui.generated.widgets.ingame.reticles.reticlephonethermalframe
6C654EE2DBB07A60,ui.generated.widgets.ingame.brcodcaster.brcodcasterfullscreenmap
6C6EAC9385604699,ui.generated.widgets.frontend.barracks.barracksheader
6C715D182489C7A2,ui.generated.menus.mp.shop
6C71FA2CEE436396,ui.generated.widgets.frontend.jupbattlemap.jupbattlemapdioramarotationsetupwidget
6C73C46823B40C71,ui.generated.widgets.centeredtextbutton
6C7B710DA11A3D03,ui.generated.widgets.ingame.mp.br.brrankupaar
6C817DABCDF136AA,ui.generated.menus.frontend.eulapopup
6C829225801A80C4,ui.generated.widgets.frontend.social.socialprofilemenu.socialprofilepresencedebug
6C93387BA6FB2D91,ui.generated.widgets.frontend.mp.cas.gunsmith.gunsmithprogressionrow
6CA313B6337DD0A1,ui.generated.widgets.ingame.mp.ko.koflagtimer
6CA703CAABF4DF42,ui.generated.widgets.frontend.barracks.barracksgametimestatbox
6CA91BF0E42BA827,ui.generated.widgets.ingame.mp.scorestreaks.asd.asdcontrols
6CAB2D23A45322FA,ui.generated.widgets.frontend.jupbattlemap.jupbpmapsectorevent
6CABA443F76AA37B,ui.generated.widgets.frontend.challenges.challengecamopreview
6CACD27F664451C0,ui.generated.widgets.frontend.jupaar.jupaarbattlepassbonuspanel
6CC179B61C0BB1AC,ui.generated.menus.frontend.mp.tournament.tournamentprematchpreview
6CC2F6FFC249A54F,ui.generated.widgets.options.generickeybindinnerbutton
6CD3357B9F5A29F8,ui.generated.widgets.frontend.lobby.lobbyinspectmemberbutton
6CD711CDFB908749,ui.generated.widgets.wzm.settings.mobilesettingsbackbutton
6CF7D5E7F246B036,ui.generated.widgets.frontend.jupbattlemap.jupbattlepasshelppopuptile
6CFB4600B05A8144,ui.generated.menus.frontend.customize.musicpackselect
6D02908A49148E69,ui.generated.widgets.ingame.mp.vehicle.driverhudapcrus
6D0A9A3A8005EA29,ui.generated.widgets.ingame.mp.scorestreaks.gunship.gunshipweapon
6D1B097B9092E37F,ui.generated.widgets.frontend.social.channels.channelbuttonheader
6D2A6F960EAB16E0,ui.generated.menus.frontend.mp.brmainmenu
6D367448F659902B,ui.generated.widgets.frontend.mp.dmz.dmzplayerreadystatuscard
6D37070B002DE6B0,ui.generated.widgets.frontend.customize.callingcardmasterypreview
6D46C5C277CAD734,ui.generated.widgets.ingame.altfiretypeicons
6D4D2A7E784B7298,ui.generated.widgets.ingame.codcaster.codcasterwaypoint
6D62E196A06C0BB4,ui.generated.menus.frontend.mp.cas.loadouts.camocategoryselect
6D70B1872C6FA2FB,ui.generated.widgets.frontend.seasonalevent.seasonaleventsfeaturedcontentpanelsmall
6D74537E9B0DC45E,ui.generated.widgets.frontend.weapons.loadout.loadoutdetailpanel
6D79D72D09DBC434,ui.generated.widgets.frontend.mp.dmz.dmzinsuredbuttoncontainer
6D7A3F5B6D702AA0,ui.generated.menus.frontend.creatorcodepopup
6D7BAB006300C429,ui.generated.widgets.ingame.mp.br.brhealthandarmorbarspmbacker
6D7EA40555EC75F4,ui.generated.widgets.ingame.mp.outbreak.reconpointscount
6D8141876026AFA4,ui.generated.widgets.frontend.customize.callingcardmasterypreviewbutton
6D874BDB7E4637EC,ui.generated.widgets.ingame.reticles.reticle16hybrida
6D874DDB7E463B52,ui.generated.widgets.ingame.reticles.reticle16hybridc
6D8FD89F600CD69C,ui.generated.menus.frontend.mp.cas.loadouts.equipmentselect
6D9CA3BEA00F8863,ui.generated.menus.frontend.matchmakingreadyup
6DA1B070B12B6203,ui.generated.widgets.frontend.freetrialinfoblock
6DA750B51D845265,ui.generated.widgets.frontend.mp.detailcodcastersupport
6DA9A97B1966ACBE,ui.generated.menus.frontend.barracks.barracksrecordsbase
6DBBEECD2B6F97DD,ui.generated.widgets.sp.missiledefuse.spmissiledefusetarget
6DBDAEAD2BB14C65,ui.generated.widgets.ingame.sp.nvg.nvglightmeter
6DC14A65D1B3C0D4,ui.generated.widgets.ingame.mp.gethighmodealtimetermarkerenemy
6DC316579BEAE55C,ui.generated.widgets.frontend.jupbattlemap.jupbplandingupsell
6DC54776949827DE,ui.generated.widgets.ingame.reticles.reticlesniperbase
6DD39700A44707A7,ui.generated.widgets.quickplaybuttonbackground
6DDB205C782D8C6A,ui.generated.widgets.controllerdeadzonepreview
6DE0F1B4F2D9C68A,ui.generated.widgets.frontend.lobby.lobbyinspectbutton
6DE4134DB13EEA26,ui.generated.widgets.scrollbar.verticalminimalscrollbarslider
6DE556AF7A86BD95,ui.generated.widgets.frontend.unlockcriteria.criteriawidgets.unlockcriteriawinchallengeprogressbar
6DEEB966726E8146,ui.generated.widgets.mp.statustext
6DF54893210730D1,ui.generated.widgets.frontend.jupbattlemap.jupbattlemapseasonrecapupsell
6DF62F5F16DE28A3,ui.generated.widgets.frontend.depot.battlepasstierpanel
6DFEA1CAF622D6B1,ui.generated.widgets.frontend.operators.operatorcustomizeskinbutton
6E07786F064E5A32,ui.generated.widgets.ingame.reticles.reticlefourxaugolf
6E0D6E69D8AB40ED,ui.generated.widgets.frontend.lobby.mapvotingstat
6E103201AE5E6596,ui.generated.widgets.ingame.mp.dmz.gunbench.gunbenchattachmentbutton
6E15C3805EA2941F,ui.generated.widgets.resurgencecqtimedrop
6E1E81F726326CBE,ui.generated.widgets.frontend.sortprompt
6E1E9AC26A08ECE9,ui.generated.widgets.playersurveypopupwindow
6E1EF59613AE15BB,ui.generated.widgets.ingame.reticles.reticlesniperhdromeovzballistics
6E1FCBCC82DB4826,ui.generated.widgets.frontend.mpoperatormenu
6E2DBF58466BF15E,ui.generated.widgets.ingame.mp.killstreaks.streakprompticon
6E4E6A8CAB652AD8,ui.generated.widgets.ingame.reticles.extrareticles.reticleoutercircle
6E527429604B0A0D,ui.generated.widgets.ingame.brcodcaster.brcodcastermatchheader
6E677418E5A315BF,ui.generated.widgets.frontend.sp.missionselect.levelselectbutton
6E8A45D58F13A1EB,ui.generated.widgets.ingame.mp.br.brhealthandarmorbarsteamplunder
6E8A735CFDEA7EB5,ui.generated.widgets.ingame.mp.trial.trialscoreboardtierhint
6E8AA11D81A1A88F,ui.generated.menus.frontend.mp.outbreak.obspawnselect
6E9019C9E39DACC5,ui.generated.widgets.trials.trialskinny
6E949A63D605F69C,ui.generated.widgets.frontend.mp.lobby.warzoneprivatematchsquadteam
6EA00B580229DCE8,ui.generated.widgets.ingame.mp.br.contracts.brchampionsquestbombstatuscontainer
6EA0EB80803E1879,ui.generated.widgets.lootnameandimagegrid
6EA442132039A29E,ui.generated.menus.frontend.mp.cas.loadouts.attachmentappearanceselectbase
6EA4F78CA319086C,ui.generated.widgets.frontend.jupbattlemap.jupbpblackcellupsell
6EAC7695C1FDFD35,ui.generated.widgets.frontend.mp.outbreak.acquisitioninventory
6EB5CEF7E052D52A,ui.generated.menus.frontend.mp.cas.addnewloadoutmenubase
6EBB5A3A7F785784,ui.generated.widgets.ingame.zm.zmcontracttrackersubobjectiveinfo
6EBFDC04BA061061,ui.generated.widgets.frontend.mp.leagueplay.lphowtoplayinfo
6EC907AC88CA8A5B,ui.generated.widgets.genericpopupwindow
6EC940CD4EF87FB1,ui.generated.widgets.ingame.mp.br.brintelsplash
6ED3A118EDCEFA7C,ui.generated.menus.frontend.challenges.masterchallengesmenu
6ED613F06E8B0712,ui.generated.widgets.buttons.buttonbase
6EDC96A1298943B1,ui.generated.widgets.frontend.depot.mpstorebillboardbutton
6EE0AAE45BEDD9C0,ui.generated.menus.frontend.depot.battlepasspurchaseprogresspopup
6EEB8A872EC76BF4,ui.generated.menus.frontend.cp.cpfieldupgrades
6EEE185D43138A02,ui.generated.widgets.frontend.aar.aarsummary
6EFA2BF21C025AA3,ui.generated.widgets.receiverwithattachments
6F0333877C6B086E,ui.generated.widgets.installmanager.installmanager_gamebuttoninstallprogressbar
6F03A650003E9CF9,ui.generated.widgets.interrogationsquadmarked
6F06121C6C3ED8C6,ui.generated.widgets.frontend.battlemapv2.bpupsellitem
6F13D9C3FC66DC8A,ui.generated.widgets.frontend.weapons.loadout.loadoutitemweaponbutton_flc
6F2E97F840E6E237,ui.generated.widgets.frontend.cp.cprewardlist
6F32F062E17C3A67,ui.generated.widgets.frontend.events.purchasebundlespopup
6F46B023F5A3D9C5,ui.generated.menus.frontend.barracks.barrackschallengesdailycontainer
6F49E81D0FC7FA55,ui.generated.widgets.frontend.mp.cas.weaponbrandlist
6F7001F6A2547009,ui.generated.widgets.ingame.brcodcaster.brcodcasterscoreboard
6F792DA62B7E06F0,ui.generated.widgets.frontend.challengessharedmenu
6F80B462B34A3A71,ui.generated.widgets.frontend.challenges.weaponchallengeselect
6F81B8513CD3571A,ui.generated.widgets.bindingpreviewtext
6F8EE6D021F81B20,ui.generated.menus.mp.trialresults
6F92529DA341E4D2,ui.generated.widgets.frontend.aar.aarweaponunlockweapon
6FA6E106F10FAB30,ui.generated.widgets.frontend.seasonalevent.season_5.seasonaleventreveals5aar
6FACC8AE76060D9D,ui.generated.widgets.ingame.mp.ingamemenutimerstatus
6FB522957845A13E,ui.generated.widgets.genericbackgroundgrain
6FB73B1352008F12,ui.generated.widgets.ingame.mp.br.brhudbunkerkeycardicon
6FB8BDF83DF32AB7,ui.generated.widgets.ingame.mp.br.loadoutstationcontentbutton
6FCE8A73AC928BFA,ui.generated.widgets.ingame.mp.dmz.gunbench.gunbenchattachmentslotbutton
6FEC36F0D92B4D73,ui.generated.menus.frontend.social.socialpartykickplayers
6FF6FFBD36BD9AF4,ui.generated.widgets.frontend.mp.cas.attachmentprogressionpreview
70017DF10717E68E,ui.generated.widgets.activearmorytag
700764586465876B,ui.generated.widgets.universalwrapsbonus
700983E6285DC963,ui.generated.widgets.frontend.mp.elderprogression.radialrankprogressbar
701641216287EFA7,ui.generated.widgets.frontend.favoritesprompt
702047F2760E5826,ui.generated.widgets.frontend.headerbackarrowlarge
702E8785E3662C39,ui.generated.widgets.frontend.store.storemybundlesbutton
70368D97BF0865D2,ui.generated.widgets.ingame.mp.infect.nvgbatteryicon
7037AD05DC482323,ui.generated.widgets.frontend.leaderboard.leaderboardtextfield
70411AC25428F523,ui.generated.widgets.frontend.aar.aardmzupgradeprogressioncardwrapper
704A3BC6D1C0EB5D,ui.generated.menus.reportplayer.reportplayerstatus
704E3433AAC41BB3,ui.generated.widgets.ingame.cp.iw8.nameplatebountyicon
705375D0073D5067,ui.generated.widgets.ingame.mp.br.brfultontimer
7066CB21FCA8FFE4,ui.generated.widgets.frontend.mp.warzoneprivatematchcreationpopup
7083501CCA6C38DB,ui.generated.widgets.ingame.reticles.reticleholorange01scifipstl
70A62AAB782C2E84,ui.generated.widgets.wzm.store.mobileproductrarityindicatoricons
70A8A76091BB12A4,ui.generated.widgets.frontend.mp.leagueplay.lpdivisionrewardverticalline
70ADB02255DCED92,ui.generated.menus.frontend.weapons.loadout.loadoutstation
70C01F52AF979A36,ui.generated.widgets.options.genericiconinnerbutton
70C42D6C94635022,ui.generated.widgets.ingame.interactiveobjectbutton
70C48FC445CA42A4,ui.generated.widgets.frontend.weapons.loadout.loadoutitemweaponbutton_wz2
70CB77CFBCACDDD9,ui.generated.widgets.ingame.mp.cutthroat.cutthroatteamstatus
70CE8595E9AE3B8F,ui.generated.widgets.frontend.battlemapv2.bpautoswitch
70D18CA0F5AE0FCF,ui.generated.widgets.frontend.mp.tournament.tournamentrewarditem
70D1C43EEFDA0398,ui.generated.widgets.ingame.mp.br.contracts.brmissiontrackerexpandedobjectivecontainer
70DA2E556BE4ECE7,ui.generated.widgets.ingame.codcaster.codcastermatchstartcountdown
70DBDEEDD49774D2,ui.generated.widgets.ingame.mp.shopbarterpane
70DCBEDA1BD8A739,ui.generated.widgets.ingame.mp.bradley.tankturretcounter
70E5D186AD61E0A0,ui.generated.widgets.ingame.cp.iw8.objectivetimer
70ECF2F5626358AB,ui.generated.widgets.frontend.operator.operation
70FAD2A43D1C59D2,ui.generated.widgets.blockedplayerspanel
7109370396962E22,ui.generated.widgets.dmzupsellbanner
7112AD27A1DE8B9D,ui.generated.menus.frontend.mp.dmz.dmzexfilstreakmenu
7114C0C8010DB2AC,ui.generated.widgets.ingame.mp.br.gethighmodealtimeterdisplayplayers
71190CCBF9838302,ui.generated.widgets.ingame.framecorners
712E3F2629CEA52F,ui.generated.widgets.ingame.sp.sppausemenubuttons
7132B9E7B8703AED,ui.generated.widgets.damageindicators
713CD1D2646EE5FE,ui.generated.widgets.ingame.mp.scorestreaks.gunship.gunshipfluffcompass
713E1BDA2405AD3E,ui.generated.widgets.ingame.reticles.jupiter.jup_hsierra_scope
715CA95FF3316EAF,ui.generated.menus.frontend.mp.warzoneprivatematchsquadmenu
71652659DB1095C1,ui.generated.widgets.ingame.reticles.reticlethermal01paranormal
717047CECDC75524,ui.generated.menus.frontend.jupbattlemap.jupbattlemaptokenpurchasemenu
7173836CF3F36CC4,ui.generated.menus.frontend.cp.sorewardspopup
717D95500787147C,ui.generated.widgets.frontend.mp.cas.gunsmith.gunsmithblockremovegroup
7182994F07C177B2,ui.generated.widgets.ingame.hitmarkerstackable
718782B5F389A956,ui.generated.widgets.eventcollectioninfo
718CD683D80DD761,ui.generated.menus.frontend.mp.zm.zmpubliclobby
718D657948A0295D,ui.generated.widgets.frontend.events.seasonaleventsstatpoints
71A38A80B1C27648,ui.generated.menus.frontend.social.socialmenu
71B48636AE6F83A5,ui.generated.widgets.frontend.codaccount.codaccounteditbox
71BAC20FE962CF5A,ui.generated.widgets.ingame.mp.scorestreaks.gunship.gunshipfuelbar
71BCF3CF2966FF57,ui.generated.widgets.ingame.reticles.reticleoutercirclefourx02_ct
71C079672DCBC2E2,ui.generated.menus.frontend.depot.battlepasstierspurchasepopup
71C5E3FC574CFD6D,ui.generated.widgets.mp.teamscoreboardbase
71D69DACDDC9C1FD,ui.generated.widgets.warzoneonboardingendbuttons
71E43BA2890B7BF2,ui.generated.widgets.frontend.iconlabelwithbg
71EDE8FB8BBF7218,ui.generated.widgets.ingame.reticles.reticledmscopevz03centerthor
71F0CC44A86C2E97,ui.generated.widgets.ingame.mp.vehicle.vehiclediagram
71F1063A34049E3A,ui.generated.widgets.frontend.social.socialprofilemenu.socialshowcaseplayerdetailbutton
720E46B51FF8225E,ui.generated.widgets.frontend.mp.lobby.lobbygamertagplayerlong
720F7556D4952037,ui.generated.widgets.frontend.mp.obexfilstreakglow
72125ECAE71E660D,ui.generated.widgets.options.hudbounddraggablesidevertical
721BA19129C3B29F,ui.generated.widgets.playeremblemstack
721EBEAC084618E5,ui.generated.widgets.frontend.lfp.lfpflyout
7226B380B0413F71,ui.generated.widgets.store.storerowtagbonuseffectdmz
72358C006EA06440,ui.generated.widgets.frontend.srchallengelayout
723B84832E401428,ui.generated.widgets.frontend.battlemap.battlemaphorizontalsectorrewards
72432F693D3EBB87,ui.generated.widgets.frontend.jupdepot.jupbattlepassmissiontag
72481945983C0661,ui.generated.menus.frontend.jupdepot.jupbattlepassvipgiftintro
724E3274C69D69C1,ui.generated.widgets.ingame.brcodcaster.brcodcastersecondchancematchtimer
7252BC1D6F2F756D,ui.generated.widgets.frontend.lobby.lobbymemberslist
725BAFE0305F7040,ui.generated.widgets.ingame.sp.safedigitset
7263D79C626A3543,ui.generated.widgets.ingame.mp.br.aarvalue
726C2E9B16705E83,ui.generated.widgets.genericitembonus
726F25D0683F7381,ui.generated.widgets.frontend.mp.outbreak.obtabswidget
72745ABFBBC530B4,ui.generated.widgets.frontend.sp.missionselect.levelmapdecorationurzikstanfocus
727668F895BD1E82,ui.generated.widgets.ingame.mp.youindicatorright
727B5F5E78031F1A,ui.generated.widgets.ingame.mp.legacyhudprompt
72822DCD72D8F909,ui.generated.menus.frontend.vehicles.vehicletrackselect
7283CBC0CBB00F7E,ui.generated.widgets.ingame.mp.scorestreaks.rcd.rcdweapons
7284EE400483A175,ui.generated.widgets.options.detailsoption
7285BF4CC2C64DE8,ui.generated.widgets.scrubcontainerwidget
728BC50E31E9C2BE,ui.generated.widgets.frontend.social.socialprofilemenu.socialprofileplayerlistitem
728D53E49F381391,ui.generated.widgets.frontend.social.socialprofilecardsmallrecent
7292183C509AB729,ui.generated.widgets.ingame.reticles.fourxhelimasoul
729AEADFC48D6743,ui.generated.widgets.frontend.mp.playmenu.newavailable
72A891852B308A04,ui.generated.widgets.frontend.seasonalevent.seasonaleventpips
72C40494FF00F9D8,ui.generated.widgets.customiteminfopanel
72D1789C657CD81D,ui.generated.widgets.frontend.mp.cas.equippedstreaksbase
72D555AA028A9701,ui.generated.menus.sticklayout
72DA7BE8AA51D7BE,ui.generated.widgets.ingame.codcaster.codcasterscoreheaderannouncements
72E56B242DF8B426,ui.generated.widgets.reviewquote
72E8F968B1F09510,ui.generated.widgets.ingame.mp.fieldupgrade
72F050750BCF6131,ui.generated.menus.solooperatorselectmenu
72F3D4EBEC5EEBF1,ui.generated.widgets.store.storegamepasstag
72F576C8D6455E31,ui.generated.widgets.ingame.mp.fieldupgradeicon
72FD4B8FEC44F98A,ui.generated.widgets.genericwidgets.maskedtexturebackground
7302953E139FFBA0,ui.generated.widgets.frontend.mp.tournament.tournamentwaitingforteam
73031A4FA62DDFA7,ui.generated.widgets.ingame.reticles.reticlehybridwest02
7311548ECD688DC7,ui.generated.widgets.dmzstatbutton
7313828D5A9C1B2B,ui.generated.widgets.frontend.barracks.barracksvictorystatspreview
731A418383D765C0,ui.generated.widgets.sp.missiledefuse.spmissiledefuseprogressbar
731CB5A1DBCF2CDA,ui.generated.widgets.ingame.mp.statusfeed
7321497560F5140D,ui.generated.widgets.touch.touchgenericbutton
7337B787933733F0,ui.generated.menus.optionsmenulayout
7347F00567176387,ui.generated.widgets.frontend.social.socialplayeremblemlist
734F8CBE4C733F80,ui.generated.widgets.ingame.mp.vehicle.vandiagram
734FB1081882BA04,ui.generated.widgets.frontend.weaponquickequipcontainer
73532D06D395A4FA,ui.generated.widgets.frontend.mp.cas.gunsmith.weaponstatswithdetails
735AE82E76D924D8,ui.generated.widgets.frontend.challenges.operatorfilterpopup
735D66C4127274DB,ui.generated.widgets.ingame.reticles.redwhitebluedot
7362BE67CAC6EA44,ui.generated.widgets.ingame.mp.publiceventgameplaytimer
7363EA58AA92D72E,ui.generated.widgets.ingame.reticles.leafchild
736CD0EE10E05D96,ui.generated.widgets.loadinghintsection
7374DCD11BDBD88F,ui.generated.widgets.ingame.mp.vehicle.vehicleabilityprogress
73819C9E7E1FC164,ui.generated.widgets.ingame.mp.miscmessages
738432074734D9F3,ui.generated.widgets.ingame.ingamegunsmithbutton
73907ED78199FD98,ui.generated.widgets.genericbuttonwithvalue
739D89F1B8CD74BF,ui.generated.menus.frontend.social.socialaddfriendsbulkatvi
73A877F5CAA9D4F2,ui.generated.widgets.frontend.battlemapv2.bpmapwidget
73B3E56674F73E3A,ui.generated.widgets.ingame.brcodcaster.brcodcastersquadinfocontainer
73C4FC20C0934B2E,ui.generated.widgets.resurgencecarerequestmessage
73CE93EA6F1C9250,ui.generated.widgets.frontend.mp.playmenubutton
73EE8EE74E854454,ui.generated.widgets.ingame.mp.killcounter
73F6621E13A19693,ui.generated.widgets.exfilchallengescore
73F729133C476F8B,ui.generated.widgets.frontend.challengeplaylistbutton
740FDE6C771A7D21,ui.generated.widgets.frontend.prelobbymaintab
741A57D1D7FC4A87,ui.generated.widgets.frontend.mp.tournament.bracketteamleftside
741BA4642FF33B5A,ui.generated.widgets.ingame.mp.killcam.killcamapparatusicon
741ED709C6DBC215,ui.generated.widgets.frontend.jupbattlemap.jupbpmaplegend
7426DE3CDD25302D,ui.generated.widgets.br.brteamcasharrowmarker
742754579AC28366,ui.generated.widgets.ingame.mp.br.brmissiontrackerexpandedobjectivepopoutnotification
74275E6B0947188C,ui.generated.widgets.frontend.jupbattlemap.jupbpinspectpanel
742C5A759FA047C0,ui.generated.widgets.ingame.codcaster.codcasterobituarykill
743B1E8FBCFB1206,ui.generated.widgets.objectivearrow
743CE037268FA265,ui.generated.menus.frontend.mp.cas.loadouts.gunsmith.nextunlockspopup
743E401BEDC86C2B,ui.generated.widgets.frontend.jupbattlemap.jupbattlepasslandingbuttons
745239F359061630,ui.generated.widgets.sp.missiledefuse.targetbackground
745B0456BD9D5F2A,ui.generated.widgets.frontend.jupbattlemap.jupbpfocusreticle
745DBD674D9E21DF,ui.generated.widgets.mp.mpscoreboardtabsmenu
746AC3F8CEF5E1F1,ui.generated.widgets.frontend.zm.obplaymenubutton
7478E6BCAE4EABD5,ui.generated.widgets.frontend.earnratebuff
747BA5C18FD28FB1,ui.generated.widgets.ingame.mp.systemrebootbar
748DF14A74751AC1,ui.generated.widgets.frontend.mp.leagueplay.lpseasonalrewarditeminternal
748ED85E018D4952,ui.generated.widgets.ingame.weaponaltinstruction
74923CF71F0157B0,ui.generated.widgets.frontend.mp.leagueplay.lpaarperformancedetails
7493B1603A6D4A28,ui.generated.widgets.ingame.cp.aar.cpaartimeinfo
74A0A0504BB815A9,ui.generated.widgets.frontend.events.seasonaleventsmenueventselectionbutton
74A2634ED96D6ED5,ui.generated.widgets.ingame.reticles.reticleoutercirclefourx04vday
74A41A137C653EA6,ui.generated.widgets.trials.trialeventmedal
74AA42EFF8416B43,ui.generated.widgets.frontend.social.socialprofilemenu.socialprofilegroupstab
74AD88773D92BC44,ui.generated.widgets.options.copyimagebutton
74BBFAB914A3F281,ui.generated.widgets.mp.combatdetailsrow
74C3B9C967213B69,ui.generated.menus.frontend.operators.operatorcustomizationcategory
74C794030E132D79,ui.generated.widgets.ingame.shared.contextualplayercount
74D18B7E1E9E6AAA,ui.generated.widgets.frontend.mp.cas.secondaryweaponbutton
74D5EEB03FAD4AD3,ui.generated.widgets.frontend.battlemapv2.bpmapsectoralt
74ECD4938CBFA89F,ui.generated.widgets.frontend.mp.outbreak.obactselectbutton
74ED5F5C6F7C2151,ui.generated.widgets.br.brenemyteamcasharrowmarker
74FCAFDB68D29B46,ui.generated.widgets.frontend.social.socialprofilecardsmallfriend
74FF122B11B8C418,ui.generated.widgets.ingame.mp.gethighmodealtimetermarker
750CCD5CE6A143A4,ui.generated.widgets.frontend.mp.dmz.dmznextbutton
750F09F8DBA3A6F6,ui.generated.widgets.frontend.weapons.gunsmithprogressionbuttonhint
7516E7AD25C37BD3,ui.generated.widgets.mousecursortooltipcontent
751B4D764DDEAE24,ui.generated.widgets.ingame.mp.br.braltimeterdisplayplayer
751BE0A79E4CB0F2,ui.generated.widgets.frontend.rownavigationhintcontainer
751C9F9CC7ABD8FF,ui.generated.widgets.frontend.sp.dungeonfrontendinfo
75286363938C1D8D,ui.generated.widgets.ingame.reticles.jupiter.jup_reticle_steyr
75296697D40464A4,ui.generated.widgets.ingame.reticles.extrareticles.reticlecode
752D2E4010CBCBE4,ui.generated.widgets.premiumboostpanel
752D7C117EA00EE1,ui.generated.widgets.frontend.seasonalevent.seasonaleventeventpluspurchasepopup
752DAAC94D928707,ui.generated.widgets.ingame.mp.cmd.cmdprogressionarrows
753DBC8D4B7C0977,ui.generated.widgets.ingame.codcaster.codcasterscoreheaderseriesscore
753F258D6306B757,ui.generated.widgets.frontend.mp.cas.loadoutoptionsbuttons
756B70AD6A50E9EE,ui.generated.menus.frontend.barracks.challengemenu
756D41553440C886,ui.generated.widgets.frontend.social.socialprofilecardsmallparty
75722204DD642232,ui.generated.widgets.footer.muteallicon
7577BE5CA6C08981,ui.generated.widgets.frontend.battlemap.battlemapsectorbuttonbase
7584694802D0B79C,ui.generated.widgets.frontend.br.brchallengerewardpreview
7588AE7116829983,ui.generated.widgets.ingame.mp.dmz.dmzwarpconfirmationprompt
75943E7319D721CF,ui.generated.widgets.ingame.reticles.paranormaldirectional
759748EB1E978103,ui.generated.widgets.mpflakjacketdisplay
759B441F611103BE,ui.generated.widgets.frontend.platformbonuswidget
759F5C79D8F6BA3A,ui.generated.widgets.frontend.lobby.trialbutton
75AA3A16B4F154A0,ui.generated.widgets.frontend.weapons.loadout.loadouttabbacker
75B4C46FF1E4C4F7,ui.generated.widgets.options.thumbgenericsliderbar
75BEB6FF71E151A4,ui.generated.widgets.ingame.mp.overtimegameplaytimer
75C0D9FE842381EF,ui.generated.widgets.frontend.jupdepot.jupbattlepasspurchasebuttonbase
75CD25A4ED2BA4EB,ui.generated.widgets.letterbox
75D06C4AA32CFF53,ui.generated.menus.frontend.systemlinkmenu
75D162C188FEE7DB,ui.generated.widgets.ingame.mp.br.contracts.brchampionsquestbombstatustracker
75D577084EA8D6A2,ui.generated.widgets.ingame.reticles.reticleminireddotgotago
75D933670F8E9DBD,ui.generated.widgets.frontend.battlemap.battlemaptokenpurchasewidgetbase
75DF322EE327EC88,ui.generated.widgets.ingame.mp.br.braarscoreboardrow
75DF535067748AB3,ui.generated.widgets.frontend.barracks.jup.barrackschallengeitem
75E135979C8AC1C9,ui.generated.widgets.frontend.lobby.operatorskincarousel
75E1373784DDAC22,ui.generated.widgets.brwarninginfo
75F58D78C010573B,ui.generated.widgets.ingame.mp.br.brlogoloopanimation
75F8D4DBC3479D57,ui.generated.widgets.dmzitemoperatorbonusentry
75FB572794C6D188,ui.generated.menus.frontend.cp.cppublicmatchmenu
75FF1B15C6313BBB,ui.generated.widgets.frontend.mp.announcervoice.announcervoiceselectbutton
7602AF09E92DD796,ui.generated.widgets.ingame.reticles.blackdot
7603EE5AF4D70FA7,ui.generated.widgets.hudeditor.layoutselectpip
7604F1148005DCFF,ui.generated.widgets.loadingspinner
76052EDDEAF23477,ui.generated.widgets.ingame.cp.pausemenu.sopausemenubuttons
7606F1CA2C0AA04E,ui.generated.widgets.ingame.reticles.reticlesniperhdromeovzreset
76218A9022151EB2,ui.generated.menus.frontend.cp.cpgamesetup
762CFD3B11AA456A,ui.generated.widgets.frontend.battlemap.battlemapbonustext
7643F5BAE04E98A0,ui.generated.widgets.ingame.reticles.extrareticles.reticleoutercircletango21
7650ECCA4A445CED,ui.generated.widgets.frontend.cp.cpbuffdescription
765744ED97417130,ui.generated.widgets.mp.brendgameresults
76643513941CD841,ui.generated.widgets.voicechattab
7666387DD4AFA3A5,ui.generated.widgets.frontend.mp.outbreak.obselectedmissioncontainer
76671FD861803BBE,ui.generated.huds.codcasterhud
7667CFE35634E30B,ui.generated.widgets.frontend.operator.operationdetails
766B9DFFADE46E1A,ui.generated.widgets.genericjupitermenuglow
7671D3803C252397,ui.generated.widgets.ingame.mp.scorestreaks.outofrange
767A7F66F3E03A17,ui.generated.menus.replaypausemenu
767A87233AB3434F,ui.generated.menus.frontend.depot.playstoremenu
767EEF1F510AAE27,ui.generated.widgets.ingame.codcaster.codcasterobjectivearrow
76834000E64D9541,ui.generated.widgets.ingame.mp.br.brcontrollerscheme
7685EB8AD8FE2DB8,ui.generated.widgets.frontend.leaderboard.leaderboardfilterbutton
7697C72699B79F76,ui.generated.widgets.ingame.brcodcaster.brcodcastersquadinfoplayerequipment
76AF7CED42C93BF0,ui.generated.widgets.frontend.barracks.progressionunlockfriendline
76B5101265C8956C,ui.generated.menus.frontend.seasonalevent.seasonaleventspreviewmasteryreward
76B69C1CEFD6ECAB,ui.generated.widgets.ingame.codcaster.codcastersponsorsfeaturedplayer
76B7B394D769C075,ui.generated.widgets.frontend.mp.playmenu.mapsincluded
76C5199379EAD665,ui.generated.widgets.store.storerowtagbonuseffectdmzbutton
76C54AC8B1A500D5,ui.generated.widgets.ingame.mp.br.lootcards.brlootcardprompt
76C66FF4C503D34F,ui.generated.widgets.frontend.mp.customizationdetailpanel
76C888F45BAFDC66,ui.generated.widgets.ingame.reticles.reticlexmike109
76C9502B5309E93C,ui.generated.widgets.frontend.cp.raid.cpraidrewarditem
76CB83B916529094,ui.generated.widgets.ingame.mp.br.brhudhealthandarmorcontainer
76D10760F4D3AC3F,ui.generated.widgets.frontend.mp.playlist.playlistfeaturedbutton
76DE3794887A114E,ui.generated.menus.creditsmenu
76DE7B366B99EC3D,ui.generated.widgets.ingame.reticles.reticlenotchedcircledotred
76E2176158287BF1,ui.generated.widgets.frontend.seasonalevent.seasonaleventquickselectbutton
76E841DD1429118B,ui.generated.widgets.dmzbiolabcountdown
76E9F8BA58A73907,ui.generated.widgets.ingame.mp.scorestreaks.hellstorm.hellstormcontrols
76F4097900501D09,ui.generated.widgets.ingame.reticles.reticleint
76FF70E66F14B72C,ui.generated.widgets.ingame.mp.dmz.gunbench.gunbenchattachmentgridbackerxmlw
7724CDD2236C540B,ui.generated.widgets.ingame.brcodcaster.brcodcasterobituarykillattacker
77375CDB0A0F6371,ui.generated.widgets.frontend.depot.mpstorebillboardgrid
77457341FF09CDC3,ui.generated.widgets.ingame.codcaster.codcasterattackdefend
7754F1D8E2830BCA,ui.generated.widgets.genericdropdown
77565089261FF00C,ui.generated.menus.frontend.jupdepot.jupbattlepassvipgiftupsell
776878C1B0A2C470,ui.generated.widgets.frontend.groups.groupleavebutton
776CF24C5D62F03F,ui.generated.widgets.ingame.mp.perkslayout
77763AAFC6EEDF36,ui.generated.widgets.ingame.gunscreens.gunscreenenvy
777B80E07132494E,ui.generated.widgets.frontend.barracks.barrackschallengeitem
77827BE9DAB75751,ui.generated.widgets.ingame.mp.contractinfosplash
77849A57FBC57ECF,ui.generated.widgets.ingame.interactiveobjectbuttonicon
778D614B8B8BA6EC,ui.generated.menus.webviewloadingdialog
7790F9E0C745ABB7,ui.generated.widgets.ingame.sp.spycamera.spycameraautofocusreticle
779FC49AB11B91E2,ui.generated.widgets.mp.br.brtacmapsquadmissions
77AADB1F8B920BB2,ui.generated.widgets.ingame.mp.br.cinematics.brcinematicplayercallout
77B243A53B61D17C,ui.generated.widgets.options.relatedsettingslist
77B32A9BD3E41FBC,ui.generated.menus.store.storebundlecollectioncompletecelebrationpopup
77B95525E942829D,ui.generated.menus.bootpcsettings
77D3B7E055F33F00,ui.generated.widgets.ingame.mp.scorestreaks.requisitionsstoremain
77D7D74036372296,ui.generated.widgets.ingame.sp.nvg.nvgfillbar
77D8CBC747A735ED,ui.generated.widgets.ingame.mp.scorestreaks.taccam.taccamstatus
77DC8D95A7969F66,ui.generated.widgets.frontend.weapons.loadout.loadoutitemperkpackagebutton
77F476ED3FF339BF,ui.generated.widgets.frontend.seasonalevent.seasonaleventrewardinfocard
77F4BC444590DC93,ui.generated.widgets.frontend.mp.announcervoice.announcervoiceselectwidget
77FFABA5D8BA7102,ui.generated.widgets.frontend.weapons.loadout.loadoutverticalview
780072B8AA90F2C7,ui.generated.widgets.frontend.lobby.privatematchlobbybuttons
78130F7FD213D750,ui.generated.widgets.mobilebuttonindicationborder
7818B664AE4574F2,ui.generated.widgets.flare
781A6A7E65A88114,ui.generated.widgets.ingame.bonusperksplashcontainer
7826C82FB4D800C4,ui.generated.widgets.sp.missiledefuse.spmissiledefusekeypad
78298BE3E578BD59,ui.generated.menus.frontend.mp.mpmainmenu
7835FC6CF4099643,ui.generated.widgets.frontend.mp.tournament.tournamentminiteamstatus
78413F37653959D5,ui.generated.widgets.frontend.mp.dmz.dmzbackpackintel
78417012E3CC4344,ui.generated.widgets.ingame.reticles.jupiter.jup_hybridscope_02
784280E21E7761C6,ui.generated.widgets.frontend.social.socialgrouplabelseditpanel
7842F98130C2C963,ui.generated.widgets.store.storecarryforwardmessage
784D28D5D9B88973,ui.generated.widgets.ingame.reticles.paranormalstatic
7852B092EF2DEBF0,ui.generated.widgets.ingame.reticles.purpledot_rich
785329735EB2CB48,ui.generated.menus.frontEnd.Weapons.WeaponTabs
7857D375955E373E,ui.generated.widgets.ingame.mp.br.aarplunderbanner
785AA7E8D673D268,ui.generated.widgets.ingame.hitmarkerexplo
785B9B1750C9A651,ui.generated.widgets.ingame.reticles.reticle_fvats2
7861234DB2752334,ui.generated.widgets.frontend.mp.cas.fieldupgradesequipped
786CAD475D30F377,ui.generated.widgets.frontend.currencywidget
78801EC48704B908,ui.generated.widgets.frontend.depot.itemcompact
7881C66FACC2B781,ui.generated.requires.ingame.MP
7884B2FBD5DFE97D,ui.generated.widgets.ingame.mp.netstatsdev
788B5A11EF4C3DC4,ui.generated.widgets.sp.missiledefuse.spmissiledefusedblinkylights
788BC1D4AA3DB4F7,ui.generated.widgets.frontend.vehicles.vehiclehornselectbase
78902846AEE3E8F0,ui.generated.widgets.frontend.seasonalevent.seasonaleventmasterypip
78902BE05A194E06,ui.generated.widgets.ingame.reticles.jupiter.jup_reticle_boscar
789286C0A800454A,ui.generated.widgets.frontend.groups.socialgroupidentitywidget
7892CDDFF8E9EE3D,ui.generated.widgets.frontend.mp.tournament.matchgrouprightside
7896E17304366C15,ui.generated.widgets.netgraphiconcontainer
789B1565AA0F3C3A,ui.generated.widgets.cp.sandboxmissioninfo
789E10312C13F4A4,ui.generated.widgets.frontend.operator.detailoperatorname
78A97DCA93700AC8,ui.generated.widgets.ingame.objectivecontestedmeter
78AA4ED97E52C0F8,ui.generated.widgets.frontend.mp.cas.loadoutoptionspopup
78B9074C948C9D74,ui.generated.widgets.ingame.reticlefullscreenoverlay
78B9BE701AAA4FE5,ui.generated.widgets.frontend.jupbattlemap.jupbpsectorcompletebanner
78C4B3FA1C2D9F86,ui.generated.widgets.ingame.cp.iw8.playernameplate
78C9D2CF96986636,ui.generated.widgets.frontend.mp.dmz.dmzmissionsbutton
78CA16DDD02A0D64,ui.generated.widgets.ingame.brcodcaster.brcodcastersquadinfoplayerdetails
78CA9D828922EF05,ui.generated.widgets.ingame.reticles.santavfourx02
78CFB5A934910B0C,ui.generated.menus.frontend.webview.winbackmenu
78D047D785815444,ui.generated.widgets.ingame.reticles.reticlesnscope05classic
78E905A54B7DAE9F,ui.generated.widgets.ingame.mp.vehicle.tacroverdiagram
78EB130ED434BCBA,ui.generated.widgets.texturestreamingsysteminfo
78FB6AF81903A003,ui.generated.widgets.ingame.mp.contractremindersplash
790DA312A77A4AAD,ui.generated.widgets.frontend.barracks.progressionunlockdescriptionbase
792A31A548471EC8,ui.generated.widgets.frontend.br.leagueplay.lpsraarstatsslideout
792C77ADDB705C31,ui.generated.widgets.dynamiclistentry
792DA7EEBD8F9A77,ui.generated.widgets.buttonhelperbar
79340C31027A4867,ui.generated.widgets.ingame.killstreakearnedsplashstack
79375428801C4EAF,ui.generated.widgets.frontend.customize.callingcardbutton
794040CCC7F3139F,ui.generated.widgets.ingame.reticles.reticleacogeast
79489E1DBAEBCE79,ui.generated.widgets.frontend.mp.cas.gunsmith.gunsmithprogressionmininav
7952F148CEAEA9E7,ui.generated.widgets.frontend.mp.playmenu.playmenu
7957B46C79EB582F,ui.generated.widgets.ingame.damagenumber
7958615850EAFDBF,ui.generated.widgets.ingame.reticles.jupiter.jup_las_fourx01
796BD6CDCE8194DE,ui.generated.widgets.frontend.mp.cas.streakkillcategory
79702B5B9FB550DD,ui.generated.widgets.ingame.mp.dmz.gunbench.gunbenchmodificationcountcontainer
797130876441CDDF,ui.generated.widgets.ingame.reticles.jupiter.jup_reticle_irons
7973E4B0CEBD7A13,ui.generated.widgets.frontend.seasonalevent.seasonaleventxpbar
7979A08405EBBEA2,ui.generated.widgets.frontend.battlemapv2.bpblackcellupsell
7979A2C2BEFD8184,ui.generated.widgets.frontend.mp.lobby.lobbybattleroyalegamesetup
798CC97A98AA942F,ui.generated.widgets.frontend.mp.outbreak.obbackpack
79993A2D59C40E74,ui.generated.widgets.genericopenfullscreensettingstatus
799C8AC167E3B57B,ui.generated.menus.frontend.jupdepot.jupbattlepasspurchasepopup
799CE726B93243A7,ui.generated.widgets.frontend.jupdepot.jupbattlepassstatus
79AB9EFF786BF449,ui.generated.widgets.frontend.battlemapv2.bpminimapsector
79AD564EB878CB45,ui.generated.widgets.frontend.mp.tournament.tournamentevent
79C47BB536DF56E3,ui.generated.widgets.ingame.mp.br.brinteractivetradercardequipmentseparator
79CE418F7D120164,ui.generated.widgets.colorcustomizationpreviewcarouselelement
79DB11EE49C0B440,ui.generated.widgets.ingame.reticles.iw9.reticlear02
79E1B8EA3961CCA7,ui.generated.menus.frontend.mp.dmz.dmzinventorymenu
79E20717994AC1E5,ui.generated.menus.frontend.challenges.classifiedchallengepopup
79F0F5B628EAF09F,ui.generated.widgets.ingame.mp.genericsplashheaderbacker
7A07498351B4BE34,ui.generated.widgets.frontend.challenges.challengedifficultywidget
7A115C3C3975AF5F,ui.generated.widgets.options.ps4layout
7A13A3802FB9919F,ui.generated.menus.frontend.barracks.leaderboardselectmodemenu
7A2CBE22F1ACE687,ui.generated.widgets.alwaysloaded.textlabel
7A2CC0562E45D37E,ui.generated.widgets.frontend.depot.battlepassblackcellteaser
7A2E32E413454521,ui.generated.widgets.frontend.social.socialplayerpopup
7A3296B45A9FC991,ui.generated.widgets.frontend.mp.dmz.dmznotebutton
7A3B598BC6003BC3,ui.generated.widgets.frontend.seasonalevent.seasonaleventquicknavigationbutton
7A3BE7AFC3411A3F,ui.generated.widgets.frontend.barracks.barracksscorestatspreview
7A46D19586F41848,ui.generated.menus.frontend.lobbyrejoinconfirmpopup
7A49F5D34C20BF4F,ui.generated.widgets.ingame.mp.dmz.dmzingamemissionsoverview
7A54FB1C75A73C39,ui.generated.widgets.frontend.codcaster.esportslobbymatchinfobutton
7A55136AD819E809,ui.generated.widgets.frontend.dualmenubutton
7A56E9DCCB2DCAA1,ui.generated.widgets.ingame.reticles.purpledot_royal
7A5FF8B016819A1A,ui.generated.widgets.frontend.mp.cas.streakbutton
7A64D4FB3C1D3A39,ui.generated.widgets.objectivestatusplate
7A687F2FF8475A24,ui.generated.widgets.frontend.customize.playercardcollectionbacker
7A6CF37C50F0A832,ui.generated.widgets.ingame.mp.br.lootcards.brlootcardcustominteract
7A6DFEA0079B4C2A,ui.generated.widgets.frontend.depot.purchasecppopup
7A7015EFF775F0CE,ui.generated.widgets.frontend.mp.cas.itemselectbuttonsmall_flc
7A82CC984486F744,ui.generated.widgets.frontend.customize.playercardcollection
7A8C27E750A977F0,ui.generated.widgets.ingame.mp.br.brzombieroyalepowers
7A8C2A02B591528A,ui.generated.widgets.frontend.mp.cas.jup.weaponattributes
7A94B78C405F110A,ui.generated.menus.frontend.mp.cas.loadouts.charmselectbase
7A9A47239B5E9C9A,ui.generated.widgets.frontend.cp.cprelicsactivefrontend
7AA2A275209B9BD1,ui.generated.widgets.frontend.cac.challengeinfoitem
7AA32627E081BE49,ui.generated.widgets.ingame.minimizedinteractiveobjects
7AA80A7D79466017,ui.generated.widgets.frontend.worldmapplaymenu
7AAC24A13520B440,ui.generated.widgets.frontend.operator.operatorbio
7AAE9B5228BC63BE,ui.generated.widgets.compassstealthpip
7AB4175BAAF83340,ui.generated.widgets.frontend.mp.dmz.dmzkeybutton
7ABB37B29FC7679A,ui.generated.widgets.frontend.mp.pmc.dmzbaseslider
7AC092A09252706B,ui.generated.widgets.options.hudbounddraggableside
7AC30113B977BD0F,ui.generated.widgets.ingame.mp.vehicle.armoredpatroldiagram
7ACCEF9559CC58F8,ui.generated.widgets.frontend.lfp.lfppartybrowserfocuspaneldetailpreferenceentry
7AD4127B94568705,ui.generated.menus.frontend.barracks.progressionunlockmenubase
7AD7BEEB5B4DB7B5,ui.generated.widgets.frontend.mp.dmz.dmzlocationbuttonbiobunker
7AE6D078B4A439A6,ui.generated.widgets.ingame.mp.genericsplashcap
7AF0A2E55D1CE45E,ui.generated.widgets.frontend.mp.cas.gunsmith.stickerdisplay
7B22EDF4AF5F894B,ui.generated.widgets.sp.missiledefuse.spmissiledefusecontrolshint
7B237F8E1B6D4653,ui.generated.widgets.ingame.mp.contractinfosplashbanner
7B26CFA7EF17F1EB,ui.generated.widgets.ingame.mp.br.brzombieroyalepowerbutton
7B2B45C33FCD578B,ui.generated.widgets.ingame.mp.invasionscorefeed
7B31324AF8C95A75,ui.generated.menus.frontend.weapons.loadout.loadoutperkselectmenu_flc
7B3846F29601D49B,ui.generated.widgets.ingame.codcaster.codcasterteamlists
7B387EB65E3015A2,ui.generated.widgets.ingame.mp.arcadeperkstatuswidget
7B3BA44C971C7A20,ui.generated.widgets.frontend.cp.cprelicswidgetfrontend
7B400E7E2501577D,ui.generated.widgets.frontend.depot.cratecontents
7B40B90178464C84,ui.generated.widgets.frontend.mp.outbreak.obreadyuptab
7B453068A1860104,ui.generated.widgets.frontend.br.brchallengesmenurewardstab
7B53948C6BF899B3,ui.generated.widgets.sendbroadcastbutton
7B5FD928354AE7D3,ui.generated.widgets.frontend.jupbattlemap.jupbpbootupdetails
7B66349D61E529C3,ui.generated.widgets.ingame.shared.optimalreload
7B77E8F9A211ADD2,ui.generated.menus.frontend.mp.trialsmp
7B7FD8136304F156,ui.generated.widgets.frontend.aar.aarchallengeprogression
7B85343DF05ABC9F,ui.generated.widgets.frontend.gamecompatibilitytags
7B86BF98629C15B8,ui.generated.widgets.ingame.sp.spycamera.spycamerazoomreticlebrackets
7B873806B11704C9,ui.generated.widgets.frontend.mp.cas.gunsmith.gunsmithremoveattachmentwidget
7B8CA9A9CB9AE0EC,ui.generated.menus.frontend.cp.cpgamedifficulty
7B8F6ABA224E7D8B,ui.generated.widgets.frontend.sp.campaignloadingscreen
7B9CE8F9A230CA0F,ui.generated.menus.frontend.mp.trialsbr
7B9D39916368D49D,ui.generated.widgets.dmzselectedmissionreward
7BA59E5512E36DB4,ui.generated.widgets.frontend.challenges.genericmenuheaderwithtimer
7BA5A215EE4A9EE2,ui.generated.widgets.frontend.mp.itemslot
7BADCC3E23BFB75B,ui.generated.menus.frontend.mp.tournamentbracket
7BB3F347E1BE645A,ui.generated.widgets.ingame.reticles.reticleoutercirclefourx_classic
7BB99C4C389B42FC,ui.generated.widgets.ingame.reticles.reflex09_dotbase
7BC299E5E1ACACFA,ui.generated.widgets.frontend.mp.cas.addnewloadoutmenu
7BC461A3865CE893,ui.generated.widgets.frontend.weapons.loadout.loadoutitemfieldupgradebuttonbase
7BC6BF979C9E946D,ui.generated.widgets.frontend.jupbattlemap.jupbpmetatag
7BC9A1DA2D1EC963,ui.generated.widgets.frontend.battlemapv2.bpsectorcompletebanner
7BD97F50A33D1A03,ui.generated.widgets.store.storetagzombies
7BDC3A7017F38C05,ui.generated.widgets.buttons.buttonxlargetextanddesc
7BDCCE82DAD8CC56,ui.generated.menus.frontend.mp.dmz.dmzreadyup
7BEE37A0C7333D5A,ui.generated.widgets.ingame.codcaster.codcasterweaponcontainer
7C0110B2303770C9,ui.generated.widgets.frontend.mp.cas.camochallenge
7C0174C2D98D0B96,ui.generated.widgets.ingame.sp.flashfade
7C0196D9238EEAD1,ui.generated.widgets.frontend.mp.cas.gunsmith.gunsmithprogressionprogressbar
7C0E173D5A390AA3,ui.generated.widgets.frontend.mp.outbreak.obpersistentoperatorbonus
7C1CF311A381CFE3,ui.generated.widgets.frontend.solooperatorbio
7C306A1EAE2B6E6B,ui.generated.widgets.ingame.sp.missionspecificequipmentcontainer
7C323C04E1A93088,ui.generated.widgets.ingame.mp.uavtower.uavtowerscreen
7C3C88EDEBE4BB4B,ui.generated.widgets.mp.tacopsmap
7C40C00009E127A9,ui.generated.widgets.touchlabelbutton
7C54BB39EC4FFCA4,ui.generated.widgets.frontend.mp.tournament.tournamentrewardpreview
7C5933CAFBD7281D,ui.generated.widgets.playercard
7C607AF0C60B064F,ui.generated.widgets.frontend.mp.leagueplay.lpdivisionrewardscontainersmall
7C6DBD1031E448FD,ui.generated.widgets.frontend.battlepassprogressbar
7C906F054C8A5C78,ui.generated.widgets.frontend.mp.cas.equippedstreaks
7C9A0B323C034532,ui.generated.widgets.ingame.mp.br.mutationmeter
7CA1DE2A759F4080,ui.generated.widgets.touch.mobilebasedamageindicator
7CA533ADC0DB70A7,ui.generated.widgets.freetrialbannerbacking
7CA77E4EDFDF8E84,ui.generated.widgets.ingame.mp.rankupsplash
7CB332B04F58CF52,ui.generated.widgets.scrollbar.verticalscrollbar
7CC8B94BA460EA20,ui.generated.menus.codeconduct
7CCE889EEB4B0D15,ui.generated.widgets.frontend.mp.activearmorylabel
7CCF2D35180D6AEA,ui.generated.widgets.freetrialbanner
7CD4C18D5A508F3D,ui.generated.widgets.frontend.mp.mpplayerdetails
7CD66A3E819CC451,ui.generated.widgets.ingame.mp.vehicle.vehiclehealthbar
7CDAEC5941B02155,ui.generated.widgets.frontend.jupbattlemap.jupbpmapsectoralt
7CDEBF37B293A68C,ui.generated.menus.frontend.barracks.cprecordsmenu
7CE30C36D79A1147,ui.generated.widgets.scrollbar.arrowright
7CE3FA2A5955612D,ui.generated.widgets.bullettext
7D10FCA906912D92,ui.generated.widgets.frontend.jupbattlemap.jupbattlepasslanding
7D117D5388C01646,ui.generated.widgets.ingame.reticles.reticlehybrid15b
7D1234FA851B2BE6,ui.generated.widgets.ingame.mp.teamstatuscontainer
7D22BD398E7B679D,ui.generated.widgets.ingame.mp.vehicle.driverhudsedanhatchback
7D249310DAC9E26E,ui.generated.widgets.ingame.reticles.reticlecrossdotred
7D2DC4E98226CCE3,ui.generated.widgets.frontend.battlemap.battlemapbonussectorbutton
7D2E54EA536C0E10,ui.generated.widgets.camocategorydetails
7D32CCDB8818ED63,ui.generated.widgets.frontend.cp.cpnextrewardcheckbox
7D4383B882B450FD,ui.generated.menus.frontend.mp.genericeditboxpopupmenu
7D4B119A9EB3A59F,ui.generated.widgets.buttons.buttonoperatorselect
7D5734197D9A8470,ui.generated.menus.store.storepurchasecelebrationpopup
7D59425B10213EA0,ui.generated.widgets.frontend.barracks.unlockslootpanel
7D5FE7B0BFE93B93,ui.generated.widgets.ingame.inventoryperkpackagebutton
7D6564A691A55EF5,ui.generated.widgets.ingame.mp.br.brinventorycontrollerscheme
7D6DAFBF9330B0C8,ui.generated.widgets.frontend.jupbattlemap.jupbpmapwidget
7D6E2A4FA0ADD310,ui.generated.widgets.chat.textchatfooter
7D80B4AFF84FD7B6,ui.generated.widgets.scrollbar.arrowup
7D838399224410C1,ui.generated.widgets.calloutmarkerpings
7D8688BEE88A7ED7,ui.generated.widgets.newinteractivenonlootcard
7D87095AF4BA47CC,ui.generated.widgets.frontend.mp.cas.itemdetailpanel
7D8841E2A7CACFF0,ui.generated.widgets.frontend.unlockcriteria.unlockcriterialist
7D896E0E440DFFD5,ui.generated.widgets.ingame.mp.dangerwarning
7D9D573535757A43,ui.generated.widgets.buttons.buttonbackground
7DA8D396C3C71AE4,ui.generated.widgets.store.storecarryforwardmessagetext
7DABFBC56A5FAC25,ui.generated.widgets.ingame.mp.fieldupgrades.tacinsertspawn
7DAD1EAB082250B3,ui.generated.widgets.frontend.gamesetupdetails
7DB415BECB772173,ui.generated.widgets.frontend.mp.cas.loadoutitembuttonbackground
7DB53F751C7B8CAD,ui.generated.widgets.ingame.reticles.extrareticles.reticlesnprparallax
7DB7DE51545B5D76,ui.generated.widgets.brlaststandtimermanager
7DBB9C4B0120F494,ui.generated.widgets.ingame.reticles.reticlearscope_vz02
7DBB9D4B0120F647,ui.generated.widgets.ingame.reticles.reticlearscope_vz03
7DBB9F4B0120F9AD,ui.generated.widgets.ingame.reticles.reticlearscope_vz01
7DC30709A230F2C1,ui.generated.menus.frontend.storegameupsellpopup
7DC6E2CE618E2D6F,ui.generated.widgets.frontend.br.brchallengebutton
7DC7E3663ED912D2,ui.generated.widgets.ingame.mp.ammowarning
7DCBE32C160C0A36,ui.generated.widgets.frontend.jupaar.jupaarbattlepassprogression
7DCD95FB4A2A2764,ui.generated.widgets.ingame.mp.scorestreaks.gunship.gunshipflares
7DD6C8D1D63EF44E,ui.generated.widgets.ingame.cp.iw8.wave.purchasewidget
7DDB90E93ED29634,ui.generated.widgets.ingame.reticles.reticleammodisplay
7DDF827DEC546C70,ui.generated.widgets.frontend.cp.cpkitselectroleinfo
7DE7AE4EC71D8232,ui.generated.menus.store.revealpurchasethankyoumenu
7DF2A6F307EEADB9,ui.generated.widgets.ingame.sp.mapspecific.dialoguekbmoption
7DF5C208DEBA4594,ui.generated.widgets.ingame.brcodcaster.brcodcastermatchstart
7DFDD8F131B4E768,ui.generated.widgets.ingame.mp.obituary.obituaryhighlightedmessage
7E00864BA3171EDF,ui.generated.widgets.frontend.seasonalevent.seasonaleventeventplusrewardcardbutton
7E08CA56BA89BB0A,ui.generated.widgets.ingame.spotterscope
7E131897F247025F,ui.generated.widgets.frontend.social.socialplayeremblem
7E15837BB0F32C18,ui.generated.widgets.frontend.mp.cas.gunsmith.gunsmithprogressionpip
7E1D3B599C85C2C3,ui.generated.widgets.ingame.brcodcaster.brcodcastermatchheaderannouncements
7E2255F1896F9B2E,ui.generated.widgets.frontend.weapons.weaponarmorybase
7E3596A287290713,ui.generated.widgets.ingame.mp.br.brfultonmarkercontainer
7E391345F33B09FF,ui.generated.widgets.frontend.mp.playmenu.battlepassstatusmenutablabel
7E3A896F236DB976,ui.generated.widgets.frontend.challenges.weaponmasterbutton
7E3DBE5DD584C293,ui.generated.widgets.ingame.reticles.reticlesniper
7E45413300013817,ui.generated.widgets.subheaderwithprompt
7E4B8A3B0DEBA23A,ui.generated.widgets.frontend.missioncommandtilecontainer
7E53EDDFD29C915F,ui.generated.menus.frontend.mp.gamesetupbots
7E59BD3E9D16EB8E,ui.generated.widgets.frontend.battlemap.battlemapfocusreticle
7E5E483F566BA2B1,ui.generated.widgets.ingame.havocmodtimer
7E60D873AA627EF7,ui.generated.widgets.frontend.playlistdetailsmodegrid
7E61EFED2BB4FC52,ui.generated.widgets.frontend.mp.cas.gunsmith.gunsmithdetails
7E6A793556E0EAC2,ui.generated.widgets.scrollbar.verticalscrollbarsliderarea
7E77F4126AED418C,ui.generated.widgets.ingame.mp.shopperkpackageperk
7E7A03BBAD81322F,ui.generated.widgets.ingame.mp.br.brbannersplash
7E7EADE6C8976228,ui.generated.widgets.eventcollectable
7E848972ACEC528B,ui.generated.menus.frontend.cp.cpstarrewardsintel
7E858715DA6F6AB7,ui.generated.widgets.frontend.weapons.jup.gunsmithattachmentdetailbutton
7E8651252BBA8A16,ui.generated.widgets.trials.trialeventaccoriontimer
7E8694341B336DE2,ui.generated.widgets.ingame.brcodcaster.brcodcasterobituarykillsub
7E8A661C257CFEE3,ui.generated.widgets.ingame.mp.matchstatusplayers
7E8AA1755001DC65,ui.generated.widgets.ingame.mp.teamselectbutton
7E8D570E078DA478,ui.generated.widgets.frontend.weapons.gunsmithattachmentdetailbutton
7E933C8E32892470,ui.generated.widgets.brsecondchancematchtimer
7E9A38C885F7C570,ui.generated.widgets.frontend.rtt.rttemblemscreen
7E9C12FACD8961A3,ui.generated.widgets.bundleupselltype
7EAAAAC34AF39E84,ui.generated.widgets.ingame.mp.empbuttoncombo
7EAB9F3E509D7414,ui.generated.widgets.frontend.mp.dmz.inventoryitemkey
7EB186E4A93A1A07,ui.generated.widgets.frontend.store.storebasicitembutton
7EBD601B5A67AB04,ui.generated.widgets.debugscenarioidentifier
7EBDD0077490B9D0,ui.generated.widgets.frontend.lobby.lobbyalertwidget
7EC246C5FC4FB5FE,ui.generated.widgets.ingame.shared.contextualobjective
7EC8264CCAECDB0B,ui.generated.widgets.ingame.weaponaltnotify
7ECBCA8320AD755B,ui.generated.widgets.juggernautframe
7ECFAAB5F253D3D1,ui.generated.widgets.ingame.mp.br.leavepartywarning
7ED84D2B4AC59B3B,ui.generated.widgets.ingame.radialselectionarrow
7EEAF85123CB0DA5,ui.generated.widgets.frontend.mp.dmzplaymenu
7EECC084DF7F1B83,ui.generated.widgets.frontend.mp.playmenu.playmenuplaylistbuttonoverlay
7EEF54FEA1A90D0F,ui.generated.widgets.brmenumapkeyvertlist
7EF9201B922BF20E,ui.generated.widgets.frontend.customize.radialcustomizationmenu
7EFAB033792923DF,ui.generated.menus.mp.br.brmenumapzoomfeedback
7EFF531FE3797EA2,ui.generated.menus.frontEnd.mp.GameSetupOptionsMenu
7EFF5AD6031E7037,ui.generated.widgets.ingame.sp.safe
7F00A4FD826B992D,ui.generated.widgets.jup.loadinghintsection
7F0220037A1C13D7,ui.generated.widgets.ingame.mp.br.brmissiontrackerobjectiveinfo
7F0EB2E1290C5897,ui.generated.widgets.mp.shopgeartab
7F0F7317D3C95491,ui.generated.widgets.ingame.mp.littlebird.littlebirdfuelmeter
7F21787208D29158,ui.generated.widgets.frontend.mp.cas.gunsmith.gunsmithprogressionnextprevnav
7F28A404E80E373A,ui.generated.widgets.frontend.mp.rankprogressionslot
7F294161238C0D08,ui.generated.widgets.dmzsquadfillbutton
7F32DA9566532D2E,ui.generated.widgets.frontend.seasonalevent.seasonaleventhunttargetgrid
7F381B957E6A804F,ui.generated.widgets.frontend.social.socialgroupsactionbuttons
7F398BDA5F569F3E,ui.generated.widgets.frontend.aar.aarstatsitem
7F5ACF538C640A9A,ui.generated.widgets.frontend.social.socialprofilecardsmallchannels
7F5FDE64270199FE,ui.generated.widgets.frontend.mp.privatematchpopupbuttons
7F740C02C1628882,ui.generated.widgets.frontend.mp.lobby.lobbylpcmatchmade
7F7A742E60DACE8D,ui.generated.widgets.ingame.sp.mapspecific.prison.cctvzoommeterguide
7F7F4E603B8345C2,ui.generated.widgets.ingame.codcaster.codcasterscoreheader
7F835AE9E2169E6B,ui.generated.widgets.ingame.mp.dmz.aar.dmzaarscoreboardlineitem
7F8CE776DC6CDF4E,ui.generated.widgets.frontend.battlemapv2.bpsectortaglist
7F8F2C9EFF9D1B3A,ui.generated.widgets.ingame.mp.br.brmenumapcontrollerscheme
7F933A5585B8E723,ui.generated.widgets.frontend.cp.raid.cpraidrewardlist
7FA442DA16CECFA1,ui.generated.menus.frontend.mp.cas.loadouts.loadoutselectbase
7FA4611BF5838BBA,ui.generated.menus.frontend.groups.socialgroupemblemeditor
7FA4723F24C6D3BC,ui.generated.widgets.ingame.mp.eodtablet
7FA511CA3A3B122F,ui.generated.widgets.ingame.mp.br.brsquadwipenotificationcontainer
7FAAB7F2F1FC60B9,ui.generated.widgets.store.storerowfullscreenbutton
7FAD60A93EA8F116,ui.generated.menus.frontend.weapons.weaponarmory
7FB7FC07D9B014BB,ui.generated.widgets.frontend.store.requiredcpamount
7FBD3DF54F79AC2B,ui.generated.menus.frontend.mp.cas.loadouts.gunsmith.swapattachmentpopup
7FBE54FA328FE481,ui.generated.widgets.ingame.mp.br.brteamhealthbarcontainer
7FBFCD312CC2C90C,ui.generated.widgets.ingame.emptargetdetector
7FC140DB59EEA13B,ui.generated.widgets.genericsliderbar
7FC181A5F657A667,ui.generated.widgets.frontend.battlemapv2.bpminimap
7FC6EFDE0C4FF52A,ui.generated.widgets.frontend.mp.cas.streakcategory
7FC826AC43D02124,ui.generated.widgets.ingame.reticles.reticlesmgbase
7FCC72D58F82C545,ui.generated.widgets.frontend.social.socialgroupdetailsline
7FCD2DA5C4462787,ui.generated.widgets.ingame.mp.cas.equippedstreakbase
7FCEF99AC010D069,ui.generated.widgets.frontend.lobby.mapvotingstatscontainer
7FD0877D10393D5B,ui.generated.widgets.frontend.mp.dmz.dmzcashslotmodifierbutton
7FD2EEDA5E016F73,ui.generated.widgets.frontend.mp.cas.loadoutweaponclusterbase
7FDA6504A71CCA73,ui.generated.widgets.store.storerowmediumbutton
7FDDF2F420273123,ui.generated.widgets.ingame.mp.scorestreaks.mobileturret.mobileturretammo
7FE20986C31A22B7,ui.generated.widgets.ingame.gunscreens.gunscreentalkingjarvis
7FE3B8937CD30E64,ui.generated.widgets.frontend.events.roundpip
7FF2D6B4ABA1FEE5,ui.generated.widgets.frontend.codcaster.codcasterteamidentityinformation
7FF402CE17C61F57,ui.generated.widgets.frontend.solooperatorbasicinfo
7FF56CA050E17ACC,ui.generated.widgets.frontend.itemexchangepopup
7FFAB5552DC3EC69,ui.generated.widgets.ingame.reticles.reticlehybrid03vdayheart
