hash,name
00002B2A2AF34E6D,weapon_first_raise_stand_weapons_s4_ar_stango44
0001F3BE7C7CFFC3,small_8
0001FDBE7C7D10C1,small_2
0001FFBE7C7D1427,small_4
0002717083C36560,cp_tarmac_sh180_nikolai_face
000463AB8CB494E8,p8_snow_water_clumps_lrg_01_lod0
0004B36000F45AD1,trans_2_ads_freefall_weapons_iw8_rocketlauncher
0005133223695B71,tag_curtain_05g_animate
00073A48CD8E74BA,floating_adjust_launcher_mantle
0009C3D330A5C42A,6_walk_b
000A1E53A7129680,weap_m4_fast_magout_plr
000AC0390BDBF719,adjust_sprint_stand_weapons_s4_ar_stango44
000AECB3C4C1971F,foregrip_compact_stango5
000CCC50CBC16E0F,0.980392 0.305882 0.0117647 1.0
000D6AE8BBFE8288,dyn_grenade_02
000D6BE8BBFE843B,dyn_grenade_03
000D6DE8BBFE87A1,dyn_grenade_01
000E0C3E09EC4C16,tag_flap_r_null
000EE22E5EA49D56,vm_kalpha98_grip_sk_00_rub
000F452440BEBF40,cal_md_xmag_45_owhiskey_up1_noimp_pack_zm
000FBA67ACB8071C,knife_ballistic_bp_babayaga
00111896EF54FE33,wm_bromeo5_ammo_c_00
0012B26465C812DC,p8_kit_ice_gen_01_roof_01_14d_middle_light_metal_64_01_lod0
00138036B6A03912,mkg_foliage_tree_broadleaf_filler_med_01_dmg_02_lod0
001449F4EC9C1C3E,gumball_activated_speckled_07_jnt
00145D77666D1545,sdr_mp_addoff_la_rpapa7_nonads_noright
00147719D8975C83,j_backleg_ankle_le_animate
00155B765ECC6946,vm_mpapa40_stock_rs_00
001641BFE8DE82E1,p9_usa_south_bay_garage_column_facade_01_lod0
001673575AEBDFBE,dun_wires_electrical_elbow_01
00167663B078D4FE,foregrip_heavy_bromeo37
0016EB3E29371EAA,s4_mp_custom_ar_promeo45_base_prone_trans_2_ads
0017019ADB2FC289,p8_zm_esc_warden_organs_jar_01_0
001752D8DC53D5A7,jumpover
00186EDD29B9B823,tag_ammo_can
001873CC5B355935,s4_mp_custom_la_palpha60_base_stand_gun_butt_hit
0019608652C8624B,sdr_com_exposed_stand_ads
001A617DEF7498DB,dof_4_43_50_50
001A6BB1A648729C,trace_part_for_efx_water
001A847F3CC46A34,sdr_mp_execution_022_victim_laststand
001B313E93958500,ps_wfoly_plr_ar_akilo47_reload_06
001B333E93958866,ps_wfoly_plr_ar_akilo47_reload_04
001B343E93958A19,ps_wfoly_plr_ar_akilo47_reload_05
001B353E93958BCC,ps_wfoly_plr_ar_akilo47_reload_02
001B363E93958D7F,ps_wfoly_plr_ar_akilo47_reload_03
001B383E939590E5,ps_wfoly_plr_ar_akilo47_reload_01
001BE2E1F8712030,p9_zm_gold_crates_01_lod0
001CB669E6C9FABF,jog7alt
001D01BA93BEF437,EXECUTION_201
001D02BA93BEF5EA,EXECUTION_202
001D15D2F8E1F2C1,reargrip_leather_sh_becho
001D23D76322A9EB,hur_table_folding_medical_sheet_01_lod010v41bf800000
001F5D49574339EB,fe_operator_unlock_syd_01_face
0022139224F62E40,cap_01_top_jnt
00236E0F516E071E,tag_window_control
002386F94AE3A539,vm_lindia98_grip_00_pin
00264EAF912ED651,p7_zm_zod_vista_fire_escape_support_01_base_lod0
002941F78DF5E227,wm_m1golf_grip_00_lea
002ACEED64291585,p8_zm_red_dks_rock_shale_boulder_med_01_lod0
002B0E19132CC82C,bed
002B117CF1A14849,p7_zm_ctl_stone_wall_medieval_single_thin_02_lod0
002B77D6C5D0505B,fra_rain_gutter_x32_01_lod0
002B917BBD3AFBAA,wm_wecho_trigger_st_00
002B93AD5C8A7356,p9_usa_glass_brick_blocks_window_dividers_lod0
002BA44D635B25F3,p7_street_manhole_cover_03_lod0
002C464B5DE4B4EE,hide_jnt
002E1DD07B931BBC,surftype_flesh
002F41B91FEA46C0,tag_eye_right_animate
002FD482EEA72A9F,weap_m4_to_gl_plr
003049024C5DB143,p7_medical_surgical_tools_knife_lod0
0030F9E22B4A663E,p9_zm_tungsten_dark_aether_crystal_shatter_02_lod0
00317011123B1E26,p9_hue_light_fixture_flourescent_01_single_bulb
00327FDD622B9A01,p7_wes_rack_hat_mounted_wall_vintage_hook_lod0
003454A287017A88,s4_mp_facial_lucas_land_1
00349E01BAA818E8,dyn_19_hair_l_00
00349F01BAA81A9B,dyn_19_hair_l_01
0034A001BAA81C4E,dyn_19_hair_l_02
0034A101BAA81E01,dyn_19_hair_l_03
0034A201BAA81FB4,dyn_19_hair_l_04
0034A301BAA82167,dyn_19_hair_l_05
0034E606250D6E5E,right2shuffle
003542FC5F545FFD,p8_rock_chasm_rock_split_3_lod0
003556B3E910F264,vm_svictor40_grip_00_gra
003565B3E9110BE1,vm_svictor40_grip_00_grv
00356688311E82FB,p9_usa_fuse_box_electric_wire_02_lod0
003591DDFFBCA757,chute_38_jnt
00363F9E41E9B035,mkg_food_bag_burlap_stack_empty_02_lod0
0036A8C87D6B2872,chute_20_jnt
0036C987F0539065,p9_nic_palacio_rooftop_tarp_04_light
00370BE5C82AB3CC,j_knife_front1_le
00371B9FD5A41BE4,mp_stand_custom_reload_ar_scharlie_gl_launcher
003B39A05CD4E1FA,ar_accurate_bp_typhoon_desc
003B8A24F3525985,reflex_lens_01_mike97
003C39D1B700131E,dyn_crotch_guard
003C47C493D17448,dun_belongings_book_pile_03_snow_dyn
003CF55C376A7A13,s4_sdr_com_cover_crouch_walk_exit_2
003CF95C376A80DF,s4_sdr_com_cover_crouch_walk_exit_6
003CFB5C376A8445,s4_sdr_com_cover_crouch_walk_exit_4
003DE66D7BFC502B,bayonet_s4
003F1911196DA2CD,wm_moscar32_irons_s_00
003FC3F5D480C839,s4_mp_custom_lm_tyankee11_base_prone_reload_empty
0041315F31BED9D0,tag_tail_claw_left_animate
0041BB42BF9E6A62,wire01_loop1_jnt
0042E319134110FC,bb1
00441ADB181C1065,j_elevation
00447E35E02C821F,artillerysettings_ultimate_turret_wz
004526464D0E6C4D,sdr_mp_strafe_trans_shuffle9_shuffle1
0045BB0347E85D18,wm_luniform_receiver_102
00463C91F1EC65B6,reload_quick_empty_alt_weapons_s4_lm_mgolf42
004671022230C018,paintjob_stickers_tuxedolion_s5
0047171D7BF2E104,tag_trigger_guard2_animate
0048202F97234438,p7_zm_isl_table_operating_lod0
004B53DC5D227B61,tag_door_front_right_back
004BD4664527B772,c_t9_usa_pl_woods_conquer_desc
004C3994B24FF79C,cal_xl_127mm_moscar_up1_mtx_zm
004CF3DE26B4CE2B,wm_hybrid_stacked_00
004CFFBEF39C2FF1,weapon_first_raise_crouch_moving_weapons_s4_ar_chotel
004E38F413DBA275,sdr_mp_ges_tactical_spray_prone
004E8735E034E5EF,artillerysettings_ultimate_turret_zm
004F3CE22FCF3C80,j_keychain_1_le
00517E7DF2B92257,sdr_mp_aims_dblmg_circle_crouch_90_ads
0051B9630FD9CFE5,turn_crouch
0051D07BE262D251,p8_foliage_plant_areca_lrg_interior_lod0
005406BEBB282FEF,right_arm_jnt
00549EBB838EED73,ps_wpn_malpha96_plr_reload_magin_tac_akimbo_r
0054BCBB838F206D,ps_wpn_malpha96_plr_reload_magin_tac_akimbo_l
00550E194741461E,adjust_nonads_prone_weapons_s4_sm_wecho43
005573817E3A9AA1,wm_mike1911_barrel_l_101
00559926C21F5E55,back_bromeo37
00560CB822CD097B,operator_bundle_5018_baker_tracer
0056E44A239A2528,flash_hider_small_mpapa40
00575BEF46F92F2E,j_mane_lt_1_1_animate
005771C53B1EC7A0,p9_mal_curtain_rod
00577523ADC2BA7E,s4_mp_execution_lucas_01_victim_prone
0057BD3D9E376B2A,lightning_dist_rnr_loop
0057C784CCAF41EE,mkg_ancestor_altar_cup_lod0
005904D7CEE7D688,sdr_mp_addoff_prone_sn_delta_ads
005AB876B3C8FAB4,foregrip_handstop_tyankee100
005AF8C2F1A837F8,sdr_mp_aims_akimbo_circle_slide_90
005B12945824601B,rt_gate03_bck_6_jnt
005B6ECD5C8DCF6D,zm_intel_stat_list_darkaether
005BCDF300F384F5,p8_usa_covered_bridge_planks_small_02_lod0
005C22626BB11E70,sdr_mp_me_strafe_crouch_shuffle_start_8
005C23626BB12023,sdr_mp_me_strafe_crouch_shuffle_start_9
005C2B626BB12DBB,sdr_mp_me_strafe_crouch_shuffle_start_1
005C2C626BB12F6E,sdr_mp_me_strafe_crouch_shuffle_start_2
005C2E626BB132D4,sdr_mp_me_strafe_crouch_shuffle_start_4
005C30626BB1363A,sdr_mp_me_strafe_crouch_shuffle_start_6
005C31626BB137ED,sdr_mp_me_strafe_crouch_shuffle_start_7
005CD58229C09789,tag_candle_animate
005DA84DD1399401,s4_ger_shelf_binder_01
005FA1EBFA741087,p7_fxp_debris_wood_splinter_large_lod0
00610E638BADAE52,reargrip_stippled_tactical_light_sm_thotel
00621CF5A1285E1B,crouch_sm_augolf
006230141C2A537D,p9_sr_evidence_armada_calendar_01a
0062440E40A35BF1,hammer_cocked
0062489FCAC95B27,reb_stl_trans_pstl_exposed_walk_to_alert_walk
0062E8C80FB7D227,tag_panel_left_connect
006325B4C9FC0A77,snprscope_strong_jpn_offset_hyankee44
00673DB26384DADE,s4_mp_addoff_sm_mpapa40_base_crouch_ads
006818F5FBB398E4,scene_frontend_t9_barracks
0068B992D151909D,p7_clipboard_01_wpaper_lod0
006A0DA995AF183D,reload_empty_prone_alt_weapons_s4_sm_tyankee100
006A4758DD2A4AB0,vm_owhiskey31_grip_00_htc
006B7B89AA9C8134,wm_sm_tyankee100_brake_base_00
006BDF5C3F60DB28,glob_stage_07_to_09_g_scale_jnt
006C1FE0CAE258EB,j_hindfore_ri
006CA06742C033B7,mp_stand_custom_fire_ar_akilo47_weapon
006CD145C4F5CE9E,p7_escalator_01_rail_left_12_lod0
006D5BE3511BF50F,straight_64_low
006D6956F8550F58,tag_tophat_animate
006E94F102A6A998,tag_rotor_arm_right_null
006F96315C118080,p7_cai_apt_couch_ottoman_lod0
006FE32E2901D010,tag_right_string_01
006FE62E2901D529,tag_right_string_02
0070489939C63835,change_fxid
007063F79E484620,foliage_s2_aus_pine_tree_fallen_trunk_side_lod0
007098EC0D3C8CE5,plastic_02_jnt
0070F7C8F6EA8E21,tag_cable_01_all
0071B392F588DA0B,p7_jun_stone_wall_lod0
0072FFF629CA9BBF,j_chain_front_1
007300F629CA9D72,j_chain_front_2
007301F629CA9F25,j_chain_front_3
0073F7BD3C59BE50,bla_dirt_clods_05_lod010v41bf800000
0075B38C82492B3B,lobby_charslot_01_dog
007642BC1745935B,p8_zm_nuk_brokenglass_window02_lod0
0077D6A23406E250,tag_tip_air_le_blade1
0077D8A23406E5B6,tag_tip_air_le_blade3
0077D9A23406E769,tag_tip_air_le_blade2
0078C03402D75177,supportfoundation_01_lod0
00791B83CB01C9B8,j_handle_on
0079F79EA1CA1D0F,tag_landinggear_back_right_actuator4_aim
007A1562065F6550,BUNDLE_4001_TITLE
007AD8DD137EFBBB,iw8_ar_asierra12_shotgun
007C1EEAAD8AE3E7,detach_clip_left
007D29B7C9F3498A,j_ear_b01_le
007DD0B06DE5E910,codcaster_fieldupgrade_notification
007E2BC15E8BB0F0,j_glowstick1_ri
0080BD7FB8496CF4,s4_mp_custom_sm_aromeo43_base_stand_ads_reload_empty
0080C3049C0A3E8B,tr_damagesemi_bp_six_desc
0080DD36CAC042A8,right9sprint
008160C98FDE09B3,teethlowerup
00819A442538C002,p8_food_vegetable_carrot_group_box_full_lod0
0081C0D5CF1E4BA0,bone128
0081C1D5CF1E4D53,bone129
0081C8D5CF1E5938,bone120
0081C9D5CF1E5AEB,bone121
0081CAD5CF1E5C9E,bone122
0081CBD5CF1E5E51,bone123
0081CCD5CF1E6004,bone124
0081CDD5CF1E61B7,bone125
0081CED5CF1E636A,bone126
0081CFD5CF1E651D,bone127
0083952695C4A220,umbrella_top_102_jnt
0083E3FD167273C5,scriptable_s4_rus_crate_potato_01
00844EDB798F5F36,p8_wood_beam_generic_01_seaside_lod0
00849256E10A9288,sdr_mp_parachute_scrub_legs
0084A3AF422E48B0,reload_quick_ads_alt_weapons_s4_sm_ppapa41
0084E6A87FFC1F5C,p9_window_blind_mid_half_32_btm_lod0
008545D5CF216376,bone139
008546D5CF216529,bone138
00854BD5CF216DA8,bone133
00854CD5CF216F5B,bone132
00854DD5CF21710E,bone131
00854ED5CF2172C1,bone130
00854FD5CF217474,bone137
008550D5CF217627,bone136
008551D5CF2177DA,bone135
008552D5CF21798D,bone134
00862C8C5FF042FE,physicsquery_closest
00864A2E8E0A5D05,mag_guniform45_pack_zm
00866B2DD51758A0,vm_tyankee100_grip_sk_00_pin
00884CD5CF23A532,bone108
00884DD5CF23A6E5,bone109
00884ED5CF23A898,bone106
00884FD5CF23AA4B,bone107
008850D5CF23ABFE,bone104
008851D5CF23ADB1,bone105
008852D5CF23AF64,bone102
008853D5CF23B117,bone103
008854D5CF23B2CA,bone100
008855D5CF23B47D,bone101
008901209E1E8335,s4_zm_wm_leta_gen_satchel_charge_radio_detonator_00_mesh
0089623D26408BD5,tag_body_window
008ABB4F1D0DBB71,reload_prone_weapons_iw8_rocketlauncher
008B7051DFD11FDB,gumball_rounds_shiny_04_jnt
008BB9D5CF269440,bone111
008BBAD5CF2695F3,bone110
008BBBD5CF2697A6,bone113
008BBCD5CF269959,bone112
008BBD6912B84A35,wm_asierra44_stock_rs_00
008BBDD5CF269B0C,bone115
008BBED5CF269CBF,bone114
008BBFD5CF269E72,bone117
008BC0D5CF26A025,bone116
008BC1D5CF26A1D8,bone119
008BC2D5CF26A38B,bone118
008D5302D8EE1F56,WEAPON CONTROL GUN
008E712A4DE9F49F,j_coat_side2_ri
008EA57FF8F90D9C,t9_charm_sneaker_faze_sy_desc
008EC450424AFE72,p9_rm_exp_building_parking_lot_vista_lod0
008EE271EC3385F8,veh_t9_mil_ru_tank_t72_mpx_jungle
008EFBC91FE4F729,pain_burning_exposed_crouch
008F29D8A3F96108,p7_zur_spire_wall_metal_vent_open
0090A251475885C8,pc_reload
00918CCEC71C1E85,mag_ptango41_zm
00918D2A9E3BE3BE,wm_gecho43_grip_sk_00_htc
0092EA710AE613E4,cp_zod_red_star_tr
00937EB4C251D7ED,p8_spa_well_lid_hacienda_metal_01_lod0
0094573C907C3C6E,p7_cai_street_sidewalk_old_04_paver_broken_04_lod0
009574DED6354E46,leg_le_3_4
009575DED6354FF9,leg_le_3_5
009576DED63551AC,leg_le_3_2
009577DED635535F,leg_le_3_3
009579DED63556C5,leg_le_3_1
0095B613FF2B306B,smg_standard_cb_bp_cia_desc
0095ED323B73D838,foregrip_steady_wecho43
0095F5A1E3C26E4F,rottweiler_j_mainroot
009635914823FF0D,j_pouch_le_dyn
009644D5CF2FD4F6,bone148
009645D5CF2FD6A9,bone149
00964AD5CF2FDF28,bone142
00964BD5CF2FE0DB,bone143
00964CD5CF2FE28E,bone140
00964DD5CF2FE441,bone141
00964ED5CF2FE5F4,bone146
00964FD5CF2FE7A7,bone147
009650D5CF2FE95A,bone144
009651D5CF2FEB0D,bone145
009679FD6300AEFF,p9_fxanim_rus_ship_davit_01_lod0
00980CACDD4ED025,s4_mp_custom_sm_wecho43_base_prone_gun_butt_hit
00992A675B0E5695,ui_models_frontend_inspection_rank
009952D5CF322297,bone150
009A9FC656CFC164,p8_aut_vista_buildings_03_chimney_lod0
009AAC1DEAA5E74B,alert_react_lookaround_fl
009AE65A351AE11D,trans_2_ads_crouch_weapons_s4_sm_ppapa41
009BD9AFCE13E272,air_to_laststand
009D40F2EBB19D46,j_shirtflap2_ri1
009D4B1797E722B0,weapon_model_change
009D5BD268829742,cal_lg_xmag_hyankee44_up1_pack_zm
009DE3B7AF6941FD,dyn_leg_strap1
009E345CCC2B9847,warzone_reload_on_press
009EA992DC49C644,blendspace_alias_slide_forward_trans
009F349249CD031A,tag_body_window_bar_right
009F810D6D434A5B,hue_macv_armory_shelving_metal_01_lod0
00A024923032DDCE,callingcards_vts_29_desc
00A07C0CD8FF9229,tag_gun_barrel_base_animate
00A1B88035060349,p8_kit_zt8_thi_01_beam_01_basic_painted_metal_64_01_lod0
00A21CEFCCFCFC52,sdr_mp_crouch_lower_2_back_l_killstreak_remote_device
00A2B3E30C0E277D,reload_quick_prone_weapons_default
00A3B704D3B9CD20,p7_light_sconce_vintage_01_lod0
00A43DB4E21D2F76,chute_68_jnt
00A49401137CB380,tag_flash_le
00A4E501137D3D23,tag_flash_l4
00A4E801137D423C,tag_flash_l1
00A4EA01137D45A2,tag_flash_l3
00A4EB01137D4755,tag_flash_l2
00A7E30882E7E84B,vm_mpapa40_stock_sp_106
00A7E80882E7F0CA,vm_mpapa40_stock_sp_101
00A8755E24AE4F37,dof_3.4_80_100_100
00A8EBDC83F978F1,SHOTGUN_FULLAUTO_BP_BLUE_DESCRIPTION
00AA0197C2ECF083,ps_mp_execution_shigenori_laststand_bladepull
00AA6407AE2D46E4,sdr_com_cover_right_crouch_pain01_head_md_r
00AA6A07AE2D5116,sdr_com_cover_right_crouch_pain01_head_md_l
00AA7407AE2D6214,sdr_com_cover_right_crouch_pain01_head_md_b
00AAE5D0E2DB6319,iw8_acc_attach_face_digital_o_big
00ABC4BD969686C5,c_t9_usa_pl_woods_dope_desc
00ABCA878AEAB502,SMG_CAPACITY_BP_PINK_DESCRIPTION
00AC04CF9BD1E73D,tag_trigger_guard1_animate
00AC0B98ABE769FB,s4_mp_custom_me_pushdagger_base_prone_putaway
00AC41B7CA1AE314,j_ear_b01_ri
00AC573C1D7B2E50,zipline attach beam to hand
00B0575DB9FE6A7E,reargrip_fabric_pi_wecho
00B075B64F6C2D12,callingcards_precise_headhunter_s5
00B1347F984C379B,s4_mp_execution_generic_leprechaun_01_victim_stand
00B136426876C737,callingcards_s3_vts_28_final
00B30888BD5662EE,wpn_t8_bo_parachute_world
00B3260EE7C78B29,s4_fra_gargoyle_spout_01
00B3851DB496305F,p7_zm_asc_pipes_modular_connector_lod0
00B5AE91AA3CAC9A,vm_mike1911_irons_s_00
00B5D20265F1680F,tag_hinge_top_animate
00B5E8F258C4D978,irons_mid_thotel
00B832B51B67620B,folder_k_01
00B833B51B6763BE,folder_k_02
00B89238595359AB,weapon_lower_freefall_weapons_any_me
00B9C59562AAC1CA,debris_shell_casing_floor_pile_06
00B9E9B6E168B00A,door_small_1_jnt
00BBBA385955D37A,weapon_lower_freefall_weapons_any_la
00BCB8A7FF1C7C52,bottle_fluid_scale_02_15_jnt
00BE31756957CACD,ar_fastfire_bp_arcade
00BF3D3837BF2473,t9_charm_mtop_desc
00BF48B201F7F0BF,ee_periph_stpetersburg_building_mp_06_lower
00BFF829D6E0041E,p9_rus_siege_usa_jet_f4_phantom_des_tail
00C039FE65F6F3D2,s4_mp_custom_eq_deployable_cover_crouch_prepare
00C1035F5A6AFAFB,callingcards_doritos
00C1BF1418B77AED,shotgun_semiauto_bp_voodoo
00C3644E6E25E9E3,sdr_mp_stand_custom_empty_reload_pi_decho_akimbo
00C3EE1CABBC8E85,vm_tyankee100_grip_fs_00_grv
00C3F71CABBC9DD0,vm_tyankee100_grip_fs_00_gra
00C4C7DB71B641D7,reargrip_fabric_reinforced_mr_moscar
00C4C82814C1675A,usa_barracks_coat_05_lod0
00C69F38595FAD1E,weapon_lower_freefall_weapons_any_ar
00C6A4ACD13E2A16,ai_s4_zm_zombie_juggernaut_stand_idle_react_2_v01
00C7046F9A7CCF65,upl_they_uplink
00C783E8BAFC26A0,multi_gumballs_02_jnt
00C86E362DB28C0D,AR_MOBILITY_BP_MUERTE_DESCRIPTION
00C88CEBC8D279D6,adjust_nonads_crouch_weapons_s4_sn_svictor40
00C8957ABEA1C14D,sdr_com_exposed_crouch_pain02_shrt_rleg_md_2
00C9F83972F3A24C,p8_zm_gla_cel_foliage_mushroom_patch_lrg_02_lod0
00CC45B26A989275,usa_medical_supplies_pouch_closed_01_lod0
00CCC4D810939099,j_bandana_arm1_ri
00CDA31CA551C9A7,p8_cai_planter_wood_med_lod0
00CDC3E154911F16,vm_stango5_mag_x_00
00CE006584D35352,BUNDLE_4050_DESCRIPTION
00CEEFF310D31107,p9_zm_tungsten_guide_sign_magicbox_lod0
00CEFB9DA9E739C0,j_front_ri_parts_01
00CEFD9DA9E73D26,j_front_ri_parts_03
00CEFE9DA9E73ED9,j_front_ri_parts_02
00CFD091F2463BC2,sdr_cqb_pstl_lean_l_fast
00CFE6EB09129DF0,j_rope_050_animate
00D0AD68CCEBCAED,p9_rus_kgb_glass_shard_06_lod0
00D14FE0CB37AAAD,j_hindfore_le
00D23CD2F4D78CE5,wire_spark_03_jnt
00D5EA4F83B7C7CA,atango_face180
00D60BC15ED5F066,j_glowstick1_le
00D75B4D529B1463,p9_mal_car_raffle_pad
00D868458D52A930,alias_blendspace_move_turn_lean_sprint_melee
00D8792A4E283AB1,j_coat_side2_le
00D893FDADC4F871,j_keychain1_le
00D8CE1D413BF484,tag_door_r_02
00D8CF1D413BF637,tag_door_r_03
00D8D11D413BF99D,tag_door_r_01
00DA0E2F924DC599,wrist_watch_t9_s2_analog_caiman
00DB4E5227830626,flash_hider_small_ttango33
00DBA8E768ADEC66,language_restart_options
00DC88B70DD1C7FF,tag_wheel_front_aim_target
00DE571C25940F49,p7_debris_concrete_rubble_lg_03_no_metal_flat_edge_03_lod0
00DE9FC760F831BA,reargrip_granular_marksman_ar_balpha
00DEEB5F54296ED7,p9_vnm_rock_river_stone_09_lod0
00DF4105FE3E3871,aac_statue_theater_01_lod0
00DF536A12145EBA,s4_mp_custom_me_sledgehammer_base_prone_inspect
00DF54B8C9884E38,weapon_first_raise_stand_weapons_s4_lm_tyankee11
00E01570C6DE9DA6,p8_debris_glass_shards_03_lod0
00E01F6630D706E7,irons_lrg_thotel
00E07D6E17E68596,p9_zm_ndu_christmas_lights_04_lod0
00E1F20113B10158,tag_flash_r3
00E1F30113B1030B,tag_flash_r2
00E1F40113B104BE,tag_flash_r1
00E1F90113B10D3D,tag_flash_r4
00E33746F344AD59,wm_moscar32_grip_hv_00_grv
00E34846F344CA3C,wm_moscar32_grip_hv_00_gra
00E43AE055AFF0E4,blendspace_alias_sprint_pistol
00E45D501A397CA1,j_claviclecenter_proc
00E583B0EDA39E33,silencer_heavy_small_luniform08
00E799E222DD3A61,foliage_s2_aus_pine_tree_groundbranch_clump_01_b
00E7C4D6003A68FD,umbrella_base_147_jnt
00E8E0907B161F59,tag_sight_front_base_on
00E95B238EE2562D,snprscope_strong_jpn_offset_kgolf40
00EAFA838C8B81A0,foregrip_balanced_hyankee44
00EAFE017D0820D8,alchemy_flask_tube_liquid_02_jnt
00EB307D31DA14C0,tag_chain_a_02_animate
00EC095E559BA7F3,vm_becho20_grip_mk_00_tap
00EC878750219B58,par_window_shutters_02_large_l_lod0
00ECEA984AA8AEE2,j_snake_btm_end
00EE936C7EA44871,death02_viscera_01_15_jnt
00EF2D21047B8405,tag_wheel_front_left_spin1
00EF46ABC170FD44,reload_empty_prone_alt_weapons_s4_sn_malpha1916
00EF65BFD2578985,s4_rus_apt_stairwell_rail_corner_round_01
00EFCD93C2D00071,p8_cas_towel_kitchen_folded_lrg_lod0
00EFD65B4EBF0554,longrun
00F0C83E0C3126B6,wm_sm_thotel_brake_cp_00
00F12FC4E5D8BDF7,ar_fasthandling_bp_tiger
00F1BA3F59791879,j_bag_rear2_ri
00F579FEEBF2F777,ps_br_plate_armor_equip_insert_npc
00F5BEA7784391E9,p8_trophy_school_emblem_cup_lod0
00F6507673CB136A,wm_voscar_grip_sk_00_gra
00F65B7673CB261B,wm_voscar_grip_sk_00_grv
00F6DF797B8A4E1E,syphoncore_intro
00F700A9F4D2EFFA,zm_elo_reticle_2_r
00F701F412C0BA36,rus_ammo_pouch_01_lod0
00F7AB2C49B4D7DE,j_bandana_ri_driver
00F7D4B23B70E41A,ropedrop_bone_07_jnt
00F8422F571133BE,reflex_lens_01_forward_gecho43
00F8D23F597F5FEF,j_bag_rear2_le
00F9B3A3AD3242B5,MouthRight_03_L
00FBA6FF15F8B738,HORN_COUNTDOWN
00FBB4110F04F932,p7_wes_wanted_poster_01
00FBE2A38D482323,vm_mike97_mag_104
00FC457F49E0F0C4,iw8_fire_sm_beta
00FE7DE890F050BF,COLDFUSION
00FEAB0CD16332F8,j_rt_throttle_handle_animate
00FF303B87FC34C8,fmags_aromeo43_pack_zm
00FF79E4A25753A9,sdr_mp_stand_nvg_on_airdrop
00FFC1AF40BBFC20,tag_gear_front_support_strut_outer_aim
010013538D1D1189,sdr_mp_me_pain_stand_lleg_fr_01
0100A355CAE9221C,tag_glasses
0100A8F97B3A6779,melee_axe_bp_berserker
01015DB196E85F24,p8_wz_skt_paint_can_lod0
01031FA86B8B5F1F,veh_t9_mil_ru_truck_light_mpx_warthog_desc
01038B3859933940,weapon_lower_freefall_weapons_any_sn
0103913859934372,weapon_lower_freefall_weapons_any_sh
0103C41137FD2D6F,sdr_com_traverse_walk_jump_across_90r_intro
01042D09D48D5B39,t9_charm_parachute_soldier_desc
010581D1970DF75D,p7_ban_north_tribe_banner_hanging_gem_lod0
0107735423EAFE3E,paintjob_stickers_s3_empire_shotzzy_base_sy
0107AD2D04108A43,p9_debris_brush_coca_01_cluster_05_lod0
0107B4055CEEE5C6,p8_zm_red_dks_rock_shale_boulder_med_02_lod0
0107EDAF3772E4BC,j_belt_r_01_dyn
0108D380AEE204E5,grunge_corner
0109412F918286B4,p8_kit_ice_gutter_downspout_128_lod0
0109FD834A184EAD,tag_select_fire_animate
010A078929C997E7,stream_02_jnt
010A615423ED157F,paintjob_stickers_s3_empire_shotzzy_base_pc
010AB9EC42FEB408,reargrip_bakelite_heavy_ar_balpha
010D30C8347E07F9,reflex_nydar_00_ppapa41
010D34FBF5F1B523,adjust_ads_vehicle_weapons_s4_la_palpha
010EBA7EE0B96D63,band01_lod0
010EDC68B6C14A2D,damage_bevl_corner_concrete_02_lod0
010EF659921E53A3,dof_2.8_25_500_500
010F157E62F5A5D3,window_03_shard_25_jnt
010F3B82F2528271,sdr_mp_additive_lm_dblmg_juggernaut_mantle
010FC73BEB64339A,p8_office_wall_paneling_corner_lod0
0110FDC7BE0C6819,bsh_wire_set_21_lod0
0111219CFBECEE55,dyn_l_pantrope
01113829D984441A,quote_we_dont_rise_to_the_level_of_our_expectations
0112A679CBB811A9,BUNDLE_4019_DESCRIPTION
01133F2CF92B4927,p9_sr_evidence_board_wire_01
01143591AED187B2,mag_tyankee11_zm
0114457EC85628A4,wm_sh_lindia98_brake_cp_s_fl_00
0115DA48D65FD336,dyn_left_02_skirt1
011620CD639D82CD,bar_md_stealth_chotel41
011689C60F3FE900,vm_moscar32_grip_ws_00_rub
011780091FBB5B64,p8_cai_havana_garden_wall_lod0
0118A86740966BC8,p8_col_oven_kitchen_lod0
01195CFAFB6C01D4,hm_grnd_grn_stairs_purpose_down_8x20
011B368FCC0E62E1,to_cover_right
011BFF78CFCF7680,t9_charm_jungle_trap
011D2FB3518F8453,patrol_turn
011E3E1D2F58EB53,stock_tactical_light_aromeo43
011E551144141105,sdr_com_cover_right_crouch_pain01_head_md_b_to_hide
011EA76D505D582A,mp_frontend3
011EAFA9CEE9470D,sdr_mp_prone_trans_2_nonads_sn_alpha50
011F69598EFF661E,SNIPER_STANDARD_BP_BEACHCOMBER_DESCRIPTION
011FC1F2BC10CE3A,dyn_kettle
011FDF5B49189459,adjust_nonads_stand_weapons_s4_sm_thotel
011FE602A896FFF3,p8_wmd_barbed_wire_05_snow_lod0
01202CFC8062D2C4,adjust_ads_stand_weapons_iw8_sn_crossbow
01204FD9A633E198,callingcards_master_special_nailgun_mp
0121531735C40F43,p7_zur_coffee_bag_02_lod0
012326D7F74455CF,lamp_shade_broken
0123CEFAFB75180F,hm_grnd_grn_stairs_purpose_down_8x10
0123D0FAFB751B75,hm_grnd_grn_stairs_purpose_down_8x12
01246AE8A96DC3F7,j_smokegrenade2
01246BE8A96DC5AA,j_smokegrenade1
012735A7A681F8EC,tag_bomb_hatch_r
01274BA7A6821E4E,tag_bomb_hatch_l
0127F5BAE25025C8,ar_fastfire_bp_stamp
012835B652A742F5,gumball_activated_swirl_31_jnt
0128EDD82DEDCABA,bar_sh_fluted_aromeo43
01295351E1F2C34E,xmags_malpha7_zm
012C424CDA164E76,0.858824 0.509804 0.858824 1.0
012D4BDE130B2EAA,tag_panel_trim_rear_left
012D6A4F2B39DB0F,wm_ppapa41_grip_rs_00_stp
012DE764A891FF21,p8_vista_ac_unit_01_lod0
012E3FB99DDD04C4,ps_ht_boss_smtobj_lean_table_hand_l_36_react_2_02
012E42B99DDD09DD,ps_ht_boss_smtobj_lean_table_hand_l_36_react_2_01
0130D0BE465490E8,p9_rus_street_victory_banner_02
0130D1BE4654929B,p9_rus_street_victory_banner_03
0130D3BE46549601,p9_rus_street_victory_banner_01
013283C9E9D8C698,weapon_raise_quick_freefall_weapons_default
0132BEFDF1DB8977,adjust_nonads_stand_weapons_s4_ar_bromeopg
01337A7FC8785E6C,last_stand_default
0133D942639F5ACF,s4_mp_execution_famine_01_attacker_prone
01345C4D9178B42E,j_thenar_web_thumb_le
01364712049EDF20,tag_bipod_up_animate
0136902D05E235A4,s4_mp_addoff_ar_voscar_base_mount_left
0136FFD01E2E6B3F,adjust_nonads_freefall_weapons_s4_sm_mpapa40
01397926C2E1203A,back_bromeopg
013A019D5798ED5A,p8_wz_light_garland_straight_64_lod0
013A64CEB7445F54,weapon_lower_prone_weapons_s4_me_leiomano
013B0D14F4F3AED2,t9_charm_oni_mask_desc
013B3FE8733ED3F2,p8_ceramic_tile_infirmary_broken_04_lod0
013C7C3125778529,tag_sims_compass_ri_01
013D528661001483,bipod_s4_fecho
013DF7DA869FFA22,adjust_mount_right_weapons_s4_ar_voscar
013E737D754311FD,j_tassels_side4_le
013E98F20E479D21,komodo_j_helmet
01402538F5C658E7,hide_to_a
01402638F5C65A9A,hide_to_b
0140A51881AA89D3,p7_debris_concrete_rubble_lg_03_no_metal_flat_edge_01_lod0
0140F4C0CE5FB509,wm_bromeo35_irons_s_00
01410503E95E85BB,damage_part_died
0141BC3AB118D376,dyn_helmet_strap_04
0141BD3AB118D529,dyn_helmet_strap_05
0141BE3AB118D6DC,dyn_helmet_strap_02
0141BF3AB118D88F,dyn_helmet_strap_03
0141C13AB118DBF5,dyn_helmet_strap_01
01421868FFACEEB8,tag_cv_jnt_lwr_lf_spin
01424EEB7FFFC5FB,cover_right_crouch_blindfire_over
01445CB22638BC89,callingcards_mw3_0006_money_4_desc
014472D367A0B631,ground_turret_dismount_begin
01452AAC4B30FA39,p9_rus_bank_teller_windows_concrete_double_lod0
0145837D75494BDB,j_tassels_side4_ri
0145C46A1EF676D4,emblems_codename_13_animated
0145F8F8C52A0511,reargrip_stippled_short_sm_stango5_v205
014610DB3060D758,s4_camo_07a_zm
0146499294FE7F9D,s4_rus_medical_iv_cable_01
014707042D10AAF4,pf696_auto6
01483CEA05ED31D7,s4_mp_addoff_sm_aromeo43_base_stand_nonads_noleft
014A4A0853822C23,rope_11_jnt
014AA34F5F2E98A1,jump_down_56_norestart
014C682392389C35,s4_fra_wood_framing_64_05_dust
014C7A83A7017EFF,j_hair1_ri
014D146771E1E50B,reargrip_stippled_sniper_slow_mr_moscar
014EAF82612AF88B,p8_foliage_plant_agave_deserti_lrg_lod0
014F6E0260ABB8BA,p8_wmd_barbed_wire_06_snow_lod0
0150A5C37AAA8E90,crouch_s4_eq_field_mic1
0151FE5D1583B6CB,rocket_01_r1
0152FFB4C79C9C58,vm_becho20_grip_sk_00_gra
015316B4C79CC36D,vm_becho20_grip_sk_00_grv
01536376EF2B01C1,reload_quick_alt_weapons_s4_sn_malpha1916
0154BEF9D7DB8562,sdr_mp_addoff_crouch_ar_mike4_nonads_noleft
01556BB5D52AD680,aac_hotel_restaurant_table_01_lod0
0155D34233697ED0,tag_arm_lt_lower_string_04
0155D44233698083,tag_arm_lt_lower_string_05
0155D459900F6A02,s4_mp_addoff_sm_aromeo43_base_crouch_nonads
0155D54233698236,tag_arm_lt_lower_string_06
0155D94233698902,tag_arm_lt_lower_string_02
0155DA4233698AB5,tag_arm_lt_lower_string_03
0155FFC301117725,dty_rad_expand
0156E1D410C093E1,p9_usa_afo_plane_fuselage_frame_top_btm_01_lod0
01572F235C703A32,detach model client
01573B1C3D81A5D7,breacher_sd_hvo
01589FC920C7EDA2,j_leaf_01_rot_animate
0159D23B23EF2E20,hybrid_stacked_balpha
015A9C66820CC793,xxlmags
015BDCB1EB21E010,callingcards_eventhorizon_s6_desc
015D7DA8DED064C0,s4_mp_addoff_ar_balpha_base_mount_left
015E5699A81F20B3,segmented_reload_end
015EBC1357027AA0,ps_zmb_goblet_toss
015FD697AF209413,s4_acc_attach_watch_band_75_guerrilas_large_ms
0161B775306463BC,aac_cardboard_box_04_lod0
0162D3578641D0A9,ATTACH_T9_CHARM_MARR_MALE_DESC
01633363134AA4EE,sdr_com_exposed_prone_twitch02@2
01633463134AA6A1,sdr_com_exposed_prone_twitch02@3
0164E5BD770300C3,s4_mp_custom_sm_stango5_base_stand_gun_butt_hit
0166D12DAE962D70,weapon_first_raise_stand_weapons_s4_sm_thotel
016735CCC7068764,pipe_4in_cast_iron_bracket_close_01_gray_lod0
0167B38EA510CF0B,sdr_mp_mantle_on_back_weapon_up_far_low_b_akimbo
0167BD8355D31C6C,vm_tyankee11_grip_s_00_bkl
016829461FD3485B,j_charging_handle_axis_4
01682C461FD34D74,j_charging_handle_axis_1
01682E461FD350DA,j_charging_handle_axis_3
01682F461FD3528D,j_charging_handle_axis_2
0168C99CBABFACC0,sdr_com_exposed_prone_jog_arrival_r_9
0168CA9CBABFAE73,sdr_com_exposed_prone_jog_arrival_r_8
0168D19CBABFBA58,sdr_com_exposed_prone_jog_arrival_r_1
0168D39CBABFBDBE,sdr_com_exposed_prone_jog_arrival_r_3
0168D89CBABFC63D,sdr_com_exposed_prone_jog_arrival_r_6
016A91A9E9FAD041,AR_DAMAGE_BP_BATTS_DESCRIPTION
016AD704FC5CB0AC,left_leg_off_frozen
016B447E23780975,sdr_com_exposed_stand_death03_lowerbody_lg_2
016BF8D3937047C2,shard_07_jnt
016C890A80010CAD,ps_wfoly_plr_pi_cpapa_charge_raise_01
016CA1CDE2D5C7C6,umbrella_top_074_jnt
016CA40AE9465EBE,p9_foliage_plant_cycas_revoluta_sml
016D81542441C93A,paintjob_stickers_s3_empire_shotzzy_base_ms
016E7F982EDC4D5C,s4_mp_custom_sh_becho20_base_crouch_moving_trans_2_nonads
016EFB5C0794AF4F,tag_wing_left_inner_flap_upper_a
016EFC5C0794B102,tag_wing_left_inner_flap_upper_b
016EFD5C0794B2B5,tag_wing_left_inner_flap_upper_c
01743AC0B24EAF52,p9_mal_metal_table_01_lod0
0175C13CCDC8D3E0,j_alien_arm05_2_pba_animate
0175D1EE0DAAD29E,ps_mp_potm_generic_hits_01
0176D11B74457790,ps_exec_lion_01_stand_hit_01
0176D31B74457AF6,ps_exec_lion_01_stand_hit_03
0176D41B74457CA9,ps_exec_lion_01_stand_hit_02
0176D61B7445800F,ps_exec_lion_01_stand_hit_04
017744E8BC2788BE,woman_
0177F392ADC3287C,sdr_com_trans_exposed_stand_pstl_to_cover_left_stand03_8
017AD3B57CCF36DE,blendmap_mask_23_2
017B241E2A80CB58,tag_sideskirt_right_04_animate
017B50A1C8AECE3F,wm_balpha_grip_tape_sp_00_htc
017BF4DA9C7EE3F5,ai_s4_zm_zombie_base_walk_ad_v04_pain_chest_f
017C71A9919D91F2,s4_mp_execution_pestilence_01_victim_laststand
017CB9D3282E7E54,umbrella_base_063_jnt
017D2FF5A6EAA45E,tag_fast_mag_attach
017DE5FE945A563A,EMBLEMS_CROC
017F2C4D91B84E18,j_thenar_web_thumb_ri
01810A75F7F24F75,fire_stand_nonads_weapons_s4_ar_stango44
01816E496BEBBB06,acog_medium_malpha7
018341451B00966E,p7_medical_rolling_iv_drip_lod0
018364F46247C576,reload_quick_empty_prone_alt_weapons_s4_sn_kalpha98
0183D45003D64091,reargrip_rubber_marksman_mg_bromeo37
018593357260702A,p8_food_fruit_orange_cap_crate_dmg_lod0
0187B25C71DDBAEA,hybrid_stacked_forward_kalpha98
0188B71C66174FD8,emblems_cdl_la_emblem_1_sy_base
018BD27EF27BFE68,j_gun_le_end
018C06948EC82431,rt_tent02_02_jnt
018DBF9FA3DB3EC9,tag_screen_top_right
018F9796D438BF75,s4_sdr_com_exp_crouch_ar_back_to_pistol
01900A64648CBDF4,live_ragdoll_stop
01900E3737AA4730,sdr_com_cover_crouch_pstl_run_exitfull_4
0190103737AA4A96,sdr_com_cover_crouch_pstl_run_exitfull_6
0190113737AA4C49,sdr_com_cover_crouch_pstl_run_exitfull_7
0190133737AA4FAF,sdr_com_cover_crouch_pstl_run_exitfull_1
0190143737AA5162,sdr_com_cover_crouch_pstl_run_exitfull_2
0190153737AA5315,sdr_com_cover_crouch_pstl_run_exitfull_3
01901B3737AA5D47,sdr_com_cover_crouch_pstl_run_exitfull_9
019063E21602CF0C,s4_mp_custom_ar_m1golf_gl_stand_in
0190858B73F186B6,p7_ban_south_tribe_decor_hose_b_lod0
0190DC379F9BF684,p9_zm_tundra_intel_documents_inspect_farrukh_01_lod0
01919CCD64990E42,p8_foliage_plant_areca_lrg_lod0
0192369F1E023C3A,trans_2_ads_crouch_weapons_s4_ar_chotel
01924FDE717A1764,p9_corrugated_wide_wall_01_128h_64w_01
01934B3208F6ADB9,iw8_fire_sn_sksierra
0193985189D7C9A8,wm_acog_offset_r_105
019415F2262121C7,reargrip_pine_pi_malpha96
019461B1CD27069A,pf690_auto6
01955D8D38FA853B,fire_stand_nonads_weapons_s4_lm_dpapa28
0195E56EA93C5F8F,trans_2_nonads_stand_weapons_s4_pi_ttango33
019688CDAE5E5B72,p9_rus_ship_raft_boat_strap_cover_lod0
0197112D0D6C42D5,stem_08
0197122D0D6C4488,stem_07
0197132D0D6C463B,stem_06
0197142D0D6C47EE,stem_05
0197152D0D6C49A1,stem_04
0197162D0D6C4B54,stem_03
0197172D0D6C4D07,stem_02
0197182D0D6C4EBA,stem_01
01978283A7417811,j_hair1_le
0197AE4F2BE22CC2,sdr_cqb_exposed_pstl_shuffle_arrival_l_8
0197AF4F2BE22E75,sdr_cqb_exposed_pstl_shuffle_arrival_l_9
0197B04F2BE23028,sdr_cqb_exposed_pstl_shuffle_arrival_l_6
0197B14F2BE231DB,sdr_cqb_exposed_pstl_shuffle_arrival_l_7
0197B24F2BE2338E,sdr_cqb_exposed_pstl_shuffle_arrival_l_4
0197B44F2BE236F4,sdr_cqb_exposed_pstl_shuffle_arrival_l_2
0197B54F2BE238A7,sdr_cqb_exposed_pstl_shuffle_arrival_l_3
0197B74F2BE23C0D,sdr_cqb_exposed_pstl_shuffle_arrival_l_1
0197E4BD46CA71B8,TR_LONGBURST_BP_OPULENCE_DESCRIPTION
019892D3D2871A7C,blendspace_backward_crouch_to_prone_transition
01997147A6081FF2,dyn_stock_root
0199AF985E0699F6,ammo_frangible_pistol_mtx
019A3074B0327ED9,sdr_mp_strafe_crouch_fast_2_to_prone_fast_2_trans
019CF33FD20B9DA4,leopard_tag_lip_up_le_02
019CF63FD20BA2BD,leopard_tag_lip_up_le_01
019D067B29EE83E9,reload_quick_ads_weapons_default
019D538E778CFA47,vm_ppapa41_stock_mk_00
019DEFA9CB82BF48,deb_woodfloor_23_lod0
019EC4BF30D977E6,reload_quick_alt_weapons_s4_sn_aromeo
019FF3F3366FED18,s4_zm_body_tank_grp_02_b_snow_less
01A023F5BCFC6F8C,pf6542_auto6
01A1BACC54A3B0F1,parts_wristwear_mp_watch_j_female_vm_1_2
01A1BAE1BBF624F9,p7_tools_trimmer_lod4
01A1E0EC1571327F,t9_charm_objective_marker_desc
01A2B1DA0A5AE08A,tag_engine_left_blur_attach
01A2C67465389045,tag_cable_12_all
01A388BED06EC9BA,dyn_sling_barrel_xs_root
01A4C54395A7BFAE,lmg_accurate_bp_mvs_desc
01A4F3EF68BC8844,sdr_com_cover_right_stand_pstl_hide_to_lean
01A5B8BCF8DBE534,wm_ppapa41_mag_cal_down_00
01A5C94C467C21DE,wm_m1golf_grip_rn_00_lea
01A628127D7FB9AA,p8_cas_towel_kitchen_hanging_med_lod0
01A691EFDE30EE4A,j_diamond_c1_ri_4_animate
01A73C0A4D141B28,paintjob_prestige_iw7_5_large
01A7A2B2BA41EE76,hindia_seat_5
01A7A3B2BA41F029,hindia_seat_4
01A7A4B2BA41F1DC,hindia_seat_3
01A7A5B2BA41F38F,hindia_seat_2
01A7C697AF5E2E86,s4_acc_attach_watch_band_75_guerrilas_large_pc
01A7FF3AF017AC18,j_jacket_front_1
01A8023AF017B131,j_jacket_front_2
01A88F52967A1290,ps_mp_execution_dog_laststand_bloodpool_foley_01
01AA64364B9C588C,ammo_bag_r_01_jnt
01AAB78D27A82330,s4_zm_fra_windmill_top_dmg
01AC1238A8F981DB,combat_run
01AC9ABC75C3A390,j_skirt_front_side_helper_le_ctl_01
01AE48AE1B98F23E,STICKERS_NEWYEARS
01AFDB339A1BC997,vm_stango5_stock_hv_00
01B23B0EB91E190E,t9_charm_miami
01B264F3B002CC95,pipe_4in_cast_iron_bracket_01_gray_lod0
01B32E652EEF2A44,reargrip_leather_mg_tyankee11
01B41F1AB412CC53,mount128
01B4AFA84428AC86,callingcards_prestige_t8_killer_doingwork
01B4CBDB0AA0A35B,blendspace_alias_jump_land_sprint_sh
01B4D1DB0AA0AD8D,blendspace_alias_jump_land_sprint_sn
01B570EF910D05D0,atango_face270_left
01B62FE5183C55DC,emblems_xfinity
01B643E24EA4A21C,c_t9_usa_pl_cia_sog_tee_desc
01B70943F7EEF80A,vm_kalpha98_irons_s_00
01B7FF8580B443FF,gib_frost_head
01B828FF522479BF,newspaper2_45_jnt
01BA3D3BAEE0369B,wheel_arm_k
01BAC1DCCDFFC6FD,draftEveryRound
01BAD5FC61C2285F,BUNDLE_1072_DESCRIPTION
01BAE02139BAE2F0,tag_flash_silencer
01BB73011469CD4B,tag_flash_22
01BBE3DAEB7F9BD1,j_rt_finger_1_pos_animate
01BCDE8503C3A5A6,par_window_shutters_02_small_r_lod0
01BD90E65320C0B4,vm_svictor40_stock_sk_00
01BEFC01146CEBED,tag_flash_11
01BFCB5B2122D0D5,cp_tarmac_sh060_price_face
01C2508AE5D886C4,j_coat_front1_ri
01C2CC0D2833C324,acog_strong_offset_stango44_v7
01C379AE018AB10A,xmags_balpha_zm
01C46F0424A40A50,ps_wpn_tyankee100_plr_reload_magout_empty
01C50B4D6E3662DE,smg_heavy_bp_arabian_desc
01C61BD5C686B2FA,s4_acc_attach_face_75_ultra_sony
01C7DEB658AEB014,p9_usa_hotel_sundowner_trim_deco_128_lod0
01C860449470F85A,pallete
01C99984ECEFA1AA,dof_4_282_050_050
01C9A85C190C0B94,sdr_mp_veh_hindia_seat_4_scrub_idle_add
01C9D8EFB583BD12,s4_sdr_rpg_exposed_stand_ready
01CA17F7799AD9E3,e_hallway_smoke
01CA1B890937DC45,still_landing
01CA45B83A22E688,paintjob_stickers_black_panther
01CA5EC3D4A05247,vm_kalpha98_mag_f_00
01CC0D41DBF16BDE,dyn_grenade_t
01CC0F41DBF16F44,dyn_grenade_r
01CC1541DBF17976,dyn_grenade_l
01CC1841DBF17E8F,dyn_grenade_k
01CC1B41DBF183A8,dyn_grenade_f
01CC1F41DBF18A74,dyn_grenade_b
01CC2241DBF18F8D,dyn_grenade_a
01CD76770B617DCF,killsconfirmed
01CE8A75F575E2B1,rooftop_ac_unit_01_l0
01CFE5E94FF07573,snprscope_strong_jpn_hyankee44
01CFEB305359E319,p9_case_transport_metal_large_01
01D10731433598AC,p7_spl_weapon_toy_sword_01_lod0
01D1B1BF1AB6CE88,dyn_bombone_low_aim
01D1F287985CA4CF,j_chain_badge
01D203F0D4379003,tag_antenna_top_animate
01D29C41B1662111,callingcards_t8_zm_prestige_dragonhatchling_desc
01D2BE9A4E6C0A6B,sdr_mp_me_stand_turn_l_90
01D2D4DF8C843F0C,reargrip_leather_removed_ar_hyankee44
01D525C4D419DF35,sdr_mp_veh_umike_seat_7_scrub_down
01D6DBAF9437B712,p7_mou_bracket_pipe_lrg_01_lod0
01D7FF1B96BE7974,s4_sdr_cqb_strafe_fast_loop_9_max
01D855665BF20F93,wm_ar_gen_fg_rdy_aromeo38_102
01D87EF37D845519,jnt_buoy
01D905125C0497DE,j_pinky_tendon_le_end
01D95EA35516D145,p9_rm_zoo_kiosk_plank_04_lod0
01D97726EC3E7FCD,sdr_com_exposed_stand_pain02_shrt_rleg_lower_md_2
01DA2D4BAD2C1804,ps_wpn_tyankee11_plr_reload_charge_empty
01DABD4782117DFF,p9_brick_factory_01_top_row_64_lod0
01DC28A7B712DB79,p7_zm_sha_net_fishing_hanging_lod0
01DC56C0B7F1200B,prestige_s2_4_large
01DC8247EB8817BC,reload_carry
01DCD97D194CFD86,xxlmags_ptango41
01DEB6ADECACC007,callingcards_mw_0009_prestige_1_desc
01DFC5CA444F5B69,sdr_mp_me_veh_umike_rear_seat_scrub_down
01E0A57723E63D5F,sdr_mp_me_veh_atango_seat_1_idle_add
01E11EB8BC1D6304,zm_scope4x_reticle_2_r
01E11EC5CEC8CB37,p9_usa_walkie_talkie_01_lod0
01E129071194A886,ps_wpn_thotel_plr_reload_magin_tac
01E1E5DDD8F8E177,dyn_l_holsterrope
01E3466033E0C373,j_dyn_cape_r_02
01E3476033E0C526,j_dyn_cape_r_01
01E396CD1E4EE7E2,s4_mp_crouch_death01_torso_xl_8_right
01E4BD518338CBAA,s4_acc_attach_face_75_subliners_ms
01E4C5DB0AC9BCEB,blendspace_alias_jump_land_sprint_ar
01E5F5B2BD99980C,callingcards_mw2_0004_cripple
01E6A10DFAEC9F97,mag_chotel41
01E6D1B2284E3423,j_pinky_le_1_lep
01E8B0A0832E0894,tag_hip_planar_le
01E92EFF61550AB5,lft_vine_clump5_04_jnt
01E93772F12E59F6,sdr_mp_mount_stand_horizontal_high_pitch_up
01EBF823068C6FFA,p9_nic_cocaine_package_tape_scan_dmg_02_lod0
01EC61A2FF558C68,prone_aim_ks_airdrop
01ED5C00ECC6A529,blendspace_alias_jump_takeoff_forward_slide
01ED83C236A256F6,slide_to_move_forward_transition
01EE391DF7354510,bs_parachuting_jolt_right
01EEBD518341202F,s4_acc_attach_face_75_subliners_pc
01EECB2F144231A9,p9_usa_gym_locker_01_lod0
01EEFEC5E44A6B57,any_laststand_movetype_any_pistol
01EF77B49755E460,pc_model_quality
01EFE3F5B75B4EBA,rs_sparks_burst_lg_01
01F0C17573BB2E79,bonuscard_overkill
01F0C7C29E000401,reload_quick_weapons_s4_lm_aalpha52
01F17C9B27F7E467,tag_stone_03
01F18AC284D175AE,trans_2_nonads_stand_weapons_s4_ar_kgamma40
01F2548D97C54F94,ar_accurate_bp_ace
01F31FFBA4AB293C,s4_mp_fingers_sm_mpapa40_gripstock_r
01F3891D6C180D07,p9_usa_visitor_center_railing_kit_64_lt_lod0
01F3ED233D43DBB9,wm_voscar_mag_00
01F438088BFD11F0,j_stock_pivot_00
01F4D7B0108F3A01,s4_zm_ger_window_curtains_cloth_top
01F4DA17C9FC8045,paintjob_stickers_vts_final_07_s5
01F82E525A0930AC,barn_window_frame_01_lod210v40bf800000
01F94FB88B42DC87,s4_mp_custom_pi_malpha96_base_stand_pullout_first
01F96E0E252CF2CC,adjust_sprint_stand_weapons_iw8_ar_mike4
01F9F22DB0AF0728,p9_rus_concrete_picnic_bench_table_lod0
01FA40F16E37284E,p9_foliage_flower_viola_sororia_lrg_lod0
01FAF19AFDE5912B,mp_league_advanced_gem
01FC776A68FBE29D,s4_acc_attach_face_66_small
01FD7B4FEDA1BF71,quote_see_war_banished
01FEDD9C29D0F50E,asasdd1d2
01FF68853D39C4E1,warzone_incognito_self
01FF788AE60C78DA,j_coat_front1_le
01FF817C6AD50390,reargrip_fabric_heavy_mg_mgolf42
01FFA326A181A4FE,p7_rus_rack_coat_board_lod0
0201684DA122F7D7,tag_left_frame_animate
02028237ADB93A11,Fast Hands
020366E28D2F327D,reload_ads_alt_weapons_s4_lm_mgolf42
0203E6D88F8F7733,front_streak
020473B0885012F2,tag_strap_antenna
020485A29769F05A,SMG_CAPACITY_BP_MONTE_DISPLAYNAME
020591DBA3AF1A77,callingcards_zombiesims_s6
02059246CA9828DA,par_signs_german_07_lod010v41bf800000
02059FB70C120761,sdr_mp_me_veh_lbravo_seat_2_scrub_neutral
0206565E69C945EB,quote_our_greatest_weakness_lies_in_giving_up
0206F2736EDB5068,tag_mudflap_right
02072DFE7E5DC50B,p9_lat_train_single_railroad_tie_02
02072EFE7E5DC6BE,p9_lat_train_single_railroad_tie_01
020747C37EA5B4C2,shotgun_pump_bp_land_sy_desc
02082EC4FAA85D82,pistol_burst_bp_sheriff_desc
02086EA8A071B7D6,sdr_cqb_cover_left_crouch_pstl_fast_exit_9
020874A8A071C208,sdr_cqb_cover_left_crouch_pstl_fast_exit_3
020875A8A071C3BB,sdr_cqb_cover_left_crouch_pstl_fast_exit_2
020876A8A071C56E,sdr_cqb_cover_left_crouch_pstl_fast_exit_1
020878A8A071C8D4,sdr_cqb_cover_left_crouch_pstl_fast_exit_7
020879A8A071CA87,sdr_cqb_cover_left_crouch_pstl_fast_exit_6
02087BA8A071CDED,sdr_cqb_cover_left_crouch_pstl_fast_exit_4
0208B28BB2EEAF00,tag_top_cap
0209DFF676DB4CEF,j_hose_01_animate
020A8D41E78DD74D,snprscope_medium_jpn_asierra44
020CA0D5F8885216,p7_pro_ceiling_speaker_lod0
020E6522BE40B44B,sdr_com_cover_crouch_pstl_lvar_lean_to_hide
020EAC250E0BB250,p9_ams_gate_metal_door_side_02_lod0
020FD4173A8E48EE,j_bag_chest
02109CC347CB4A87,vm_malpha96_griptape_00_rub
0210C8604CA5AD9B,fire_crouch_nonads_weapons_any_sn
0210CE604CA5B7CD,fire_crouch_nonads_weapons_any_sh
0211A7328CACD9EF,p9_ger_dock_loading_concrete_01_straight_128_lod0
0213DFD1E23360EB,sdr_mp_strafe_in_place_juggernaut_7_alt
02140712578D787D,trans_2_ads_crouch_weapons_s4_la_palpha60
02141A53A5DBC217,sdr_com_cover_crouch_pain01_torso_lg_b_to_hide
02144466E272DC21,adjust_nonads_crouch_weapons_s4_me_katana_v1
0214C4F2328886F4,p8_fxp_fluid_string_2_lod0
02154AC60156F0E4,tag_wire_09_animate1
0216FB05CA29B989,callingcards_zm_fieldresearcher_dangerclose
0217AB2039EA1367,s4_mp_custom_sn_kalpha98_base_prone_inspect
0217EF73EED615A8,j_sleeveanim_mid_01_ri
0219F894F23667FB,reargrip_pine_marksman_ar_asierra44
021A08912B38BEFD,j_hair_2_le_end
021A75ED2047B1E4,reargrip_grooved_support_slim_sm_guniform45
021A973B39F0C8EA,roof_tile_22_jnt
021D217B5F72F095,sdr_mp_addoff_crouch_sm_mpapa5_ads
021D6B6675843991,t9_charm_red_envelope_desc
021D8DDCC2486BD1,sniper_shoot_idle
021E02F90416CCF5,fire_stand_mount_right_weapons_s4_ar_valpha52
021E3EFE9CFE82B8,t9_charm_gold_idol
021F7FEB57941EBC,p7_paint_metal_can_01_lod0
0220A9A13A5C60EB,s4_zm_jpn_wood_plank_module_96_standard
0220F9937BDB0F22,s4_mp_custom_sh_mike97_extmag_stand_ads_reload
0221C5604CB41BB5,fire_crouch_nonads_weapons_any_la
02230A757BA3B6C0,clothsim_pplane140
02230B757BA3B873,clothsim_pplane141
02230C757BA3BA26,clothsim_pplane142
02230D757BA3BBD9,clothsim_pplane143
02230E757BA3BD8C,clothsim_pplane144
02230F757BA3BF3F,clothsim_pplane145
022310757BA3C0F2,clothsim_pplane146
022311757BA3C2A5,clothsim_pplane147
022312757BA3C458,clothsim_pplane148
022313757BA3C60B,clothsim_pplane149
022370197B2965F2,scriptable_s4_rus_po_book_small_destp
02239E1A0D44A8C3,wm_stango44_brake_ls_101
0223A31A0D44B142,wm_stango44_brake_ls_106
02246648399DD085,p7_zm_der_utility_pole_arm_lod0
0224AD604CB628C4,fire_crouch_nonads_weapons_any_me
02251D2B1364130B,hur_paper_garbage_01_lod0
02266A6D53E0C110,wm_tyankee100_receiver_001
02268D757BA6CB30,clothsim_pplane153
02268E757BA6CCE3,clothsim_pplane152
02268F757BA6CE96,clothsim_pplane151
022690757BA6D049,clothsim_pplane150
022691757BA6D1FC,clothsim_pplane157
022692757BA6D3AF,clothsim_pplane156
022693757BA6D562,clothsim_pplane155
022694757BA6D715,clothsim_pplane154
022697757BA6DC2E,clothsim_pplane159
022698757BA6DDE1,clothsim_pplane158
022709C7AC68FCAE,callingcards_remote_assistance_desc
0227630CE14034D2,s4_mp_world_ges_gas_can_stand_me
0227D141DC3F6497,dyn_grenade02
0227D241DC3F664A,dyn_grenade01
02281A1C5619062F,killstreak_juggernaut_crouch
0229A58CB774E372,s4_zm_candle_wax_melted_ledge_med_01_snow
022A10757BA9DFA0,clothsim_pplane166
022A11757BA9E153,clothsim_pplane167
022A12757BA9E306,clothsim_pplane164
022A13757BA9E4B9,clothsim_pplane165
022A14757BA9E66C,clothsim_pplane162
022A15757BA9E81F,clothsim_pplane163
022A16757BA9E9D2,clothsim_pplane160
022A17757BA9EB85,clothsim_pplane161
022A1E757BA9F76A,clothsim_pplane168
022A1F757BA9F91D,clothsim_pplane169
022A29712F3E7766,tag_tube
022A4B6CB5FA8436,p9_foliage_fern_sword_wild_01_med_01_lod0
022A8D6F2AB480FA,blueprint_bundle_5020_stoner_63_wrecking_crew
022B7EA0F7B92C24,wm_mike1911_mag_c_102
022B8DC1187DF133,weapon_lower_quick_crouch_weapons_any_smg
022C85B7F391C757,BrowLower_01_R
022D93757BACF410,clothsim_pplane179
022D94757BACF5C3,clothsim_pplane178
022D9B757BAD01A8,clothsim_pplane171
022D9C757BAD035B,clothsim_pplane170
022D9D757BAD050E,clothsim_pplane173
022D9E757BAD06C1,clothsim_pplane172
022D9F757BAD0874,clothsim_pplane175
022DA0757BAD0A27,clothsim_pplane174
022DA1757BAD0BDA,clothsim_pplane177
022DA2757BAD0D8D,clothsim_pplane176
022E0DE8FF9B79B4,lmg_accurate_bp_nuclear
022E154AB6DA2EBC,cin_mp_cartel_intro_south
022EDC747FDC013D,p7_zur_nw_hospital_curtain_04_lod0
022F96212BDDDA56,sdr_com_cover_stand_turn_2r
0230E80458FD8F2A,pain_burning_prone_right_leg
0232B40F7719546F,deb_woodfloor_11_lod0
0232D7F610D38D2B,wm_stango44_barrel_l_00
02341F757BB24DA2,clothsim_pplane119
023420757BB24F55,clothsim_pplane118
023421757BB25108,clothsim_pplane117
023422757BB252BB,clothsim_pplane116
023423757BB2546E,clothsim_pplane115
023424757BB25621,clothsim_pplane114
023425757BB257D4,clothsim_pplane113
023426757BB25987,clothsim_pplane112
023427757BB25B3A,clothsim_pplane111
023428757BB25CED,clothsim_pplane110
023690E4555390E3,ps_wpn_lindia98_plr_reload_close_empty
0237863E25FB8182,stk_af_window_frame_tall_01_lod0
02378C757BB53CB0,clothsim_pplane122
02378D757BB53E63,clothsim_pplane123
02378E757BB54016,clothsim_pplane120
02378F757BB541C9,clothsim_pplane121
023790757BB5437C,clothsim_pplane126
023791757BB5452F,clothsim_pplane127
023792757BB546E2,clothsim_pplane124
023793757BB54895,clothsim_pplane125
023796757BB54DAE,clothsim_pplane128
023797757BB54F61,clothsim_pplane129
0237F94CBE71ED4E,callingcards_gilded
0239DF73EEF2E0DE,j_sleeveanim_mid_01_le
023B0F757BB85120,clothsim_pplane135
023B10757BB852D3,clothsim_pplane134
023B11757BB85486,clothsim_pplane137
023B12757BB85639,clothsim_pplane136
023B13757BB857EC,clothsim_pplane131
023B14757BB8599F,clothsim_pplane130
023B15757BB85B52,clothsim_pplane133
023B16757BB85D05,clothsim_pplane132
023B1B757BB86584,clothsim_pplane139
023B1C757BB86737,clothsim_pplane138
023B82EBE6E37F27,slide_move_any_la
023C6DECFA3770D6,paintjob_sticker_marquee_08
023C6EECFA377289,paintjob_sticker_marquee_09
023C73ECFA377B08,paintjob_sticker_marquee_02
023C754055925ADB,dyn_heart
023C76ECFA378021,paintjob_sticker_marquee_01
023C78ECFA378387,paintjob_sticker_marquee_07
023C7AECFA3786ED,paintjob_sticker_marquee_05
023CBDB7D44EF67A,right1fast
023D2059446D5AAE,tag_supressor_attach
023E4CBE23B6BBB3,sdr_mp_crouch_throw_eq_offhand_hb_riotshield
023E8AD7CCF8C38B,p8_candle_stick_02_thick_lod0
023FFDECFA3A9B5D,paintjob_sticker_marquee_12
02402E3E6BE9960F,p7_conduit_metal_2_straight_128_lod0
024037BD71D24A8F,sdr_com_exposed_crouch_pain01_torso_md_r_turn_exp
024089905526DBB9,p9_fe2_terrain_zm_lobby_01
0240E8DE2375A0C5,dyn_upbelt_01
024190A08379FB0A,tag_hip_planar_ri
0242421A9B20210E,sdr_com_cover_stand_to_cover_crouch_left
02425C086F4B51E1,mkg_hut_bamboo_128_01_lod0
02430EC632B4B8ED,s4_mp_custom_sm_owhiskey31_base_crouch_trans_2_ads
0244CECA600851F7,p7_zm_asc_train_wheels_single_lod0
0245B91E9B6D48E8,callingcards_mp_wildcalrds_01_primarygunfighter_animated
024649EE163B7790,umbrella_base_034_jnt
024802E405DE88B8,mkg_knife_blade_cleaver_medium_01_lod0
02482C9C1847B41D,iw7_cp_zom_walk_traverse_over_40_down_128_01
02485500031F0556,tag_strap_br_fastener
024887945ACE8B31,adjust_mount_right_weapons_s4_lm_mgolf42
0249558DA669C7F0,reb_stl_alert_aim_8
02495F8DA669D8EE,reb_stl_alert_aim_2
0249618DA669DC54,reb_stl_alert_aim_4
0249628DA669DE07,reb_stl_alert_aim_5
0249638DA669DFBA,reb_stl_alert_aim_6
024A403CB1BC2D0A,par_kitchen_bread_box_01_lod0
024A763A693569B1,foregrip_ready_wecho43
024AD8B93770A5C6,t9_charm_flamingo_desc
024B5996191D190A,tag_head_left_animate
024C0E757BC6C2A0,clothsim_pplane184
024C0F757BC6C453,clothsim_pplane185
024C10757BC6C606,clothsim_pplane186
024C11757BC6C7B9,clothsim_pplane187
024C12757BC6C96C,clothsim_pplane180
024C13757BC6CB1F,clothsim_pplane181
024C14757BC6CCD2,clothsim_pplane182
024C15757BC6CE85,clothsim_pplane183
024C1A757BC6D704,clothsim_pplane188
024C1B757BC6D8B7,clothsim_pplane189
024C6DEBE6F1CEAB,slide_move_any_ar
024D223E5F3589D9,s4_mp_custom_sh_lindia98_base_stand_trans_2_ads
024D31E8AF4EC3C5,s4_acc_attach_watch_band_02_01_large
024D438B9D20891F,j_clavicleraisedriver_ri
024D73A64C7D1E9A,p9_wood_beam_6x6x94_01_lod0
024DC4604CD954ED,fire_crouch_nonads_weapons_any_ar
024F4FFAC3E4F723,primary_blanket_c
024F91757BC9D710,clothsim_pplane197
024F92757BC9D8C3,clothsim_pplane196
024F93757BC9DA76,clothsim_pplane195
024F94757BC9DC29,clothsim_pplane194
024F95757BC9DDDC,clothsim_pplane193
024F96757BC9DF8F,clothsim_pplane192
024F97757BC9E142,clothsim_pplane191
024F98757BC9E2F5,clothsim_pplane190
024F9F757BC9EEDA,clothsim_pplane199
024FA0757BC9F08D,clothsim_pplane198
02508161E806EF08,decal_labels
02524CB9E254A473,fabric_supsli_malpha7_v301
02534F17F839BB9B,ai_s4_zm_zombie_base_run_ad_v04_pain_chest_f_alt
02536FC8092F555D,j_mid_veststrap_end
0253C543C2554308,sdr_mp_addoff_pi_golf21_mount_right
02548B16BD33C004,sdr_mp_crouch_moving_prepare_eq_vest_plate_raise
025537256FA1AD7A,wm_thotel_mag_f_00
0255DC3EBF5BD314,ADS TILT
0257A53B8B76F350,dof_5_27_000_000
0257B1F10954D1F6,sgc_ffa_bringit
0257EEA1EDD2AE51,tag_panel_right_base
02581937BB830047,CALLINGCARDS_DEVILDOG
0258FB8D743D9E72,s4_mp_addoff_la_walpha2_base_crouch_moving_ads
0259BBEF84959DB7,sdr_mp_me_strafe_crouch_fast_3_alt
025A0EEE765CB08F,holo_01_offset_wecho43
025A1C540843BDE1,aac_clothes_hanger_01_lod0
025AAEADB0BBDD87,sdr_com_traverse_fast_mantle_md_90l_intro
025B431DE82DC0F8,STICKERS_HAMMER
025BC20F46E42CCC,sdr_mp_strafe_sprint_ar_jump_takeoff_8
025BC30F46E42E7F,sdr_mp_strafe_sprint_ar_jump_takeoff_9
025BC90F46E438B1,sdr_mp_strafe_sprint_ar_jump_takeoff_7
025C78F815BACFC5,sprint_forward_killstreak_binoculars
025CA2C2B5141632,hm_grnd_org_run_turn_r_2_2h
025CEBC119C72DBA,s4_mp_addoff_me_sledgehammer_base_sprint
025DD91DAA932065,p7_slu_window_bldg_electronic_lod0
025EBBD8969F8909,BUNDLE_1034_TITLE
025F4426B60A8465,ps_mp_mvphl_generic_smg_hits_01
0262B9DE36AC0E28,6_fast
026516B9FE75CFD9,ps_wpn_malpha1916_plr_reload_magin_empty_ext
026600D263F46D9B,grave_lid_chunk_34_jnt
0268071E90842128,ach_wood_beam_dmg_09
02680BCE042D77AD,p7_zm_tra_stove_kitchen_lod0
0268C9DCB5B0024F,xmags_becho
0269ADCFCE8C1949,p7_cai_tent_camping_02_lod0
026CD9C1550A7E82,dof_3.4_50_050_050
026D025AED28E616,rec_wecho
026DA6C16F940F39,sdr_mp_addoff_la_juliet_nonads_noright
026DDA0E37274254,dyn_rb_waist_01
026F49CE5DF14722,AR_DAMAGE_BP_CZAR_DISPLAYNAME
026F7FBACFE1F1F9,s4_mp_addoff_la_walpha2_base_crouch_ads
026FAFABADCB2D89,plastic_86_jnt
0270BFAAD3D0D6D9,pain_cover_left_crouch_lean_anim
0270F714ADEE1126,tag_speedgrip_02
02714116B7CB90D8,rechamber pull back
027187A4D735D39A,shortrun
0271EF85AADA04A0,sdr_com_cover_left_stand_pain01_leg_lg_l_to_hide
0272B19DBF85B7A4,scriptable_misc_tools_hammer_01
02733D9DEC60F202,weapon_first_raise_stand_weapons_s4_sn_gecho43
02740E01B56AA5DB,s4_mp_addoff_sm_thotel_base_blindfire_left
027433C262C09BAB,pf536_auto6
02753168E5B6C1A0,holo_00_kgolf40
027578BFC76242B8,s4_mp_strafe_8_death02_torso_xl_6
02757ABFC762461E,s4_mp_strafe_8_death02_torso_xl_4
02757CBFC7624984,s4_mp_strafe_8_death02_torso_xl_2
0275D3889BB9732A,drp_start
0275E848FAC93F44,ar_damage_bp_ole_desc
0276AADC0EA7C97C,s4_mp_custom_sn_gecho43_base_fire_weapon
0276DA412132A978,+weapoffhandspecial
0276DB238048E071,dyn_holster_strap
0277899C2A16CA2F,sdr_mp_exposed_stand_death05_torso_med_2_right
02781AECF24D2B3C,p9_zm_ndu_metal_suppot_05_lod0
0278920D1A9BCE01,callingcards_mummycat_s5_animated
027B411995301CBA,p8_zm_esc_candle_wax_01_lod0
027B7003748AB3C2,collision_clip_256x256x10
027B76F26DBB2FD0,gravityon
027BDA0FCEF25523,8_fast_max
027C9781C2995DF3,callingcards_walksign
027E5367F41CD9FC,vm_kalpha98_grip_mk_00_tap
027E6B5DFFA80303,p7_sin_signage_pole_lod0
027E6E646F095CDD,s4_acc_attach_watch_band_02_small
027EA93A2E77F0A1,reargrip_hatched_short_mg_mgolf42
027EE1FC0DB30662,tag_wing_tip_right_piston_target_aim
027FD9841A644A17,p8_rock_vsq_med_03_lod0
027FFE83E3F6F8FF,s4_mp_strafe_6_death01_torso_xl_8
02800883E3F709FD,s4_mp_strafe_6_death01_torso_xl_2
0280ACC5B150F002,s4_mp_custom_ar_fecho_base_stand_ads_reload_empty
0280AD7465AF22A2,emblems_prisionerofwar_22
02813A7B20D18FFC,emblems_s3_empire_base_pc
028149E732C6EA6C,wm_mgolf42_mag_f_102
0282C00642294152,glob_stage_07_to_09_g_02_jnt
0282E1D6FAD0F1B3,hur_basket_wood_01_lod0
02844C98F223BF42,strap_top_l_02_all_jnt
02852C7B20D56109,emblems_s3_empire_base_sy
02856C584ABBCE10,reload_quick_empty_alt_weapons_s4_sn_gecho43
028596CC121F3AD8,p9_vnm_fan_palm_plane_03
028597CC121F3C8B,p9_vnm_fan_palm_plane_02
028598CC121F3E3E,p9_vnm_fan_palm_plane_01
02859BB4ABF46C03,p9_rm_drv_cloth_flag_lod0
02859DCC121F46BD,p9_vnm_fan_palm_plane_04
02860FA47945DA5E,s4_mp_fingers_me_aot_l
028619A47945EB5C,s4_mp_fingers_me_aot_r
028671066E8BA3FB,t9_charm_money_clip_joke_sy
028687FED4D07304,ps_gesture_kill_02
02868AFED4D0781D,ps_gesture_kill_01
02869FBE3F7DE428,trans_2_ads_freefall_weapons_s4_la_palpha
0286BAD8BC2FCF2B,vfx_nest_fog_mvp
0287541E3328E2CF,blendspace_alias_crouch_stop_backward
028767649B42810F,p9_rus_boat_alpinist_rear_thrusters
02885D0EF6C51E1B,j_ring_ri_2_pet
028A582D7F813003,weap_decho_fast_magin_plr
028C227B20DB6EB9,emblems_s3_empire_base_ms
028C85A232CA1118,lobby_teaser
028CEE60610E0A1B,lft_vine_med1_01_jnt
028E37C3DB31D2A8,zm_callingcardsmaster_launcher_standard_zm_cc
028E96A1DC036610,tag_pivot_animate
02901FF9392283CA,strand_03_btm_jnt
02908B066E9424AE,t9_charm_money_clip_joke_pc
0290E75F274006E2,sdr_com_exposed_pstl_run_exit_9
0290E85F27400895,sdr_com_exposed_pstl_run_exit_8
0290E95F27400A48,sdr_com_exposed_pstl_run_exit_7
0290EC5F27400F61,sdr_com_exposed_pstl_run_exit_4
0290ED5F27401114,sdr_com_exposed_pstl_run_exit_3
0290EE5F274012C7,sdr_com_exposed_pstl_run_exit_2
0290EF5F2740147A,sdr_com_exposed_pstl_run_exit_1
029290B821220A6F,t9_charm_aztec_god_desc
0292F1FD4F164E03,s4_acc_attach_watch_band_110_sony
02935252CEF2B006,tarp_01_fix
0295C0A6F01ACC3E,boost_loss
02963632AC16E52D,flare_on_op
02974B8B9D5ECF31,j_clavicleraisedriver_le
029781135507BBB3,tag_strap_bo1_front
0297E01CFD8C303A,j_ring_ri_1_elf
0297EABE268651BE,p8_proto_foam_01_lod0
0299E668B4545574,p8_duct_metal_square_straight_32_dark_clean_lod0
029A2E6DD9838E0F,callingcardsmaster_tr_damagesemi_mp_desc
029B82ECB6C22B27,sprint_forward_lmg_alias
029C104AEFCEDC0B,j_cannon_le_4_fx
029C76B8176ADB4B,sdr_mp_mount_stand_horizontal_low
029D0A6CB119C8D8,scriptable_s4_rus_veg_hanging_01_destp
029D2E62959D3B8F,pain_exp_crouch_to_exp_crouch
029DDC19F16D0392,building_wall_corner_brick_01_144
029F43EEB678B993,reargrip_fabric_marksman_mg_tyankee11
02A08ADA221A004B,reload_quick_ads_weapons_s4_lm_fromeo45
02A0C1D12C99BE23,p9_zm_platinum_harvest_canister_crystal_02_lod0
02A2780F861C637F,j_handcuff_ri_nub
02A3A806D5570840,wm_svictor40_barrel_lw_00
02A51F5750798002,plastic_36_jnt
02A546CA440755AE,scriptable_s4_usa_cooking_chuck_box_pot_01_closed_destp
02A5D878F6E8DF79,j_tag1_le
02A600D9C863E782,reargrip_fabric_tactical_mr_kalpha98
02A665ED9722E8E7,s4_mp_custom_me_icepick_base_crouch_moving_throw
02A710E71D787E78,sdr_mp_execution_026_victim_stand
02A7E9536BFB86A0,cover_prone_turret
02A851E5881F2AC2,mkg_hat_straw_01_lod0
02AA89304D06C2AE,tag_arm
02AAEE36B5E9D86F,wm_asierra44_grip_00_htc
02AAEF498EBA6AA4,t9_charm_king_tiger
02AD3C3889593701,pc_display_gputime
02AFB2089A22B8EE,watermelon_chunks_1_lod0
02B13A0EB9775AAE,wm_m1bravo_stock_00
02B1A0C622484C08,decor_ornate_stone_trim_8
02B428750347B060,p7_ris_paint_roller_stick_lod0
02B601CF2699632D,iw6_trash_plate2_lod0
02B679A36C8BAF01,front_bromeo37_mp
02B7036E3DAECBAB,fire_stand_nonads_shotgun_weapons_iw8_ar_mike4
02B7CDDC586B6131,tag_fx_origin
02B865304D12C2DE,tag_ani
02B89C21C04E3351,PISTOL_REVOLVER_BP_SIX_DESCRIPTION
02B92E255DF688BB,mp_paragon_t4_08_large
02B9E20855EF0B44,foregrip_vert_guniform45
02B9EC4A21C50F23,attachment_vm_sh_charlie725_receiver_v10
02B9ED4A21C510D6,attachment_vm_sh_charlie725_receiver_v13
02B9EE4A21C51289,attachment_vm_sh_charlie725_receiver_v12
02B9F04A21C515EF,attachment_vm_sh_charlie725_receiver_v14
02BD0AD619418752,exposed_front_r
02BD16D619419BB6,exposed_front_f
02BD1AD61941A282,exposed_front_b
02BD1CD61941A5E8,exposed_front_l
02BD6A6BFB889198,deb_woodfloor_16_lod0
02BE2750F02FBF41,p7_zm_kin_stool_wood_lod0
02BE84FE6A1B2069,parts_wristwear_mp_watch_r_d_wm
02BF0037703EEE5A,cal_xl_132mm_mgolf42_up1_noimp_pack_zm
02BFB2FA5202B54D,callingcards_nothingbuthits
02C0236FBAF6D31E,sd_bomb_defused
02C180FE6A1D4F74,parts_wristwear_mp_watch_r_d_vm
02C1D0D66E2AAE01,usa_garage_ground_creeper_slim_01
02C1DCF7C419C314,p7_zm_sha_cement_mixer_wheel_lod0
02C23FEAD9C0A785,p9_vnm_rock_river_stone_03_lod0
02C29E5BDC8BE3A4,p8_wood_plank_generic_01_lod0
02C2E166F952921A,makeup
02C2EE240662CBD9,tag_lvl1_rope_right_base_animate_le
02C344A2C53CAEBF,rope_176_jnt
02C433769E7A293E,paintjob_stickers_treebranch_12
02C4EF078C0E7C62,tr_longburst_bp_dozer
02C50E1FE9B1D697,p7_construction_hardhat_lod0
02C88D73662D48E9,reload_ads_alt_weapons_s4_sn_aromeo
02C91601AE8B8FF4,dyn_amo_link1
02C91901AE8B950D,dyn_amo_link2
02C9C934E01DACA6,j_parachute01_01_le_animate
02CA8155192DEDD4,ps_wfoly_plr_pi_golf21_reload_fast_01
02CA8355192DF13A,ps_wfoly_plr_pi_golf21_reload_fast_03
02CA8455192DF2ED,ps_wfoly_plr_pi_golf21_reload_fast_02
02CACBCCB1E45E11,screen_water_01
02CB0E373989FDEA,car_bldg_addons_crown_01_dust
02CB195671E316E3,sdr_mp_strafe_fast_jump_air_3_alt
02CC5F8A16AABE35,j_hand_le_end
02CE01459C63112B,p7_medical_gauze_roll_bloody_lod0
02D00ED71D938A60,tag_suspension_right_rear_spin
02D25AFE7556DA35,weapon_raise_crouch_weapons_any_lmg
02D32581499322EB,ss_rcxd_dstr
02D3508E86616479,j_handset
02D3CCF2352DC4CC,shotgun_pump_bp_gunzroses_desc
02D3DB45D8F98299,mkg_food_soda_cola_can_01_destr_03_lod0
02D5FB3F5ECFD6F8,j_rope_058_animate
02D6C6C8D958092B,sdr_mp_trans_2_nonads_sn_crossbow
02D7266A643F4139,ss_strafe_enemy_arrive_mult
02D90F1E43F32085,wm_chotel41_grip_tape_rn_grv
02D9181E43F32FD0,wm_chotel41_grip_tape_rn_gra
02DA560E74B11A21,wm_m1golf_grip_sn_00_lea
02DC1CA37B7F64EE,p7_zm_ori_wood_post_01_lod0
02DCA67756A03F4A,tag_props_antenna
02DCC92C4F3D09A5,p9_mkg_sign_restaurant_seafood_01_a_dmg_01_lod0
02DE7CC45BBBCF7C,t9_charm_target_arrow
02DEBC71FCA28B2C,t9_charm_bottle_cap
02DF84719F338CB0,vm_balpha_grip_tape_00_stp
02E3A43EFC961269,s4_acc_attach_watch_band_75_thieves_small_ms
02E3A72422A698E7,turn_loop_crouch_melee
02E49A7B06B58885,tag_origin_plain
02E56F724A5D4D1E,segmented_reload_end_stand_ads_weapons_s4_sn_moscar32
02E56F736F97017B,vm_mike1911_grip_00_tap
02E5CEF44A1A2556,wm_owhiskey31_optic_acog_102
02E7621A7503E86B,vm_sh_lindia98_brake_wc_l_fl_00
02E92E5241E58136,s4_mp_custom_sm_guniform45_base_stand_pullout_first
02EA6C1B9561BCAE,VEH_T9_MIL_SNOWMOBILE_MPX_M80S_DESC
02EAAE59D48FAEA1,vent_jnt
02EC7B066EE2682B,t9_charm_money_clip_joke_ms
02ED6DEF28AB7A87,wm_lindia98_grip_short_stow_00_fab
02ED87B9017D3CCD,dof_5_51_000_000
02EDD0EAB9A861E4,s4_mp_custom_la_palpha60_base_prone_pullout
02EDFD014C790BFB,wpn_t9_zm_silver_ww_world_inspect_lod0
02EE41315C0938D9,p7_tool_jack_hammer_yellow_lod0
02EE494D816FEE9D,s4_zm_rus_decor_rope_02_snow
02F1DAB7D9037C89,callingcards_rebel_fighter_s6
02F1E4587AA53FAF,p9_usa_hotel_blackwood_window_32x105_lod0
02F336BE3AAB54D0,fin_move_j_shoulder_ri
02F4A91A1C5C1396,reargrip_grooved_ar_asierra44
02F4C3AAE4C3B806,p8_zm_zod_light_bulb_01_lod0
02F4DD3BFE60AE01,slouch_geo_clean
02F7219EBC289A73,bla_small_dirt_clumps_01
02F7331F415EB10E,sdr_mp_lower_2_back_r_prone_ar_mike4
02F78250DE790264,mp_paragon_t5_11_large
02F9064461CF639E,cal_md_malpha1916_down1_pack_zm
02F99C8C75396F5D,SNIPER_POWERSEMI_BP_RAIN_DESCRIPTION
02FAC020576B11D6,tag_ant_px
02FAC290B2DF6C49,trans_2_ads_crouch_moving_weapons_s4_sm_tyankee100
02FB43829CBF09A8,j_tassels_side3_ri
02FC7404A58592C4,pistol_semiauto_bp_presone
02FC91986EDD6C06,lmg_light_bp_rebirth
02FCA48A7C7A29F4,t9_charm_vtg_camera_desc
02FCDB4434BED654,tag_hood_right_phx
02FCDF5E84D52F95,s4_mp_addoff_sh_bromeo5_base_blindfire
02FDD7D6E9DAF3D1,back_wecho
02FE0078F7339947,j_tag1_ri
02FEA4F00BE30073,p9_ger_kgb_vista_terrain_01a_lod0
0300721FFFFD5FD2,ps_mp_execution_exert_effort_yell
0301A837ABCDD317,p9_foliage_fern_sword_wild_01_lrg_01_lod0
0302D268FB46ECB7,p8_cas_lob_bal_floor_beam_con_4way_01_lod0
0302E9B336936FA6,sdr_mp_prone_prepare_eq_offhand_hb
030441FC2E64CC9A,loading_screen_player_list_team1
03048053698B3AD0,ai_s4_zm_zombie_juggernaut_walk_turn_l_1
03048253698B3E36,ai_s4_zm_zombie_juggernaut_walk_turn_l_3
03048353698B3FE9,ai_s4_zm_zombie_juggernaut_walk_turn_l_2
03048553698B434F,ai_s4_zm_zombie_juggernaut_walk_turn_l_4
03048653698B4502,ai_s4_zm_zombie_juggernaut_walk_turn_l_7
03048753698B46B5,ai_s4_zm_zombie_juggernaut_walk_turn_l_6
03048853698B4868,ai_s4_zm_zombie_juggernaut_walk_turn_l_9
0304EB859924809C,j_sleeveanim_mid_03_le
0305795E1EA7F839,sdr_com_cover_left_stand_to_cover_right_stand
0305DBEE9545ED95,BUNDLE_1045_DESCRIPTION
03067E17F89A6C8B,tag_stock_ring_mount
0307ED72C1EFC8AE,p7_slu_sign_ice_cream_lod0
03089FC2A891B1D7,s4_mp_custom_ar_voscar_base_stand_pullout_first
030914B15CCA52A6,cowboy
030B3CB2CABFA432,tag_hindge_base_right_1_animate
030B5EEE7545024B,p7_can_metal_01_small_lod0
030BBF7D0EBD669C,j_shoulder_ri_rot
030C415E2654A199,dyn_braceletf
030C465E2654AA18,dyn_braceletm
030C4C5E2654B44A,dyn_braceletk
030C545E2654C1E2,dyn_bracelets
030C7EE54B72E533,p6_mech_panel_wires_02_chunk01_lod0
030DF35E8C6D66E3,vm_wecho_grip_00_bkl
030E035D5B603E3B,stk_side_drawer_cabinet_worn_01_lod0
030E9356D2F58E20,vm_bromeo35_grip_sk_00_rub
030EBE5D4A6FC8B2,sdr_cqb_cover_right_stand_pstl_walk_exitfull_8l
030ED05D4A6FE748,sdr_cqb_cover_right_stand_pstl_walk_exitfull_8r
030FFEECAD735DA6,exposed_crouch_headlook
031068A75E6604DB,execution_195
0312002A62DE9700,p8_wz_skt_t_shirt_01_lod0
0315471EDFAF641B,lm_dblmg
0316943D24C8A6C5,p9_apo_temple_wall_single_03_dmg_dark_lod0
031823FCA34F8670,scriptable_trees_wood_log_beech_07_destp
0318732B5836D299,tag_laser_attach_le
0318B1602749BFE2,p8_foliage_flower_kiosk_rose_single_lod0
03196076952C5AF0,p7_light_wall_runner_led_02_lod0
0319C24854C3F2A1,stop_backward_crouch_alias
031B2D220192A791,s4_rus_ds_railing_side_01_dmg
031B323A45E47E24,exit4run
031BFFBBBE598BCF,j_metaring_le_1_lep
031D33829CDBD4DE,j_tassels_side3_le
031D96A0CA77282C,p8_zm_gla_corpse_pile_02_200x220x64_lod0
031DB5AB8CE6B676,j_forehead_b09_le
031E4038FC8BC328,bs_technical_s04_idle_melee
031ED7ED85180338,ub_gl
031FB17DB5ED9DDF,s4_mp_custom_ar_hyankee44_base_stand_reload
03206A98BCED4502,stock_marksman_stango5
0320C4A263DC9F73,j_glove_1
0320C5A263DCA126,j_glove_2
03219DAE462D0C3B,wm_chotel41_irons_s_00
0322CCF06615D2F6,second_missile_thruster
0324706B80D7819E,zm_callingcards_zm_darkops_doa_score_01_cc
03248DB00006C536,foliage_s2_ivy_long_01_lod0
032593C9C53444B9,holo_02_guniform45
0325E8D6052DD627,flower_09_dupl3_dupl2
03261C3F1079BB92,bar_md_burst_chotel41
0326C162BC4B2094,sgc_koth_attacking
0326DB8599414BD2,j_sleeveanim_mid_03_ri
032813B057CE6CC0,sdr_com_cover_stand_pstl_to_cover_crouch
03282DC7FA0E9E64,j_fore_le_01
032830C7FA0EA37D,j_fore_le_02
032870EA2FDDBD87,reargrip_fabric_support_slow_sm_thotel
0329C1C7EF1AF8E4,p7_sin_rock_park_01_cluster_d_lod0
032AA9364399A505,ps_wfoly_plr_sh_oscar12_reload_045
032BF3547B876A07,ai_s4_zm_zombie_base_walk_ad_v24_pain_chest_f
032CB929D611672C,wm_moscar32_barrel_fl_102
032DC29F87992FC4,tag_cable_15_all
032DDEE4E3B75A33,fx_tag_light
032E118D6B7463B8,tag_backpack_attach_back
032E7103A04A8BA2,stk_beer_stein_05_lod0
032F91FBE7296D97,p8_zm_zod_wall_pipe_flange_lod0
032FABEB6EE61EEC,s4_mp_fingers_ar_hyankee44_gripvert_l
03311786B1840B98,p8_wmd_barrel_drum_metal_steel_lid_01_lod0
0331EF64A9062BF5,spacejump_movertakeoff
0331F75A1A88FE2F,select02
0331F85A1A88FFE2,select01
033295AB8CF8DC20,j_forehead_b09_ri
033391E1FE544A1C,rope_10_jnt
0335518A7522F589,reargrip_hatched_heavy_mr_moscar
0335A15E8B8FD943,ps_mp_srchdstry_plr_bomb_arm_knob
0337296532E3706F,iw8_acc_attach_face_digital_c_white_female
0337B04BA23B4F1F,paintjob_stickers_aerobics_13
0337C238E1ED5305,p9_wood_beam_old_8x8x62_01_lod0
033808D2E3BE5DBE,sdr_mp_crouch_moving_prepare_eq_claymore
0338C7B9141BC0AD,sdr_com_melee_takedown02_defwins_attacker_8
033B0F53D24E9A6D,weapon_raise_quick_stand_weapons_iw8_rocketlauncher
033B7F2AAF392693,s4_mp_execution_doublemace_01_victim_laststand
033B912C2725CB72,p9_zm_tungsten_guide_sign_anytown_yellow_lod0
033BD0933091C838,stp_bar_010_intro_scene_price_face2
033BDAED386852BE,boss_smtobj_lean_table_hand_r_36_exit
033C2692371F8AD0,dyn_rt_string_02
033C2992371F8FE9,dyn_rt_string_01
033D2B08568D037D,cage_d0_jnt
033EF4C8B965D8D6,crouch_aim_ar_ads_strafe
033FF228E9DAF259,adjust_ads_crouch_moving_weapons_s4_sh_becho20
0340597D0368BBDA,8lshuffle_exitfull
0340D0961D1D49AB,reload_quick_weapons_s4_sn_m1golf
0341BA7CBC7E58F6,player_team_round_pips
0343CC970560F3CD,rope_01_44_jnt
0343E10762025C91,p8_zm_zod_luggage_suitcase_weave_lod0
03441E0BA4C80D00,dest32x120a
0344200BA4C81066,dest32x120c
0344210BA4C81219,dest32x120b
0344230BA4C8157F,dest32x120d
0344F758C57CE31A,fire_crouch_nonads_moving_weapons_s4_lm_bromeo37
03452047DBD51529,s4_mp_addoff_me_leiomano_base_crouch_moving_nonads
03453E177B3311EA,j_rag_01_dyn
03459C3EFCE8CF2C,s4_acc_attach_watch_band_75_thieves_small_pc
0345A1C586AB2CCE,j_hipfrontraise_ri
0346C7ACDF323CC8,adjust_blindfire_blindfire_right_weapons_s4_sn_moscar32
0347AF1FB742FF3E,xmags_kalpha98
0348974CB9343B05,ATTACH_T9_CHARM_BCJAR
03493292E4A3CD99,rope_127_jnt
034AD5B9F401C111,p9_corrugated_wide_wall_01_64h_64w_01
034B16BE3AF59446,fin_move_j_shoulder_le
034BAB912D087D7C,mantle64
034C0D22DB956938,mixer_02_lid_jnt
034C7F76308C8A14,po_c_t9_ger_pl_west_stalker_blue_desc
034CAE559D89FF8B,veh_t9_civ_ru_sedan_80s_assembly_mpx_death_touch_desc
034D4801FE20C404,front_dpapa27
034DFF61D4A5A191,s4_dog_traverse_walk_vault_over_sm
034E79380281E21A,bar_xs_rapid_thotel
034E8AB998BD0B7C,emblems_fa_pc_base
034F08525C30CCB9,8rfast
034F22F5525F2B82,nv_scope_00_malpha7
034F58627F45AA6A,zm_callingcards_diamond_launcher_melee_special_zm_cc
035075816DB651B6,bottle_02_capper_pincer_lt_jnt
0351B1A0AC13FEED,pc_fx_shadows
0352142C0D37BC3B,s4_mp_execution_generic_katana_01_attacker_stand
035259D241106677,mp_paragon_t5_14_large
035589A304C47A2C,crouch_moving_cowboy
0356B449B8A3C13C,lmg_slowfire_bp_pigs
0356EC01C8A6A8B4,reload_empty_prone_alt_weapons_s4_pi_mike1911
0358706F705AB153,weap_m4_empty_magout_plr
0358A963102176A5,sdr_com_cover_right_stand_long_death_mytr_grenade_idle
0358E26A7CB4BB23,reargrip_bakelite_ar_asierra44
035A3879FCD8258D,c_t9_rus_pl_kgb_smoker_blitz_desc
035C31BD01E74548,j_hood_ri
035CC3912D171977,mantle32
035D2B99E3F18EBA,r_ankle_jnt
035D75E50CB4107B,p9_rm_dwn_duct_rect_sml_s_lod0
035DA2DF730F7CC7,p7_debris_clothing_piles_01_lod0
035DF9C026676784,j_sunglasses_ri
035DFF35FE0754A1,pw_rpg_010_wakeup_plr_face
035E5B46B69D3DE2,tag_gunner_turret4
035F0B84610353CB,p9_usa_spa_fitness_center_letters_p_lod0
03604A0FDFE0ED7F,reargrip_grooved_sm_mpapa40
0360DA1FF7AF86AA,p8_spa_vista_boat_fishing_lrg_far_lod0
0362763CF7B1B35A,alert_examine_arrival_fl
0362AE1A9E13B6AB,s4_debris_wood_plywood_2x8_01_bowed_dirty
036323252B950D82,picture_frame_19
036324252B950F35,picture_frame_18
036325252B9510E8,picture_frame_17
036326252B95129B,picture_frame_16
036327252B95144E,picture_frame_15
036328252B951601,picture_frame_14
0364564E0E032DD3,foregrip_balanced_stango44
036570E8CF183F9B,shotgun_pump_bp_nightfall
0365C7167D0B735B,cover_right_crouch_to_cover_left_crouch
036692252B97FFF6,picture_frame_20
03679482D317896C,presetClassesPerTeam
036830B3AB9FBDDE,tr_fastburst_t9
03689F407E0EBB0D,p7_shadesail_connector_lod0
0368AD7AFF8C0094,callingcards_t8_zm_miscellaneous_01
03697E9E509EDF19,s4_mp_strafe_sprint_sn_start_fast_7
0369879E509EEE64,s4_mp_strafe_sprint_sn_start_fast_8
0369889E509EF017,s4_mp_strafe_sprint_sn_start_fast_9
036A15430855E03B,pf6616_auto7
036B62B72642A15F,AR_DAMAGE_BP_HEARTBREAK_DISPLAYNAME
036BE5097B73EE14,par_office_folder_papers_03_lod0
036CBB03EC1DC310,reload_quick_empty_prone_alt_weapons_s4_pi_mike1911
036D1A63C5F5D98C,p8_zm_white_concrete_sidewalk_chunk_01_a
036D1C63C5F5DCF2,p8_zm_white_concrete_sidewalk_chunk_01_c
036D1D63C5F5DEA5,p8_zm_white_concrete_sidewalk_chunk_01_b
036E16A59541BE37,p9_vnm_bamboo_wall_panel_02a
036E6B8CCF329C3B,p8_cos_frame_fuel_tank_lod0
036F2EF7B927ACFB,sdr_com_cover_left_stand_pstl_full_exp_to_exp
036FB37BF8EAFF8A,jnt_engine
037144D19BD7CAB5,tag_death_fx_blade_chunk_02_spawn
03723F2BFEB3C45E,sdr_cqb_pstl_strafe_shuffle_6b
0372EAFCB1DA743C,parts_wristwear_mp_watch_cod_mobile_big_wm
0375CD7F05C1E7A0,vm_lindia98_grip_mk_00_fab
037806A59549F78C,p9_vnm_bamboo_wall_panel_01a
0378FBCD4648309E,melee_stand_weapons_s4_me_leiomano
03792F3A6EFD700B,aim_molotov
0379472BFEB9F0A4,sdr_cqb_pstl_strafe_shuffle_4b
03798CF9494D46F1,dyn_flash
037A953FA20EBBF2,smg_heavy_bp_penumbra
037BB4CCB45D26AB,BUNDLE_3023_DESCRIPTION
037D7B2AFC585F50,move_backward_crouch_melee
037DC5F4FF1E6EA0,cos_163_ms
037E21BD0204107E,j_hood_le
037ECF82FE13874B,j_betty_2
037ED082FE1388FE,j_betty_1
0380572BFEC02A82,sdr_cqb_pstl_strafe_shuffle_2b
0380D337200AC4FD,s4_sdr_com_exp_crouch_pistol_to_ar_back
03817B379FED7308,sdr_com_cover_left_stand_exp_to_hide
0384AE665CA1C85D,dyn_bottle_01
038662A8C3616CEF,p8_usa_snow_rock_pile_04_lod0
03869086BE744FA1,tag_bullet_deplete_swap_31_animate
0386C2D2FB7AAE46,sdr_mp_stand_prepare_eq_rock
03874D8AF473ADCD,gun_ready
03887FE0C45DD041,trans_2_ads_freefall_weapons_s4_lm_tyankee11
0389135FA9B0EAD1,p9_ams_interior_vents_02b_lod0
038A143C03C8F3F9,side_r_mid_jnt
038AA60047E1A02B,j_bag_rearstrap2_1_le
038AE972DC1BD678,p9_rus_ship_ceiling_beam_128_01_lod0
038BA15BEFF7F884,traverse_warp_across_arrival
038CA3B173226D80,cal_xl_50_balpha_up1_noimp_zm
038F1B79CB762B5A,j_r_wing_feather_grp_l_wing_large_feather67_ri_secondary_coverts
039022C79BD6030A,ps_wpn_owhiskey_plr_reload_charge_empty
03903698D853C6F8,s4_inner_destructible_stone_wall_120x120_bottom_mp_part2_lod_fix
039174AC464FBA72,xmags_aromeo43_zm
03933661B40B7F0B,muzzle_stabilizer_large_ptango41
03934EF843F5FC2A,dof_4_57_010_010
0393DF138D1070C0,patrol_idle_fl_to_alert_idle_fl
03956629FD21CDD0,weapon_first_raise_prone_weapons_s4_me_pushdagger
03980E190E772EB0,look_461
039817700E520C2C,zm_callingcards_darkpops_zm_amerikatown_mq_cc
0399ED1B27BCC3FF,callingcards_eliminations_tactical_rifles_mp_desc
039A584691150891,reargrip_stippled_marksman_sm_stango5
039AC350DA40443E,j_jacket_1_ri_end
039AF0C1A52F40B8,prop_blur
039BDE5E3736F84F,ach_glass_pile_01_lod0
039C11F1E626E000,p7_railing_modular_01_stairs_32_top_r_lod0
039C46EA13541A8D,weapon_lower_prone_weapons_s4_la_m1bravo
039CD7F30078B814,vm_stango5_mag_f_00
039D3A64C6F74AEC,sdr_mp_execution_066_victim_laststand
039F1A190E7D61C2,look_401
039F9DAE1E884DF8,callingcardsmaster_launcher_fastfire_mp
03A053E644C195F6,tag_gear_right_rear_hatch_lower
03A0857C2A3B8AED,s4_mp_custom_ar_fecho_xxlmag_stand_reload
03A089772C01C07C,s4_mp_facial_arthur_angry_3
03A08A772C01C22F,s4_mp_facial_arthur_angry_2
03A08B772C01C3E2,s4_mp_facial_arthur_angry_1
03A105B094EFB124,sdr_mp_mantle_on_back_weapon_up_far_low_a_akimbo
03A174ABCED0C00B,trans_2_nonads_freefall_weapons_s4_sm_owhiskey
03A2127ADE3F8C9C,shotgun_semiauto_bp_tuningf
03A222190E7FA531,look_431
03A29584E90CFC5B,p9_nic_rock_cliff_07_lod1
03A39CBCFFD95C2A,vm_becho20_lens_102_00
03A3AED044B45E77,ui_icon_specialist_portrait_draft_firebreak
03A61261D4F037B0,s4_dog_traverse_walk_vault_over_md
03A61945054A2193,holo_01_bromeo37_wecho
03A681068493329E,adjust_ads_crouch_weapons_default
03A6E958874B02D8,tag_tunk_base
03A7AF2C711AAD88,ps_wpn_stango44_plr_reload_magin_tac_ext_01
03A83C0ED8BEBACD,ATTACH_T9_CHARM_ICE_AXE
03A908B662CDEC3D,j_hose_03_animate
03AACE5B2E76AE65,tool_pliers_01_lod110v40bf800000
03AB89C58701B738,j_hipfrontraise_le
03ACA4B5E381A9EF,wm_mike97_barrel_s_104
03ADD4BA62E56788,buildup_dirt_plaster_01_endpiece_left_32_lod010v50bf800000
03AF029B068D2D10,p9_zm_gold_metal_trim_128_lod0
03AF06388A1A63BC,reargrip_granular_reinforced_ar_promeo45
03AFE200E3700E2F,dyn_glove_mid
03AFF3D7B7A3B3AC,s4_mp_addoff_sn_moscar32_base_mount
03B11DB3C3C2C63E,p9_stk_german_bar_menu_01_lod0_mesh
03B1974A137357BF,p7_cafe_wall_menu_01_lod0
03B25384B6D37955,s4_mp_custom_sm_ppapa41_base_stand_ads_reload_empty
03B310D144ABAFED,j_elevation_wheel
03B35160390A2520,adjust_mount_weapons_default
03B38888BA9D310A,beam_shoot_burst_finished
03B3B76170FB5CFF,dyn_pick_02
03B3B86170FB5EB2,dyn_pick_01
03B5005290E29536,sdr_com_cover_left_crouch_lean_fire_burst6@2
03B52C0A0FEEF066,quote_war_is_a_crime
03B5A2165EB96161,emblems_skull_top5
03B64CA2645BAA7F,j_gloves1
03B6FC0E704B0CEA,emblems_lumens_maxis_s6_animated
03B97EE8C37B9292,aim_la_juliet
03B9F523C2C8C1B0,acc_kitchen_apron_01_lod0
03B9FDAC121191BC,top_tong_jnt
03BC5CF132B68E6E,sdr_mp_addoff_crouch_ks_greenbeam_nonads
03BD4B34BE9A8D41,ps_wpn_tyankee11_plr_reload_fpo
03BE60A27EF01660,scriptable_s4_dun_belongings_book_pile_04_dust
03BE9AC14367B0C0,j_ribbon_128
03BE9BC14367B273,j_ribbon_129
03BEA2C14367BE58,j_ribbon_120
03BEA3C14367C00B,j_ribbon_121
03BEA4C14367C1BE,j_ribbon_122
03BEA5C14367C371,j_ribbon_123
03BEA6C14367C524,j_ribbon_124
03BEA7C14367C6D7,j_ribbon_125
03BEA8C14367C88A,j_ribbon_126
03BEA9C14367CA3D,j_ribbon_127
03C019AE73A4C7A6,newspaper2_68_jnt
03C05B29873E370A,cal_xl_127mm_dpapa27_up1_noimp
03C21FC1436AC896,j_ribbon_139
03C220C1436ACA49,j_ribbon_138
03C225C1436AD2C8,j_ribbon_133
03C226C1436AD47B,j_ribbon_132
03C227C1436AD62E,j_ribbon_131
03C228C1436AD7E1,j_ribbon_130
03C229C1436AD994,j_ribbon_137
03C22AC1436ADB47,j_ribbon_136
03C22BC1436ADCFA,j_ribbon_135
03C22CC1436ADEAD,j_ribbon_134
03C282E47C4225BC,p9_dun_drilling_tower_boom_left
03C2AEE2208C3A76,tag_cv_jnt_upr_rr_spin
03C2BDCE5D363A6B,tag_curtain_02h_animate
03C2C6C97F57A4AC,cover_left_crouch_hide_to_a
03C2C9C97F57A9C5,cover_left_crouch_hide_to_b
03C374C67F3AFC2B,p9_zm_ndu_barrier_pond_01_sgl_lod0
03C4D5C63E31D243,dyn_skirt_lf_01
03C4E45D7A5654BB,ss_jet_fighter_enemy_arrive_mult
03C5A6C1436DE3D2,j_ribbon_108
03C5A7C1436DE585,j_ribbon_109
03C5A8C1436DE738,j_ribbon_106
03C5A9C1436DE8EB,j_ribbon_107
03C5AAC1436DEA9E,j_ribbon_104
03C5ABC1436DEC51,j_ribbon_105
03C5ACC1436DEE04,j_ribbon_102
03C5ADC1436DEFB7,j_ribbon_103
03C5AEC1436DF16A,j_ribbon_100
03C5AFC1436DF31D,j_ribbon_101
03C619489117AF95,enemychoppergunnermultiple
03C6784EB86031A9,ai_s4_zm_zombie_base_super_sprint_25_pain_f
03C89BF0C7EAA387,pain_walk
03C913C14370D2E0,j_ribbon_111
03C914C14370D493,j_ribbon_110
03C915C14370D646,j_ribbon_113
03C916C14370D7F9,j_ribbon_112
03C917C14370D9AC,j_ribbon_115
03C918C14370DB5F,j_ribbon_114
03C919C14370DD12,j_ribbon_117
03C91AC14370DEC5,j_ribbon_116
03C91BC14370E078,j_ribbon_119
03C91CC14370E22B,j_ribbon_118
03CA707A6FB03C41,paintjob_stickers_radioactive
03CC70E0833B6F48,s4_mp_fatality_roland_02_attacker_thumbnail
03CC99FB2F8D2535,t9_charm_skeleton_grenade
03CCB11CC35F1D80,CALLINGCARDS_COLDFRONT
03CCC7A3E93760C3,c_t9_ger_pl_west_raider_bruiser_desc
03CE190C4376D941,ult_swat_enemy_arrive
03CEDE33FA9405E0,t9_charm_sheriff_hat
03CF3D3A29B98575,loot_smg_fastfire_bp_mummycat
03D01D1CF4D9DF5C,t9_charm_dummy_head_desc
03D193E8BC71E107,tag_barrel_lock_latch_animate
03D22BB2796BD373,tag_sideskirt_right_05_animate
03D31EC143793A16,j_ribbon_148
03D31FC143793BC9,j_ribbon_149
03D324C143794448,j_ribbon_142
03D325C1437945FB,j_ribbon_143
03D326C1437947AE,j_ribbon_140
03D327C143794961,j_ribbon_141
03D328C143794B14,j_ribbon_146
03D329C143794CC7,j_ribbon_147
03D32AC143794E7A,j_ribbon_144
03D32BC14379502D,j_ribbon_145
03D44BCBDF2E83E0,dof_4_114_0_0
03D48BF53CE6BE51,pf483_auto1
03D573893A4E9F01,centrifuge_tt_drip_grey_01_jnt
03D6A8C1437C5A6B,j_ribbon_154
03D6ABC1437C5F84,j_ribbon_151
03D6ACC1437C6137,j_ribbon_150
03D6ADC1437C62EA,j_ribbon_153
03D6AEC1437C649D,j_ribbon_152
03D6B1F5083CDFD5,ps4_menu_cursor_sensitivity
03D6C9197A792323,s4_mp_custom_sm_fromeo57_akimbo_stand_reload
03D791113E73D878,s4_camo_01g_zm
03D7BCA700ADFD14,p7_slu_window_bars_metal_02_lod0
03D8DDF4FF6B4315,cos_163_pc
03D9E9F6D8586870,ps_wpn_mgolf42_plr_reload_open_tac_fast
03DADF5BBADFFFC0,picture_frame3
03DAE05BBAE00173,picture_frame2
03DAE15BBAE00326,picture_frame1
03DAE35BBAE0068C,picture_frame7
03DAE45BBAE0083F,picture_frame6
03DAE55BBAE009F2,picture_frame5
03DAE65BBAE00BA5,picture_frame4
03DAE95BBAE010BE,picture_frame9
03DAEA5BBAE01271,picture_frame8
03DD42F9346B6BC8,t9_charm_class_ring
03DDBBEBF90F4F58,cal_lg_xxlmag_kgolf40_up1_noimp_pack_zm
03DDCFCE0ACA6815,p8_spa_light_chandelier_hall_sconce_lod0
03DE87FF0334515E,tag_chain_08_animate
03DF96302F7162B0,s4_acc_attach_face_113_large
03E180161D21E461,move_backward_prone_to_crouch_melee_transition
03E209AF6943E9BB,ar_damage_bp_wargames
03E37215A8AB3563,sdr_com_exposed_prone_jog_exit_4
03E37315A8AB3716,sdr_com_exposed_prone_jog_exit_7
03E37415A8AB38C9,sdr_com_exposed_prone_jog_exit_6
03E37515A8AB3A7C,sdr_com_exposed_prone_jog_exit_1
03E37715A8AB3DE2,sdr_com_exposed_prone_jog_exit_3
03E37815A8AB3F95,sdr_com_exposed_prone_jog_exit_2
03E52FC0A3CAC2CD,callingcards_sureallandscape_s5
03E56B57609F6E5B,adjust_blindfire_blindfire_right_weapons_s4_sm_guniform45
03E57FE948ACE7A7,sdr_cp_offhand_eq_nuke_core_raise_crouch_moving
03E5D3A3576F01D2,j_arm_rt_02_animate
03E5F77F88F732B8,button_layout_bumper_jumper
03E60DF34D421D1D,reargrip_taped_ar_stango44
03E72476F345D720,parts_wristwear_mp_watch_f_female_wm_1_2
03E768247526B489,s4_mp_custom_sn_aromeo38_base_prone_pullout_first
03E79FDFB3188758,tier_icon_list
03E828F29F930526,slide_akimbo
03E83F94470D749C,j_tassels_side1_le
03E93812BDA2FECE,vehicle_ai::setrotorspeedcallback
03E9FB18A870A328,reload_quick_prone_alt_weapons_any_ar
03EA00AFF0E28907,ironsdefault_tyankee11_v201
03EDA98528781378,scriptable_s4_usa_cooking_cooler_lid
03EF280EE6ADBE13,tag_skirt_tgt_le
03F0C1F9826171E4,p9_mal_sport_mannequin_rt_lod0
03F124A1707384D4,mvmt_step_pre
03F15AE01D4E3CBE,aac_lathe_dmg_16_lod010v41bf800000
03F17872A70DCE9D,p7_rus_locker_open_lod0
03F205000693EFC8,s4_mp_custom_ar_m1golf_base_prone_trans_2_nonads
03F279A1BF758EDB,pf1511_auto309
03F29BFB26319DF9,p7_ntx_vegetable_tomato_red_01_sm_lod0
03F2A70F62F7A8AB,xmags_stango5_zm
03F323C453EC7F3E,umbrella_base_061_jnt
03F34F2D4E91A0A1,p8_zm_zod_table_settings_utensil_fork_sml_lod0
03F37179170B6108,frame_tall_1_lod0
03F3958ECC36EF01,chute_03_jnt
03F57A2ED7BBF7D2,0.980392 0.823529 0 1
03F784C7DC73460D,hm_grnd_org_run_turn_r_1_2h
03F7DA4CCEECEDDA,wm_ppapa41_reciever_103
03F7DB4CCEECEF8D,wm_ppapa41_reciever_102
03FB460106515190,s4_acc_attach_watch_band_75_optics_sony
03FB463861888D77,pf640_auto6
03FB8C08EC8C6DA6,lrg_wheels_01_jnt
03FBA1EC73D3ECA3,veh_t9_mil_ru_tank_t72_mpx_rocket_desc
03FC9211B6BF323B,s4_zm_rus_skulls_bones_pile_01
03FC9311B6BF33EE,s4_zm_rus_skulls_bones_pile_02
03FDEBEABCC8EA70,dof_6_75_0_0
03FEB7AC75A566FC,j_rope_098
03FEB8AC75A568AF,j_rope_099
03FEBBAC75A56DC8,j_rope_094
03FEBCAC75A56F7B,j_rope_095
03FEBDAC75A5712E,j_rope_096
03FEBEAC75A572E1,j_rope_097
03FEBFAC75A57494,j_rope_090
03FEC0AC75A57647,j_rope_091
03FEC1AC75A577FA,j_rope_092
03FEC2AC75A579AD,j_rope_093
03FF066851F4A430,blendspace_alias_mantle_on_back_weapon_up
0400F12298C7D1A2,reload_ads_weapons_s4_lm_aalpha52
0401E44B11187E35,cor_brick_debris_scan_03_snow
04023CAC75A87ED2,j_rope_089
04023DAC75A88085,j_rope_088
04023EAC75A88238,j_rope_087
04023FAC75A883EB,j_rope_086
040240AC75A8859E,j_rope_085
040241AC75A88751,j_rope_084
040242AC75A88904,j_rope_083
040243AC75A88AB7,j_rope_082
040244AC75A88C6A,j_rope_081
040245AC75A88E1D,j_rope_080
040263847B340F17,s4_mp_pom_generic_tiger_01_hero_thumbnail
0402A8CB435B6D10,fan_right_d0
0402A9CB435B6EC3,fan_right_d1
0403580EE6BEB8AD,tag_skirt_tgt_ri
0404736EBD156A00,sdr_com_cover_crouch_pstl_jog_exit_6
0404746EBD156BB3,sdr_com_cover_crouch_pstl_jog_exit_7
0404756EBD156D66,sdr_com_cover_crouch_pstl_jog_exit_4
0404776EBD1570CC,sdr_com_cover_crouch_pstl_jog_exit_2
0404786EBD15727F,sdr_com_cover_crouch_pstl_jog_exit_3
0404826EBD15837D,sdr_com_cover_crouch_pstl_jog_exit_9
04048593CCD295C4,tag_door_right_front_dead
04054D6613D7AA8C,reargrip_pine_sm_guniform45
0405726C0486E0DE,bar_sh_fluted_wecho43_up1
0405C5542DEE0C58,tag_char_align_c
0405C6542DEE0E0B,tag_char_align_b
0405C7542DEE0FBE,tag_char_align_a
0405CC542DEE183D,tag_char_align_d
0405CF1E0AD484EB,j_bottom4
0405CFDF2A503772,p9_vnm_rock_cave_wall_01b_lod1
0406E84881B2E1B7,dyn_l_lg_chain_01
0406E94881B2E36A,dyn_l_lg_chain_02
0406EA4881B2E51D,dyn_l_lg_chain_03
0406F9335636FE28,SNIPER_QUICKSCOPE_BP_SOMBERV_DISPLAYNAME
040877CABBE5F54A,s4_me_leiomano_mantle
0408EB36371843A7,timescale range
040902D94040ACA7,pom_generic_elf_01
040A2F94472A3FD2,j_tassels_side1_ri
040AD69EB1F037D1,reargrip_bakelite_ar_hyankee44_v201
040B3D17CE274A3C,wm_mpapa40_brake_rb_102
040BEA8F7A12377E,shotgun_semiauto_bp_jokerh
040C2FAC75B0BD40,j_rope_058
040C30AC75B0BEF3,j_rope_059
040C37AC75B0CAD8,j_rope_050
040C39AC75B0CE3E,j_rope_052
040C3AAC75B0CFF1,j_rope_053
040C3BAC75B0D1A4,j_rope_054
040C3CAC75B0D357,j_rope_055
040C3DAC75B0D50A,j_rope_056
040C3EAC75B0D6BD,j_rope_057
040D219BA317A624,sdr_mp_pain_laststand_head_bk_02
040D249BA317AB3D,sdr_mp_pain_laststand_head_bk_01
040EE7DD8A9FE212,lmg_light_t9_desc
040FB4AC75B3D516,j_rope_049
040FB5AC75B3D6C9,j_rope_048
040FBAAC75B3DF48,j_rope_043
040FBBAC75B3E0FB,j_rope_042
040FBCAC75B3E2AE,j_rope_041
040FBDAC75B3E461,j_rope_040
040FBEAC75B3E614,j_rope_047
040FBFAC75B3E7C7,j_rope_046
040FC0033ABBFFB7,dyn_bandana_long_01
040FC0AC75B3E97A,j_rope_045
040FC1033ABC016A,dyn_bandana_long_02
040FC1AC75B3EB2D,j_rope_044
0411190547D0AA18,p8_usa_snow_rock_pile_03_lod0
041194FB43389DA0,s4_zm_jpn_column_wood_rope_pile_knot_02
041197FB4338A2B9,s4_zm_jpn_column_wood_rope_pile_knot_01
041259EF4ECCE8A2,reb_stl_alert_idle_react_sm_8
04125BEF4ECCEC08,reb_stl_alert_idle_react_sm_6
04125DEF4ECCEF6E,reb_stl_alert_idle_react_sm_4
04125FEF4ECCF2D4,reb_stl_alert_idle_react_sm_2
04133BAC75B6F052,j_rope_078
04133CAC75B6F205,j_rope_079
04133DAC75B6F3B8,j_rope_076
04133EAC75B6F56B,j_rope_077
04133FAC75B6F71E,j_rope_074
041340AC75B6F8D1,j_rope_075
041341AC75B6FA84,j_rope_072
041342AC75B6FC37,j_rope_073
041343AC75B6FDEA,j_rope_070
041344AC75B6FF9D,j_rope_071
04149C095B6E91AF,p8_wz_foliage_wild_grass_64_short_lod0
0414F98E4955971C,fmags_tyankee100
04156E011AF3DBB7,brokenglass_window02_green
0416A8AC75B9DF60,j_rope_061
0416A9AC75B9E113,j_rope_060
0416AAAC75B9E2C6,j_rope_063
0416ABAC75B9E479,j_rope_062
0416ACAC75B9E62C,j_rope_065
0416ADAC75B9E7DF,j_rope_064
0416AEAC75B9E992,j_rope_067
0416AFAC75B9EB45,j_rope_066
0416B0AC75B9ECF8,j_rope_069
0416B1AC75B9EEAB,j_rope_068
04175F41A1E50BC5,iw7_m1
04186CF28E73C2FC,guard_stango5
04193EC78CC44315,sdr_mp_strafe_supersprint_jug_7
04193FC78CC444C8,sdr_mp_strafe_supersprint_jug_8
041940C78CC4467B,sdr_mp_strafe_supersprint_jug_9
041A2BAC75BCF3D0,j_rope_014
041A2CAC75BCF583,j_rope_015
041A2DAC75BCF736,j_rope_016
041A2EAC75BCF8E9,j_rope_017
041A2FAC75BCFA9C,j_rope_010
041A30AC75BCFC4F,j_rope_011
041A31AC75BCFE02,j_rope_012
041A32AC75BCFFB5,j_rope_013
041A37AC75BD0834,j_rope_018
041A38AC75BD09E7,j_rope_019
041A4C976543B942,j_kukri
041D3CAC75BF468A,j_rope_009
041D3DAC75BF483D,j_rope_008
041E24539BADAFB0,safe_area_option
041F54E9ABC00E9E,cal_sm_xxlmag_aromeo43_up1_noimp_zm
041F56B953F119FD,p9_zm_tungsten_documents_note_lod0
042037622AD3E3DA,aim_ks_greenbeam
042087EF38F5CFB8,s4_mp_custom_sm_thotel_base_stand_ads_reload_empty
0420B3AC75C24696,j_rope_038
0420B4AC75C24849,j_rope_039
0420B9AC75C250C8,j_rope_032
0420BAAC75C2527B,j_rope_033
0420BBAC75C2542E,j_rope_030
0420BCAC75C255E1,j_rope_031
0420BDAC75C25794,j_rope_036
0420BEAC75C25947,j_rope_037
0420BFAC75C25AFA,j_rope_034
0420C0AC75C25CAD,j_rope_035
04223AA148FE1851,tag_back_exhaust_fx
0422566BC65A8F2B,wm_accessory_watch_kyle_big
0424120D1ADA289C,s4_mp_custom_sn_svictor40_extmag_stand_ads_reload_empty
042438AC75C55E6C,j_rope_029
042439AC75C5601F,j_rope_028
04243CAC75C56538,j_rope_025
04243DAC75C566EB,j_rope_024
04243EAC75C5689E,j_rope_027
04243FAC75C56A51,j_rope_026
042440AC75C56C04,j_rope_021
042441AC75C56DB7,j_rope_020
042442AC75C56F6A,j_rope_023
042443AC75C5711D,j_rope_022
04245215A534E181,foregrip_handstop_mpapa40
042518E6292E96B3,stock_reinforced_gecho43
042552CC4808E484,s4_mp_custom_lm_mgolf42_base_crouch_gun_butt_hit
0425ABC93E7107D4,s4_mp_custom_sm_aromeo43_base_stand_pullout_first
0425C12E926EAD75,pipe_2in_iron_x08_01
0426AB486EDB4245,s4_mp_custom_ar_balpha_ult_stand_inspect
0427F1A119E72815,brick_dmg_edge_horz_x16_01_lod0_comb
0428489AA3821CFD,emblems_s3_opticchi_base_pc
04288404FA1DC7B2,scene_frontend_t9_gunsmith
0429AB0CDBB42E6F,s4_acc_attach_watch_band_00_small_sony
042A7A8859C7E75F,p8_wmd_shelves_metal_lod0
042B1CCBF0F9C091,p7_foliage_flower_bouquet_large_dead_lod0
042B4448D194CEC2,stk_warehouse_wall_wire_span32_01
042CB3FBFBD17C84,p8_zm_red_statue_king_01_marble_lod0
042D55760BF75E91,snprscope_medium_ger_offset_hyankee44
042D6AF29F027ABB,p9_nic_wood_plank_short_03_lod0
042DB602AA79E7FB,tag_sidegun_arm_r_animate
042F1251286F903F,irons_lrg_kalpha98
042F67621F1F1FE0,rope_160_jnt
043011436858CC91,s4_mp_stand_death01_torso_xl_2
043013436858CFF7,s4_mp_stand_death01_torso_xl_4
043015436858D35D,s4_mp_stand_death01_torso_xl_6
0430FEC9D4F47F20,j_mane_rt_1_1_animate
04310756922BBE93,wm_chotel41_stock_ws_101
04316ABE4B1A7F5C,drain_02
04316DBE4B1A8475,drain_01
0431EF9562853913,sdr_mp_strafe_jog_8_death03_explode_4
04334273C83E2F2D,callingcards_zombiebride_animated
04334E9AA38C2EB4,emblems_s3_opticchi_base_sy
0433748EF1C98509,ar_damage_bp_cubarevo
0433A7CC54E31F33,reargrip_grooved_weighted_mg_dpapa27
0433D1AED968F3C7,adjust_mount_right_weapons_s4_ar_chotel15
04369917D165D337,s4_mp_fingers_sn_svictor40_base_l
04369F17D165DD69,s4_mp_fingers_sn_svictor40_base_r
04385D207867EC31,tag_rope_left_04
04385E207867EDE4,tag_rope_left_03
04385F207867EF97,tag_rope_left_02
043860207867F14A,tag_rope_left_01
04394FE4BB09237A,trans_2_nonads_crouch_weapons_s4_sm_stango5
043A35AD42C3FBE7,floating_adjust_s4_sh_lindia98_akimbo_sprint
043AC7D8E4208D80,wm_fecho_barrel_s_fluted_00
043D71B8D7320685,j_alien_arm01_1_pba_animate
043E6E5432925A41,j_cheek_out_ri
043FA40737BD58B9,p7_medicine_bottles_clump_lod0
04406574A14F82AB,p9_window_blind_mid_half_08_btm_lod0
0440A0EE10957B17,par_record_sleeve_01_lod0
0440D21512EC8C7C,dun_belongings_child_shoe_02_l_lod0
0441B213E758A98A,dof_3.4_47_050_050
04428F3629F55B16,p8_zm_esc_fast_travel_rock_02_lod0
0442D502E4055844,grave_lid_chunk_79_jnt
0444883F9648CF60,p9_usa_evermore_pillar_decorative_01_lod0
0444FC223FDEC682,paintjob_stickers_s3_royalravens_parasite_base_ms
04455437A3534B6A,weap_m4_ads_to_gl_plr
0445D27009706411,gunbench_lgt_bg_01
044614A127B4256D,s4_mp_addoff_lm_bromeo37_base_crouch_moving_ads
0447B7EF306CF3F1,grass53
0447F154DA0EBDEF,cine_terminal_extra_s030_face
0448D05F18EC8ED0,mag_moscar_zm
0448DCCE091A99F6,vzscope_medium_thotel
044A21948A14DF14,reload_empty_prone_weapons_s4_pi_malpha96
044A7A5335599545,reflex_lens_01_malpha96
044AAE15716AA893,j_wrist_le_pet
044C7E03E8144E94,rus_radio_parts_kit_01_closed_lod0
044CC4581820292B,dof_4_50_050_050
044F85F4159B7146,wristaccessory_t9_s5_analog_egy_burial_desc
0450FCE9588C248B,dynzoom
0451BDA2DAFCB21A,2run_exitfull
0452BC2B0847B52D,j_enbloc
0452C3B4217F1095,ladder01_large_closed_lod0
0452D45841E90AE1,reargrip_leather_short_slow_sh_lindia98
045307086C62870F,mp_fingers_sm_smgolf45_r_safe
0453924FB15179CC,p9_rus_moskva_console_military_03_screen_a_lod0
045454380FC3822F,p7_foliage_plant_dragonblood_medium1_lod0
0455817A733655D1,smg_heavy_t9_frontend
0455C199B294A592,camo_net_hook_
04564505C6EB969D,s4_mg_mgolf42
045704E788F259EF,p9_rus_amk_facility_tunnel_wall_panel_01_b
0457567C290E6A89,vm_bromeo5_grip_mk_00_htc
0457A9667118ED7C,fmags_tyankee100_zm
0457DC4AE2E8F5C2,pass_sprint_out
045819085D7602DE,p8_col_board_plywood_old_large_01_lod0
045A13ADD2958677,s4_mp_custom_me_leiomano_base_crouch_pullout
045A2C31AEF93273,p7_bottle_plastic_16oz_water_lod0
045EEBC0D144046E,tag_engine_right_02_blur
045F0DAF1C4C2A6A,grave_lid_chunk_20_jnt
04622DEB65452392,s4_sn_gecho43_alt_mode_in_crouch_moving
04628B2F0974113D,adjust_nonads_freefall_weapons_s4_la_m1bravo
046373C5DE9E93BB,tag_fx_yellow
0463BBEC0729DC0F,j_parachute03_02_le_animate
0463E2880F6D2AF5,p9_ger_kgb_cables_electrical_triple_01_lod0
0463FDCF7A1C3345,ai_s4_zm_zombie_base_walk_ad_v04_pain_chest_f_alt
04644E79B92F8E31,s4_eq_field_mic1
04649799954A7196,sdr_mp_execution_035_victim_prone
04656E7F1354A48B,cine_terminal_extra_s070_face
04659F38C45097A4,zm_callingcards_master_ar_season6_zm_cc_desc
0465F2B3DF97885E,p9_core_frontend_blood_decal_zm_01_lod0
04665CBEF11CFE31,umbrella_base_086_jnt
0466940976FA49CC,p8_cable_wire_bundle_housing_01_lod0
0467408ECE49A0BF,tag_fx_front_right
0468BC45CCDAE299,j_lanyard_upvect
0469231133EED01E,p7_windsock_pole_lod0
046B83F62A576850,fire_stand_ads_weapons_s4_sn_moscar32
046D404F6295C17B,tag_door_handle_1
046D414F6295C32E,tag_door_handle_2
046D6B4F62960A8C,tag_door_handle_l
046D7280492B3120,ps_wfoly_npc_pi_golf21_reload_03
046D7380492B32D3,ps_wfoly_npc_pi_golf21_reload_02
046D7480492B3486,ps_wfoly_npc_pi_golf21_reload_01
046D7FBB6388BFE8,silencer_heavy_asierra44
046D814F62962FEE,tag_door_handle_r
046D951A62746C90,tag_armor_flap_mid_le_03_animate
046DC635D152025E,gumball_activated_base_18_jnt
046F2981CA6FAE93,tile_geo
046FAA46CE62B21B,p8_ice_rock_med_02_lod0
0470509AA3BFE038,emblems_s3_opticchi_base_ms
0470512AE07B3D46,sdr_com_cover_stand_pain01_torso_md_f
0470552AE07B4412,sdr_com_cover_stand_pain01_torso_md_b
0470572AE07B4778,sdr_com_cover_stand_pain01_torso_md_l
04705A6D90994B4D,callingcards_bps4_vargas
0470652AE07B5F42,sdr_com_cover_stand_pain01_torso_md_r
0472EBB1FFFCA01F,vox_cp_sh0_02000_sims_theseagentscoul_cb
04731CC3A18FACDE,sdr_com_cover_left_crouch_pstl_to_shuffle_right
047391151777B04E,j_knife_driver
047398CDA7066E71,j_grenade_le_driver
0473FF15F9E5D6E9,cal_md_xmag_45_luniform08_up1_noimp
047428886306EBF0,ai_s4_zm_zombie_screamer_sprint_stagger_03
047428D821AC2BDD,uk_foliage_vine_englishivy_hanging_short_lod000hffv60bf800000
047429886306EDA3,ai_s4_zm_zombie_screamer_sprint_stagger_02
04742A886306EF56,ai_s4_zm_zombie_screamer_sprint_stagger_01
0475A87374A5D665,gumball_rounds_base2_bounce_jnt
0475D937C879E5A2,p7_rug_round_01_white_lod0
0478CA8C149BF717,wm_m1golf_mag_101
0478CB8C149BF8CA,wm_m1golf_mag_102
0478D567B2686640,j_back_tentacle_ri_3_7
0478D667B26867F3,j_back_tentacle_ri_3_6
0478D767B26869A6,j_back_tentacle_ri_3_5
0478D867B2686B59,j_back_tentacle_ri_3_4
0478D967B2686D0C,j_back_tentacle_ri_3_3
0478DA67B2686EBF,j_back_tentacle_ri_3_2
0478DB67B2687072,j_back_tentacle_ri_3_1
0478DC67B2687225,j_back_tentacle_ri_3_0
0479062EDDE2B45A,sprint_forward_lmg_dblmg_alias
0479FC3A3B9F9AC0,papers51
047A81A71911A355,tag_wing_r_fx
047B4FD2ACED4774,mp_prone_melee_hit_02_me_knife
047B565432C5DF97,j_cheek_out_le
047B82FB2A1CF721,j_forehead_a01_le
047CF3058CC5B4B8,foregrip_balanced_promeo45
047EB8AC3DD80A52,s4_sdr_cqb_strafe_shuffle_start_9
047EB9AC3DD80C05,s4_sdr_cqb_strafe_shuffle_start_8
047EBAAC3DD80DB8,s4_sdr_cqb_strafe_shuffle_start_7
047EBBAC3DD80F6B,s4_sdr_cqb_strafe_shuffle_start_6
047EBDAC3DD812D1,s4_sdr_cqb_strafe_shuffle_start_4
047EBEAC3DD81484,s4_sdr_cqb_strafe_shuffle_start_3
047EBFAC3DD81637,s4_sdr_cqb_strafe_shuffle_start_2
047EC0AC3DD817EA,s4_sdr_cqb_strafe_shuffle_start_1
04802FB756A9655D,s4_mp_fingers_me_katana_aot_base_l
048031B756A968C3,s4_mp_fingers_me_katana_aot_base_r
048073D860E17132,s4_mp_world_ges_knuckle_crack_crouch_moving
0481023A3BA5C3A0,papers37
0481043A3BA5C706,papers35
0481063A3BA5CA6C,papers33
0481083A3BA5CDD2,papers31
0481103A3BA5DB6A,papers39
048134A719173F2C,tag_wing_r_d1
048135A7191740DF,tag_wing_r_d0
04817D9690491697,sdr_com_cover_left_crouch_look_to_hide_fast
0481EDB9811C5F47,paintjob_stickers_dartfrog
0481FE2240127806,paintjob_stickers_s3_royalravens_parasite_base_sy
0481FEAF7E6464ED,tag_gear_right_rear_shock_upper_aim
04822EA208FFA299,ps_wpn_bromeo5_plr_reload_end
04827C2696CFBB18,max_allocation
04838931329A1113,s4_mp_custom_pi_mike1911_base_stand_ads_reload
0484AADFC06E2DEC,weapon_first_raise_crouch_moving_weapons_any_ar
0484AD7B37A8D90B,vm_bromeo_barrel_xs_00
0484FC224014AA77,paintjob_stickers_s3_royalravens_parasite_base_pc
04852192F4456D0C,reargrip_rubber_short_slow_sh_lindia98
04855203855C0CCC,window_02_shard_27_jnt
048584209174BB0B,gumball_event_speckled_01_jnt
04878C3A3BAB19CC,papers19
0487903A3BAB2098,papers15
0487923A3BAB23FE,papers17
0487943A3BAB2764,papers11
0487963A3BAB2ACA,papers13
04882DEEBB2429F9,soda_ice_low
048B642E16A81BD3,ct_toy_clown_porcelain_01_mini_lod0
048E591E06F1F567,adjust_blindfire_blindfire_left_weapons_s4_sn_moscar32
048ED109C87EE67D,t9_charm_bowling
048EEC23965325A1,reargrip_hatched_sniper_ar_asierra44
048F924E83D0E342,ee_light_fixture_ceiling_mounted_04
0490F4F37433C6C0,weapon_first_raise_prone_weapons_s4_sm_guniform45
04915A165CA05F77,p8_cas_scale_kitchen_support_lod0
0491A9950837D672,toggleFreeCam
0492F813C49865D5,nv_scope_00_owhiskey
049508729AAD759E,callingcards_reduse_reuse_and_recycle_desc
0495FF2480FDFA18,sdr_mp_me_strafe_prone_fast_7_to_crouch_fast_7_trans
0497130BE7E1A242,gib_brit_switchboard_01_lod0
049863CE7C8C0627,reargrip_hatched_mg_bromeo37
04993DECDEBAF852,sdr_com_traverse_walk_mantle_down_lg_90r
04994FECDEBB16E8,sdr_com_traverse_walk_mantle_down_lg_90l
04999DEF9F0B5D14,leopard_j_middle_toe_le
049A6EB07E3E7824,p9_rus_park_trim_15_lod0
049A9C1056D8F6CA,centrifuge_arm_orange_jnt
049B2D7E56C12C51,wm_moscar32_mag_f_102
049B77192B8E2248,fire_crouch_ads_weapons_s4_sm_owhiskey
049B94A9477798DA,paintjob_prestige_s1_02_large
049C6D624EAE4684,t9_charm_martini_bomb
049CB2C200244CAD,vm_chotel41_grip_tape_fs_pin
049D7AFB2A39CFEF,j_forehead_a01_ri
049E10A74E2C2F74,tag_strap_btm_ri_1
049E399F9EB3049E,sdr_mp_crouch_trans_2_ads_lm_kilo121
049F6F186E8F9F66,quickplay_gametype_list
04A01ACB1954204B,paintjob_prestige_s1_16_large
04A054127740F9C7,p8_zm_esc_candle_wax_04_lod0
04A06802BC712C02,building_roof_lip_01_corner_outside_lod010v41bf800000
04A06A90FC0123DF,vm_voscar_barrel_lightweight_short_00
04A20A808067289B,strafe_forward_index
04A2740207483DAD,control_taking_c_def
04A29FE19439D36B,flash_hider_large_ptango41
04A550A1E5476FAF,sniper_powersemi_bp_cmoney_desc
04A5A20CE004657C,j_bang_rear1_le
04A5BF3D00079BEE,base_col_plaster_wall_chunk_04_trim_lod0
04AA0BB875056E66,j_knee_4_ri
04ABC1E1EAE5FBE0,tag_wheel_back_right_steer_null
04ABE6D17E8C11E8,tag_door_cargo_right_lower_animate
04ACC9DFC08FB4AD,weapon_first_raise_crouch_moving_weapons_any_me
04AD83B804B71B0B,reload_quick_ads_alt_weapons_s4_sm_aromeo43
04AE0F3816993656,ai_s4_zm_zombie_screamer_sprint_slow_v05_pain_f
04AF875B22FAEC65,vc_chicom_medical_kit_01_lod0
04B00251C37A4DFF,sdr_com_cover_right_crouch_jog_arrival_l_8r
04B01851C37A7361,sdr_com_cover_right_crouch_jog_arrival_l_8l
04B036AFFE46CB66,hybrid_flip_aromeo43
04B0A9DFC0936724,weapon_first_raise_crouch_moving_weapons_any_la
04B1CE020E1B229B,vm_ppapa41_grip_hv_00_rub
04B46D48106969E2,upright
04B46E294BBF2B06,tool_bow_rake_01_lod
04B5F9BAAFDA9E0B,fire_horizon_glow
04B693976C0432A3,tag_wheel_back_left_null
04B752E766D40E06,t9_charm_eagle_8_bit_desc
04B76CA5D371D60E,callingcards_war_of_attrition_s6_desc
04B7F3C7B514A4C8,tag_side_left_cover_bar_right_le
04B81410F5AD5398,weap_kilo_fast_lift_plr
04B82DB27AB42A9A,tile_01_low_thick
04B8C78FBD6C83E9,vm_m1golf_grip_mk_00_ws_00_ps_00_htc
04BAFF69BDE9E97E,ou_eye01_upeyelid
04BB0B28083DCB0B,p9_rus_far_vista_bldg_003_lod0
04BB44C9A2566938,torch_straight_bromeo5
04BD55D5B50DE6A2,weapon_lower_stand_weapons_iw8_juggernaut
04BE0C9F7B176247,wm_telescopic_fixed_r_aromeo38_101
04BE7A7D8F860C4A,t9_charm_c_king_desc
04BE904CEFC64888,tag_hose_01_02
04BE934CEFC64DA1,tag_hose_01_01
04BF38C846954259,mkg_food_soda_cola_can_01_b_destr_02_lod0
04C1BA8B3C7CE954,tag_shocker_l_01_animate
04C375640499DA6F,j_shoulderbag_1_driver
04C3DE9ADCFB3269,weapon_raise_crouch_moving_weapons_iw8_riotshield
04C4183B673BF9C8,p7_zm_shi_lamp_post_wood_torch_lod0
04C59FF304BDD2DE,prestige_iw4_02_large
04C6998E83EB1566,origin_anim_jnt
04C6FAC0081D5DBB,j_dyn_rk_scarf_01
04C70DA9CF91FECA,t9_charm_bomb_eggs_desc
04C73B6D8CF07C61,sdr_mp_addoff_pi_golf21_mount
04C787C74BE1887F,reflex_reflector_00_owhiskey
04C7920CE02130B2,j_bang_rear1_ri
04CA917DF80EF9E4,j_hippack_3_ri
04CCA39E36756FE9,p7_coral_aquarium_06_lod0
04CEA4EA6B44481D,s4_mp_custom_la_walpha2_base_crouch_moving_trans_2_ads
04CED3E9CFF0C555,silencer_heavy_small_tyankee100
04CFF0159527AC72,dyn_knife
04D136FFF2C21F39,chute_50_jnt
04D1B5C3B43250F8,fire_stand_nonads_weapons_s4_ar_asierra44
04D1FC5AF027AD4B,mp_control_spawn_defender_start
04D32A3BA2894FA2,tag_siren_glass_right_spinner_d0
04D32B3BA2895155,tag_siren_glass_right_spinner_d1
04D33B5781D3C8EB,j_neck_03
04D44DCD755D92C5,ger_food_can_01_lod0
04D5193BF3EE8A1B,lbravo_seat_3_left
04D5A2A831E06DB9,fire_crouch_ads_moving_weapons_s4_la_mkilo11
04D6A8A3B2E198C9,shard_06_jnt
04D6CAE99BF8F455,j_jacket_rear_ri
04D7A25077CBADCD,stk_sewing_machine_01_string_lod0
04D80AE4602B3F3B,day_stone_wall_debris_04
04D8EBCDC8A60205,callingcards_numbersevent_takingover_s5
04D92364D8C3171F,tag_strap_top_le_4_animate_le
04D9433225FB5E06,torch_straight_kgolf40
04D9FE83723F9F7C,j_pinky_tendon_le
04DA23B8752EBAF0,j_knee_4_le
04DA8536013E58F2,p9_usa_trash_debris_beach_02_lod0
04DB39F0A68F9151,sdr_mp_ges_spray_shield_additive
04DB7ED7F3AB70A2,tag_ik_frontfoot_loc_ri_dog
04DC6775D2787868,greece_classic_table_01_lod0
04DDCE0A7D008DAA,sdr_mp_ges_watch_interact_shake_stand_me
04DEDCB395C4D6A6,s4_mp_fingers_sn_m1golf_gripstop_l
04DF4213D1E7B3B1,tag_glass_back_fx
04E041030F0146A8,sdr_mp_lower_crouch_me_fists
04E05D84E7A2E4BE,ps_wpn_aromeo99_plr_reload_open_empty
04E1018A4CFEB530,sdr_mp_ges_pickup_br
04E1D8025F45BA4B,ps_mp_execution_anna_01_prone_weapon_02
04E1F3B31EF75825,sdr_mp_crouch_moving_trans_2_nonads_sn_crossbow
04E27D64DD996EA5,deb_woodfloor_13_lod0
04E3A719A776B253,komodo_j_ring_ri_2
04E3A819A776B406,komodo_j_ring_ri_1
04E413405A7C2D94,base_street_manhole_cover_04_lod0
04E4E13E5D7A9CED,cal_md_stealth_762x39mm_moscar_down1_noimp_pack_zm
04E4E82480C9F137,vm_m1golf_stock_mk_001_sony
04E5A1911E47ACAF,sdr_mp_strafe_trans_fast3_fast7_alt
04E5D564271EA570,p_gc_door_wood_single_frame_lod0
04E5F6395E977D29,paintjob_stickers_s3_rokkr_attach_base_ms
04E694AECE7C2AD1,p8_spa_vase_porcelain_floral_lid_lod0
04E6F62164B357DF,ladder_stop_right_top
04E728B4A1E582F7,sdr_mp_addoff_sn_delta_ads
04E7765285C40294,s4_mp_execution_generic_axeshield_01_attacker_stand
04E8FF48A8024795,ar_slowhandling_bp_fishtank
04EA5C201F167869,lrg_wheels_04_jnt
04EA75C6CBC6DE7B,bs_technical_s04_idle
04EA90B1EF94F4A8,gumball_rounds_shiny_09_jnt
04EBFAD20D4C4011,coffee_pot_metal_01_alum_lod0_comb
04EE36ECC412AF20,tag_fx_light_2
04EE37ECC412B0D3,tag_fx_light_3
04EE3CECC412B952,tag_fx_light_4
04EE3DECC412BB05,tag_fx_light_5
04F026B5069E195A,bundle_operator_2067_helen_park_fossil_fuel
04F1B048033F96E3,ATTACH_T9_CHARM_PARACHUTE_SOLDIER
04F1D44866702AFE,inspect_prone_akimbo_weapons_default
04F207A55F9C2963,p8_zm_chaos_portal_01_chunk_01_cheap_lod0
04F27DEF9F574F8A,leopard_j_middle_toe_ri
04F2C5C3CBC1C3E6,wm_ppapa41_grip_mk_00_htc
04F2EC6D7CCC1BCE,BUNDLE_2045_TITLE
04F3D757AC29D063,reargrip_pine_heavy_mr_ptango41
04F4651E6617FCDC,tag_door_left_anim
04F4B53B2D48D032,vfx_bombard_projectile_trail
04F546D2F6D997DD,tag_swingarm_left_rear_lower_outer
04F567ACF91BF070,jnt_piece_left_3
04F568ACF91BF223,jnt_piece_left_2
04F569ACF91BF3D6,jnt_piece_left_1
04F56BACF91BF73C,jnt_piece_left_7
04F56CACF91BF8EF,jnt_piece_left_6
04F56DACF91BFAA2,jnt_piece_left_5
04F56EACF91BFC55,jnt_piece_left_4
04F571ACF91C016E,jnt_piece_left_9
04F572ACF91C0321,jnt_piece_left_8
04F58D66B888D622,p8_wmd_icicle_chunk_04_destr
04F6110D7A524AC7,tag_visor
04F7A84D879345F2,cp_tarmac_sh020_laswell_face
04F7CF114EFC9D5A,callingcardsmaster_lmg_accurate_mp
04F8CAE99C15DABB,j_jacket_rear_le
04F8F968253F3D9C,reload_quick_empty_alt_weapons_s4_la_walpha2
04F961068FF2ED6A,foregrip_mobile_bromeo5
04F96FBEB7168481,p7_slu_door_white_60_lod0
04F9B98E1113A6A2,s4_acc_attach_face_78_large
04FA0B006680B565,satchel_battlechatter
04FAC3EBCE0270B6,tag_missile_01_null
04FB4D2DF7B7DE48,gumball_time_speckled_10_jnt
04FBEE83725C6AB2,j_pinky_tendon_ri
04FC56E5452656F6,sdr_mp_prone_throw_eq_supportbox
04FCB27D72790B9F,tag_bottom_left_electric_panel_rear
04FCDAF0C9632C2B,callingcards_vts_02_desc
04FDFC46A353226C,disabler_dom_hvo
04FE7847FCD2E984,p9_rm_exp_handrail_256_single_short_lod0
04FE9FEF97A3FA10,wm_kalpha98_scope_00
04FF698BA0806279,p9_rus_ship_yegor_rail_mid_32_lod0
04FF931C4B8BBF1A,emblems_croc
050007E83E02C0BD,callingcards_writeoff_desc
05010B14479B286F,s4_zm_jpn_wood_post_256_dmg
0501A721AE0A5E5A,fire_stand_nonads_weapons_s4_ar_fecho
0502A7A523491FCA,s4_mp_fingers_lm_tyankee11_base_r
0502A9A523492330,s4_mp_fingers_lm_tyankee11_base_l
05059696191C6FE0,s4_mp_custom_lm_mgolf42_base_stand_pullout_first
0505E48862B00516,hybrid_canted_thotel
0506AB6C4D088954,j_bag_top
0506AEDA3196A968,c_t9_usa_pl_navyseal_grip_desc
05070E87F1BF1C51,sdr_mp_strafe_trans_fast8_fast2
050781E4714D999B,j_r_wing_feather_grp_l_wing_large_feather73_ri_body_coverts
05078CCA43963C48,p9_dun_wood_village_furniture_bed_beam_01_lod0
0507B97DF842EBFA,j_hippack_3_le
0508525A507339FF,foregrip_handstop_tyankee11
0509EEC2FDA8646F,jump_takeoff_sprint_riotshield
050A3623DC011549,s4_mp_custom_sn_malpha1916_base_fire_weapon
050A42FF6AF05763,sdr_mp_me_strafe_prone_in_place_4
050A43FF6AF05916,sdr_mp_me_strafe_prone_in_place_7
050A44FF6AF05AC9,sdr_mp_me_strafe_prone_in_place_6
050A45FF6AF05C7C,sdr_mp_me_strafe_prone_in_place_1
050A47FF6AF05FE2,sdr_mp_me_strafe_prone_in_place_3
050A48FF6AF06195,sdr_mp_me_strafe_prone_in_place_2
050A4DFF6AF06A14,sdr_mp_me_strafe_prone_in_place_9
050A4EFF6AF06BC7,sdr_mp_me_strafe_prone_in_place_8
050B94978FAC5131,s4_sn_svictor40_alt_mode_out_prone
050BA89BB7C7A35E,ai_s4_zm_zombie_base_run_ad_v12_pain_chest_f
050D2BF2340E40CE,f1f2fcv431v423v4
050E37DD573DBAF6,tag_head_animate
050F274C528B6C0C,paintjob_emblems_roman_coin
050FACFED8A4DC83,p8_zm_zod_hat_case_luggage_base_lod0
051018A6405D4824,j_bag_1
05115EF963BD3EB9,sdr_mp_execution_002_attacker_stand
05137597B23F4C2F,fx_gib_chunk_flesh02
05139FCDEAAE6F50,reload_empty_ads_weapons_s4_sh_lindia98
0514A387FCFD9B15,vm_mike97_grip_ta_00_rub
0514E5949416D511,s4_rus_sandbag_lrg_burned_01_snow
0515CE7069654676,p7_mou_frame_metal_window_80x60_lod0
05160D38ECADA064,tag_gastank_right
05177A3F9043FBD4,gumball_time_swirl_30_jnt
051927DCF43A3580,ps_ht_boss_smtobj_lean_table_hand_l_36_react_6_02
05192ADCF43A3A99,ps_ht_boss_smtobj_lean_table_hand_l_36_react_6_01
0519E295FD3039E2,tag_base_link
051B2B577A21D43B,kill_team_react
051E3C9BBF6D7081,cp_rus_kgb_loadingmovie
051F1C6E2043FB80,ps_wpn_kalpha98_plr_reload_cycle_empty_fast
051F878CB299CF6F,veh_damage_get_level_data
051FF119B464D8C1,sdr_mp_addoff_crouch_ks_greenbeam_ads
0520C4A5043E1CE0,reargrip_pine_short_slow_sh_lindia98
0520CA0710BC8632,adjust_nonads_prone_weapons_s4_sn_moscar32
0521BF66E580FD33,light_fixtures_exterior_01_modern_wall_destr_s1_f4_lod010v6140cb4735
0521F8E6BF8F2B13,mp_paragon_t6_06_large
052204DF42E2AA02,surftype_body_armor
0523242898FA55EB,gumball_time_shiny_17_jnt
05246EE9F7D99D28,wm_stango5_grip_hv_00_pin
052486C5F2BE4B3D,tips_warzone_redeploymodes
0525B8E851D0E975,tape_front_01
05260501114A1E15,trigheavy_wecho
052741CFECF25633,reargrip_stippled_ar_stango44_v107
052762B2CCC15C1A,sdr_mp_execution_015_victim_laststand
0527C89E285C9F86,smg_burst_bp_brutus
0527D2A18E8891BC,tag_mudflap_front_right
0528661D20FC75BF,vm_gecho43_grip_padded_00_blk
052BCC757AB14F8F,sdr_mp_addoff_la_rpapa7_ads_noleft
052F0379C81A851A,weap_alpha50_fast_lift_plr
053022D06BD64843,p9_zm_platinum_light_street_traffic_light_07_lod0
05309DA272B81B09,paintjob_stickers_s6_reaper
0530D71C3DA0C2D3,j_leg_strap_ri4
0530DA1C3DA0C7EC,j_leg_strap_ri1
0530DC1C3DA0CB52,j_leg_strap_ri3
0530DD1C3DA0CD05,j_leg_strap_ri2
05317327B0CB2C0A,prop_fishmarket_salmon_lod0
05318866A66A7F55,j_glowsticks_driver
0531ADBCC72A7802,weap_alpha50_fast_magout_plr
05326AAA3B794A05,j_r_wing_feather_grp_l_wing_large_feather9_ri_secondary
053382C404EA300C,silencer_heavy_small_ttango33
0533D200987FD329,p9_nt6_vista_building_sml_01_lod0
0534A3ABD3957199,cover_stand_arrival
053522210B9DC894,tag_light_front_left_1
0536A4FFD5F819CD,player_details_sub_list
053716E5BABD484A,r_videoMode
05377E06F9371456,s4_camo_09a_zm
05387D18FE32E7A5,stand_2_prone_akimbo
0538C4D401BD90F0,c_t9_usa_pl_cia_pow_desc
0539CB1384536484,ATTACH_T9_CHARM_BSKULL_DESC
053A03AF5B76E957,p9_rus_bldg_office_01_window_02_frame_04_lod0
053A7562AFF25C0B,p9_rus_cccp_monument_pedastal_wall_side_symbol_02
053A79DF72F6A848,blendspace_mobile_turret
053AF0B08815BE2E,shotgun_pump_bp_grunge
053AF0FC9DF3BA68,s4_sdr_cqb_strafe_walk_loop_1_alt
053B06DBA494B4E4,s4_zm_ger_ryl_htl_tarps_07_wet
053B3142E57237BB,LMG_SLOWFIRE_BP_NECROKING_DISPLAYNAME
053B862CE3DB837A,p9_dun_warehouse_window_awning_lod0
053BC5466793BF93,vm_bromeo35_grip_sp_00_grv
053BDA466793E342,vm_bromeo35_grip_sp_00_gra
053D45F8AC76A3DE,j_socktip_rear1_mid_le
053E57FC709790FB,callingcards_t8_zm_prestige_grailandwreath_desc
053F8E815D4366D9,tr_precisionsemi_bp_lightm
053F9BE424D82459,bla_dirt_clods_02_lod010v41bf800000
053FA4A5D1DEAA4B,j_rope_024_animate
053FB7C696721C75,ach_wood_beam_pile_dmg_01
05403B357DC926B5,tag_leg_right_1_animate
05410FB4A41E6112,p9_sur_machine_computer_screen_off_lod0
05414E21B833918E,p7_jun_brick_debris_lod0
05417667F1B72DCC,s4_mp_custom_pi_luniform08_base_prone_reload
0542DEF3A87BD68B,s4_sdr_com_cover_crouch_peek
054440DFD1EF43EE,p9_usa_fb_sandbags_single_bent_01
0544B8AFD49A89CA,mp_paragon_t8_03_large
05458AAB52DBD154,tag_curtain_07f_animate
0546051DB4BFA9F4,sdr_com_cover_left_crouch_exp_to_hide
0546E17C05788569,j_parachute03_02_ri_animate
05486814EA0B439F,s4_rus_sign_dept_store_01
0548EE395EEBECEC,paintjob_stickers_s3_rokkr_attach_base_pc
0549FF3E9533886E,sdr_com_traverse_fast_mantle_down_md_90r_intro
054A0600B13C68C2,vm_mike97_grip_sk_sp_00_tap
054AB2FF86B2F63B,foregrip_mobile_guniform45
054C00395EEE4159,paintjob_stickers_s3_rokkr_attach_base_sy
054C495C561E1970,tag_left_tail
054C7C9213EEA635,recovery_wood_beam_02_lod0
054DE157823C3F39,j_neck_le
054F46DDE4BA9F22,reload_quick_prone_weapons_s4_sn_malpha1916
054FD1C6D76CC43F,boss_injured_search_exposed_react_md_2l
054FE0F1FBD36441,p9_core_frontend_plane_structure_floor_hook_lod0
055100B17BDF8187,hellhound_j_ball_le
05526A00A163045E,tag_tierod_right_in_aim
05527BA6C00FBA2E,exposed_idle
0553068ECB14834C,trigrapid_wecho
055311CEEE31CD27,halima
055371C501A696AF,ps_exec_lion_01_prone_bf_01
055572499872CEBC,rec_kalpha98
05560BCE84FB3D2E,dun_wires_electrical_ceiling_up_01
0556C73F34BFE277,wm_bromeo35_grip_sp_00_gra
0556D43F34BFF88E,wm_bromeo35_grip_sp_00_grv
055714FD6FE015C7,s4_mp_custom_me_leiomano_base_prone_putaway
0557241BE6FB4107,stk_radio_civilian_lod0
0557D7685D1380AF,t9_charm_cig_listening_device_desc
055880E696E83B41,fire_stand_any_mounted_weapons_s4_sh_mike97
05596DAB3A74E746,emblem_3060_boot
055C656350145E23,emblems_gamestop_v3
055D130890E9C536,strand_02_top_b_jnt
055E8B232EBB5295,s4_mp_custom_ar_fecho_base_stand_reload_empty
055EF4DD99E4CF71,hybrid_stacked_fecho
055F68772CD132F0,upper_handguard_retainer_rear
055FAC8D7251B07D,callingcards_blacksmith2
056001B20B05AE4D,s4_sn_m1golf_blindfire_all
05603E7D05265A32,pain_flashed_cover_left_crouch
05605D62372266A6,reload_empty_prone_weapons_s4_la_palpha
0560861FFE9A066C,p9_zm_food_variety_hamburger_lod0
056176785A9EF2DB,reload_quick_empty_prone_weapons_iw8_rocketlauncher
0562C5C3985C0550,s4_mp_custom_lm_malpha7_base_stand_trans_2_nonads
0563C12BAA237A83,p8_zm_whi_cabinet_door_02_lod0
0564551CD3FCE44E,sdr_cqb_strafe_trans_shuffle1_shuffle9
05645D66F6229970,door_jnt2
05646066F6229E89,door_jnt1
05649BEB0DB40E41,ai_s4_zm_zombie_base_sprint_ad_v01_pain_chest_f
0564FAB060585414,t9_charm_metalpeace_desc
056594975DAECAD2,p9_usa_ticonderoga_bridge_console_02_screen_a_lod0
0565C2393C877CA7,sp_14_geo1
0567363BB71FB258,s4_mp_custom_leta_n82_stand_moving_prepare
0568DE215B93A12D,dty_uranium_respawn
05697FF8B06365CE,weap_kilo_empty_top_open_plr
056C377643BB92FC,s4_mp_execution_shigenori_01_attacker_stand_thumbnail
056CB9AD379E2145,crawling_mantle_over_36_run
056E20D625C16F91,sprint_forward_gungho_alias
056E2842D6894994,adjust_nonads_prone_weapons_s4_sm_mpapa40
0570A62C3407406D,s4_mp_execution_generic_toxic_01_victim_stand
0570F6EAC5937BCD,tag_hindge_clamp_right_2_animate
05714F0157ECA37E,BUNDLE_2009_TITLE
05720FD506F8805D,zm_callingcards_zm_zombie_doa_gorilla_stalker_tools_01_cc
057278ECD30C0E7D,sdr_mp_aims_pi_circle_laststand_gunless_90
0573575BADA736BB,j_belt1_2
0573585BADA7386E,j_belt1_1
0574E8BD6A737CD7,j_cable01_02_animate
0574F624FCE6E12B,ATTACH_T9_CHARM_AZTEC_GOD_DESC
0575116BECCFAD85,ultimate_turret
057803E0BF786BFB,c_t9_cub_pl_sicario_urbano_desc
05780BDF39675C86,j_pedal_brake
05781DAEAA091DEC,p7_ris_paint_can_sml_lod0
05783D9076B2B620,tag_wheel_lf_05
05783E9076B2B7D3,tag_wheel_lf_04
05783F9076B2B986,tag_wheel_lf_07
0578409076B2BB39,tag_wheel_lf_06
0578419076B2BCEC,tag_wheel_lf_01
0578439076B2C052,tag_wheel_lf_03
0578449076B2C205,tag_wheel_lf_02
05784A9076B2CC37,tag_wheel_lf_08
057904958CF2B052,ps_wpn_stango5_plr_fireselect_off
0579363483DCD0E8,tag_light_red_1
0579373483DCD29B,tag_light_red_0
0579383483DCD44E,tag_light_red_3
0579393483DCD601,tag_light_red_2
05793A3483DCD7B4,tag_light_red_5
05793B3483DCD967,tag_light_red_4
0579AD9E2C9AD407,vm_pi_malpha96_nydar_103
0579E27E73C81552,pf6588_auto6
057A7721801F2EA9,j_proc_shoulder_le_lep
057A8161CF566EB3,foregrip_mobile_malpha1916
057AE5558C8496E9,sdr_mp_ges_crush_stand
057C8CFA4E2719BD,hatched_tali_ar_balpha_v204
057D3B03CDC3A7B3,fire_stand_ads_weapons_s4_lm_tyankee11
057D3D99D6B2498B,p9_sm_gam_signage_pick10_i_lod0
057E446F6C58821F,sdr_mp_execution_029_victim_stand
05800733E3C5167B,window_03_shard_14_jnt
05809F4DA2892650,iw7_mp_taunt_killstreak_thor_missile01
0580A14DA28929B6,iw7_mp_taunt_killstreak_thor_missile03
0580A24DA2892B69,iw7_mp_taunt_killstreak_thor_missile02
0580A34DA2892D1C,iw7_mp_taunt_killstreak_thor_missile05
0580A44DA2892ECF,iw7_mp_taunt_killstreak_thor_missile04
0580D8B17C086151,hellhound_j_ball_ri
058123C69699A01F,reargrip_granular_skeletal_sm_mpapa40
05816263E4696416,vm_bromeo35_grip_00_lea
0582FC065CD4EF57,adjust_nonads_crouch_moving_launcher_weapons_default
0584A1E25027C414,s4_mp_facial_thomas_land_1
05878C9E828B7A75,sdr_com_cover_left_stand_full_exp_to_exp
0587FAFB3488B30A,dyn_bagstrap_lf_01
05889D2C0A745831,tag_clip_upper
05898E1DFEB68E1D,callingcards_character07_animated
058A06F424F53F60,sdr_mp_me_strafe_prone_fast_start_7
058A07F424F54113,sdr_mp_me_strafe_prone_fast_start_6
058A09F424F54479,sdr_mp_me_strafe_prone_fast_start_4
058A0AF424F5462C,sdr_mp_me_strafe_prone_fast_start_3
058A0BF424F547DF,sdr_mp_me_strafe_prone_fast_start_2
058A0CF424F54992,sdr_mp_me_strafe_prone_fast_start_1
058A14F424F5572A,sdr_mp_me_strafe_prone_fast_start_9
058A15F424F558DD,sdr_mp_me_strafe_prone_fast_start_8
058B298B445438E1,j_knife_bot_le
058BE55AB92628CC,slava_step_wire_ladder_01_lod0
058C6C731BC0BCA6,vc_chicom_medical_kit_02_lod0
058D2DBB1915FFCA,camera_mp_gunsmith_preview_large_muzzle_alt1
058DAC816E7C8958,BUNDLE_1015_TITLE
058DF0DF7D426F03,gumball_activated_swirl_28_jnt
058E52AAB64BA515,exert_death_short
058E78113617D03A,p7_sin_vista_foliage_cluster_a_lod0
058ECA7781F438E8,tag_paddle_attach
058F51730FEF541E,p8_zm_zod_food_dinner_eclair_01_lod0
0591F78CF0BF1B64,wristaccessory_t9_s4_analog_rbear_desc
0592034082140402,tag_armor_flap_shoulder_le
0592DC590E9BF4DF,jnt_glass_bl
0592F2590E9C1A41,jnt_glass_br
0593AE3CCF58C78D,j_chain_3_a
05956A8F92A34964,wm_ppapa41_grip_hv_00_fab
059606C763C24BCC,j_pinky_le_3_umbrella
0597524EF845EFEE,wm_luniform_barrel_ml_00
05981A8FBE348322,sdr_cqb_cover_right_crouch_fast_exitfull_9
05981C8FBE348688,sdr_cqb_cover_right_crouch_fast_exitfull_7
05981D8FBE34883B,sdr_cqb_cover_right_crouch_fast_exitfull_6
05981F8FBE348BA1,sdr_cqb_cover_right_crouch_fast_exitfull_4
0598208FBE348D54,sdr_cqb_cover_right_crouch_fast_exitfull_3
0598218FBE348F07,sdr_cqb_cover_right_crouch_fast_exitfull_2
0598228FBE3490BA,sdr_cqb_cover_right_crouch_fast_exitfull_1
059A5235740F9654,s4_mp_addoff_ar_m1golf_base_stand_nonads_noleft
059A66538579D32E,s4_zm_jpn_bamboo_72_lrg
059AEB27025944C9,p7_zm_kin_stapler_lod0
059B185A3F2114E1,bundle_vanity_2061_sniper_cannon_poker
059B3C76D7E2D04B,j_collar_back_le
059B65AFF29FAB32,blendspace_start_forward_sprint_pistol_akimbo
059E37B467B24600,vm_balpha_grip_tape_rs_00_stp
059E9B4210110592,p9_rus_vista_archangel_cathedral_01_lod0
059FCF4A9F434D68,vm_stango5_stock_mk_001
05A256A33EE8FD8E,p7_cage_storage_mesh_steel_opaque_blue_lod0
05A3B8344FE04D97,wm_kalpha98_grip_mk_00_pin
05A5091EFEA780B2,p9_usa_vista_netherlander_bldg_center_floor_lod0
05A51C0B3B4E0C18,polysurface1176_b
05A5941976816210,bundle_operator_1067_sims_pattern_precision
05A609578286F907,j_neck_ri
05A640F0B50F65EB,s4_zm_statue_twig_03_snow
05A7C07FC1DCCB42,tr_longburst_bp_goth_desc
05A84C9FD34EFABA,s4_mp_addoff_sn_gecho43_base_crouch_moving_ads
05A879A41CBF49E7,vm_mike97_stock_00
05A92F714A96BB78,s4_mp_facial_mateo_idle_2
05A930714A96BD2B,s4_mp_facial_mateo_idle_3
05A932714A96C091,s4_mp_facial_mateo_idle_1
05A9D552E8CD8B3B,j_bowstring_pull_animate
05AC3F1617FC0C6E,p9_rus_kgb_glass_shard_05_lod0
05AC670ADED229CB,pain_sub_laststand
05ACD4F00249B4D5,p7_zm_ori_coat_hanging_02_lod0
05ADC956491A0C28,j_veilback1
05ADCB56491A0F8E,j_veilback3
05ADCC56491A1141,j_veilback2
05ADCE56491A14A7,j_veilback4
05AE3DA99D408D96,combat_medic_sd_hvo
05AEBEC492D902C0,ai_s4_zm_zombie_base_run_au_v20_pain_chest_f_alt
05AFBE99E75914D8,s4_dog_traverse_canter_mantle_up_md
05B00955A2C5D6CD,0.0156863 0.937255 0.745098 1.0
05B0FD431088E2B7,ATTACH_T9_CHARM_TARGET_PRACT
05B1DA203CE18574,camera_mp_gunsmith_preview_magazine
05B2343E6713A17B,fire_stand_mount_right_weapons_s4_ar_hyankee44
05B24ED695B58EC8,p9_ams_worn_brick_column_01
05B250A2CE5A1A82,emblems_drift_racer_02_final
05B2BA33F504F6B0,lft_gate03_frnt_1_jnt
05B2E199E75B8628,s4_dog_traverse_canter_mantle_up_lg
05B319C6DB0536D6,electrical_box_generic_06_lod0
05B35E50C207A372,reargrip_bakelite_removed_mg_bromeo37
05B3FF8464D7D395,tag_fx_body_main
05B49194FC1D4307,mp_stand_gun_butt_hit_01_ar_akilo47_bayonet
05B4E577B5881CA4,ability_dog_mp_scoreevents
05B55E7B1EE14267,p8_pharmaceutical_tank_med_01_lod0
05B58CD8DC8B5B28,wm_bromeo35_receiver_102
05B58FD8DC8B6041,wm_bromeo35_receiver_101
05B5F5621645E2A0,tr_longburst_bp_mind_desc
05B6E217FEDAD0EA,j_throat_le
05B732E44549C036,iw8_acc_attach_face_digital_r_b
05B733E44549C1E9,iw8_acc_attach_face_digital_r_c
05B734E44549C39C,iw8_acc_attach_face_digital_r_d
05B83BA516A848C2,j_monster_eye_animate
05B907BDEB3605A4,emblems_builtdifferent
05BAFA25B02B26E8,vm_bromeo5_barrel_xs_rof_101
05BB6CE667BBFC69,wm_stango5_receiver_001
05BE28B2C87E72EF,scriptable_s4_fra_milk_container_01_destp
05BE3BAC03B5ED6E,callingcards_diehard_animated
05BE95DC58DD2B40,tree_card_13a
05C22FD811892FAB,pc_autorun
05C4AB5E8816069A,sdr_mp_strafe_prone_fast_8_to_sprint_8_trans
05C4EA121050D4DF,dyn_goggles
05C58796F7A32477,wm_bromeo_grip_tape_00_bkl
05C7CBA53839C6CA,vm_mike97_grip_sk_00_grv
05C7D6A53839D97B,vm_mike97_grip_sk_00_gra
05C8DC9BAFD3CE12,s4_mp_facial_thomas_aim_1
05CB96A0447A0F39,reargrip_leather_reinforced_ar_hyankee44
05CD05D4CB7F1410,BUNDLE_2054_TITLE
05CD26F2D80D6460,p9_rm_dwn_curtain_tied_right_36x72_floral_mod
05CE878D0AE0528B,j_thigh_rear_ri
05CE894DE0C1D30E,callingcards_serpent_166_desc
05CF3009D282E3E8,tag_driveshaft_right_inner_aim
05CFAC0E104C60B8,ATTACH_T9_CHARM_FISH_STICK_HOOK
05D02ED97CBCF122,patrol_move_to_cqb_move
05D07ED602997671,j_wrist_ri_updown
05D115465080BBDA,sdr_com_walk_slope_up
05D1723EC395CD01,FAV_LIGHT_MPX_SCORPION_DESC
05D4F8AE7597F14A,oic_last_life
05D764E98E248EBA,p9_zm_platinum_wooden_divider_01_lod0
05D791A5B17B676D,wm_tyankee100_grip_tc_00_lea
05D7AB54C65D523B,t9_charm_floppy_disc
05D94652CBA73F2E,sdr_mp_stand_custom_charge_in_pi_cpapa
05D977179992F613,handle_r_01_jnt
05DA114CC4EFEB0B,sdr_mp_veh_decho_seat_0_idle_fast_le
05DA2CC4213F475C,surftype_rubber
05DBD51C919C092D,sdr_mp_raise_back_r_ar_mike4
05DC84FF3D61BCF2,smg_capacity_bp_fulltank
05DDB36A321124E3,emblems_cuddlyanimals
05DE81367BC1F40E,hybrid_canted_aromeo43
05DE889BB0197554,collision_ramp_128x24
05DF1F172DDE0639,reargrip_bakelite_tactical_ar_bromeopg
05DF5CFE06CE0D05,tag_wire_01_animate
05DFA8C77BC9CA0E,s4_mp_addoff_sn_gecho43_base_crouch_nonads
05DFCB78D6317C34,adjust_nonads_crouch_weapons_s4_sh_lindia98
05E004CE670F88BB,c_t9_gen_pl_starter2_vargas_finishline_desc
05E067AED4A7CD90,p9_usa_beach_patrol_window_01_lod0
05E085F6E1C9BCFB,stop_plant_sound
05E5E818BF3EE9B2,j_l_wing_large_feather35_le_secondary_coverts
05E5FA17FF026A74,j_throat_ri
05E63C76D822BBC5,j_collar_back_ri
05E64B9C34138B11,holo_00_m1golf
05E6EDC9B551F009,s4_mp_fingers_lm_mgolf42_gripstock_r
05E719F654E4DBEC,p7_slu_building_apartment_sml_03_lod0
05E8F06206504100,zm_callingcards_zm_darkops_buff_weapons_01_cc
05E9DC30430B3EBC,reargrip_leather_sniper_mr_ptango41
05EABB2DC428F55A,p7_shr_foliage_hay_sml_lod0
05EB061C0804A784,tag_ground_contact_left_middle
05EBC6F9FCFF802C,p9_zm_tmb_pipe_support_clamp_single_lod0
05ED3193CE5A0354,buildup_dirt_plaster_01_32_lod010v50bf800000
05ED7E9E53702355,s4_sdr_cqb_strafe_trans_poi_walk_4_to_2
05ED849E53702D87,s4_sdr_cqb_strafe_trans_poi_walk_4_to_8
05EDB537F56C5185,s4_dog_move_trot_turn_180l
05EDC737F56C701B,s4_dog_move_trot_turn_180r
05EEA88FE1006F20,j_knife_strap_end
05EEB1B60526DA9A,wm_bromeo5_grip_mk_00_fab
05F06169041C4FF8,adjust_ads_stand_weapons_iw8_lm_dblmg
05F175FE5C214A4E,trans_2_nonads_stand_weapons_s4_ar_stango44
05F24E4BBD281571,trans_2_ads_crouch_moving_weapons_s4_sm_thotel
05F327E6C1030C0E,rt_vine_med1_04_jnt
05F392CD359C6755,dyn_mapbag
05F4DD64B0364789,clip64x64x8
05F5951C6F500B5E,smg_standard_cb_bp_shadow
05F5B1841EDEBC9A,start_backward_juggernaut
05F7EB40826A8E6C,tag_armor_flap_shoulder_ri
05F85B26E3746627,nitrogen_tank_worn_01
05F9268D0D06AC46,wm_variable_offset_r_00
05F9278D0D06ADF9,wm_variable_offset_r_01
05F98384BA5AFCA9,p9_foliage_tree_maple_forest_lrg_01_lod0
05F9C764DA4DEBA7,sdr_mp_pain_sub_strafe_crouch_rleg_02
05F9C864DA4DED5A,sdr_mp_pain_sub_strafe_crouch_rleg_01
05F9E45F540DFF9A,p8_spa_wooden_plank_long_02
05FAB9E7C3E0A39C,vacuum_tube_wire_black_jnt
05FABB99E798FB39,s4_dog_traverse_canter_mantle_up_sm
05FB04F52F00E514,trans_2_ads_crouch_weapons_s4_sh_becho20
05FB54A62E2C7249,p9_zm_tungsten_dark_aether_crystal_polymorphic_core_inspect_lod0
05FB6A1D785E5A66,p7_debris_junkyard_scrap_bit_06_lod0
05FBEE09734BD01F,t9_charm_skeleton_grenade_desc
05FC656B040FB860,rechamber_stand_ads_weapons_iw8_ar_mike4
05FE3858303656BF,sr_spy_kit_microphone_01_echo_lod0
05FE8EB09C41A582,callingcards_followtheirfootsteps_s5_desc
05FEA69E0F0FDC77,p8_conduit_metal_1_strap_lrg_lod0
05FEBD201B1934DD,vm_thotel_barrel_xs_00
05FEC5D36648B38B,p7_ven_jumper_cable_handle_01_black_lod0
05FFF375F0E3666F,ps_mp_execution_beatrice_stand_whoosh_a
05FFF475F0E36822,ps_mp_execution_beatrice_stand_whoosh_b
05FFF575F0E369D5,ps_mp_execution_beatrice_stand_whoosh_c
06012860F262F7CA,allowSpectating
06015A5E15EAA4BB,fire_crouch_ads_weapons_s4_pi_ttango33
060355246770B325,tag_body_window_port_bottom_le
0603CF16D725842A,bundle_blueprint_1079_tr_powerburst_target_practice
060436C8B8C37058,gunperk_wreck
06068DD8DC12887E,s4_acc_attach_watch_band_75_breach_small_ms
060697525C116575,sdr_mp_wm_inspect_stand_riotshield
0606AFD108F974E7,melee_sai_t9
0606CDC56FDB5D9C,tag_body_attach
060741D8A55AE99D,p7_slu_building_apartment_awning_01_sml_lod0
060A43C2B55120B0,reargrip_granular_mg_bromeo37
060B35746F8C8567,s4_zm_jpn_desk_mail
060C8FF5FAB565A8,vm_aromeo38_barrel_102
060DD9B062B52ECB,s4_mp_addoff_sn_kalpha98_base_crouch_moving_ads
060EAB0C30FC9DBC,stand_2_prone_melee
060F906AE632FDFD,p9_debris_brush_coca_01_cluster_03_lod0
0610F735E34F6B0E,s4_mp_addoff_ar_stango44_base_crouch_moving_nonads
061207F0C547C978,TIKI_TIKI
0612157A70C72A39,dyn_hair_top_01
06121BBE0B838BAB,p6_ceramic_tiles_edge_8_lod0
0612BE46BE7A21D8,j_blob_le_spike_1_animate
0613F4E21BA58EC0,sdr_com_cover_crouch_reload01
06152DBA0A9F93B0,p9_usa_signage_cantino_hotel_text_02_lod0
061549C86DBA4B77,holo_01_offset_tyankee11
061601BB07FF73E2,sdr_com_cover_left_stand_long_death_mytr_grenade_idle
06186946A89D42F7,iw7_cp_zom_prone_walk_traverse_over_40_01
061936D5A5AC48C6,j_leaf_05_rot_animate
06194EC4C9801D35,s4_zm_wm_leta_usa_smoke_thermite_00_body_mesh
061A380AA3D58684,inspect_stand_heroic_weapons_s4_sn_kalpha98
061A83EFBE81D647,bottle_fluid_scale_03_06_jnt
061AC20B8DBAEDE5,reargrip_taped_support_sm_mpapa40
061AD47B84101051,emblem_category_tabs
061ADCDE8CC3F42D,t9_charm_bear_claw
061AEFAD968AD3DE,tag_panel_l_d0
061AF0AD968AD591,tag_panel_l_d1
061B51842A44322A,reargrip_bakelite_support_sm_ppapa41
061B6AAD5D5C7F6E,scriptable_s4_ger_water_bucket_01_dyn
061D74E8AE6F67D4,sdr_mp_pain_laststand_torso_fr_center_02
061D77E8AE6F6CED,sdr_mp_pain_laststand_torso_fr_center_01
061DAFFA264168C2,zm_callingcards_master_ar_british_zm_cc_desc
061F187D6414D6CC,tag_fx_wheel_well_fr
061F2E7D6414FC2E,tag_fx_wheel_well_fl
061F5C76930288B4,sdr_mp_addoff_crouch_moving_lm_kilo121_ads
0620130BC2D0CE8C,dyn_grenade_m_02
0620160BC2D0D3A5,dyn_grenade_m_01
062301A490AD2019,adjust_mount_left_weapons_s4_pi_wecho
0625114CC52FD685,sdr_mp_veh_decho_seat_0_idle_fast_ri
0626688D68639836,sdr_mp_veh_pindia_seat_0_death_roll
0626833C21FEA407,shotgun_pump_bp_glitch_desc
062686C96C36450C,ee_trim_church_wood_outside_corner_128
062746101188C24C,ai_s4_zm_zombie_base_run_au_v02_pain_chest_f_alt
062849A58421DF6F,ps_mp_execution_beatrice_laststand_whoosh_a
06284AA58421E122,ps_mp_execution_beatrice_laststand_whoosh_b
06285EBCA2CFB708,p9_zm_platinum_illuminated_signage_24_lod0
0628975FC16D1E99,wm_fecho_grip_00_grv
0628A85FC16D3B7C,wm_fecho_grip_00_gra
062979C73FCE8EF7,s4_mp_veh_m151_passenger_melee_br_aim_down
062B749C97A9D9A9,snprscope_medium_rus_dpapa27
062C1E590F1E71D0,jnt_glass_10
062C1F590F1E7383,jnt_glass_11
062C20590F1E7536,jnt_glass_12
062C21590F1E76E9,jnt_glass_13
062C22590F1E789C,jnt_glass_14
062C23590F1E7A4F,jnt_glass_15
062C241533716A4E,j_chain_badge_driver
062C24590F1E7C02,jnt_glass_16
062C25590F1E7DB5,jnt_glass_17
062C26590F1E7F68,jnt_glass_18
062C27590F1E811B,jnt_glass_19
062D0E7D6421032A,tag_fx_wheel_well_bl
062D107D64210690,tag_fx_wheel_well_br
062F21590F20ACC0,jnt_glass_03
062F22590F20AE73,jnt_glass_02
062F23590F20B026,jnt_glass_01
0630C6C2EB7AC78E,reload_quick_empty_weapons_s4_lm_tyankee11
0630F0E43426AA1B,blendspace_prone
06319BFDCE995612,adjust_nonads_crouch_weapons_iw8_ball
06320DE137366AAA,sdr_mp_execution_041_attacker_laststand
0632A4590F23C130,jnt_glass_36
0632A5590F23C2E3,jnt_glass_37
0632A6590F23C496,jnt_glass_34
0632A7590F23C649,jnt_glass_35
0632A8590F23C7FC,jnt_glass_32
0632A9590F23C9AF,jnt_glass_33
0632AA590F23CB62,jnt_glass_30
0632AB590F23CD15,jnt_glass_31
0632B2590F23D8FA,jnt_glass_38
0632B3590F23DAAD,jnt_glass_39
063329D3B9F11D91,bundle_2071_subtitle
0633393C7292CEB2,ps_mp_potm_padmavati_start_03
0634B78D0B37574D,j_thigh_rear_le
063594456C2AE1F1,s4_jpn_pickaxe_01
063596857720925A,lft_vine_clump3_07_jnt
063626BF42AC2141,melee_sledgehammer_bp_assassin
063627590F26D5A0,jnt_glass_29
063628590F26D753,jnt_glass_28
06362F590F26E338,jnt_glass_21
063630590F26E4EB,jnt_glass_20
063631590F26E69E,jnt_glass_23
063632590F26E851,jnt_glass_22
063633590F26EA04,jnt_glass_25
063634590F26EBB7,jnt_glass_24
0636348B644D2492,rt_gate03_bck_9_jnt
063635590F26ED6A,jnt_glass_27
063636590F26EF1D,jnt_glass_26
06368386C655A0AB,j_box_solo
0636DA7139A76FED,sdr_mp_stand_custom_chargeup_lm_dblmg_juggernaut
06375AC36F8DE38E,p8_glassware_wine_glass
0637856ABFFD2225,callingcards_vts_22_desc
06386B5EA0EE374F,s4_mp_addoff_sh_lindia98_base_prone_nonads
063ABC7E0F3118FE,tag_wheel_middle_left_steer_d0
063AF32AA8FDB55F,s4_zm_rus_candle_01_on
063AFE0BE4A8B092,s4_mp_addoff_ar_bromeo35_base_stand_ads
063C3B49F20AC9B6,crouch_iw8_riotshield
063C62437D12EBB0,callingcards_zms2_strategicoperations_desc
063CBA590F2C3B17,jnt_glass_42
063CBB590F2C3CCA,jnt_glass_41
063CBC590F2C3E7D,jnt_glass_40
063FB094E806EAEE,polysurface5339
06400562D4114A36,tag_bucket_shrapnel_base
0640908E53B6FA50,umbrella_base_162_jnt
06409BD74E6CE064,4run
064159177AD2EE92,sdr_cqb_exposed_prone_pstl_fast_arrival_l_8
06415A177AD2F045,sdr_cqb_exposed_prone_pstl_fast_arrival_l_9
06415B177AD2F1F8,sdr_cqb_exposed_prone_pstl_fast_arrival_l_6
06415C177AD2F3AB,sdr_cqb_exposed_prone_pstl_fast_arrival_l_7
06415D177AD2F55E,sdr_cqb_exposed_prone_pstl_fast_arrival_l_4
064160177AD2FA77,sdr_cqb_exposed_prone_pstl_fast_arrival_l_3
064162177AD2FDDD,sdr_cqb_exposed_prone_pstl_fast_arrival_l_1
06419CB7DA217DBF,p7_fir_light_industrial_bulb_lod0
06420CDBD6DABFDC,gumball_activated_base_01_jnt
06421A58DBECE7E6,lft_top_jnt
06422B17C23E356A,reargrip_taped_weighted_ar_bromeopg
0642808E2E5AD453,newspaper2_12_jnt
0642B6E8D38D01D9,vm_ppapa41_mag_cal_down_00
0642D8971FA52D19,vm_m1golf_stock_rn_102
064365A9646B3462,trans_2_ads_freefall_weapons_s4_pi_malpha96
06452F4B5613102C,ps_wpn_ttango33_plr_reload_magout_empty_fast
064551C4ACA4287E,p8_cai_cabinet_metal_lrg_lod0
06483261A1E47BD0,breacher_dom_hvo
0648757DCC7034DB,gear06_jnt
064885FD006475D1,wire_38_jnt
0648A52B17161A5C,sdr_com_exposed_stand_pain01_larm_lg_f_to_exp
0648E835B30C0560,s4_mp_custom_sm_wecho43_base_prone_reload
064948CAC2C887E9,callingcards_rude_awakening_desc
0649AAAAB22D2F39,dyn_hair_kl_01
064A6C40D454F3B3,sdr_mp_prone_trans_2_nonads_sh_romeo870
064BC3FD1D273D4C,p9_usa_gunboat_propeller_right
064CB0EFB47B5A56,blendspace_alias_move_backward_juggernaut
064D2652AA4157B3,sdr_com_traverse_walk_jump_over_drop_lg_90l
064D4452AA418AAD,sdr_com_traverse_walk_jump_over_drop_lg_90r
064D5015C5C4E8D3,ps_wpn_ar_insp_lrg_a
064D5115C5C4EA86,ps_wpn_ar_insp_lrg_b
064ED99A291CAF13,tag_meter_top_01_pba
064FA73C52B2DC6D,back_03_jnt
06528934EB037A41,wm_bromeo5_grip_00_stp
0652D6DDD41552DF,facial_fire_singleshot
0653A5552F04E8A2,p9_rus_bldg_office_01_column_01_bs_80_lod0
06566A1053BBB4AA,vm_luniform_grip_00_lea
0656E99A3942EF82,BUNDLE_3011_DESCRIPTION
06576FCD07D8C724,rock_pile_small_02
065772CD07D8CC3D,rock_pile_small_01
06579A7D5FCFBEEB,sdr_ges_exposed_idle_yes01
0657BF7944C5C575,p7_zm_asc_wires_bunker_03_lod0
0658BC8FAFAB371D,infect_lives_low
065BBC4847D2A60B,prestige_iw5_8_large
065D74D4A7024CA4,tag_taileron_left
065DD6A530ECCE33,sdr_cqb_cover_right_stand_fast_exitfull_8l
065DF4A530ED012D,sdr_cqb_cover_right_stand_fast_exitfull_8r
065F654C2D199DBF,reload_empty_ads_alt_weapons_s4_sn_aromeo
065FB1CF68FEAA1C,reload_empty_ads_weapons_s4_sn_malpha1916
066066824B4AF99D,j_knife_sm3
0662129C29151FCF,reargrip_bakelite_weighted_sm_thotel
06629DD8DC61025B,s4_acc_attach_watch_band_75_breach_small_pc
0662E0A1D5ACEDEE,ar_slowfire_bp_media_desc
0664D5AFF81F4530,s4_camo_06f_zm
0665A55677ACDCB3,over_40_down_128
0666615682BBB70B,sdr_com_cover_right_stand_head_look_05
0666675682BBC13D,sdr_com_cover_right_stand_head_look_03
0666B791781609AB,tag_decal_attach
0666BFA6637DEF7A,p9_nic_palacio_ext_balconet_a
0667140AEDC477BE,dyn_foliage_arm_l
06671E0AEDC488BC,dyn_foliage_arm_r
066782F45A501626,death02_explode_innard_02_jnt
0667F4CC5BB936B0,p7_rus_crate_wood_sml_01_snow_lod0
0669E25682BEC815,sdr_com_cover_right_stand_head_look_18
0669E45682BECB7B,sdr_com_cover_right_stand_head_look_16
066AB98CFE6DDA64,wire_x256_1_lod0
066C6C029F8635FF,s4_mp_custom_me_katana_base_crouch_pullout
066D3CBE0907A70F,s4_fra_statue_exterior_02_left
066DC07D72C1DB32,s4_mp_addoff_sm_owhiskey31_base_mount_left
066DD1011670F94A,t9_charm_brain_puzzle
066ED03C31C99DAE,sdr_mp_execution_071_victim_prone
066F2B39BACAAC94,ps_gesture_devil_horns
066FA8C1C9F1B671,callingcards_battle_under_moon_s5
0670856611AAAFE6,reflex_lens_01_fecho
0670B7A589935D8E,j_wing_finger_mid_01_le
0670D15682C4C9E0,sdr_com_cover_right_stand_head_look_35
0670D55682C4D0AC,sdr_com_cover_right_stand_head_look_31
0670D75682C4D412,sdr_com_cover_right_stand_head_look_33
0671794A9EA4CC96,j_magpouch_end
06748EC151FE00AB,reargrip_hatched_marksman_mr_m1golf
067686C2A9A72807,lmg_light_bp_beachcomber_desc
06778C06E787F069,p9_railings_stairs_safety_barrier_d_lod0
06782BD22D8CCAC3,zm_elo_reticle_14_r
067A266770EAB240,p9_rock_smooth_01_pebble_patch_sml_03
067A276770EAB3F3,p9_rock_smooth_01_pebble_patch_sml_02
067A286770EAB5A6,p9_rock_smooth_01_pebble_patch_sml_01
067A2B6770EABABF,p9_rock_smooth_01_pebble_patch_sml_06
067A2C6770EABC72,p9_rock_smooth_01_pebble_patch_sml_05
067A2D6770EABE25,p9_rock_smooth_01_pebble_patch_sml_04
067A53B93AC00CA7,vm_m1golf_grip_sn_00_tap
067A654FAD71228A,iw8_killstreak_remote_map_item
067A6915FB18E041,tag_driveshaft_left_inner_aim
067C40390DC25D9E,callingcards_s3_nyxl_base_sy
067CA30252C5B74C,reargrip_leather_heavy_ar_balpha
067E00AE2008424E,snprscope_strong_jpn_svictor40
067F1E992F6072AE,s4_mp_execution_isabella_01_attacker_laststand
067F2E390DC474DF,callingcards_s3_nyxl_base_pc
067F3BE75350E9D5,sdr_com_exposed_crouch_death02_firing_into_air
067F80DA6A41EE29,p9_vehicle_parts_sump_oil_01_lod0
068155FAE882207F,slate_roof_parts_09_l0
06833802A12F8C31,snprscope_strong_usa_malpha1916
068356E9E206AAB5,p8_wmd_tarp_visblocker_lod0
06842770F1A90E27,right weapon world tag
06846FFDE0042913,ps_wfoly_plr_sn_kilo98_rechamber_scope_05
06863BB677B0FD3D,pf6579_auto65
06866BE4A757B44D,vm_wristwear_small_01_face
06868E693BE7D616,j_yoke
0686DB1735A77EC2,crouch_s4_ar_stango44
0686FCF5FC52BB8A,j_jacket_1_le1_parent
068810591B1DFD00,mp_slide_melee_hit_03_me_hatchet
0688147F44796F4A,weapon_lower_quick_prone_weapons_s4_me_sledgehammer
0688441026B02CA8,sdr_com_exposed_stand_death_explode_8_01
0688471026B031C1,sdr_com_exposed_stand_death_explode_8_02
06888BFF8B838EC4,RIVASMM_ANIMATED
0688A89929D023D8,tag_fx_light_tail_right1
068A59E8847F4F4C,p7_barrier_construction_lod0
068B8224A993776E,geo_wheel
068BCEC22244FC0B,jnt_dm
068BDCC2224513D5,jnt_ds
068BFD66A6F75D25,p9_rus_bldg_gov_doors_broken_r_01_lod0
068C5640901359C4,ai_s4_zm_zombie_base_super_sprint_11_pain_f_alt
068DF1A493C71C0F,komodo_j_neck2
068DF2A493C71DC2,komodo_j_neck1
068E7B826271FE61,s4_charm_pacsubpen_00
068FB4BF3A5CEDA1,wm_stango5_grip_folding_00_stp
068FEF6DABEF374C,ps_gesture_hang_loose
06905E02F3EB332C,s4_mp_custom_sn_svictor40_base_crouch_trans_2_nonads
069205C8B05D6DDB,vm_bromeo35_grip_ta_00_bkl
06921AA3A1161A86,glob_stage_07_to_09_i_04_jnt
0692879A5DEA98CD,callingcards_om_eyesontarget_final
0693FFD4FF5B8282,t9_charm_bfetish_desc
069478635327B9FE,s4_mp_addoff_sn_aromeo38_base_cover
069483616D36725A,uk_brick_corner_12_64_01
0694A8D4D8EFE3CB,j_joint_middle_right
0697E970357DE609,tag_wheel_spin_back_right_01_up
069838AE52A3787E,missile_turret_base
0698599E160F3ABD,p7_debris_wood_lath_01_16a_lod0
0698723CFBAF3A8B,vm_kalpha98_bipod_101
06987AF6D8E3B342,adjust_nonads_freefall_weapons_s4_sm_aromeo43
06988F53D77FF61A,s4_mp_custom_eq_mortar_flare_crouch_throw
069A298CBB88D461,geo_wheel_rear
069B9D627888DEAC,wm_chotel41_grip_tape_fs_pin
069C6A7E5379DAC3,tag_vent
069C7EB30FA64C0E,dof_3.5_93_200_200
069D8232C0308C5C,tag_skid_l_animate
06A34BA62E9B4F6B,gumball_time_swirl_bounce_jnt
06A397399EDED33D,ranks_prestige_22_large
06A5282FD630D53A,ps_mp_gesture_boom
06A5A683AC2D4FBE,ee_trim_church_wood_trim_small_roof_144
06A5D5031ADB5D83,ps_exec_gore_medium_splat
06A6240FEDCF648C,wm_mpapa40_brake_cp_103
06A693C0C28629A3,p8_geo_medium_rock_moss_02
06A694C0C2862B56,p8_geo_medium_rock_moss_01
06A714BE5461946D,rope_02_12_jnt
06A79136A5077251,veh_damage_register_default_states
06A903ADE0AC488A,p9_nt6_vista_building_sml_02_lod0
06A91D55D5A7257E,s4_sn_svictor40_alt_mode_out_crouch_moving
06AA687779BF3E90,j_magextbullet04
06AA6D7779BF470F,j_magextbullet01
06AA6E7779BF48C2,j_magextbullet02
06AA6F7779BF4A75,j_magextbullet03
06AA7D33EA6945E5,zm_reflex4_reticle_16_r
06AAB32EE3D5EC41,ATTACH_T9_CHARM_AMMO_BOX_DESC
06AABD3CC9E4B570,tag_l_anim
06B0F8B2B3B1A0C9,p7_spl_pirate_side_swirl_l_lod0
06B201AA08620B93,reload_quick_weapons_s4_la_palpha
06B287D4C99928E7,wm_tyankee11_grip_sp_00_pin
06B36B1AC33FC837,char_store
06B40FE0EA4240D8,sdr_mp_veh_umike_seat_7_scrub_neutral
06B498E579BDE7DF,mixer_03_tube_02_jnt
06B5A0345CB1B5E0,sdr_mp_me_strafe_walk_hipflip_forward_7
06B5A1345CB1B793,sdr_mp_me_strafe_walk_hipflip_forward_6
06B5A4345CB1BCAC,sdr_mp_me_strafe_walk_hipflip_forward_3
06B5AE345CB1CDAA,sdr_mp_me_strafe_walk_hipflip_forward_9
06B5AF345CB1CF5D,sdr_mp_me_strafe_walk_hipflip_forward_8
06B615037F7C89B7,tr_longburst_bp_confront_pc_desc
06B6847DEE610D5B,sdr_com_cover_left_crouch_flashbang_srt_react_04
06B6877DEE611274,sdr_com_cover_left_crouch_flashbang_srt_react_01
06B6897DEE6115DA,sdr_com_cover_left_crouch_flashbang_srt_react_03
06B68A7DEE61178D,sdr_com_cover_left_crouch_flashbang_srt_react_02
06B6FAB0244FA879,vm_bromeo5_stock_hv_103
06BB87A589D2F778,j_wing_finger_mid_01_ri
06BC004BC70C5577,plastic_48_jnt
06BC57FF4C244C88,sdr_mp_strafe_crouch_fast_hipflip_backward_4
06BC5AFF4C2451A1,sdr_mp_strafe_crouch_fast_hipflip_backward_7
06BC5CFF4C245507,sdr_mp_strafe_crouch_fast_hipflip_backward_1
06BC5DFF4C2456BA,sdr_mp_strafe_crouch_fast_hipflip_backward_2
06BC5EFF4C24586D,sdr_mp_strafe_crouch_fast_hipflip_backward_3
06BE5557F6E662F6,weap_mike14_fast_lift_plr
06BE86381B2B362B,reload_weapons_s4_sm_owhiskey
06BF2F280FF9EA66,BUNDLE_1084_DESCRIPTION
06C002870AD70C2F,jawthrust
06C05031B325E0D4,komodo_j_thumb_ri_1
06C05331B325E5ED,komodo_j_thumb_ri_2
06C09286F98A93C9,reargrip_leather_heavy_sh_bromeo5
06C2EDBE9D78CAA4,s4_ger_rug_circular_large_01
06C4D8A07811342B,infect_mission_order_defend
06C784CA72D37FA7,p6_pipes_blackout_128_01_lod0
06C7A38FB8BB4249,j_l_ribbon_base
06C92FC7D647B1C2,sdr_mp_me_veh_hindia_seat_4_scrub_up
06C9974E3EE0AA7B,reargrip_pine_sm_ppapa41
06C9CB02A0FAD9BC,s4_mkt_kitchen_work_table_03_destp
06CB4C477CA372CD,p7_zm_ctl_cookware_pot_oval_lod0
06CB54168BABCBFC,s4_mp_custom_la_palpha_base_prone_putaway
06CB5EFF7BB858FB,weld_32
06CB9938C8F75AF1,tag_pole_jnt
06CC977354E888D2,tag_bed_reflector_right_d0
06CCB8489E259CCC,s4_mp_addoff_sm_owhiskey31_base_crouch_moving_nonads
06CE6A3002C78507,j_pliers_le
06CEE4FF7BBB7284,weld_02
06CEE7FF7BBB779D,weld_01
06CF6D834E4B2291,ps_mp_execution_arthur_laststand_foley
06CFE1A495387B85,tag_int_suppressor_02_attach
06D065D8E4403D84,ps_wpn_voscar_plr_reload_magout_empty
06D0ABA7E9A79E97,weap_kilo_empty_magout_plr
06D1AFD72D32498E,cal_sm_xxlmag_aromeo43_up1_zm
06D1D476446C55E6,j_mouth_pba_driver
06D224991A267120,lamp_jnt
06D369ED1DA787F5,t9_charm_jet_engine
06D3F2938C20087B,p9_mal_cup_styrofoam_large_logo_decal_01_lod0
06D48B11C6076633,p7_jun_rock_cave_lrg_02_lod0
06D690F57BCB64DE,p7_mou_keybox_key_04_lod0
06D73E28DFE38643,front_aromeo43
06D754BB749CD7F1,decor_gunsmith_sandbag_flat
06D7CD6D351480A8,s4_mp_execution_generic_wolf_01_victim_prone
06D829D6BF457E73,vehiclehorn_alwaysrun
06D8AE9D790A58FF,mkg_mahjong_case_01_open
06DC3930C08C1320,ps_wfoly_plr_sh_charlie725_reload_fast_06
06DC3B30C08C1686,ps_wfoly_plr_sh_charlie725_reload_fast_04
06DC3C30C08C1839,ps_wfoly_plr_sh_charlie725_reload_fast_05
06DC3D30C08C19EC,ps_wfoly_plr_sh_charlie725_reload_fast_02
06DC3E30C08C1B9F,ps_wfoly_plr_sh_charlie725_reload_fast_03
06DC4030C08C1F05,ps_wfoly_plr_sh_charlie725_reload_fast_01
06DD5442D8FBE03C,gib_hoist_chain_01_l0
06DDE5D9225EB19C,tag_wheel_spin_back_left_01_up
06DF70189A2A9168,s4_mp_custom_eq_mortar_flare_prone_gun_butt_hit
06DFD2981EB85DDD,j_nostril_ri_anim
06E0F2D925E41676,tag_flash_lvl3_le
06E24E390E19289A,callingcards_s3_nyxl_base_ms
06E313E2693A356E,s4_mp_custom_ar_valpha52_base_stand_ads_reload_empty
06E4608E3955F03C,aac_bread_board_01_lod0
06E49A7072BE1316,j_coat_side1_end_ri
06E4C6BCFBA29DC1,c_t9_usa_pl_adler_robocop_desc
06E598F9EA41830B,dubai_lounge_pillow02_lod0
06E7E5B32BB91904,s4_mp_custom_ar_valpha52_extmag_stand_reload_empty
06E7F3DB3CA35667,par_office_blinds_01_48_up_half_lod0
06E84428DFF203A8,front_aromeo99
06E8A11C060FEE61,s4_acc_attach_face_110_small_sony
06E98471A2E003E0,blendspace_jump_takeoff
06EAE6E128CF8764,reload_empty_ads_weapons_s4_sn_moscar32
06ED9EACF516F5B0,trans_2_nonads_crouch_moving_weapons_iw8_lm_dblmg
06F16E7D4D27862F,director_party_list_custom
06F17634A41BFC86,sdr_mp_crouch_throw_eq_offhand_riotshield
06F2C713C9B4C045,issuppressedprone_code
06F3399EEF0247BD,dof_3.5_30_400_2004
06F3F11DC17AC959,s4_mp_custom_sm_guniform45_base_prone_reload
06F44F4DEF97ABB4,wm_luniform_trig_ra_00
06F4569CCDBCE2C3,j_metaindex_le_1_lep
06F5B0817455001E,rope_03_03_jnt
06F5BC6CE9DB6260,p8_stone_walkway_cracked_01_complete_lod0
06F6EC3267D206E5,reload_quick_empty_prone_weapons_iw8_ar_mike4
06F7FDC6B5166292,mp_stand_custom_fire_sn_kilo98_weapon
06F85D6A5ADD227D,par_desk_lamp_01_lod0
06F9C4B3DC397C1F,stk_sculpture_plaque_04_lod0
06FAA2AB91E901F5,tag_mix_barrel_attach
06FC2D0D183634AB,j_cosmetic_skirt_side_03_le
06FC5DCC064F16CC,s4_mp_stand_death02_torso_xl_4
06FCD922C5D34F25,mp_laststand_air_custom_fire_pi_golf21
07005D2EA5BA0C0B,s4_mp_custom_sm_aromeo43_base_stand_trans_2_nonads
0700ABEA3C85C050,mp_flooded_sewer_pipe_lod0
07011B7DDCBDDB5F,mil_boat_tactical_raft_mpx_ua_desc
0702625E60D48CEA,vm_tyankee100_barrel_rf_00
0702CF1D01A97517,BUNDLE_2060_TITLE
0703B53E0F7E39C0,8rshuffle
0704B7ECC9CF3EB9,upper_3_1_animate
0704CA3B19163928,inspect_done
0704F160D4D8BC21,ps_wfoly_plr_lm_lima86_reload_fast_04
0704F260D4D8BDD4,ps_wfoly_plr_lm_lima86_reload_fast_03
0704F360D4D8BF87,ps_wfoly_plr_lm_lima86_reload_fast_02
0704F460D4D8C13A,ps_wfoly_plr_lm_lima86_reload_fast_01
0705A5E42182A9F4,cardboard_chinese_02_lod0
0705FC2F572020C4,emblem_identity_diamond_smgs_mp
0706552FCF7BAF45,ironsdefault_ttango33
07066B05AB26EFCD,p8_conduit_metal_pipe_1_elbow45_short_lod0
07075E4D2C087AE1,lft_knee
0708AE34B5FC58E1,s4_mp_addoff_la_mkilo11_base_stand_ads_noleft
070979E59DFD46B9,p9_rus_signage_hotel_old_place_01_lod0
070C812DEC1CF4D0,CALLINGCARDS_WESTERN_V2
070E98AEBB683574,reargrip_fabric_removed_sm_guniform45
070EC064F5DC4DA0,j_vbooks2
070F1EC4649274B1,tag_side_left_cover_clamp
07100BB9C028204D,p7_zm_zod_igc_nightstand_lod0
071024E993BC51FB,sdr_com_cover_right_crouch_hide_to_full_exp
0710ED7BE1DE1160,j_ac1_b_07
0710EE7BE1DE1313,j_ac1_b_06
0710EF7BE1DE14C6,j_ac1_b_05
0710F07BE1DE1679,j_ac1_b_04
0710F17BE1DE182C,j_ac1_b_03
0710F27BE1DE19DF,j_ac1_b_02
0710F37BE1DE1B92,j_ac1_b_01
0710FB7BE1DE292A,j_ac1_b_09
0710FC7BE1DE2ADD,j_ac1_b_08
0711FC0946D297FC,sdr_mp_execution_039_victim_laststand
0712820A15C43A23,prone_iw8_killstreak_deploy_airdrop
071282582EC26B2F,dyn_glowsticks_k
071285582EC27048,dyn_glowsticks_f
0712DFB9F80309D6,callingcards_s3b_turnmeup
07137F215B5C9C58,sdr_com_traverse_jog_jump_up_drop_90r_intro
0713BA0FFFF9360D,sniper_standard_t9_frontend
0713C96A3D9F3768,boss_smtobj_lean_table_hand_l_30_loop
071461995A9DC447,sdr_mp_crouch_melee_hit_02_ks_spotter_scope
0714D894C05D42C1,s4_acc_attach_watch_band_11_small
07155E7D0BFBA7C4,sdr_com_cover_right_stand_pstl_run_exit_8l
0715647D0BFBB1F6,sdr_com_cover_right_stand_pstl_run_exit_8r
0716251B2912E830,j_bullet_chain_1
0716281B2912ED49,j_bullet_chain_2
0716BA476D802D38,tag_handle_front_3
0716BB476D802EEB,tag_handle_front_2
0716BC476D80309E,tag_handle_front_1
0716C0476D80376A,tag_handle_front_5
0716C1476D80391D,tag_handle_front_4
0717C13C4000910F,editcustomgames_settings_spawn
0717D7FC6B19ED0A,p9_mal_radio_house_tv_wall_screens_lod0
0718421A96933264,tag_shouldertwist_ri_02
0718451A9693377D,tag_shouldertwist_ri_01
07196E6A5D28277E,tag_spare_tire_attach
071BA7E11125AA0A,j_hair_side2_01_le
071DB7C6985A8997,adjust_nonads_freefall_weapons_s4_lm_bromeo37
071EA10E755D9653,fatality_francis_02
071EA20E755D9806,fatality_francis_01
071FB310BBA1A658,state1_idle
071FE63BC587055B,trans_2_ads_crouch_moving_weapons_s4_ar_chotel
071FF130959560AB,j_tarp_7_end
0720226266D6A517,cal_md_792mm_kurz_mgolf42_down1_zm
0720F6D74BE6C6A2,p8_zm_whi_wood_burnt_e
0721F35D81B9FFD0,sdr_mp_aims_pi_circle_crouch_90_ads
072298789927C26C,round_start_explosive_delay
07248EC2163C3698,sdr_mp_addoff_ks_airdrop_nonads_sprint_b
0724C269EE60ABD2,wm_mpapa40_stock_sp_001
07258E6985C4C422,wm_bromeo35_grip_ta_00_htc
0726C5EE0D5AE092,fire_stand_mount_left_weapons_s4_ar_fecho
0728358999C608EF,p9_sr_gun_hook_01
0728FD8A3BFD68D5,trans_2_ads_prone_weapons_any_smg
072942652DB8B6B4,rope_03_01_jnt
072B9F8275DC39D9,j_strap5_base_le_bind
072D311C871137A9,holo_01_fecho
072D7B0DB3977BD7,veh_t9_mil_ru_tank_t72_mpx_m80s_desc
072DE2216657CB80,atango_noblend
072EDE34C97D0660,tag_landing_gear_door_left_rear_inner_animate
072F64056BA1E866,sdr_cqb_cover_right_stand_fast_arrival_r_8l
072F7E056BA21494,sdr_cqb_cover_right_stand_fast_arrival_r_8r
073037883005EFF7,reload_empty_alt_weapons_s4_ar_stango44
0730611299D69B06,weapon_first_raise_stand_weapons_s4_me_katana
0731CFDB36804084,s4_mp_custom_ar_dg2_base_stand_inspect
0732C76E7940C863,bundle_operator_1008_ingo_red_barron
07336FAB576A9FDF,bottle_02_fluid_link_jnt
0734ED9EBCB4D44E,rope_link
073A4F2C50A3AE36,melee_prone_weapons_any_lmg
073AB72D25C5B1F3,sdr_com_trans_exposed_crouch_to_cover_right_stand03_6
073AB92D25C5B559,sdr_com_trans_exposed_crouch_to_cover_right_stand03_4
073ABB2D25C5B8BF,sdr_com_trans_exposed_crouch_to_cover_right_stand03_2
073AC52D25C5C9BD,sdr_com_trans_exposed_crouch_to_cover_right_stand03_8
073B04CDA44E9933,sdr_com_exposed_stand_long_death_crawl_back_enter
073BEDE04BF2FDBF,j_hand_ri_end
073C69E051E34E8C,paintjob_prestige_iw4_02_large
073E9688CA96A8B5,over_40_down_128_walk
073E9A231E7B38BA,fire_stand_mount_right_weapons_s4_sm_stango5
073EE9E7B294AAB9,wm_ttango33_griptape_00_stp
073FE12E8E9B94FE,p8_zm_esc_dock_rope_lod0
073FEA19134E1A59,sdr_com_exp_stand_death02_rleg_med_6
073FEE19134E2125,sdr_com_exp_stand_death02_rleg_med_2
073FF419134E2B57,sdr_com_exp_stand_death02_rleg_med_8
073FF6A4853CA5F7,tag_back_support_upper_right_aim
07400059BF93012C,door_r_02_jnt
0740F39CF331308B,j_face_giblet
07427D789D80C37B,crawling_mantle_over_128
07431210D241EA0B,p8_tower_viewer_telescope_lod0
07456468966FDDAF,p8_foliage_ivy_english_hanging_ledge_64_top_lod0
07456EC7EAB18D41,crouch_aim_dblmg_ads
0745E1C236FEB1CC,p9_usa_utility_floor_01_01_lod0
0745E628949BF6E0,joint_2482
0745E728949BF893,joint_2483
0745E828949BFA46,joint_2480
0745E928949BFBF9,joint_2481
0745EA28949BFDAC,joint_2486
0745EB28949BFF5F,joint_2487
0745EC28949C0112,joint_2484
0745ED28949C02C5,joint_2485
0745F028949C07DE,joint_2488
0745F128949C0991,joint_2489
07466381AEAC4342,tag_clock_01_tuning_fork_jnt
07472D0D18762025,j_cosmetic_skirt_side_03_ri
074754D957A6A7B2,reload_prone_alt_weapons_s4_ar_voscar
07496928949F0B50,joint_2495
07496A28949F0D03,joint_2494
07496B28949F0EB6,joint_2497
07496C28949F1069,joint_2496
07496D28949F121C,joint_2491
07496E28949F13CF,joint_2490
07496F28949F1582,joint_2493
07497028949F1735,joint_2492
07497528949F1FB4,joint_2499
07497628949F2167,joint_2498
074B81E32832CEFD,p6_pipes_blackout_coupling_lod0
074C6C2894A14640,joint_2468
074C6D2894A147F3,joint_2469
074C742894A153D8,joint_2460
074C752894A1558B,joint_2461
074C762894A1573E,joint_2462
074C772894A158F1,joint_2463
074C782894A15AA4,joint_2464
074C792894A15C57,joint_2465
074C7A2894A15E0A,joint_2466
074C7B2894A15FBD,joint_2467
074CFCA97A6375E1,tag_follow
074D8C94D6B7BCFE,ps_wpn_chotel41_plr_reload_magin_empty_fast
074DA301593ABCDA,p8_zm_whi_balcony_yellow_bolt_01
074DE7CF46454DD8,granular_tali_ar_balpha_v204
074E6A18549CBD0D,pain_burning_cover_crouch_left_arm
074FA5F89C19E34E,wm_moscar32_grip_ws_00_lea
074FF12894A45E16,joint_2479
074FF22894A45FC9,joint_2478
074FF72894A46848,joint_2473
074FF82894A469FB,joint_2472
074FF92894A46BAE,joint_2471
074FFA2894A46D61,joint_2470
074FFB2894A46F14,joint_2477
074FFC2894A470C7,joint_2476
074FFD2894A4727A,joint_2475
074FFE2894A4742D,joint_2474
0750F3C4D1907D0E,emblems_s4_36_animated
0751BDC08A246AAC,spawn_wall_low_walk
0752CD060AE49FB5,p7_boat_small_01_lod0
0753782894A77952,joint_2448
0753792894A77B05,joint_2449
07537A2894A77CB8,joint_2446
07537B2894A77E6B,joint_2447
07537C2894A7801E,joint_2444
07537D2894A781D1,joint_2445
07537E2894A78384,joint_2442
07537F2894A78537,joint_2443
0753802894A786EA,joint_2440
0753812894A7889D,joint_2441
0755879FDF4D8818,BUNDLE_4001_DESCRIPTION
0756A074F0066BD8,callingcards_t7_food_zombie_peppers
0756E52894AA6860,joint_2451
0756E62894AA6A13,joint_2450
0756E72894AA6BC6,joint_2453
0756E82894AA6D79,joint_2452
0756E92894AA6F2C,joint_2455
0756EA2894AA70DF,joint_2454
0756EB2894AA7292,joint_2457
0756EC2894AA7445,joint_2456
0756ED2894AA75F8,joint_2459
0756EE2894AA77AB,joint_2458
0759A531B5AD51FF,base_metal_door_knob_simple_lod0
075A682894AD7CD0,joint_2424
075A692894AD7E83,joint_2425
075A6A2894AD8036,joint_2426
075A6B2894AD81E9,joint_2427
075A6C2894AD839C,joint_2420
075A6D2894AD854F,joint_2421
075A6E2894AD8702,joint_2422
075A6F2894AD88B5,joint_2423
075A742894AD9134,joint_2428
075A752894AD92E7,joint_2429
075B8025162300BD,window_02_shard_46_jnt
075C75FFAA5914B0,gumball_time_shiny_27_jnt
075CB32F018A3D74,ATTACH_T9_CHARM_BWIDOW_HEART_DESC
075D08EC2C7CA06B,lmg_light_bp_bcowboy_desc
075D6B2894AFB7C0,joint_2437
075D6C2894AFB973,joint_2436
075D6D2894AFBB26,joint_2435
075D6E2894AFBCD9,joint_2434
075D6F2894AFBE8C,joint_2433
075D702894AFC03F,joint_2432
075D712894AFC1F2,joint_2431
075D722894AFC3A5,joint_2430
075D792894AFCF8A,joint_2439
075D7A2894AFD13D,joint_2438
075E9799C9AAE4AD,s4_mp_world_ges_knuckle_crack_prone
075EBE652C8698AF,sdr_cbq_interior_idle
075F9E13AEA4C2F2,category_overlays_and_shortcuts_4
0760F02894B2CF96,joint_2408
0760F12894B2D149,joint_2409
0760F62894B2D9C8,joint_2402
0760F72894B2DB7B,joint_2403
0760F82894B2DD2E,joint_2400
0760F92894B2DEE1,joint_2401
0760FA2894B2E094,joint_2406
0760FB2894B2E247,joint_2407
0760FC2894B2E3FA,joint_2404
0760FD2894B2E5AD,joint_2405
0761F7E345FB57D3,p7_wes_weapon_gun_holster_02_lod0
07620CA39A2D0AC0,vm_tyankee11_stock_ta_00
07637C3264E5C6A9,s4_mp_custom_sm_tyankee100_base_prone_trans_2_nonads
0763D05B85C926F2,callingcards_boat_152
076441F6245541C4,adjust_nonads_crouch_weapons_iw8_riotshield
0764752894B5E76C,joint_2419
0764762894B5E91F,joint_2418
0764792894B5EE38,joint_2415
07647A2894B5EFEB,joint_2414
07647B2894B5F19E,joint_2417
07647C2894B5F351,joint_2416
07647D2894B5F504,joint_2411
07647E2894B5F6B7,joint_2410
07647F2894B5F86A,joint_2413
0764802894B5FA1D,joint_2412
07654013111F90B9,vm_thotel_barrel_00
07657F71800BBBD2,char_lobby_detail
0766250964E0E58F,newspaper2_23_jnt
076696F94F0FD3F0,supersprint_forward_sh_concussed
0766BB5C5580C7C0,ps_wpn_owhiskey_plr_fireselect_off
07678B9ECC3D49E1,tag_cord_17_animate
076934DDA18ED91B,t9_charm_caesar_ring
0769E0521A77F842,sdr_mp_execution_070_attacker_stand
076A57A202ACFFC2,ai_s4_zm_zombie_juggernaut_jump_down_240
076B507899E2EF62,p9_nt6_barricade_barbed_full_wire_lod0
076DA3F95BA1310D,p7_rus_gantry_trolley_hook_lod0
076E69AC772FB770,s4_zm_jpn_mkg_rock_cluster_07
076E703AC5B25197,prone_akimbo
076EFE173991E79F,rt_vine_clump1_08_jnt
076F59AE2549D818,p7_jun_sheet_metal_4x8_bd_03
076F5BAE2549DB7E,p7_jun_sheet_metal_4x8_bd_01
076F5EAE2549E097,p7_jun_sheet_metal_4x8_bd_06
076F5FAE2549E24A,p7_jun_sheet_metal_4x8_bd_05
076FE8BFE5D70734,tag_arm_d2_right_animate
0772749A32018BF7,p9_rus_rope_coil_messy_med_01
0772759A32018DAA,p9_rus_rope_coil_messy_med_02
07729BB022CC718D,aim_ar_ads
0772E9188B58B014,s4_zm_ger_house_gutter_pipe_elbow_section_01_wet
0775362FBF00AB3D,sdr_mp_pain_stand_lleg_le_jgrnt_01
077638B92812D9FC,gumball_activated_swirl_29_jnt
07775FEE1564FA0B,sdr_com_traverse_jog_jump_up_drop_90l
07776DEE156511D5,sdr_com_traverse_jog_jump_up_drop_90r
077787C4FC0D5B75,s4_mp_fingers_ar_asierra44_gripstock_r
07798F19E7DFF6D8,sdr_mp_me_strafe_prone_fast_9_to_crouch_fast_9_trans
077AC4AEE9B2DEC2,sdr_com_exposed_crouch_pain01_rleg_lg_f_to_exp
077B73B46F77045E,pistol_burst_bp_whunter
077C60755681B598,s4_fra_stone_set_04
077C61755681B74B,s4_fra_stone_set_05
077C62755681B8FE,s4_fra_stone_set_06
077C65755681BE17,s4_fra_stone_set_01
077C66755681BFCA,s4_fra_stone_set_02
077C67755681C17D,s4_fra_stone_set_03
077CB0F3CCCDFEA7,j_alien_arm04_2_pba_animate
077D59824EFDCB1F,j_beltcloth_rear1_01_le
077DE743DB422065,cal_lg_44_auto1911_up1_zm
077EFAACFE8B6690,battletrack_pack_season4_80shits2
077FF0ACF44DC138,sdr_com_traverse_fast_mantle_down_md_90l_intro
078048B09422C1DF,emblems_bowhunter_03
07804D7EEF935725,p7_jun_cookware_bowl_lod0
078089E1CE8464FB,p7_zm_shi_loudspeaker
0782F2BE6A93EB09,gumball_activated_shiny_35_jnt
078313531FF2F1D3,wm_ttango33_stock_101
078314531FF2F386,wm_ttango33_stock_102
07835876E4A9CAAF,tag_suspension_front_left_piston_top_aim
078368D54DADCB05,ee_mansion_int_door_frame_set_01
078524ADF37819CB,weapon_first_raise_crouch_moving_weapons_s4_lm_fromeo45
07863CC2C9F2E7D2,sdr_mp_me_strafe_slide_2_strafe_crouch_7_trans
0788252D31AE6F03,sdr_com_cover_stand_head_look_35
07882B2D31AE7935,sdr_com_cover_stand_head_look_33
078854CD2408F99D,HORN_TREYARCH
0788F2E4C7D58C91,j_ring_le_2_elf
0789FDCA69A696DA,emblems_vegetables_s5
078ACF6BD7276010,stk_car_belt_01_lod0
078B2E2D31B0B425,sdr_com_cover_stand_head_look_20
078B641D5D2B97A9,tr_precisionsemi_bp_arrow_desc
078C8C661612D5A5,boost_win
078CB2DEB65AA9F3,p7_ntx_tool_wrench_adjustable_sml_lod0
078D6B643FCD0F5C,stats_clear_2_attackers
078DD8D4500844D6,p8_kit_ice_gen_01_roof_01_14d_cap_light_metal_32_01_lod0
078DE430BC01FCBE,gumball_time_swirl_32_jnt
078DF93061915FA6,wm_bromeo_barrel_s_00
078E9CABA8691CA8,tag_glass_right_6
078E9EABA869200E,tag_glass_right_4
078E9FABA86921C1,tag_glass_right_5
078EA0ABA8692374,tag_glass_right_2
078EA1ABA8692527,tag_glass_right_3
078EA3ABA869288D,tag_glass_right_1
078EAC2D31B3C016,sdr_com_cover_stand_head_look_18
078EB62D31B3D114,sdr_com_cover_stand_head_look_16
07913138AB517E13,vm_lindia98_grip_ri_00_bkl
0792352D31B6DEB8,sdr_com_cover_stand_head_look_05
07923B2D31B6E8EA,sdr_com_cover_stand_head_look_03
07932137E7531DC2,grenade_exposed
0793F2F95B6E97B9,reargrip_leather_marksman_ar_stango44
0795A19D2E6A8D22,j_shoulderarmor_ri_fx
0798E074D55EF2CC,s4_usa_ship_flagpole_01
0799275B10B35BDF,ATTACH_T9_CHARM_SKULL_SGL_DESC
079A4E9244EB5D4B,pf644_auto6
079BD7FF95E335A2,sgc_coverme
079E3FFD7EA0A832,tag_chain_a_04_animate
079F05E830A59834,j_eyeball_ri_lep
079FB403C1A168E2,combat_record_idle
07A28F7DF6590EF3,vm_stango44_brake_rb_004
07A593A10DC7A4D2,wristaccessory_t9_s2_digital_mini_map_desc
07A6C24C11B736D3,sdr_mp_addoff_prone_sn_alpha50_ads
07A7884968D2BE7A,j_sledgehammer_401
07A83376386FCD0D,sdr_mp_ges_lights_off_crouch_moving_me
07A840ED64AD17AA,tag_speedloader_bullets_animate
07A9BC318686A0BE,p7_zm_isl_bones_human_arm_lower_lod0
07A9E52E1198CCE4,p9_mal_clothes_gloves_fishnet_rt
07AA1452C7965E61,gumball_rounds_shiny_24_jnt
07AA4628770BB898,tag_eye_dog
07AA5438AA483224,cornercrl_death_side
07AAB9BEC3151982,umbrella_top_070_jnt
07AD40FE6BB9B5A0,p7_soc_propane_tank_bracket_lod0
07AE7E28A503C8C7,callingcards_mw2_0005_flower
07AE96AD6FCA58D1,p7_debris_junkyard_scrap_pile_02_lod0
07AF4302B1DD91F0,ps_wpn_malpha1916_plr_reload_fpo
07AF5C6CD93847C2,dof_3.3_91_050_050
07AF7A903203AD3A,tag_left_door_animate
07B00B5F7F7C43E0,tag_front_ring_null_pba_animate
07B29E939F3B1B2F,s4_mp_execution_arizona_01_attacker_laststand
07B36ACAE40251B4,r_wing_tip_jnt
07B4253AFF37CCB9,ps_wpn_mike1911_plr_reload_charge_empty
07B50D299ED3D61A,ai_s4_zm_zombie_base_crawl_mantle_up_132_dn_36
07B6B48407AA76E3,j_scarf_1_1
07B6B58407AA7896,j_scarf_1_2
07B74A83AE7CBCFC,sdr_mp_pain_sub_strafe_crouch_head_bk_01
07B79A58672718A1,reload_empty_weapons_s4_lm_dpapa28
07B7AE9A0AAD3E9E,callingcards_high_mighty_desc
07B7DA34F9940CE3,t9_charm_lightbulb_brain_desc
07B8B58BC83E38CF,tip_over_k
07B8D87212A70CE7,origin_animate
07B95FDF812E5C08,j_pinky_le_02
07B962DF812E6121,j_pinky_le_01
07BC1C4E14E924C5,ATTACH_T9_CHARM_RED_BARON_BIPLANE_DESC
07BC4277BE3E83EC,wm_ppapa41_optic_mini_101
07BCAB19FEDC32EC,reargrip_leather_skeletal_ar_voscar
07BCD7F4EBBDABF8,reargrip_grooved_heavy_sh_bromeo5
07BF63C61D7F49AE,fire_prone_ads_weapons_s4_la_palpha60
07BF7C17B854C0F9,tag_door_weapons_l_animate
07BF7F35B5D49425,tag_bullet_deplete_swap_44_animate
07C0375A79F3EF5A,zm_pack_knife
07C08C1827FC7760,s4_mp_world_ges_steel_bib_stand_pullout
07C0E401206A4D18,weapon_first_raise_prone_weapons_s4_sm_fromeo57
07C11112E1F572C4,torch_straight_aromeo99
07C13C863BFCA10C,blueprint_bundle_3031_special_op_1_rfb
07C189A34C5E6BB4,uk_shelf_garage_rolling_01b_16x40x68
07C1D19CBFACB9AF,cal_lg_77mm_tyankee11_up1
07C2501F0B605554,lmg_slowfire_bp_darkaether_desc
07C5484566D2470A,p8_zm_zod_wall_pipe_short_lod0
07C6D77A41CDE8F8,sdr_mp_aims_sn_circle_crouch_90@1
07C808FA63F71B23,sdr_cqb_walk_pain_md_8_01
07C992C325E8DB46,p9_rm_exp_building_industrial_08_vista_lod0
07CA244CAF521A4F,j_vec_piston_base_vec_aim
07CB1B12E1FDD847,torch_straight_aromeo43
07CC4A1FDB2B9A30,s4_mp_custom_pi_wecho_base_prone_reload_empty
07CCE50A85F9F418,adjust_nonads_vehicle_weapons_s4_pi_malpha96
07CD2425E1959B61,rope_01_39_jnt
07CF71563C83B657,+vehiclemoveright
07D00827AE64E5A1,plastic_73_jnt
07D1A782BEC54B7F,j_wing_feather_b1_le_seconadry_tr
07D1C1578B6AF008,rechamber_stand_mount_left_weapons_s4_sn_kalpha98
07D2DF61A16385DD,bottle_03_capper_pincer_rt_jnt
07D2EF47857A0BF2,vm_tyankee11_bipod_00
07D39AEB0BBAB9FF,pc_refresh_rate
07D40A6DF4C56513,t9_charm_hawk_sy
07D444A8BFFFB0C5,death_explosion_s4
07D4BA7347A1DD79,ps_wpn_tyankee11_plr_reload_magin_tac_ext
07D5A17626D5BFF0,tag_door_handle_front_lt
07D753AE72A62500,paintjob_stickers_blacksmith2
07D7BCB06DC37247,to_cover_stand
07D818708A6CAB1E,veh_t9_mil_boat_tactical_raft_assembly_mpx_murky
07D9D92E11C1DC42,p9_mal_clothes_gloves_fishnet_lt
07D9FF07B4A0114C,.5
07DB2C7D12A257D1,sdr_mp_addoff_pi_golf21_akimbo_prone_nonads_noleft
07DB90BC049CBFD3,scriptable_dns_tool_pliers02_iw6_destp
07DCDA04050FF3F5,dyn_grenade
07DD2C4974DBECE6,smg_accurate_bp_bod_desc
07DD423FED5750EC,p8_kit_spl_wires_medium_01_line_lod0
07DDBF1ACC221420,clothsim_cloth_sim_mesh30
07DDC01ACC2215D3,clothsim_cloth_sim_mesh31
07DDC11ACC221786,clothsim_cloth_sim_mesh32
07DDC21ACC221939,clothsim_cloth_sim_mesh33
07DDC31ACC221AEC,clothsim_cloth_sim_mesh34
07DDC41ACC221C9F,clothsim_cloth_sim_mesh35
07DDC51ACC221E52,clothsim_cloth_sim_mesh36
07DDC61ACC222005,clothsim_cloth_sim_mesh37
07DDC71ACC2221B8,clothsim_cloth_sim_mesh38
07DDC81ACC22236B,clothsim_cloth_sim_mesh39
07DE51AF29BAC995,s4_mp_custom_sm_owhiskey31_extmag_prone_reload
07DEB927A9309A86,reload_quick_ads_alt_weapons_s4_sn_malpha1916
07DF1EEC82B61E90,j_dyn_r_scarf_01
07DFBEBC41C70085,sdr_com_exposed_stand_death02_midbody_md_2
07E0CAA522AB29BD,vm_luniform_mag_c_up1_00
07E1421ACC252890,clothsim_cloth_sim_mesh23
07E1431ACC252A43,clothsim_cloth_sim_mesh22
07E1441ACC252BF6,clothsim_cloth_sim_mesh21
07E1451ACC252DA9,clothsim_cloth_sim_mesh20
07E1461ACC252F5C,clothsim_cloth_sim_mesh27
07E1471ACC25310F,clothsim_cloth_sim_mesh26
07E1481ACC2532C2,clothsim_cloth_sim_mesh25
07E1491ACC253475,clothsim_cloth_sim_mesh24
07E14C1ACC25398E,clothsim_cloth_sim_mesh29
07E14D1ACC253B41,clothsim_cloth_sim_mesh28
07E1C606EC16DD69,p7_zur_factory_truss_lrg_lod0
07E214585C47E345,j_carabiner_belt_le
07E26A58E10F4D3D,vm_owhiskey31_grip_00_gra
07E27358E10F5C88,vm_owhiskey31_grip_00_grv
07E36B99D5DEBA81,par_bathroom_towel_03
07E36C99D5DEBC34,par_bathroom_towel_04
07E43612C646ECAA,sdr_mp_addoff_la_kgolf_nonads_noleft
07E4451ACC276380,clothsim_cloth_sim_mesh16
07E4461ACC276533,clothsim_cloth_sim_mesh17
07E4471ACC2766E6,clothsim_cloth_sim_mesh14
07E4481ACC276899,clothsim_cloth_sim_mesh15
07E4491ACC276A4C,clothsim_cloth_sim_mesh12
07E44A1ACC276BFF,clothsim_cloth_sim_mesh13
07E44AE055981BB8,t9_charm_longship_fire_desc
07E44B1ACC276DB2,clothsim_cloth_sim_mesh10
07E44C1ACC276F65,clothsim_cloth_sim_mesh11
07E44F405E51B4B5,p7_slu_window_frame_wood_44x57_lod0
07E4531ACC277B4A,clothsim_cloth_sim_mesh18
07E4541ACC277CFD,clothsim_cloth_sim_mesh19
07E458D75EA23F20,snprscope_strong_moscar
07E4C16952D3868D,callingcards_mw_0006_prestige_4
07E58708E06E1703,j_bag_front1
07E6CFF2BFB214C1,fire_stand_nonads_weapons_s4_sn_moscar32
07E94A93B83E0027,s4_mp_execution_francis_01_attacker_laststand
07E987E198179902,j_wire_02_dyn
07E9A57626E66FC6,tag_door_handle_front_rt
07EB0107B4AE87E5,57
07EB2F4C70FBAD73,scriptable_vfx_frontend_mp_faction_east
07EB4F1ACC2D932C,clothsim_cloth_sim_mesh78
07EB501ACC2D94DF,clothsim_cloth_sim_mesh79
07EB531ACC2D99F8,clothsim_cloth_sim_mesh74
07EB541ACC2D9BAB,clothsim_cloth_sim_mesh75
07EB551ACC2D9D5E,clothsim_cloth_sim_mesh76
07EB561ACC2D9F11,clothsim_cloth_sim_mesh77
07EB571ACC2DA0C4,clothsim_cloth_sim_mesh70
07EB581ACC2DA277,clothsim_cloth_sim_mesh71
07EB591ACC2DA42A,clothsim_cloth_sim_mesh72
07EB5A1ACC2DA5DD,clothsim_cloth_sim_mesh73
07EBC3BE475E7058,p9_usa_hotel_blackwood_window_side_facade_01_lod0
07EC12F16BBD27E6,j_arm_blade_extend
07ECC4943440D34B,adjust_ads_crouch_moving_weapons_s4_sm_tyankee100
07EDA12A92202267,s4_zm_ammo_cache_01_interior
07EE084816FE191A,vm_becho20_mag_x_00
07EE2F07B4B10BE6,4a
07EE830EFD5710CC,callingcards_t7_prestige_cerberus
07EE9A84BFB558A8,wristaccessory_t9_s6_digital_zm_critical_kill_desc
07EED41ACC30AB02,clothsim_cloth_sim_mesh69
07EED51ACC30ACB5,clothsim_cloth_sim_mesh68
07EED61ACC30AE68,clothsim_cloth_sim_mesh67
07EED71ACC30B01B,clothsim_cloth_sim_mesh66
07EED81ACC30B1CE,clothsim_cloth_sim_mesh65
07EED91ACC30B381,clothsim_cloth_sim_mesh64
07EEDA1ACC30B534,clothsim_cloth_sim_mesh63
07EEDB1ACC30B6E7,clothsim_cloth_sim_mesh62
07EEDC1ACC30B89A,clothsim_cloth_sim_mesh61
07EEDD1ACC30BA4D,clothsim_cloth_sim_mesh60
07EF7422632B4EA6,bs_jeep_s02_pitch
07EFA108CD9FDA68,dyn_hair_lff_01
07F20307B4B4A9F9,75
07F2411ACC339A10,clothsim_cloth_sim_mesh52
07F2421ACC339BC3,clothsim_cloth_sim_mesh53
07F2431ACC339D76,clothsim_cloth_sim_mesh50
07F2441ACC339F29,clothsim_cloth_sim_mesh51
07F2451ACC33A0DC,clothsim_cloth_sim_mesh56
07F2461ACC33A28F,clothsim_cloth_sim_mesh57
07F2471ACC33A442,clothsim_cloth_sim_mesh54
07F2481ACC33A5F5,clothsim_cloth_sim_mesh55
07F24B1ACC33AB0E,clothsim_cloth_sim_mesh58
07F24C1ACC33ACC1,clothsim_cloth_sim_mesh59
07F2EAD081C0CD68,tag_glass_left_4_d0
07F2EBD081C0CF1B,tag_glass_left_4_d1
07F2ECD081C0D0CE,tag_glass_left_4_d2
07F2EDD081C0D281,tag_glass_left_4_d3
07F2EED081C0D434,tag_glass_left_4_d4
07F2EFD081C0D5E7,tag_glass_left_4_d5
07F320000FBE227E,slate_roof_parts_08_l0
07F3A7EB96DB5093,zm_callingcards_master_melee_etool_zm_cc
07F3AEDC73AF296E,j_skull1_ri
07F3DF5AB8AE34AE,p7_brick_broken_clean_01_lod0
07F44816373D6E64,stop_forward_crouch_riotshield
07F53B07B4B73EF8,6a
07F5441ACC35D500,clothsim_cloth_sim_mesh45
07F5451ACC35D6B3,clothsim_cloth_sim_mesh44
07F5461ACC35D866,clothsim_cloth_sim_mesh47
07F5471ACC35DA19,clothsim_cloth_sim_mesh46
07F5481ACC35DBCC,clothsim_cloth_sim_mesh41
07F5491ACC35DD7F,clothsim_cloth_sim_mesh40
07F54A1ACC35DF32,clothsim_cloth_sim_mesh43
07F54B1ACC35E0E5,clothsim_cloth_sim_mesh42
07F5501ACC35E964,clothsim_cloth_sim_mesh49
07F5511ACC35EB17,clothsim_cloth_sim_mesh48
07F58D07B4B7CA4E,63
07F58F07B4B7CDB4,65
07F67F1624D1D31E,ik_out_start_right_hand_mover
07F689B4FD876C96,vm_palpha60_00_comp
07F6928E56B9E03A,s4_mp_pom_thomas_01_hero_thumbnail
07F6D0B7808CFD52,boss_smtobj_lean_table_hand_l_30_react_8
07F6D2B7808D00B8,boss_smtobj_lean_table_hand_l_30_react_6
07F6D4B7808D041E,boss_smtobj_lean_table_hand_l_30_react_4
07F6D6B7808D0784,boss_smtobj_lean_table_hand_l_30_react_2
07F764962F9A44F5,s4_zm_ger_floor_tarp_01_yellow
07F77473C3A98BBD,crouch_iw8_sn_delta
07F9AEBACFDC71A8,bottle_fluid_scale_02_17_jnt
07FAA682E145885D,emergency_backup
07FB7E9AD1BE8327,uin_kls_gren_launch
07FBE390D656E391,p7_pipes_metal_water_arm_45_large_lod0
07FC21CC433844F7,willy_pete_desc
07FC88124969B288,adjust_mount_weapons_iw8_sn_crossbow
07FCF67826EE6DF9,sdr_mp_strafe_crouch_fast_start_3_alt
07FDAFE12496A4AA,bar_lg_marks_lindia98
07FDC970DA434B7A,hybrid_canted_malpha96
07FF9DF48DCE1395,demo_autoDollyRecord
07FFA7307FDA9F19,j_knife_side2_ri
07FFD31ACC3F1C82,clothsim_cloth_sim_mesh98
07FFD41ACC3F1E35,clothsim_cloth_sim_mesh99
07FFD51ACC3F1FE8,clothsim_cloth_sim_mesh96
07FFD61ACC3F219B,clothsim_cloth_sim_mesh97
07FFD71ACC3F234E,clothsim_cloth_sim_mesh94
07FFD81ACC3F2501,clothsim_cloth_sim_mesh95
07FFD91ACC3F26B4,clothsim_cloth_sim_mesh92
07FFDA1ACC3F2867,clothsim_cloth_sim_mesh93
07FFDB1ACC3F2A1A,clothsim_cloth_sim_mesh90
07FFDC1ACC3F2BCD,clothsim_cloth_sim_mesh91
0800D712B388813C,tag_bumper_rear_right_d0
0800D812B38882EF,tag_bumper_rear_right_d1
08025E191762ABB4,mms
0802B38E3E1482B0,sdr_mp_mantle_over_weapon_up_close_low_a
0802B68E3E1487C9,sdr_mp_mantle_over_weapon_up_close_low_b
0803401ACC420B90,clothsim_cloth_sim_mesh81
0803411ACC420D43,clothsim_cloth_sim_mesh80
0803421ACC420EF6,clothsim_cloth_sim_mesh83
0803431ACC4210A9,clothsim_cloth_sim_mesh82
0803441ACC42125C,clothsim_cloth_sim_mesh85
0803451ACC42140F,clothsim_cloth_sim_mesh84
08034607B4C38F05,2r
0803461ACC4215C2,clothsim_cloth_sim_mesh87
0803471ACC421775,clothsim_cloth_sim_mesh86
0803481ACC421928,clothsim_cloth_sim_mesh89
0803491ACC421ADB,clothsim_cloth_sim_mesh88
08035307B4C3A51C,2a
08035807B4C3AD9B,2l
0803747FE21CED87,ps_mp_execution_wade_stand_bathit_a
0803757FE21CEF3A,ps_mp_execution_wade_stand_bathit_b
080417B4C9402977,p7_ra2_relief_ent_round_stone_lod0
08043ED7B7C41855,c_t9_gen_pl_starter2_vargas_steel_desc
080563342159967C,ivy_roots_lod010v60bf800000
0806061FE1642D8D,p7_zm_kin_table_folding_wood_folded_lod0
08068707B4C6334F,==
08074D5B328537DB,reload_empty_ads_alt_weapons_s4_sh_becho20
08079E33B18C9831,ambusher_koth_hvo
0807EB676510AB08,tag_shovel_pivot
08090003FA94232B,lobby_player_10_large
08099711FBC5B9E4,ai_s4_zm_zombie_base_dth_r_v01
08099A11FBC5BEFD,ai_s4_zm_zombie_base_dth_r_v02
080B05EA41511643,zm_pack_aromeo43
080C245C6CC22169,gun_2_right
080C795809589532,j_catapillar_pipe
080CE280716FA639,sdr_com_exposed_prone_pain08
080CE780716FAEB8,sdr_com_exposed_prone_pain03
080CE980716FB21E,sdr_com_exposed_prone_pain01
080CEB80716FB584,sdr_com_exposed_prone_pain07
080CEC80716FB737,sdr_com_exposed_prone_pain06
080CED80716FB8EA,sdr_com_exposed_prone_pain05
080CEE80716FBA9D,sdr_com_exposed_prone_pain04
080CF7F1731A2958,s4_mp_addoff_lm_tyankee11_base_prone_nonads
080D61EDE063C183,tag_gear_right_rear_hatch_upper
080D64B1658C8BE1,s4_acc_attach_watch_band_46_large
080D8C531A7265A3,iw8_tablet_drive
081324B6220C2180,gesture_gasmask_off
08132C0E2DB1429D,tag_gun_trigger
08138244E1ABB7E9,wm_mike1911_receiver_00
08138D9A862D0EC7,gesture_gas_riotshield_light
0813FF07B4D18993,95
08173507B4D41B2C,8c
08173607B4D41CDF,8b
08173707B4D41E92,8a
08173C07B4D42711,8l
08174607B4D4380F,8r
08197406E38A7E50,tag_strap_05
08197506E38A8003,tag_strap_04
08197606E38A81B6,tag_strap_07
08197706E38A8369,tag_strap_06
08197806E38A851C,tag_strap_01
08197A06E38A8882,tag_strap_03
08197B06E38A8A35,tag_strap_02
0819BB04E14EC5E0,tag_arm_e2_left_animate
081A42A54B310E51,zm_callingcardsmaster_smg_heavy_zm_cc
081A880E61489531,shuffle_left_to_cover_left_stand
081C0A28BC4B30D7,tag_lip_up_le_01
081C0B28BC4B328A,tag_lip_up_le_02
081C0BEA415F93A8,zm_pack_aromeo99
081C12083CBF9EE6,bsh_mast_ropes_05
081C16083CBFA5B2,bsh_mast_ropes_01
0820A8AFCF831E82,tag_strap_btm_le_3_animate_le
0820ECF9B269EEAE,tag_arm_a0_left_animate
0822BC9BCCE14865,prone_aim_la_nvg
0823CD89A23F1525,TR_LONGBURST_BP_DEVILWOMAN_DESCRIPTION
08261EF820EB13E8,custom_arrival
082690267C4DA01D,reflex_reflector_01_mike97
0827404FB4A5F95B,s4_mp_blindfire_stand_horizontal_48_pitch_down
0827B0D16871438E,arc_concrete_pillar_square_a_lod0
08280796C674DB97,wm_lindia98_grip_mk_00_pin
0828D136F419C481,exert_melee_light
08293B0B63D57359,p7_slu_beam_metal
082944FBB9EA7B02,air_accurate_lod0
082B2865BBCE00B5,p8_zm_gla_cel_foliage_mushroom_shelf_xlrg_lod0
082D4D1D3EC87299,melee_club_t8
082D560332722A30,blindfire_left
082DD72C66770926,s4_zm_wm_leta_usa_smoke_thermite_00_pin_mesh
082F151319F3B7F1,sdr_mp_mount_stand_vertical_left_high_pitch_down
0830E7FE9FC28D05,parts_wristwear_mp_watch_codl_london_wm
0831AC0E95FFE5A1,wire_spark_10_jnt
08323DCD7E12DC0D,vox_mrs1_
083284CC655BA87E,tag_top_left_panel_d1
083285CC655BAA31,tag_top_left_panel_d0
083403FE9FC4F270,parts_wristwear_mp_watch_codl_london_vm
08342D1B8A45110B,pf6604_auto6
083501A036797403,editcustomgames_settings_healthdamage
0838320DA49976DE,sdr_mp_strafe_crouch_trans_shuffle9_shuffle1
0838484CC9B0ADC9,smg_burst_bp_nugget
083859100EC199BF,s4_acc_attach_watch_band_75_subliners_small_sony
0838FDCD7E188DFB,vox_mrs3_
083A354BC4D2BB04,s4_par_office_binder_book_02_destp
083B100FBC67E479,reargrip_grooved_padded_guard_mr_aromeo99
083B65546186A011,lmg_slowfire_bp_btank
083C29AF6882D2E2,po_c_t9_usa_pl_cia_captain_variant02_desc
083C8BBE2978D243,dof_2.8_54_200_200
083CAC245C33C7AA,reload_weapons_s4_sm_guniform45
083E683DBDD63F7E,j_ch_lever
083F2BD5187A425F,pf648_auto6
083FF660BABE2665,s4_mp_execution_lewis_01_attacker_prone
0840AD7B24D496C8,p9_stk_wire_coil_hanging_lod0
0841257089A8D17A,AR_MERCENARY_BP_JUNGLE_DISPLAYNAME
0841F495D88FB146,BUNDLE_5026_TITLE
0841F7388CF6DE70,sdr_mp_mount_crouch_vertical_right_low
0842D9A179905C38,cent_show_purple
08432AC821A65DEC,aim_cornercrr_lean
0843E6E258C25916,tag_shocks_right_front_lower_aim
08458F6D8D145D46,sdr_com_cover_right_stand_pain01_leg_md_b
0845936D8D146412,sdr_com_cover_right_stand_pain01_leg_md_f
0845996D8D146E44,sdr_com_cover_right_stand_pain01_leg_md_l
08459F6D8D147876,sdr_com_cover_right_stand_pain01_leg_md_r
084740F4E7E918FD,tag_panel_rear
0849450BAC28D0A1,pc_ui_acceptinvite
0849F361F966D5FD,p7_zm_asc_hose_spigot_lod0
084A1F48D8CC1F09,p7_door_frame_metal_shop_01_lt_lod0
084A4417D61A0F46,p9_usa_cabana_tiki_bar_awning_01_lod0
084A6D82ECA9C4BF,j_bandana2_ri
084AFA3589626C60,sdr_cqb_stairs_pstl_fast_forward_up_l
084B183589629F5A,sdr_cqb_stairs_pstl_fast_forward_up_r
084B1EAE737BC708,t9_charm_japanese_bell
084B37AAC974E8E7,p9_rus_hangar_beam_large_01_handrail_lod0
084BDF16243F09F2,adjust_mount_weapons_s4_ar_bromeopg
084BDF4F7E698CF0,j_jacket_flap_3_ri
084C4B7DC2983E6D,p8_cos_duct_tape_lod0
084D5346F71D66A5,wm_moscar32_grip_hv_00_htc
084DB830C280DA90,sdr_mp_addoff_crouch_ks_binoculars_nonads
084E09EC34576CEE,p9_zm_outbreak_artifact_maxis_goggles_inspect_lod0
084EBEB60F8DD53E,p7_debris_wood_lath_01_16b_lod0
084F99144FFB822D,tag_bullet_deplete_swap_13_animate
084FB9F3C2A7B406,tag_cv_jnt_upr_lr_aim_parent
085024A5C8C4F6A2,mdl_label_cp_sidemission_tundra
0851AD277EA35149,vm_voscar_barrel_weighted_00
08529B501E682B7A,crouch_moving_iw8_rocketlauncher
08536BD01B8C31A7,control_mode_hardcore
08538547AD6B8F71,wm_owhiskey31_stock_fs_00
0853B312E0AF1E7C,lmg_light_bp_carbongold_ms_desc
0853E66629434AB8,p9_dun_sand_pile_256_lod0
0854E03DBC7AB679,p7_jun_building_hut_b_stairs_lod0
0856B58A20553812,tag_wing_tip_right_piston_aim
0856E33005253567,sdr_com_cover_stand_pain01_legs_md_l_to_hide
085701BE5EB87A50,reflex_nydar_00_lindia98
0857850B5728BE88,bottle_fluid_scale_01_05_jnt
0859CD6316C143C6,sdr_com_exposed_prone_twitch03@3
0859CE6316C14579,sdr_com_exposed_prone_twitch03@2
085A326A38FCE967,sdr_mp_addoff_pi_golf21_nonads_noright
085A54FFA5DC8C3C,wm_aromeo38_grip_rm_00_bkl
085C1A522BEAD454,j_sleeveanim_back_02_le
085CF75093B65A27,s4_zm_rus_skulls_bones_leg_lower
085CF8A6F0E0397D,s4_mp_custom_ar_promeo45_base_crouch_moving_trans_2_ads
085F13CD25CC2E97,j_index_le_2_pet
085F3B76B6AC2CA3,s4_mp_custom_sn_moscar32_scope_prone_reload_end
085F94F2DD7731E5,p9_rus_amk_vs_railing_cap_kb
085FAA32736A7E56,j_baton_le
086239FEC26D1250,s4_mp_custom_la_palpha_base_stand_pullout
08629C46C8921AD7,mpl_bad_location_select
0865807AB9A69F42,ger_food_can_06_lod0
08660423FC2A5C07,weap_msbs_clipin_plr
0869626C1FA114CC,iw8_acc_attach_face_digital_vac_1_female
08698DCB08874D57,snprscope_strong_usa_voscar
086BFDCDFCE67B4E,s4_mp_custom_ar_kgamma40_base_stand_reload_empty
086CE4E9F2BB56BA,stk_desk_fan_02_lod0
086EB5AEF143E63E,smg_capacity_bp_undead
086F7A9242F2CBC6,reargrip_hatched_support_mg_tyankee11
0870A51C738D3488,sdr_mp_exposed_crouch_death01_torso_med_2_center
0870DB13F25B1C03,hunter_buy_start
0871AFBEB47227B6,p7_medical_surgical_tools_package_01_lod0
0872D29A4EC77008,tag_link_p8_zm_zod_light_fixture_stairs_candle_holder_off_01
0872D49A4EC7736E,tag_link_p8_zm_zod_light_fixture_stairs_candle_holder_off_03
0872D59A4EC77521,tag_link_p8_zm_zod_light_fixture_stairs_candle_holder_off_02
0872D69A4EC776D4,tag_link_p8_zm_zod_light_fixture_stairs_candle_holder_off_05
0872D79A4EC77887,tag_link_p8_zm_zod_light_fixture_stairs_candle_holder_off_04
0872D98CE4DDA216,t9_charm_echo_helmet_desc
0872D99A4EC77BED,tag_link_p8_zm_zod_light_fixture_stairs_candle_holder_off_06
087375423423188A,j_viewlegs_keychain1
08738A32737AF100,j_baton_ri
0873C065EC89BEC9,s4_zm_rus_candle_tall_shino_on
0874C7D1D780B141,p8_fxp_cylinder_shield
08778EAF5161709F,pf10164_auto6
0878DBD1E95275A3,sdr_com_exposed_crouch_pstl_pain01_torso_md_b_turn_exp
08795FC1D9C2453C,p8_zm_zod_wall_box_electrical_med_door_dmg_lod0
087A4EF09693623E,jump_up_240_walk
087A64EC275BC7D8,debris_shell_casing_wall_pile_02
087A67EC275BCCF1,debris_shell_casing_wall_pile_01
087A9F067F96191D,trans_2_nonads_prone_weapons_iw8_ar_mike4
087AD4406CDBFF88,cal_xs_fmag_22lr_voscar_down2
087B23CDDAEDC10B,s4_zm_shi_lamp_tinhat_no_bulb_01
087E66DCF39CD465,jump_land_forward
087EB2E6C77FDCE8,s4_mp_custom_sn_moscar32_extmag_stand_ads_reload_empty
08814611C2BFF3BE,p7_window_glass_shard_08_lod0
0881F4764709BB63,p7_zm_ctl_console_deathray_generator_lod0
0882E780A87EE234,cine_terminal_soldier2_s040_face
08851F1FD56CD5BD,s4_zm_rus_candle_01_shino_on
08853FD9C4B8E340,arm_ri_limb_1_animate
0885E422980E5943,com_stepladder_large_lod0
08877C3D1E2C0D78,sc_parachuting
0887C5D390F6A719,tag_suspension_front_left_aim
08884E502BDA02FD,koth_contested
08885FB9ED88CF46,j_elbow_le_parrot
0888CD849FC6DE80,s4_sdr_cqb_strafe_walk_start_7
0888CE849FC6E033,s4_sdr_cqb_strafe_walk_start_6
0888D0849FC6E399,s4_sdr_cqb_strafe_walk_start_4
0888D1849FC6E54C,s4_sdr_cqb_strafe_walk_start_3
0888D2849FC6E6FF,s4_sdr_cqb_strafe_walk_start_2
0888D3849FC6E8B2,s4_sdr_cqb_strafe_walk_start_1
0888DB849FC6F64A,s4_sdr_cqb_strafe_walk_start_9
0888DC849FC6F7FD,s4_sdr_cqb_strafe_walk_start_8
0888DF510B6EB78D,base_modern_outdoor_umbrella_02_cloth_closed_lod0
088C46B732746747,smg_capacity_bp_insect
088C7F61F94FAA2F,editcustomgames_restrictions_scorestreaks
088D831897DE06BC,j_r_wing_feather_grp_l_wing_large_feather19_ri_secondary
088DDE6F236D74FC,left2fast
088FFECDBD5AA69B,tag_rotor_tail_animate
089153EB788A8B86,j_zmb_arm_wrist_animate
0892C70B3FC52892,tag_carry_handle_animated
0893BCF5F68AF11D,reload_quick_prone
0893BD939C27273F,p8_kit_col_med_01_rollup_02_light_metal_01_lod0
0894CDFE3BF71DEC,p7_mou_cup_styrofoam_lod0
08957582ECE9BDD1,j_bandana2_le
0895F39AA57E8FD5,wm_balpha_stock_hv_00
0896866445285EF3,p7_jun_bench_wood_lod0
0896965D976624BE,s4_mp_facial_lewis_run_1
0896F4CCF210F689,reload_empty_prone_weapons_s4_sh_bromeo5
08972712789F1BF9,pistol_semiauto_t9_frontend
0899D100ADF9781E,callingcards_gonefishing
089A9368CA04484C,p7_slu_building_apartment_lrg_02_lod2
089A9568CA044BB2,p7_slu_building_apartment_lrg_02_lod0
089B367EBC54671E,wm_bromeo_mag_x_00
089C52395F8C7E73,p7_zm_shi_barricade_nails
089D2BC954C66EA6,mkg_shelf_wood_standing_01
089D68F499DDF144,t9_charm_champagne_bottle_desc
089E63CC532D9EF7,j_bunny_reap_elbow_le_animate
089F857FFA97596A,tag_body_tail_l_wing_animate
089FAC9E73DEFF71,reargrip_granular_mr_kalpha98
08A025CF3C3EC11F,mp_prone_melee_hit_01_me_knife
08A3BF4F7EB3CC66,j_jacket_flap_3_le
08A3C83CC5679D0C,8x10
08A3CA3CC567A072,8x12
08A4F7AABBC1A245,pc_fire
08A588A49F749D55,lft_vine_clump1_01_root_jnt
08A5ABF4AE4D4FA8,ps_mp_potm_constanze_foley_02
08A63907B54DDA3E,bo
08A6A0C9C1E5C4D3,sdr_com_exposed_crouch_head_only_35
08A6A4C9C1E5CB9F,sdr_com_exposed_crouch_head_only_31
08A6A6C9C1E5CF05,sdr_com_exposed_crouch_head_only_33
08A88097549C173B,p7_wes_door_knob_decorative
08A8DFCB9DAAD9A6,stock_removed_hyankee44
08A95507B5503FA9,mk
08A9B77B912A1DA5,j_shoulder_ri_rot_new
08AA29C9C1E8E375,sdr_com_exposed_crouch_head_only_20
08AB6D2BE1EE7959,tr_powerburst_cb_monte
08AC822B1CAE713C,sdr_mp_execution_064_victim_prone
08ACC7952A47725B,j_collar_back_1
08AD0D07B553AE28,l3
08AD0F07B553B18E,l1
08AD1307B553B85A,l5
08AD1407B553BA0D,l4
08AD27C9C1EB15E6,sdr_com_exposed_crouch_head_only_18
08AD31C9C1EB26E4,sdr_com_exposed_crouch_head_only_16
08AD6C4C06153BEC,ferro_ri_6_pba
08ADA868623EE67B,mp_firingrange2_alt
08ADE3BD85692B2D,callingcards_cdl_teamcallingcards_minn_1_ms_base
08AE5A3CC570E9A7,8x20
08AE70FFFBF0A944,sdr_mp_aims_la_circle_crouch_90_noleft
08B02AA34F614AB0,laststand_stop
08B0A86B485B69A5,skip_to_idle
08B0B0C9C1EE3488,sdr_com_exposed_crouch_head_only_05
08B0B4C9C1EE3B54,sdr_com_exposed_crouch_head_only_01
08B0B6C9C1EE3EBA,sdr_com_exposed_crouch_head_only_03
08B2BACF8B992812,kill_anim_end_handler
08B2FDAB4D92C5EE,slide_move_iw8_ar_falima
08B3AB8A85DD6BD2,sprint_forward_smg_alias
08B3FA522C3513CA,j_sleeveanim_back_02_ri
08B427E4322CDEDB,vm_fecho_grip_sk_00_rub
08B484AC6279450B,p7_food_fruit_orange_lod2
08B5DC205647ADF0,dyn_l_chain_02
08B5DF205647B309,dyn_l_chain_01
08B6A6066420C6DF,in_eye01
08B6A7066420C892,in_eye02
08B6A8066420CA45,in_eye03
08B7C1AEDC8413FA,sdr_mp_aims_prone_la_rpapa7_circle_ads
08B7F0A83214BFBF,cal_md_65mm_arisaka_tyankee100_up2_zm
08B8329281B095A8,p7_cai_ban_rock_01_lrg_lod0
08B9D0942026A265,emblems_tagger3_s5
08BBE7EB6E6ACD0B,wm_becho20_grip_00_htc
08BC81D40E419665,neck_0_animate
08BCB0587F007EC7,p9_rock_chunky_01_pebble_patch_lrg_01_lod0
08BD04345B1DE745,s4_sdr_cqb_strafe_trans_poi_shuffle_4_to_2
08BD0A345B1DF177,s4_sdr_cqb_strafe_trans_poi_shuffle_4_to_8
08BD9565BD804EE1,s4_mp_custom_eq_deployable_cover_prone_throw
08BDBD128472A2AE,s4_mp_custom_sh_bromeo5_fmag_stand_ads_reload_empty
08BE682D9D665380,p7_zm_sha_sign_danger_stand_lod0
08BF7415C51320D8,p7_food_bread_zopf_lod0
08C028B27C060CD6,right6run
08C17639A0CE77C7,mp_control_spawn_attacker_start
08C1CA539A45B37D,iw8_acc_attach_face_digital_q_c_big
08C2167BAC4FD73D,t9_charm_gold_cushion
08C32BA11F0B651F,adjust_blindfire_blindfire_right_weapons_s4_ar_asierra44
08C56B1DC4AB289F,gumball_rounds_base_06_jnt
08C5D2A4B121754D,emblems_riflier_flipbook
08C6A5F74CD99EA5,sdr_com_traverse_fast_mantle_down_sm_90l_intro
08C6E9B3FF6F174C,sdr_com_cover_left_stand_run_exit_9
08C6EEB3FF6F1FCB,sdr_com_cover_left_stand_run_exit_4
08C6EFB3FF6F217E,sdr_com_cover_left_stand_run_exit_7
08C6F0B3FF6F2331,sdr_com_cover_left_stand_run_exit_6
08C6F1B3FF6F24E4,sdr_com_cover_left_stand_run_exit_1
08C6F3B3FF6F284A,sdr_com_cover_left_stand_run_exit_3
08C832772DA81ADB,fire_crouch_ads_weapons_s4_sm_thotel
08C836F93B98F469,ATTACH_T9_CHARM_ANVIL_DESC
08C8D57817EE9DD1,j_strap_front1_end
08C94CC9C9DD2426,ps_exec_dirt_scuff
08C9659922F45281,p7_foliage_plant_lion_ear_flower_thick_medium_dead_lod0
08CB8207B56D7286,w4
08CBF99E1EEA6840,sdr_mp_me_strafe_shuffle_start_7_alt
08CCA8586CBC4145,right_heavy
08CD621EA25A9BD8,ps_mp_execution_shigenori_prone_stab
08CD65F2421710C8,tromeo_seat_3_melee
08CE08E432638C57,t9_charm_silverspoon
08CE0A64F8C56B13,pf4933_auto16
08CEBD9FE9442B06,adjust_ads_prone_weapons_s4_lm_tyankee11
08D30A2D902D0238,tag_tail_rotor_02_spawn
08D3D5C653B9C3D2,callingcards_hunter_s5
08D43F8F8E6DF694,weap_kilo_fast_magout_plr
08D5C1E4513CB444,tank_parts_box_01
08D63EE8FC3C4944,reargrip_granular_padded_sm_ppapa41
08D64ED59FB5781F,blueprint_bundle_3011_mac_10_motherboard
08D7257C2F25E3DC,s4_zm_ger_piano_grand_destp_wet
08D7361E040DECAB,p8_usa_sign_security_checkpoint_truss_lod0
08D92168B6686A96,p9_zm_tungsten_guide_sign_staging_area_red_lod0
08D93007B579248C,sf
08D932849EF98171,cine_terminal_loner_s010_face
08D93634D250DD2F,wm_dpapa28_mag_f_102
08DB85A636DAA9E9,adjust_sprint_stand_weapons_s4_lm_aalpha52
08DC5207B57B9429,rf
08DEEF2A184773D9,tag_bed_panel_right_d3
08DF1D6B44D8AA35,vm_balpha_stock_mk_102
08DF7EFF9CF2CF7B,p9_dun_hanging_cloth_damage_ground_blue_lod0
08E029565D71A4AE,eboard_cp_ger_stakeout_icon_breadcrumb
08E0D956D25EB117,WATCH_S1_ANALOG_KREMLIN
08E100F3492D57F5,j_jaw_c01
08E14D4186F3C1FE,j_reactive_button
08E1CE9429D4E95C,s4_mp_execution_generic_tiger_01_attacker_prone
08E41A2725C86ECB,moving_iw8_lm_mgolf36
08E5093C4273B1AA,dun_belongings_book_pile_03_lod0
08E6455289E9C906,reb_stl_patrol_idle_react_sm_2
08E6475289E9CC6C,reb_stl_patrol_idle_react_sm_4
08E6495289E9CFD2,reb_stl_patrol_idle_react_sm_6
08E64B5289E9D338,reb_stl_patrol_idle_react_sm_8
08E6DD14D85A8881,disableCustomCAC
08E7722DE86B8313,vine_root3
08E7742DE86B8679,vine_root1
08E97B6C629A522F,reargrip_rubber_ar_stango44
08EA0707B5875214,~=
08EB9CA23111EE6C,pf10158_auto6
08EBC05B164B3E80,sdr_mp_execution_010_attacker_laststand
08EBCF385F014932,reb_smtobj_lookaround_react_8
08EBD1385F014C98,reb_smtobj_lookaround_react_6
08EBD3385F014FFE,reb_smtobj_lookaround_react_4
08EBD5385F015364,reb_smtobj_lookaround_react_2
08EC00D42FA379C0,j_belt_rope_le2
08EC03D42FA37ED9,j_belt_rope_le1
08ED36FD515FFEE2,c_t9_gen_pl_starter4_song_mechanic_sy_desc
08EE052676DB0927,j_barong
08EE40A705794F14,SHOTGUN_SEMIAUTO_BP_ZSLAYER_DESCRIPTION
08EEA3CBFD2A4925,prestige_iw3_8_large
08EEBD42FA9B441F,tag_wire_14_animate
08EF4152736771BB,callingcards_cipher_s5_animated
08F08AAF52B1CB47,wm_asierra44_gen_brake_ab_101
08F240EA0A01ADAE,wm_aromeo38_stock_wr_00
08F27DFEB235E011,sniper_quickscope_bp_eye_relief
08F298C0B3080FB5,s4_fra_ryl_roof_corner_164_01_dest_lod010hffv011bf800000
08F3CAE6FFEC36EF,tag_top_handle_clamp_button_animate
08F475CD214F2126,smg_capacity_bp_summer_desc
08F6FE793AABBFA3,reargrip_stippled_skeletal_sh_bromeo5
08F70AE3A0B36545,le_fangs_2_anim
08F7BCF0264FF762,vm_stango5_grip_00_htc
08F843635963C9F5,dyn_phoneline
08F87993316DD984,p7_spl_towel_beach_fold_red_lod0
08F8CF3124CA0DE9,reargrip_taped_folding_sm_wecho43
08F97F66DE96566E,ai_s4_zm_zombie_base_walk_au_v20_pain_chest_f
08F9F9CB575EF0E6,j_pouch_l_dyn
08FA798BB4B2D651,dyn_tie_02_umbrella
08FA87E60BBBC569,tips_zombies_onslaught
08FA87EADC176E2D,reargrip_leather_short_ar_voscar
08FAAB9A873685C5,loot_smg_spray_bp_tagger
08FAB9C654506474,j_shirtflap1_ri
08FAD5B5BCA97AF2,po_c_t9_rus_pl_kgb_urban_desc
08FB9D27981C89B7,weap_mp5_fast_magout_plr
08FBEC79C14A30FB,wm_stango44_irons_s_00
08FC001ECDF5A993,irons_mid_promeo45
08FCFCE3A4EC1075,hm_grnd_red_prone_burst_05_ar@3
08FE81CA523FD7AA,p8_zm_man_vase_tall
08FEEA1D389003AC,grave_lid_chunk_04_jnt
08FF3C607F5F9466,c_t9_kneepad_02_lod0
08FF88CE81DE5678,reargrip_granular_short_sm_stango5
0900D02830CBDB08,hur_haypile_02
0900D32830CBE021,hur_haypile_01
0902A541297AE780,s4_charm_nightingale_00
0904578C0D992CEB,base_bracket_corbel_roof_wooden_01_lod0
09054CD6403F5A7F,p9_rm_dwn_lodge_building_02_roofkit_snow_lod0
0907075E84A92A53,sdr_com_cover_right_stand_pain01_leg_lg_f_to_hide
090710B6C751A573,ai_s4_zm_zombie_base_crawl_dth_b_torso_lt
0908EA0726D6B604,p7_metal_beam_panel_support_sml_lod0
09091DB5CD4028AF,p7_rus_foliage_hedgerow_snow_lod0
090BBBD483F86F6A,sdr_mp_stand_custom_fire_sh_charlie725_weapon
090C5FA4A5625E4A,newspaper2_64_jnt
090CBC76D6C0E64E,pindia
090D76D41A18D8AF,tag_missile_01_fin_lower_right_animate
090E104F0C7CBD00,sdr_cqb_exposed_prone_pstl_walk_arrival_l_3
090E114F0C7CBEB3,sdr_cqb_exposed_prone_pstl_walk_arrival_l_2
090E124F0C7CC066,sdr_cqb_exposed_prone_pstl_walk_arrival_l_1
090E144F0C7CC3CC,sdr_cqb_exposed_prone_pstl_walk_arrival_l_7
090E154F0C7CC57F,sdr_cqb_exposed_prone_pstl_walk_arrival_l_6
090E174F0C7CC8E5,sdr_cqb_exposed_prone_pstl_walk_arrival_l_4
090E1A4F0C7CCDFE,sdr_cqb_exposed_prone_pstl_walk_arrival_l_9
090E1B4F0C7CCFB1,sdr_cqb_exposed_prone_pstl_walk_arrival_l_8
091062F48C55CA77,p9_can_ammo_metal_small_02_lid
09108D107256D4F8,TR_PRECISIONSEMI_BP_TIKI_DESCRIPTION
091155FBB8B61179,moving_any_lmg
09115B488DC76DDB,sdr_com_cover_left_stand_death01_head_lg_6
09117D8183641499,ps_wpn_malpha1916_plr_reload_magin_empty
09121F58F2C1C921,silencer_heavy_balpha
09122B07613D8A6C,wpn_t9_eqp_zipline_trolley_world
091269B7CE224714,p8_rus_bldg_apartment_old_corrugated_lod0
0912C7D7D5FA7CD1,p8_food_fruit_apple_cap_crate_lod0
09130CF4DD5182F1,vm_ppapa41_grip_mk_00_fab
09140546665953B1,shotgun_pump_bp_motocross_desc
091518BD4C3E21BD,remount
09151B8E4122F60A,aar_squad_stats
0916FC1021DC6843,sdr_mp_aims_prone_ks_binoculars_circle_90
0917F4017709CBCF,glob_stage_04_to_06_b_scale_jnt
09185E335791CD63,sdr_mp_aims_la_circle_90@1
0918F8A3BBBFC59F,p9_crate_wood_ammo_set_sml_01_lod0
0919B2E8D79A2B59,zm_callingcards_zm_zombie_hunter_01_cc
0919C29AEDD963AB,s4_acc_attach_face_75_rokkr_sony
091A40749E5CE26E,tag_s4_sunroom_shutter_big_left
091BA92929B29A78,editcustomgames_settings_winconditions
091CA0925D7AEBD6,adjust_mount_weapons_s4_la_walpha2
091CA9C42AD655F0,reargrip_stippled_short_sh_becho
091E70D8C2D1624F,s4_acc_attach_face_91_small
091EE3E7743AF4DD,sdr_mp_stand_custom_addoff_fire_lm_dblmg_juggernaut
091F8345CA5057ED,hur_rocks_single_med_04_moss_lod0
09203506F224637F,scriptable_s4_env_fra_fireplace_tool_set_01_broom_destp
09214173DAAAE469,ps_wpn_aromeo43_plr_reload_charge_empty
09220CE7E62FA334,j_whistle
09226049D2A21C5B,cal_lg_3006_thotel_up1_zm
09237C48B0D54CFC,tag_glass_front_1
09237F48B0D55215,tag_glass_front_2
0923A948B0D59973,tag_glass_front_d
0923E1B38A2A63E2,cal_sm_xmag_9x22mmr_tyankee100_up1_zm
0923FA27B9D3893B,sdr_mp_aims_me_riotshield_crouch_circle_90_noleft
092506DDE1F03840,tag_door_mid_right_animate
09258C56C6B1E728,p9_nt6_mannequin_female_leg_r_dirty_01_lod0
09264E6147BD5BBE,sdr_mp_ges_lights_off_crouch_moving
0927088C511744E0,prt_mp_mercenary
0928780E33F7A16A,reflex_nydar_00_luniform08
09299F67CF0DFE00,tag_ammobelt_bottom_d0
0929A067CF0DFFB3,tag_ammobelt_bottom_d1
092B0A2F321673CA,decals_zm_lobby
092B35E476742D39,cover_stand_high_lmg_dismount
092C232B21D2DC3F,tag_bullet_deplete_swap_28_animate
092C789130FE455C,fire_crouch_nonads_weapons_s4_sp_flima35
092D8735A6DCF9AE,j_knife_side1_ri
092D921935EA1685,dyn_hair_strand_6_end
092D93866DC748D0,start_forward_sprint_sh
092D99866DC75302,start_forward_sprint_sn
092E51DFA7E9A218,tips_multiplayer_fireteam_dirty_bomb
092F1CC44993AA4B,sdr_com_trans_exposed_crouch_to_cover_left_crouch02_8
0933888DD5A16BE7,bar_md_weighted_malpha1916
0934CD6347C6C49C,dof_5.6_41_010_010
0935F0E514E73179,tag_green_on
093846734C1B7CEE,wm_m1golf_barrel_00
093870F0855A2111,sdr_mp_mobile_turret_scrub_aim_neutral_low
0938AEE71B130529,adjust_nonads_stand_weapons_s4_ar_chotel15
09392424ED6F50BF,p8_zm_gla_wall_arena_wood_01_plank_178_lod0
093965D92FDA2BA7,p8_kit_ice_gen_01_roof_01_14d_middle_light_metal_32_01_lod0
093A3D7CAB6BC43B,tag_antenna_1_animate
093A73E7BC43E4AC,p8_sta_fire_hose_nozzle_lod0
093BB1855CB6243C,1 0.92549 0.470588 1.0
093C7668E602B7E5,callingcards_dogfight_animated
093CCAD43E7CFECD,p8_zm_gla_cel_foliage_mushroom_shelf_lrg_lod0
093E168CBEEB33D0,sdr_mp_veh_tromeo_seat_0_idle_reverse
093E6D964C25A3A9,BUNDLE_2022_DESCRIPTION
093EE1ACC4EA8A78,s4_mp_addoff_sp_flima35_base_stand_nonads
0940690B08512806,prone_s4_gesture025
09406C0B08512D1F,prone_s4_gesture022
09406D0B08512ED2,prone_s4_gesture021
09406E0B08513085,prone_s4_gesture020
0941E6C342E8B96E,weapon_raise_freefall_weapons_iw8_sn_crossbow_empty
0942D4886E252DDA,j_belt_bucklet_aim
09436C749201297B,s4_rus_deptstore_plastercap_02
09436D7492012B2E,s4_rus_deptstore_plastercap_01
0943C7AB316D0CEE,j_knife_strap_parent1_ri
0943EC0B08543C76,prone_s4_gesture018
0943ED0B08543E29,prone_s4_gesture019
0943F30B0854485B,prone_s4_gesture013
0943F60B08544D74,prone_s4_gesture016
0943F70B08544F27,prone_s4_gesture017
0943F80B085450DA,prone_s4_gesture014
0944F31950E372BB,p7_hand_truck_horizontal_lod0
0946802CB5D1A408,sgc_warzone_taunt
0946F90B08568864,prone_s4_gesture001
09482F84E272CDAC,wire_19_jnt
094850A5075B1D66,fire_stand_mount_left_weapons_s4_la_walpha2
0948B020A8A588C7,flap_right
09493DEDE6DF168E,BUNDLE_1004_DESCRIPTION
094A3061FCF2A859,j_metamid_le_1_lep
094AD1E8C34B4BDB,tag_cab_fire
094D0700999B39DD,s4_rus_boiler_addon_01_dmg
094DCB356C70627E,sdr_cqb_cover_crouch_pstl_walk_exit_8l
094DD5356C70737C,sdr_cqb_cover_crouch_pstl_walk_exit_8r
094F9C308E7704FD,t9_charm_punch_bot_desc
094FEC35B55F36E5,reargrip_bakelite_sniper_slow_mr_moscar
095068E132E29A77,tag_gear_rear_right_dring_upper_null
095093E5D10AE21F,0.819608 0.419608 0.513725 1.0
0950E53A6CD44B1A,tag_ear2_ri
09511AC95B750AB7,s4_rus_chimney_pipe_02
09511BC95B750C6A,s4_rus_chimney_pipe_01
09516B6B06EAA18B,tr_powerburst_cb_carolina_desc
0952DCEFDCC70E65,weld_decal_02_frame_dark2
09533BCE58CEBECA,loot_tr_midburst_mk2
0954F58195713030,sdr_mp_me_strafe_crouch_in_place_start_8
0954F681957131E3,sdr_mp_me_strafe_crouch_in_place_start_9
0954FE8195713F7B,sdr_mp_me_strafe_crouch_in_place_start_1
0954FF819571412E,sdr_mp_me_strafe_crouch_in_place_start_2
0955018195714494,sdr_mp_me_strafe_crouch_in_place_start_4
09550381957147FA,sdr_mp_me_strafe_crouch_in_place_start_6
09550481957149AD,sdr_mp_me_strafe_crouch_in_place_start_7
0955259165E2A33E,zm_callingcards_zm_zombie_doa_cosmic_expedition_mastery_cc
0956092D8E9C597C,p7_zm_tra_wheelbarrow_tire_lod0
0956DBC7505AD4F4,umbrella_top_087_jnt
0957914669C7CF50,sdr_mp_strafe_slide_ks_greenbeam_9
0957924669C7D103,sdr_mp_strafe_slide_ks_greenbeam_8
09579F4669C7E71A,sdr_mp_strafe_slide_ks_greenbeam_7
0957B20CD70C4853,collision_cylinder_32x256
0957E7DF7271E79C,j_paper_01_9_le
0958AF05403C95F4,sdr_com_exposed_stand_lmg_reload01
095918A1F6C9163C,smg_burst_bp_milspec_desc
0959F4D20EEF0C31,p7_rus_beam_stack_support_double_snow_cap_lod0
095BC0C7E556831A,vm_ar_balpha_brake_fg_00
095C74866DEE84E5,start_forward_sprint_me
095D0AC8F71CA7B7,dyn_hoodstring_r_01
095D0BC8F71CA96A,dyn_hoodstring_r_02
0960770DE8731A50,tag_parkinglight_left_f_d2
0960790DE8731DB6,tag_parkinglight_left_f_d0
09607A0DE8731F69,tag_parkinglight_left_f_d1
096094866DF2A41C,start_forward_sprint_la
0960E341F26ECD9B,sdr_com_trans_exposed_crouch_to_cover_right_crouch01_8
09620819EED80B17,p7_fxanim_gp_tarp_scaffold_02_s3_lod0
09625D0A950C9461,shotgun_fullauto_bp_acid
09639BFF0716E2ED,foliage_s2_aus_pine_tree_fallen_stump_lg
0964C53A6CE4BDC4,tag_ear2_le
0966DE1D7A5FAF36,p9_mal_signage_food_jims_donuts_donut
0968FE907C2F201C,p9_usa_ship_ticonderoga_starboard_a
096901907C2F2535,p9_usa_ship_ticonderoga_starboard_b
096A95866DFAFA54,start_forward_sprint_ar
096C993E896B39AA,cin_mp_cartel_intro_north
096D1CBBF49452F0,billboard_lod4
096D1DBBF49454A3,billboard_lod5
096D23BBF4945ED5,billboard_lod3
096ED9BC82C85797,p9_foliage_fern_common_sml_01_lod0
096FAFA2899710DC,s4_zm_ger_electrical_conduit_1_straight_16_black
096FB29B7289BEAD,leather_tac_voscar_v301
096FFD32EF260EA4,tag_turnstyle_base_animate
0970A3C34B9B8B9F,vm_malpha96_griptape_00_stp
0970B6237A0C099D,mag_malpha1916_pack_zm
097172B42AFE6AD3,sdr_mp_strafe_sprint_me_leanright
09718206E0EE42EB,sdr_mp_crouch_melee_hit_2_eq_emp
097279B0C88CB2FE,p8_zm_crafting_table_alchemy_test_tube_merge
09733E3A73BE6FA2,p7_zm_asc_pipes_modular_straight_256_lod0
0973934B7A9A8D9D,p7_electrical_cabinet_02_damaged_01_lod0
097395CFD6477CF1,tromeotrac
0974DA851A7F7DBA,p9_ams_neon_sign_lips_01_lod0
0975B1349642FCDC,s4_camo_01c_zm
0976B970111BCFE5,p7_door_metal_rolling_03_frame_lod0
09782D17B34E1551,tag_tail_rotor_01_spawn
097906A9308EEA48,weapon_first_raise_stand_weapons_iw8_sn_crossbow
0979D7DF728EB2D2,j_paper_01_9_ri
097A5076D996C508,tag_swaybar_right_target
097ADCB7F7526A2C,BrowLower_00_R
097AF2B7F7528F8E,BrowLower_00_L
097B57B4651678A1,p9_nic_river_edge_med_01_lod0
097C2C1BE88B2507,rottweiler_j_pelvis
097CD85C00916D72,p8_foliage_grass_desert_dry_med_02_lod0
097CF404416EEAD3,ee_fireplace_01
097D28202AD3BD4E,reargrip_leather_weighted_sh_lindia98
097E652AA6459F28,cob_shack_vista_01
097E7D090A11F745,j_arm_08
097E7E090A11F8F8,j_arm_07
097E7F090A11FAAB,j_arm_06
097E80090A11FC5E,j_arm_05
097E81090A11FE11,j_arm_04
097E82090A11FFC4,j_arm_03
097F3F46928CBC56,s4_zm_uk_lighting_ceiling_fixture_02_backlit
097FB43DFCE2B636,left2sprint
0980B2A2C1551566,s4_rus_brick_broken_pile_03_snow
0980DA6E89F16B7E,tag_lighter_fx
098117C4C799D7B9,tag_chest_animate
098211E924270D36,emblems_kitsunefinalformzombie
0982E0A2BA9AEFC8,aac_ceiling_fan_01_base_lod0
09839F85730A33C8,j_grip_tape_sk_rs
0983E343A21B3589,atv_footspikes_low
098451B27AC99BBB,SNIPER_QUICKSCOPE_BP_COTTON_DISPLAYNAME
0985CFB348994922,ps_wpn_becho_plr_reload_shell_insert
09860F8AB6F0988F,tag_sims_accessory_ri_01
0986118AB6F09BF5,tag_sims_accessory_ri_03
0986E7884746717F,tag_gunner_turret1_base
0987877DDB5025FC,scriptable_s4_ger_wine_bottle_02_destp
098793F960994DB4,reload_empty_alt_weapons_s4_ar_hyankee44
0987D37A40D53411,hook_chain_upper_mid_jnt
0988508CA36FE096,p9_rock_chunky_01_boulder_med_01_lod0
0988D07EE9328D7F,p9_ger_kgb_afo_tail_support_base_board_01_lod0
098C33876B34796B,STICKERS_REDBARON
098C5A79702A38C3,weap_m4_empty_fast_button_plr
098DAE6C784FC8B4,base_afr_ornament_star_01_lod0
098DDC351C7BA1E0,paintjob_stickers_ahwk_08
098DE9351C7BB7F7,paintjob_stickers_ahwk_05
098DEB351C7BBB5D,paintjob_stickers_ahwk_07
098E5DAC4368137F,weapon_lower_crouch_moving_weapons_iw8_lm_dblmg
098F902D4E5EA380,s4_sn_m1golf_alt_mode_in_prone
098FA2E8B0B9A82B,p7_ris_hose_decon_fitting_01_lod0
0990B4ADF46A9884,dyn_hat_01
0990B7ADF46A9D9D,dyn_hat_02
099107B800C27ADC,select_extbarrel_suppressor
099115A556DF0AB2,p9_tool_grinder_table_01_lod0
09917FAAC9BD871E,wm_dpapa28_mag_f_00
09927A55D719F127,p8_col_desk_office_lod0
0992CA928DAFBD4C,sdr_com_cover_crouch_pstl_rvar_hide_to_left
09936F35A7338418,j_knife_side1_le
09938714523EBD76,dyn_bombone_high_aim
09941D085D6C10E3,ps_wpn_ttango33_plr_reload_charge_empty_fast
09946B351C81008B,paintjob_stickers_ahwk_27
09946F351C810757,paintjob_stickers_ahwk_23
099471351C810ABD,paintjob_stickers_ahwk_21
09959AA9E371DA10,sdr_mp_strafe_crouch_shuffle_start_juggernaut_6
09959BA9E371DBC3,sdr_mp_strafe_crouch_shuffle_start_juggernaut_7
09959CA9E371DD76,sdr_mp_strafe_crouch_shuffle_start_juggernaut_4
09959EA9E371E0DC,sdr_mp_strafe_crouch_shuffle_start_juggernaut_2
0995A1A9E371E5F5,sdr_mp_strafe_crouch_shuffle_start_juggernaut_1
0995A8A9E371F1DA,sdr_mp_strafe_crouch_shuffle_start_juggernaut_8
0995A9A9E371F38D,sdr_mp_strafe_crouch_shuffle_start_juggernaut_9
099719CB108FE67C,xxlmags_malpha1916_zm
0997AFB7E465F78F,side_sight_jnt
0997D7351C83EDE6,paintjob_stickers_ahwk_33
0997DA351C83F2FF,paintjob_stickers_ahwk_34
0997DE8308FC0F97,mixer_02_bath_fluid_18_jnt
0998E11BB79AEB58,parachute_land
0999951002A32A37,tag_side_right_top_panel_le
099A4418BFAE73BC,sads
099A63FDD0DA96FF,t9_charm_sneaker_optic_sy_desc
099B5C351C8705BC,paintjob_stickers_ahwk_40
099CCA0981CA6460,tag_head_le
099CCC21435A92AA,BUNDLE_1084_TITLE
099E248C4BC86FE1,deb_woodfloor_08_lod0
099FE932048873E6,move_crouch_loop
09A4D758DEF2FE0B,p7_dung_camel_pile_01_lod0
09A6787CA2E69C31,rt_vine_clump3_08_jnt
09A960248158F7E1,wm_mpapa40_stock_hv_102
09A96BB79EC43425,movetospot
09AA4F1E73F0278E,dyn_scarf_strap1
09AA89A6ED679029,sdr_com_trans_exposed_stand_pstl_to_cover_left_crouch02_8
09AA8FA6ED679A5B,sdr_com_trans_exposed_stand_pstl_to_cover_left_crouch02_2
09AA93A6ED67A127,sdr_com_trans_exposed_stand_pstl_to_cover_left_crouch02_6
09AA95A6ED67A48D,sdr_com_trans_exposed_stand_pstl_to_cover_left_crouch02_4
09AAE6928DC47EC1,sdr_com_cover_crouch_pstl_rvar_hide_to_lean
09ABEC39FB98CFF1,iw8_acc_attach_face_analog_3_big
09ACBE04F71DFA5A,p9_ang_rocket_wreckage_cone_bit_01_lod0
09AD220E26DCE49F,trans_2_nonads_prone_weapons_s4_sm_guniform45
09AD763DC360C264,state5_idle
09AE8D620D14BE39,j_cattleprod_umbrella
09AFAF0491A3EDA2,faction_mp_kgb
09B006004A3D7E73,stop_forward
09B169A32EFE586C,tag_side_latch_lft_01_jnt
09B368D8B64482D3,mp_stand_gesture021_me
09B3BC0D63CD879D,p8_vista_ac_duct_rect_sml_hanger_lod0
09B3C4C8307C4113,tag_bomb_c_right_01_animate
09B3C668D9ED74DC,p9_zm_dri_intel_documents_01_lod0
09B410B8A84D0323,p8_cable_wire_bundle_bend_s_02_lod0
09B4835A9D6815E3,p9_sur_console_control_01_canister_handle_jnt
09B4E6F58B6B85AD,sniper_standard_bp_achill
09B5183F403CBC19,s4_mp_world_ges_stop_prone
09B595BF9D26CBFE,p7_dispenser_drinks_soda_fountain_02_lod0
09B6F2D03537156C,sdr_mp_mount_stand_idle
09B7080AE8F25313,s4_mp_custom_sn_kalpha98_base_prone_pullout_first
09B766E189CCD258,tag_sideskirt_left_01_animate
09B77E2A43322112,fx_decal_burnt_paper2_lod0
09B82F0981E1D7B7,tag_head_d0
09B84386D8BA7277,trans_2_nonads_prone_weapons_s4_ar_chotel
09B89738589A496C,tag_chain_loop
09B918CDD85B1275,zm_scope4x_reticle_14_r
09B96E713C751D46,s4_sdr_com_cover_crouch_hide_to_look
09B9CEC7D0467BBF,pebble_15_jnt
09B9FBA6A9A2AD85,sdr_com_cover_stand_run_arrival_l_8r
09BA14DC7FF7FA8B,dyn_shell_l_04
09BA17DC7FF7FFA4,dyn_shell_l_01
09BA19DC7FF8030A,dyn_shell_l_03
09BA1ADC7FF804BD,dyn_shell_l_02
09BB61EA406287CF,weap_mike14_empty_fast_chamber_plr
09BBA2693B93A1D8,s4_acc_attach_watch_band_67_large
09BBE6DF1D0F7E2A,callingcardsmaster_smg_heavy_mp
09BD5A1BD564972B,sdr_com_traverse_jog_vault_over_md_90r_intro
09C08E1A3DDC57F6,glass_broken_frame_croner_06_lod0
09C0916B29801CD7,factions_mp_cia_kgb
09C0BCE49BC7FF29,s4_mp_facial_polina_run_1
09C13D77B544C847,j_proc_shoulder_ri_lep
09C26D145E3C8550,emblems_crown
09C2CC7C065E6F71,scr_global_default
09C55119934EE0FB,codcaster_toggleFullscreenMap
09C56863A7183F8C,wm_gecho43_grip_mk_00_stp
09C668091047CD57,mp_nest_dest_paint_splatter
09C685B2A6F2CCD9,right_hand_mover
09C699331EB9CEA6,sdr_cqb_cover_left_stand_walk_arrival_r_8r
09C6B3331EB9FAD4,sdr_cqb_cover_left_stand_walk_arrival_r_8l
09C7283AC36DDD4C,p9_rus_siege_usa_jet_f4_phantom_des_wing_tip_r
09C73E3AC36E02AE,p9_rus_siege_usa_jet_f4_phantom_des_wing_tip_l
09C7777CFED438FF,sdr_com_exposed_prone_pstl_to_crouch
09C9FEA307408EBE,p8_zm_gla_buyable_door_gate_02_mid_lod0
09CAFCBC32AB8D8A,cal_sm_9x22mmr_tyankee11_down1_noimp_pack_zm
09CB11D9BC9AB438,tag_dual_zoom
09CCAB76738D3744,dun_mop_bucket_01
09CCB90CC8B6A86D,wm_moscar32_stock_mk_00
09CCDEB902DE94BA,j_leaf_03_animate
09CE889A766E2064,s4_mp_execution_generic_gunfu_02
09CE8B9A766E257D,s4_mp_execution_generic_gunfu_01
09CF67F03A4EB3DA,s4_acc_attach_face_75_surge_small_sony
09CFDAEF6FF6B29D,tag_leg_right_ankle_roll_animate
09D03580448E8DE6,sdr_com_exposed_stand_fullpain03_turn_torso_lower_md_b
09D03F80448E9EE4,sdr_com_exposed_stand_fullpain03_turn_torso_lower_md_l
09D04580448EA916,sdr_com_exposed_stand_fullpain03_turn_torso_lower_md_r
09D047A98307DF92,s4_mp_addoff_la_palpha60_base_prone_ads
09D0B4B9D7C1C87E,bsh_ship_deck_vent_02_lod0
09D19420481F0498,ai_s4_zm_zombie_base_super_sprint_24_pain_f_alt
09D21F1FE74E58D1,snprscope_light_ger_offset_balpha
09D26E0C1E1D98B1,callingcards_pc_virus_animation
09D3BD3C08F214E1,ar_damage_bp_blackthroat_desc
09D58FD432D0DD10,ps_exec_bodyfall
09D630F8F0456BEE,s4_mp_custom_sn_aromeo38_scope_stand_ads_reload_end
09D6411F3F32C5C8,reargrip_taped_reinforced_ar_hyankee44
09D6D188D8746B51,p8_kit_col_gen_01_roof_tiles_01_end_left_bottom_red_clay_0_02_lod0
09D7E58E6410E24B,s4_zm_jpn_corrugated_sheet_metal_44x95_vista
09D841C36EC17601,tag_foot_steam_ri
09D8AA8601697E68,reargrip_rubber_marksman_mr_m1golf
09D8BEB65E15E270,tag_spawn_antenna_b_01
09D8C0B65E15E5D6,tag_spawn_antenna_b_03
09D8C1B65E15E789,tag_spawn_antenna_b_02
09D8DD0AEEEB2768,wm_mike97_grip_ta_00_htc
09D9F20981FE5676,tag_head_ri
09DA58D436DB86A0,crouch_aim_sh_ads
09DA93A6E5684E2B,tag_gear_front_actuator_lower_target
09DADE4A0C4D861C,s4_mp_execution_generic_toxic_01_attacker_prone
09DC9AFE614CC21E,cploot_offhand_monkey_bomb
09DE2249ED99DD96,ht_855_sneak_start_tk03_faceware_mayhem
09DEA524FB2FB1E5,c_t9_gen_pl_starter5_powers_gun_v1_desc
09DF5F771679D58B,s4_mp_addoff_sh_bromeo5_base_blindfire_left
09E1B194CB1EF6FD,reargrip_taped_weighted_ar_chotel41
09E201B59F7447AA,aimset_coverstandhigh_turret_lmg
09E34FE8B12CCEE5,reload_quick_empty_prone_weapons_s4_lm_fromeo45
09E37E39E7908DAF,s4_fra_royal_hotel_corbal_01
09E37F39E7908F62,s4_fra_royal_hotel_corbal_02
09E38039E7909115,s4_fra_royal_hotel_corbal_03
09E3D5470DAF39E5,p7_zm_gen_proto_doorframe_metal_doble_lod0
09E3E00982068C65,tag_head_ws
09E472D86DB6F52A,foregrip_steady_ppapa41
09E50081A16E96CA,p9_zm_gold_metal_wall_pillar_large_02_lod0
09E6B52D21E33A0B,zm_callingcardsmaster_smg_handling_zm_cc_desc
09E6DDA2A64411BE,exposed_idle_react
09E76A5FC7FD22D5,sdr_mp_addoff_sn_crossbow_ads
09E8328E12200E8A,nv_scope_00_chotel41
09E959849029AFD4,decal_group_options_list
09E98A434350B7F0,sdr_com_molotov_crouch_reaction01_8
09E994434350C8EE,sdr_com_molotov_crouch_reaction01_2
09E996434350CC54,sdr_com_molotov_crouch_reaction01_4
09E997434350CE07,sdr_com_molotov_crouch_reaction01_5
09E998434350CFBA,sdr_com_molotov_crouch_reaction01_6
09E99F3A6743ECAD,tag_trailing_arm_lwr_rr_parent
09E99F4EB8E26584,reb_smtobj_knock_off_exit
09EA48EB11B5540B,j_wallet_chain_1_nub
09EC484FF6E49887,tag_tail_spawn_right
09EC81859D22F87C,_lsrs
09ECD1525732A6FA,alias_laststand_self_revive_start
09ECFA2931BD63D4,vm_nydar_00
09ED58910F6EFC68,j_min_stock_chain_08_pba
09F0293D1FEF1B88,dyn_medpouch
09F0929C59E83290,window_over_quick
09F160EC58B9ED98,pf89_auto6
09F19375862D6E7C,zm_scope3x_reticle_14_r
09F29B37EA676FF9,stock_tactical_skeletal_kgolf40
09F572BA49983FFE,blueprint_bundle_4030_bullfrog_summer_pool
09F5AE8FF53A9A19,foliage_krm_tree_spruce_blue_snowy_large_lod0_comb
09F6776E01D36C6B,boss_smtobj_lean_table_hand_c_36_loop
09F72266ED57B51D,s4_mp_addoff_ar_fecho_base_blindfire
09F723E7D5D34FD4,stock_heavy_svictor40
09F7C3CBF43EF3EB,tag_collective_p
09F7E7ED1BDA98E1,sdr_com_exposed_crouch_pain01_torso_lg_b_to_exp
09F8712C7F32E542,s4_mp_custom_lm_dpapa28_fmag_prone_reload_empty
09F8D2B84FE67985,j_tread_guide_kl
09F8E4B84FE6981B,j_tread_guide_kr
09F8EBDEA9DCF705,sdr_com_cover_crouch_right_to_cover_crouch_left
09F9A1D14B325484,cal_xl_127mm_moscar_up1_mtx_pack_zm
09FA86B205B65034,j_harness_parent1_ri2
09FA89B205B6554D,j_harness_parent1_ri1
09FB22D6917F360E,s4_mp_custom_ar_chotel41_base_stand_trans_2_nonads
09FB5F7966DBCB91,sdr_mp_strafe_prone_fast_1_to_crouch_fast_1_trans
09FBE5864A4F7931,reargrip_pine_sniper_mr_m1golf
09FC1FC8A72AB79A,p9_armada_dirt_road_03_lod0
09FD04601C26D1DF,aac_storage_sheet_02_lod0
09FDF2E141741FF5,showConnectionMeter
09FE69C42E81D8AA,cos_183_ms
09FE980D0CA1CA05,s4_rus_po_paper_sml_03
09FEA85EE202E4CC,iw8_acc_attach_face_analog_2_female
0A0188729732293D,j_wristhalftwist_le4
0A01EC67407F98C0,stairs_run_down_arrival
0A037AB117452643,loot_sniper_cannon_bp_debonair
0A04D9790EBA2980,flower_16_dupl2_dupl2
0A0724A6FFD19A1B,sdr_com_exposed_crouch_death02_midbody_md_2
0A0869C42E8A2D2F,cos_183_pc
0A0909B25D9E4D73,sdr_com_exposed_long_death_f_knees_death_r
0A0919B25D9E68A3,sdr_com_exposed_long_death_f_knees_death_b
0A091DB25D9E6F6F,sdr_com_exposed_long_death_f_knees_death_f
0A0927B25D9E806D,sdr_com_exposed_long_death_f_knees_death_l
0A09D82371E56B24,tag_engine_fx_right
0A0A1091DC135F94,ar_mercenary_bp_jester_desc
0A0A2AF4D370C62A,sdr_com_cover_left_crouch_pstl_jog_arrival_l_8l
0A0A2CF4D370C990,sdr_com_cover_left_crouch_pstl_jog_arrival_l_8r
0A0B6D52F4C55AD5,t9_charm_ammo_box_desc
0A0CD5732AB7BFAA,j_grenade_top_le
0A0D29DFF2668E07,BUNDLE_1058_TITLE
0A0D59C44F13BEDB,j_jacket_front_le_parent
0A0D5A84458ECBF9,ar_mobility_bp_shark_desc
0A0F3771BB0556E7,s4_zm_rus_accessory_icicle_corner_64
0A0F8D3AE80274F2,melee_crouch
0A10CE8E94A585A1,j_jacket_front1_end_le
0A1117527E958EFE,adjust_nonads_freefall_weapons_s4_sm_tyankee100
0A12585C1D7545CE,sgon_cp_rus_siege_exterior_dock_01_opt
0A128F90705D8851,p9_ang_rock_layered_01_pebble_lrg_02_curved_lod1
0A1402AC30EF388B,s4_mp_fingers_sh_mike97_base_r
0A1410AC30EF5055,s4_mp_fingers_sh_mike97_base_l
0A150B99D6BAF2C2,mkg_meal_setting_cup_01_lod0
0A1525337FB436BA,j_shoulder_le_rot
0A1529C36EF4FB57,tag_foot_steam_le
0A15A1DD29459A37,j_hose_09_animate
0A168D699DB21B28,tag_bullet_deplete_sqtl_31_animate
0A17047C6168D268,fx_decal_burnt_paper_lod0
0A18896EF8EBA306,mkg_food_bag_burlap_potatoes_01_spilled_dirty_lod0
0A18D26863BCE5A7,p7_hose_lab_sink_02_lod0
0A1A5B64F15A7D54,p7_zm_sha_fence_bamboo_lrg_burnt_lod0
0A1A833887378F80,pf10162_auto65
0A1B5708313E3350,gumball_time_speckled_18_jnt
0A1C70F485937B11,laststand_self_revive_start
0A1CFEEDD01B46F8,BUNDLE_5019_DESCRIPTION
0A1D01C285DA2189,chute_cord_59_jnt
0A1D5ADDAD908EA0,SMG_HANDLING_BP_WANKER_DISPLAYNAME
0A1E3503CC0FEA37,callingcards_lizard_animation_s5
0A1EF9D29CEC8914,cal_sm_xxlmag_32_m1golf_down2_zm
0A1F7AF06988933A,rope_01_12_jnt
0A21D81AB547598E,zm_reflex_reticle_8_r
0A21E34B4B2B4B87,reload_quick_prone_alt_weapons_s4_sm_thotel
0A252B1A2B9F460E,arm_lower_01_anim_jnt
0A262BB7295EAD2E,muzzle_mgolf42
0A26A2FB89D53446,bundle_free_fantasy_1903_mendo_overkill
0A284730D6AF0CB8,wire_side_02_b
0A284830D6AF0E6B,wire_side_02_c
0A284A30D6AF11D1,wire_side_02_a
0A284D30D6AF16EA,wire_side_02_d
0A28E9D6C7B5B2E2,j_can_crush_le_animate
0A2A74AADFFED605,gumball_activated_swirl_22_jnt
0A2AF33756660E48,extbarrel
0A2D8452582A48A1,emblems_midnight
0A2DC64BC02818B3,emblems_redmissile_64
0A2E86C47D6D4A37,p9_zm_tungsten_particle_energy_tube_264_lod0
0A2E904722485DE6,hyholo_flip_nydar_00_gecho43
0A3136128C42CC57,rec_chotel41_deathfx
0A3174BAF4AF6977,tag_loader_base_attach
0A32C68E94C25E6F,j_jacket_front1_end_ri
0A347AD5D57D97EB,p8_cos_gate_sliding_main_star_01_lod0
0A34BE09FC539BB7,hue_air_pump_01_lod0
0A353F27817BEAB7,sdr_mp_addoff_la_rpapa7_nonads_sprint_jump
0A375C2BB4BFFA98,zm_mkilo1
0A37C2402D3EDFFE,vm_lindia98_grip_sk_00_htc
0A3938A71DA37275,reargrip_fabric_removed_sm_wecho43
0A3970E42E867420,lft_gate01_cntrl
0A39E4EC1007C2A7,tag_folding_grip_parentconstraint1
0A3B11970AD5A82E,decayProgress
0A3BF18383BD5BE8,sdr_mp_offhand_eq_briefcase_bomb_defuse_loop
0A3C6A1BA21D5A5C,callingcards_rubberduck
0A3DEC23614F2447,scriptable_furniture_painting_frame_03_brown_03
0A3E2C534DE63E05,tag_strap_fl_all
0A3F2B4E5AC8555E,s4_acc_attach_watch_band_21_small
0A3FBC531A0DD1A8,ps_mp_execution_daniel_prone_foley
0A40217B7B7954A8,p9_usa_vista_netherlander_bldg_center_floor_01_lod0
0A402B4297428A3D,callingcards_infestation_animated
0A40445554DFA1A9,ps_wfoly_plr_lm_mgolf36_reload_empty_08
0A40495554DFAA28,ps_wfoly_plr_lm_mgolf36_reload_empty_03
0A404A5554DFABDB,ps_wfoly_plr_lm_mgolf36_reload_empty_02
0A404B5554DFAD8E,ps_wfoly_plr_lm_mgolf36_reload_empty_01
0A404D5554DFB0F4,ps_wfoly_plr_lm_mgolf36_reload_empty_07
0A404E5554DFB2A7,ps_wfoly_plr_lm_mgolf36_reload_empty_06
0A404F5554DFB45A,ps_wfoly_plr_lm_mgolf36_reload_empty_05
0A40505554DFB60D,ps_wfoly_plr_lm_mgolf36_reload_empty_04
0A405FA34A31AB4E,sdr_mp_exposed_crouch_death03_torso_med_2_left
0A40FF65E1BCDCF6,glob_stage_07_to_09_h_move_jnt
0A413FF8DEA1D2BA,dying_base
0A4468F35A635F6C,j_alien_arm03_4_pba_animate
0A44758D63E96A35,j_chambered_round_mag_c_down
0A44F82FFC9EF175,crate_part_010_tag
0A4594D90D0C8063,smg_burst_bp_scarab_desc
0A460BBF16B8C213,dof_3.1_43_100_100
0A464C9D0F0C6387,muzzle_brake_large_ptango41
0A47ED9A3D8ECB98,smartobject_lean_table_l_30
0A48F23CFE392E4F,sdr_mp_addoff_ar_asierra12_nonads_sprint
0A4AC7E80B0540C1,bundle_blueprint_1058_shotgun_semiauto_junk_food
0A4C6B6E404650B0,s4_la_palpha_ai
0A4C948EAFDD9B79,weapon_raise_stand_weapons_s4_me_pushdagger
0A4F24EA0C0458E2,callingcards_lost_signal_desc
0A4F615BB2D305B2,sdr_mp_ges_sniper_crouch_moving
0A4F80C9E2102D6C,t9_charm_sneaker_surge_sy_desc
0A5103D9B7939087,FAV_LIGHT_MPX_80S
0A5183D2908AC36B,rabbit_tag_jaw
0A5282ADF1DF0AC6,parachute_freefall
0A53F28046B9B032,sdr_com_traverse_jog_jump_over_drop_lg_90l
0A54048046B9CEC8,sdr_com_traverse_jog_jump_over_drop_lg_90r
0A54C3D77038BA1C,j_sonic_strap_08
0A54C4D77038BBCF,j_sonic_strap_09
0A54C7D77038C0E8,j_sonic_strap_04
0A54C8D77038C29B,j_sonic_strap_05
0A54C9D77038C44E,j_sonic_strap_06
0A54CAD77038C601,j_sonic_strap_07
0A54CCD77038C967,j_sonic_strap_01
0A54CDD77038CB1A,j_sonic_strap_02
0A54CED77038CCCD,j_sonic_strap_03
0A559575E13E52CD,shf_050_3p_outro_farah_face
0A55C7473471844F,p8_kit_col_row_08_awning_railing_01_basic_light_wood_128_01_lod0
0A565FB261C1EADF,stock_skeletal_wecho43
0A56A326FC220967,reload_quick_ads_alt_weapons_s4_ar_chotel15
0A57D1D7703B07BD,j_sonic_strap_10
0A58222DD2F2672F,multi_bomb
0A59C5B8968D68F8,tag_gear_front_door_left
0A5A3ABA9E9419DE,sdr_mp_execution_033_victim_laststand
0A5B11A69521DDF8,tag_kukri
0A5BD290BAAB630E,wm_owhiskey31_receiver_00
0A5C0CE82B83E625,s4_mp_fingers_sn_kalpha98_base_r
0A5C1EE82B8404BB,s4_mp_fingers_sn_kalpha98_base_l
0A5CD7AFF34BD50F,reargrip_hatched_sniper_slow_mr_moscar
0A5D8CBA554D1D25,BUNDLE_1030_DESCRIPTION
0A5ECD74CB51125E,p7_weights_metal_gym_10_lod0
0A60FF810F966C3A,j_forehead_ri
0A6144F521AF4C40,paintjob_prestige_s2_7_large
0A62A4A53F093CB2,wm_becho20_stock_hv_00
0A631324885FC011,s4_mp_custom_ar_voscar_extmag_prone_reload_empty
0A651AA2AD8DBF98,vm_gecho43_grip_00_blk
0A653C6671A2B2BF,sdr_mp_me_prone_turn_90_l
0A6540AE35D7E5E8,grave_lid_chunk_88_jnt
0A654BD1DE0E015C,BUNDLE_1086_DESCRIPTION
0A65526671A2D821,sdr_mp_me_prone_turn_90_r
0A65C36B2FD76BC7,weap_cbj_clipin_plr
0A66058412F1A1F2,window_03_shard_44_jnt
0A660700B8CFA583,tag_fx_tail_light_right2
0A660800B8CFA736,tag_fx_tail_light_right1
0A6746DCF94C131A,sdr_mp_aims_akimbo_circle_90
0A6A7B572D4263BE,jugernog
0A6AC77C4BDCB6B4,wm_bromeo5_grip_hv_00_htc
0A6E70ECE768C743,sdr_com_cover_right_crouch_turn_8
0A6E7CECE768DBA7,sdr_com_cover_right_crouch_turn_4
0A6E7EECE768DF0D,sdr_com_cover_right_crouch_turn_6
0A6F0B7461CB981D,mp_prone_custom_reload_empty_sn_alpha50
0A6FC4E88EA6C9BA,sdr_cqb_pstl_strafe_fast_6_max
0A712F9F4E8EB2C0,reargrip_leather_skeletal_sm_wecho43
0A729B4090B72CD6,j_thumb_ri_3_elf
0A73FAAFBD66EDC0,reargrip_rubber_tactical_ar_fecho
0A74DF810FA6DEE4,j_forehead_le
0A7599F4333F94C6,sdr_mp_execution_007_attacker_prone
0A767F5B6D60499C,sdr_com_cover_stand_pain01_torso_g_l
0A7771CADA63A82D,stairs_walk_down_loop
0A78BF5DC59BA4F9,death02_viscera_03_root_jnt
0A792287F5BE21AF,p8_food_fruit_banana_box_half_lod0
0A7B90DD1DEC91B3,BRACELET_T9_S1_BRAIDED_02_DESC
0A7BB0050B08BD35,nightingale_battlechatter
0A7C82EF2CA3442B,wm_lindia98_grip_short_stow_00_grv
0A7C97EF2CA367DA,wm_lindia98_grip_short_stow_00_gra
0A7CBCEF7DFE1500,walk_feet_apart_6_to_4
0A7CC2EF7DFE1F32,walk_feet_apart_6_to_2
0A7CC8EF7DFE2964,walk_feet_apart_6_to_8
0A7E00F198CA3187,p8_spa_cabinet_kitchen_stove_dial_lod0
0A7EFDFE7FFA6283,cal_sm_xmag_9mm_mike1911_s4_down1
0A7FD63675CB4240,s4_mp_execution_generic_aot_01
0A81001DE6C621A3,p8_zm_vapor_altar_zeus_lightning_bolt_sml_03_lod0
0A8222ABD1D7E7ED,ar_fastfire_bp_sterile_desc
0A829AFDE36CE3FE,reload_quick_ads_weapons_s4_la_m1bravo
0A829FBB5C66CD0C,parachute_pass
0A82D652040C8465,sdr_mp_execution_048_attacker_prone
0A837DA5924A57D4,callingcards_cdl_teamcallingcards_atl_1_sy_base
0A83BB42F59C90ED,stk_train_track_01_512_lod0
0A83BFEF495F1AD8,pf663_auto6
0A84E6ED3F7F5D33,j_skirt_side_ri_dyn_01
0A84E7ED3F7F5EE6,j_skirt_side_ri_dyn_02
0A851BDD0636D050,moving_iw8_killstreak_deploy_airdrop_grenade
0A86F3C21EFCAED1,j_leatherstring1_le
0A87035D5075BE43,trans_2_ads_freefall_weapons_iw8_ar_mike4
0A891DBD0B70BDBB,reargrip_taped_padded_guard_mr_aromeo99
0A89A47309AE81CE,tag_frn_latch_rt_02_jnt
0A8A2D554C751670,weapon_lower_crouch_moving_weapons_iw8_fists
0A8D0A5F053CC9E8,red_circus_dead_drop_list
0A8D75F7D8C68085,vm_mike97_grip_folding_00_rub
0A8DD1D95A980962,r_frontlegend_jnt_dog
0A8EEE652330CF94,vm_pi_malpha96_reflector_102
0A9069CCBEF20292,land_mine_desc
0A90BAB4959CE7D9,s4_acc_attach_watch_band_75_ravens_small_pc
0A913F606E9FE501,ps_wpn_becho_plr_reload_clear_ext
0A92ADD52D137B6F,weapon_lower_quick_prone_weapons_s4_la_palpha60
0A936BA63A826713,s4_ger_trenches_wood_slats_02_var_a
0A9376B902596D97,s4_mp_custom_sm_guniform45_extmag_stand_ads_reload_empty
0A938C3AFF51809E,paintjob_mp_paragon_t5_02_large_sticker
0A947DD9067DCA63,vm_fecho_irons_s_00
0A95151D6E446E94,start reload
0A952C41836D2064,p7_office_paper_stack_sml_lod0
0A967443794F5523,monitor_02_jnt
0A96E03EF4BD4848,TR_LONGBURST_BP_ANIMEPILOT_DISPLAYNAME
0A977E671114430C,trans_2_nonads_crouch_moving_weapons_s4_sm_thotel
0A98AF8DD06E27F8,p9_zm_ndu_foliage_tree_twisted_branch_lrg_02
0A98D00B02D00CD0,p7_fir_cabinet_wood_shelf_lod0
0A9944BB7098D805,dof_5_105_50_50
0A9A4AD02DE76782,ping_keybind
0A9AA252814CB93F,wm_mpapa40_barrel_00
0A9C114930E16E8A,s4_mp_fingers_ar_bromeopg_base_r
0A9C134930E171F0,s4_mp_fingers_ar_bromeopg_base_l
0A9D7D1C25A7020C,tag_cheekrest_base
0A9D8E5D86514D16,s4_mp_custom_eq_trophy_crouch_throw
0A9ECEA3ED2BF39B,vm_balpha_stock_hv_106
0A9ECFA3ED2BF54E,vm_balpha_stock_hv_105
0A9ED3A3ED2BFC1A,vm_balpha_stock_hv_101
0A9ED79A83862862,p8_paver_stone_slab_13_lod0
0A9F7765F7A78406,tag_cab_molding_low_right_d0
0AA0B90E90FD0DFE,s4_zm_statue_twig_02_snow
0AA167A1D31E4C91,sdr_mp_pain_sub_strafe_crouch_legs_bk_center_01
0AA2292196C9CB7B,guns_tag_p9_tool_box_small_01_0
0AA257975102A1EE,tag_bullet_deplete_sqtl_02_animate
0AA2B267F596E8F0,vm_chotel41_grip_tape_ws_pin
0AA39F56B470169D,reload_weapons_s4_sh_lindia98
0AA6200A7EF1A1E4,s4_mp_blindfire_crouch_vertical_right_pitch_up
0AA773732BA82B05,j_cape_ri_1_end
0AA8462107B6F946,tag_wheel_spin_front_left_01_up
0AA8993A273E635B,adjust_ads_freefall_weapons_s4_ar_asierra44
0AABC77307EFB54C,reload_empty_prone_alt_weapons_s4_sn_moscar32
0AAC9D2A3F723095,p9_brick_factory_01_wall_side_rt_144_01_lod0
0AACF5249F8D1517,p9_cp_sidemission_takedown_cluster
0AADCF5724BBB5BF,j_lower_veststrap_driver
0AADEC05F7053249,iw8_fire_pi_mike1911
0AAEA2555941E1DA,callingcardsmaster_smg_handling_mp_desc
0AAEDE97CBB6889D,crawling_wall_over_40
0AAF2440834FF1E2,tag_stabilizer_l_animate
0AAF2A91E56510F3,p8_col_shelf_storage_lod0
0AB0845C6934B41C,p7_shelves_snack_stand_short_half_lod0
0AB39232686E9F28,aac_blankets_pile_01_lod0
0AB3C552C47F85F3,ar_slowfire_bp_donnie_desc
0AB46E01492A289E,Jugernog
0AB477354703271C,vm_malpha96_trig_102
0AB47835470328CF,vm_malpha96_trig_103
0AB47A3547032C35,vm_malpha96_trig_101
0AB5AAC0DFFE99B5,fire_blindfiretop_weapons_s4_ar_kgamma40
0AB7ADB69EA5EC9A,p9_core_frontend_grenade_pouch_01_lod0
0AB81FC77B21793C,mag_aromeo99_pack_zm
0AB829F1DB577517,s4_mp_addoff_sn_aromeo38_base_blindfire_right
0AB83E58BCAA56F5,s4_mp_pom_wade_01_hero_thumbnail
0ABA476EA4CCA1F0,7fast_exitfull
0ABA954640DBB4DE,s4_camo_01a_zm
0ABAAD24A4EE308D,adjust_ads_freefall_weapons_s4_lm_fromeo45
0ABB051AF44BB40E,reargrip_rubber_sm_aromeo43
0ABBFA425DEE83A9,p8_fxp_fluid_splash_lod0
0ABD94C98885F544,damage_edge
0ABE02093E87AE69,wrench_02_lod0
0ABE52CD5C91ABCB,j_door_right
0ABFEFF7B3FC7BE4,tag_cv_jnt_lwr_lr_spin
0AC095CE1F2BF452,s4_mp_executon_mateo_01_attacker_prone
0AC1D69AD009FFE8,j_upper_tent_14_le
0AC414270D3E1B70,tag_clamp_02_gas
0AC546EB53AB7CE9,adjust_sprint_stand_weapons_s4_lm_bromeo37
0AC5676413592E04,wm_moscar32_grip_sn_00_bkl
0AC59849A3BAFC7B,tag_attach_player
0AC718EA8AE31FE4,jnt_frame001
0AC71E2E5B111069,stationary_trainyard_signal_lights_01_green
0AC781BEE24D9DCD,shard_11_jnt
0AC7A77CB09661A0,s4_mp_facial_roland_idle_2
0AC7A87CB0966353,s4_mp_facial_roland_idle_3
0AC7AA7CB09666B9,s4_mp_facial_roland_idle_1
0AC8AE9AD00FDA9E,j_upper_tent_14_ri
0AC989A46219B1F8,p9_dun_railing_metal_corner_outside_32_panel_lod0
0AC9D2610CB3CC41,death02_viscera_01_06_jnt
0ACB030A7797D454,callingcards_zm_exterminator_restfulspirit_desc
0ACB6265922DCDEF,sdr_com_exp_stand_death01_head_lg_6
0ACB6465922DD155,sdr_com_exp_stand_death01_head_lg_4
0ACB6865922DD821,sdr_com_exp_stand_death01_head_lg_8
0ACBA58DC0C555FE,ar_fastfire_bp_junglewarfare_desc
0ACBD813F603BCF9,j_tail_4_end
0ACBEA328F5262D1,j_hiptwist_le_umbrella
0ACBF5D61CCC765F,p8_usa_submarine_interior_panel_06_lod0
0ACC0015E53B0017,damage_corner_concrete_01c_white
0ACE665979B195F7,pelvis_jnt
0ACF170EFCC91FF4,weap_m200_empty_bolt_close_plr
0AD1BD2E79FAD874,gumball_rounds_speckled_03_jnt
0AD1DB3DAAC8D946,MELEE_MACHETE_BP_CROC_DISPLAYNAME
0AD2D51B297A9144,j_dyn_pouch_lf
0AD2F2E5CD5AEB0F,c_t9_uk_pl_mi6_coal_variant02_desc
0AD41B6272EC6632,tag_chair_l_null
0AD4EF8DD524DA8D,gumball_time_speckled_08_jnt
0AD680B3362D0313,ps_mp_execution_padmavati_laststand_whoosh_a
0AD681B3362D04C6,ps_mp_execution_padmavati_laststand_whoosh_b
0AD6D3093ACD40E6,jumpup_128
0AD886F9176C5E69,s4_mp_custom_lm_mgolf42_fmag_prone_reload_empty
0AD8B1AD1AB6F12C,tag_spigot_animate
0AD97B3AE1925983,vm_ttango33_receiver_00
0AD9E51B2980CB22,j_dyn_pouch_rf
0ADA67EBDF3FEE30,weapon_lower_quick_crouch_weapons_iw8_juggernaut
0ADAFB365D45BB51,deltaforce_usa_dialog
0ADB46D38D150446,charroom_fx_preview
0ADC04A17DCEADFA,wm_lindia98_grip_ri_00_htc
0ADD12091111FEBC,s4_zm_body_tank_grp_01_a_snow
0ADE2859BE41698A,CALLINGCARDS_MILITANTMALWARE
0ADEA15E69D004AC,adjust_nonads_vehicle_weapons_s4_sm_stango5
0AE024EB12CBF6F6,loot_ui_icon_jumppacks_trail_default_large
0AE2B0D32AFA9995,trans_2_ads_freefall_weapons_s4_sn_aromeo
0AE2BC8C1642091C,BUNDLE_6003_DESCRIPTION
0AE4110FBE36A01A,ar_fastfire_bp_streetcred_desc
0AE595B16AC74595,cine_terminal_herosoldier_s090_face
0AE6FAF0FAFB5E97,cover_bounding_overwatch
0AE73E9DFE598664,s4_zm_jpn_desk_metal_old_rusty_closed
0AE8A7C124F1F174,wm_optic_acog_00_m1golf_001_sony
0AE938307FEC15E9,medal_satchel_charge_destroyed_vehicle
0AE95CA0175A7098,adjust_nonads_prone_weapons_s4_la_palpha
0AEA8687D60BB2DB,me_barrier_railing_stone_64_01_clean
0AEB1EA17F201D55,inspect_prone_weapons_s4_sm_wecho43
0AEC2F993CB285D2,p7_slu_crate_plastic_red_lod0
0AECB6F7EA9084F0,ai_s4_zm_zombie_base_attack_02
0AECB7F7EA9086A3,ai_s4_zm_zombie_base_attack_03
0AECB9F7EA908A09,ai_s4_zm_zombie_base_attack_01
0AECBAF7EA908BBC,ai_s4_zm_zombie_base_attack_06
0AECBBF7EA908D6F,ai_s4_zm_zombie_base_attack_07
0AECBCF7EA908F22,ai_s4_zm_zombie_base_attack_04
0AECBDF7EA9090D5,ai_s4_zm_zombie_base_attack_05
0AECC0F7EA9095EE,ai_s4_zm_zombie_base_attack_08
0AECC1F7EA9097A1,ai_s4_zm_zombie_base_attack_09
0AED666179712FAE,ai_s4_zm_zombie_base_walk_mantle_up_80_dn_36
0AED8A51B9CAE3A5,paintjob_sticker_chinesetiger
0AEEE63E655AFE1A,p9_foliage_tree_oak_white_sap_01
0AEFBFA691B4A06E,c_t8_zmb_concentrated_catalyst_skull_lod0
0AF039F7EA939960,ai_s4_zm_zombie_base_attack_15
0AF03AF7EA939B13,ai_s4_zm_zombie_base_attack_14
0AF03DF7EA93A02C,ai_s4_zm_zombie_base_attack_11
0AF03EF7EA93A1DF,ai_s4_zm_zombie_base_attack_10
0AF03FF7EA93A392,ai_s4_zm_zombie_base_attack_13
0AF040F7EA93A545,ai_s4_zm_zombie_base_attack_12
0AF042D16AF518A4,s4_fra_stone_support_beam_01
0AF0B4406499438B,foliage_grass_long_bunch_05_a_lod0
0AF15B725B9E1110,j_antenna_rear
0AF2C52FE31813D2,dof_3.5_93_010_010
0AF2D2B495EFDAFC,s4_acc_attach_watch_band_75_ravens_small_ms
0AF33E300A0CDCF7,p7_cai_incense_cone_burner_03_lid_lod0
0AF357AA75617A2D,tag_satellite
0AF3A22DDB7EEB72,vm_tyankee100_grip_sk_00_stp
0AF46084E66E19A0,p7_zm_sha_cement_mixer_fitting_lod0
0AF614FF0DD58DBD,eq_gas_dstr
0AF71A0AA8901713,kill_burst_fire_do_shoot_nonstop
0AF7FA44359989FE,patrol_turn_fl
0AF7FE60CC2AB80E,hydraulics_root11
0AF7FF60CC2AB9C1,hydraulics_root10
0AFA312593EF69D9,pain_sub_prone
0AFA56B3A473EC00,fbxasc0488_low001
0AFA755111DB1C0E,p9_vnm_rock_cliff_wall_02a_lod0
0AFAFD60CC2CEC32,hydraulics_root28
0AFAFE60CC2CEDE5,hydraulics_root29
0AFD3828469F2403,s4_mp_fingers_sm_tyankee100_gripstop_l
0AFD578BE45FFFD5,vm_gecho43_grip_sk_00_rub
0AFDC0E702900CE5,j_pin_pull
0AFDEF7C4912B199,usa_barracks_coat_04_lod0_mesh
0AFE01F8FC333E25,s4_mp_custom_pi_malpha96_base_prone_pullout_first
0AFE1AAB6EAE3EAA,onlyHeadshots
0AFE1B70AFDA6E86,BUNDLE_4061_TITLE
0AFE21AA11976051,reargrip_rubber_reinforced_sm_ppapa41
0AFE6E60CC2FE20C,hydraulics_root35
0AFE6F60CC2FE3BF,hydraulics_root34
0AFE7060CC2FE572,hydraulics_root37
0AFE7160CC2FE725,hydraulics_root36
0AFE7260CC2FE8D8,hydraulics_root39
0AFEED2F5F161CD2,tag_upg_base
0B013DF7E9DC55FB,pf525_auto6
0B01ED60CC32EFB0,hydraulics_root44
0B01F460CC32FB95,hydraulics_root43
0B01F91CA6186B7E,2shuffle
0B030CF8784E1390,tag_ik_frontfoot_loc_le_dog
0B061FB695D692BD,vm_luniform_trigger_ra_101
0B06AF8940A95724,p9_usa_gym_locker_01_door_lod0
0B06FC906B4EFF71,po_c_t9_usa_pl_deltaforce_halo_variant01_desc
0B077F54A040A1D2,reargrip_granular_tactical_ar_bromeopg
0B0813390F66BD1B,sdr_mp_strafe_shuffle_juggernaut_7_alt
0B0A340C3C1F50D2,s4_sh_becho20
0B0A5EB4B7C1A400,walk_feet_apart_4_to_2
0B0A62B4B7C1AACC,walk_feet_apart_4_to_6
0B0A68B4B7C1B4FE,walk_feet_apart_4_to_8
0B0B870A06749034,realod_prone_quick_check
0B0CAEB235D869DB,wm_mike97_ammo_f_00
0B0D403D95B0C62A,bundle_operator_2062_russell_adler_st_patrick
0B0D532F5B9B7D25,j_beltstring_front1_03_ri
0B0D7E683E2C8CBF,dyn_fur_br
0B0D91B26E0EC7C0,ps_ht_boss_smtobj_lean_table_hand_r_30_exit_02
0B0D94683E2CB221,dyn_fur_bl
0B0D94B26E0ECCD9,ps_ht_boss_smtobj_lean_table_hand_r_30_exit_01
0B0E27DEFC0487D3,j_hair_side03_ri
0B0E7797342EE9C6,structure
0B0E7D4F8AE25619,p8_trophy_school_sml_blue_lod0
0B0ED40202158064,stand_jump_land
0B0F145F68C6241B,paintjob_stickers_46_s5
0B107FD24ECE7A6F,glob_stage_01_to_03_03_jnt
0B11CF3CD1A75EDE,ger_bunker_sign_no_fire
0B123421ACA9ECA6,trans_2_ads_crouch_moving_weapons_s4_sn_svictor40
0B129CDFA1B064C4,weap_alpha50_empty_bolt_close_plr
0B13184FB4E9FD79,tag_fan_animate
0B143EF800E558C6,s4_mp_custom_sn_kalpha98_heroic_prone_inspect
0B151ACBCBB43099,dyn_fr_holster_01
0B151CF33F6AF223,sdr_mp_lower_me_knife
0B15CA719BB59C57,lft_vine_clump6_10_jnt
0B16413893C1160F,parts_wristwear_mp_watch_r_c_vm
0B16E15C19641D72,lft_vine_clump6_08_jnt
0B16F3B3C032617F,medal_gas_trap_multikill_2
0B17383C0B6D9942,tag_door_rear_left_pivot
0B1777F69A77EE82,tag_turret_sensor_d0
0B18108B3EA818F8,dyn_chain_l_09_dog
0B184FB34CB5A1C0,trans_to_combat
0B18827494A56D10,p7_sin_rowhouse_b_win_frame_v1_lod0
0B188D98A818BE75,adjust_sprint_stand_weapons_s4_la_palpha60
0B18BE869890F7D0,reargrip_bakelite_reinforced_sh_lindia98
0B1938212B20E16F,tag_tierod_left_in_aim
0B1A253893C4CF52,parts_wristwear_mp_watch_r_c_wm
0B1B0E941E9E0299,s4_mp_executon_florence_01_victim_prone
0B1B343211A12C75,s4_mp_custom_sm_ppapa41_base_stand_gun_butt_hit
0B1B3830FE79079C,s4_mp_facial_wade_death_3
0B1B3930FE79094F,s4_mp_facial_wade_death_2
0B1B3A30FE790B02,s4_mp_facial_wade_death_1
0B1B8FF1CCA19FA7,counteruav_desc
0B1BD650432A3A15,tag_differential_front
0B1C28B4A785E317,callingcards_s6_mp_all_challenges_animated
0B1E0EB870B16368,p9_rus_police_stair_support_lod0
0B1E4177B75D31DD,death02_explode_chunk_11_jnt
0B1E67CC8B9BA6CC,reload_quick_empty_ads_alt_weapons_s4_ar_voscar
0B1E75445D49E271,mouth_lip_top_raise
0B2062E877DFBC24,blueprint_bundle_4016_ak_74u_containminated_water
0B209336FFE6F1E8,crate_part_026_tag
0B20EC5927DE1E43,s4_rus_doily_lrg_01
0B21A838390179A9,p7_camp_fire_pit_grill_02_lod0
0B2237EB935BE02B,LookLeft_04_L
0B2245EB935BF7F5,LookLeft_04_R
0B25B2CC6DF32719,paintjob_prestige_iw5_8_large
0B25B651E13D0BFC,s4_mp_fatality_generic_pistol_01_attacker_thumbnail
0B26855A5C003161,tag_panel_trim_rear_left1
0B26DDA71CCA766D,foregrip_angled_mpapa40
0B274A09FCCCB91B,sdr_mp_execution_009_victim_prone
0B276E8ABDCE049C,p7_jun_building_hut_b_lod0
0B27C4990DFAFDC3,lmg_fastfire_bp_lochness
0B27F7EC59744B3F,p9_hue_macv_armory_pegboard_01_shelf_01_a_long_lod0
0B28E3AF9F390973,p8_geo_basalt_wall_cliff_03_01_lod0
0B28F7418BF58253,tag_leg_l
0B2915418BF5B54D,tag_leg_r
0B29BEF89D45FF90,dun_broom_01_lod0
0B2A756101CF3B2D,FAV_LIGHT_MPX_DOMINATOR
0B2AB625C65666B0,callingcards_rocketscience_v2
0B2AC4891F2874AD,ai_s4_zm_zombie_base_run_jump_up_96
0B2B906619A2A0B0,tag_sight_front_hood
0B2BD92AE631C3FB,wave_respawn_delay
0B2C3790E393EB20,adjust_ads_crouch_weapons_s4_ar_hyankee44
0B2CBC562163C68B,umbrella_top_033_jnt
0B2E66055CB13752,p9_zm_ndu_conical_flask_lod0
0B31B2DE51A78A15,j_bird_wing_le_1_animate
0B330BD072A20B05,reflex_reflector_01_tyankee100
0B335706FEDA3425,p9_zm_gold_debris_paper_02_lod0
0B34841FA5B1DCDA,shf_010_infil_scenea_hadir_face
0B34BB52B2FB01DD,j_magrelease_l
0B34BD52B2FB0543,j_magrelease_r
0B356719DDD1686B,reload_empty_weapons_s4_lm_bromeo37
0B358A4530F6F859,p7_zm_tra_coffee_maker_basket_lod0
0B3651E225603BC9,dof_1.4_79_050_050
0B36DFF656835CC2,ee_machinery_lab_hydraulic_lift_frame_part2
0B37193E46CE0D38,p9_railings_stairs_metal_b_lod0
0B3994F648D104C9,aac_shoes_women_01_set_lod0
0B3A9AABD5EB9304,wm_moscar32_receiver_102
0B3A9BABD5EB94B7,wm_moscar32_receiver_103
0B3A9DABD5EB981D,wm_moscar32_receiver_101
0B3B7E91F3BC529F,s4_zm_jpn_bamboo_96_sml
0B3C162F860043A9,codcaster_playernumbers_cdl
0B3D70683E5598B7,dyn_fur_tl
0B3D76683E55A2E9,dyn_fur_tr
0B3EB73EB8BB644E,reargrip_hatched_reinforced_sh_lindia98
0B3F4451292E204B,antenna_top_jnt
0B3F8186196607C4,weapon_lower_quick_crouch_weapons_s4_me_pushdagger
0B408469E9E2DDD9,gib_g503_power_generator_01_lod0
0B40D42F62531925,tag_fx_nav_light_right_rear
0B4325E5E55F61FE,trans_2_nonads_crouch_moving_weapons_s4_sm_guniform45
0B4346B777F35479,j_flashbang_ri_driver
0B443A9254EEAA63,sdr_com_cover_left_stand_pain01_torso_md_b_to_hide
0B449BE7C407DED0,t9_charm_pet_rock
0B45174D205F5051,vm_asierra44_barrel_cqb_101
0B4AB9E819CC347C,trans_2_ads_freefall_weapons_any_pistol
0B4AFF5E56017173,iw7_mp_fire_death_prone
0B4B55CC4DCE3C91,j_parachute03_04_le_animate
0B4C8E50556D578E,s4_mp_custom_pi_wecho_base_prone_reload
0B4CAF300A0FCCB8,sdr_com_exposed_stand_pstl_burst_04
0B4CB0300A0FCE6B,sdr_com_exposed_stand_pstl_burst_05
0B4CB5300A0FD6EA,sdr_com_exposed_stand_pstl_burst_02
0B4CB6300A0FD89D,sdr_com_exposed_stand_pstl_burst_03
0B4CB8891F4546AF,ai_s4_zm_zombie_base_run_jump_up_72
0B4F2293F80BDBC0,reload_empty_ads_weapons_s4_lm_bromeo37
0B4F6BEF29BD2490,pf6601_auto6
0B501263E77B8C87,muzzle_grenade_aromeo99
0B5038891F485606,ai_s4_zm_zombie_base_run_jump_up_48
0B5040891F48639E,ai_s4_zm_zombie_base_run_jump_up_40
0B509AE778D8F808,strapp_top_l_02_jnt
0B5155E7EE752170,BUNDLE_3901_TITLE
0B531DBDF86A5DE3,stop_effect
0B5321AEC802273C,down18
0B5322AEC80228EF,down19
0B532A1813443298,ee_construction_stone_wall_a_02_wall
0B53C4891F4B79C1,ai_s4_zm_zombie_base_run_jump_up_56
0B5414DA0A3A670B,p8_canopy_tent_wall
0B56011E3FBE4C85,ps_wpn_mike1911_plr_reload_magin_tac_akimbo_l
0B56131E3FBE6B1B,ps_wpn_mike1911_plr_reload_magin_tac_akimbo_r
0B567C22866A5BAE,tag_wheel_back_left_ik
0B5758F27E6206BF,p8_zm_esc_bones_human_torso_01_link_jnt
0B58DEEE3F410408,callingcardsmaster_shotgun_fullauto_mp_desc
0B597064B383FDC1,callingcards_zm_fieldresearcher_getoffmylawn
0B59DAB1770E65EF,tag_grip_safety_animate
0B5A7ECC920D9C29,p9_nic_rock_cliff_01_lod1
0B5A934DDAB24BD6,sdr_mp_parachute_pullcord_legs
0B5BB74DC5EB7046,acog_medium_mike97
0B5BF6BA1B6F34AE,p8_ice_kitchen_cabinet_02_set_door_16_left_lod0
0B5C60E13CEFD287,s4_mp_execution_generic_cupid_01_victim_stand
0B5C8DF6A79E174A,p9_usa_sign_stratto_neon_double_flicker_lod0
0B5D9D5B37C80BDE,sdr_mp_prone_gun_butt_hit_02_ar_falpha_ubshtgn
0B5E13B67E7E5398,look_23
0B5E15B67E7E56FE,look_21
0B5E16B67E7E58B1,look_20
0B5E18B67E7E5C17,look_26
0B5E19B67E7E5DCA,look_25
0B5E517DDEC05AC4,p7_ris_sign_exit_bridge_lod0
0B5EF9C31569AE56,j_pagebr_thumb
0B5F1066D0A8F626,iw7_cp_zom_run_traverse_up_56_01
0B5FB321C9C86919,hm_grnd_red_exposed_grenade01_ar
0B60A3EDC3C6258D,window_maintenance_small_01
0B62DE9FFA782F48,wm_fromeo45_00_comp
0B630206DD502EBE,wm_tyankee100_barrel_rf_001
0B63672D779285AA,callingcards_diditcrack_s5
0B6501B67E8453B0,look_01
0B6501E0F7CC511F,crouch_moving_iw8_briefcase_bomb
0B6502B67E845563,look_00
0B6503B67E845716,look_03
0B6505B67E845A7C,look_05
0B6508B67E845F95,look_06
0B65468DAAB4FA32,barrier_sandbag_128_dirty_lod0
0B658F620C7D1C53,p8_col_shelf_warehouse_frame_lod0
0B6626FBAAC51C0C,pom_solange_02
0B6629FBAAC52125,pom_solange_01
0B66EC649007E028,p8_spa_window_trim_stone_03
0B679FA905388FEA,s4_mp_addoff_lm_bromeo37_base_crouch_moving_nonads
0B67B9E5F04104BB,bottle_fluid_scale_03_02_jnt
0B68A53F40898712,tag_origin_plane_2_animate
0B69C54C8F6D3D8A,emblems_coldwave_s6
0B6C67B6AA7D2D5C,t9_charm_king_crown
0B6D2AECBEEF4D0C,sdr_mp_prone_gun_butt_hit_02_ar_falima_ubshtgn
0B6D8B1B2F5FE465,front_01_jnt
0B6F1E1C6BCFE910,cal_xl_50_bromeo37_up1_noimp
0B6F54471CBAC4B3,sdr_com_traverse_jog_mantle_down_lg
0B6FBE16DB4C95C9,j_clip_strip
0B709A535B548040,generic_postit_02_d
0B709B535B5481F3,generic_postit_02_e
0B709C535B5483A6,generic_postit_02_f
0B709D535B548559,generic_postit_02_g
0B709F535B5488BF,generic_postit_02_a
0B70A0535B548A72,generic_postit_02_b
0B70A6535B5494A4,generic_postit_02_h
0B70A7535B549657,generic_postit_02_i
0B70F929650F91E8,sdr_mp_execution_051_victim_prone
0B71854B23309640,0.419608 0.8 0.819608 1.0
0B71D028B34A6D70,s4_frontend_folder_leather_01
0B7295B67E8FD988,look_45
0B7297AC4ED412A3,weap_ar57_first_raise_end_plr
0B7298B67E8FDEA1,look_46
0B7299B67E8FE054,look_41
0B729AB67E8FE207,look_40
0B729BB67E8FE3BA,look_43
0B731863C21E4B90,reargrip_pine_padded_ar_chotel41
0B737A517F6A5B4D,vm_sm_thotel_angled_wire_00
0B7383471CBEFD67,sdr_com_traverse_jog_mantle_down_md
0B73A08F34D19176,BUNDLE_3037_TITLE
0B73B6226AAA80F5,tr_midburst_t8
0B73BDF1AF0F3475,callingcards_vts_17_desc
0B746C731AE6A9A3,reb_smtobj_look_down_pain_6
0B746E731AE6AD09,reb_smtobj_look_down_pain_4
0B747A731AE6C16D,reb_smtobj_look_down_pain_8
0B74B73264E11056,reargrip_bakelite_support_slim_ar_voscar
0B759056180C6C92,trans_2_nonads_crouch_moving_weapons_s4_ar_valpha52
0B76271F64235CF3,gumball_time_speckled_15_jnt
0B7859EB5516F59B,death02_viscera_02_12_jnt
0B78E3410E8BA8BC,tag_top_d0
0B78E4410E8BAA6F,tag_top_d1
0B7978FEE0DF8826,p7_jun_foliage_tree_dmg_01_lod0
0B79E66E19E142AF,sdr_mp_coscar_seat01_death_inward_left_02
0B79E76E19E14462,sdr_mp_coscar_seat01_death_inward_left_01
0B7A1ACE1A1841E3,callingcards_goldenprospector
0B7A3BC8A0DB18D1,umbrella_top_053_jnt
0B7AD8E58F281002,p8_zm_esc_barrel_drum_pallet_lod0
0B7AF361524F80BA,reargrip_hatched_reinforced_mr_m1golf
0B7DA8F5E282C35B,tag_spikes_animate
0B7DEF30E11D597F,wm_tyankee11_grip_00_htc
0B807467895EF6EA,sdr_com_exposed_crouch_pain01_rleg_md_b_to_exp
0B825ECA6B7BBC2B,sdr_com_exposed_crouch_death02_head_lg_2
0B82D87B32A28E08,ammo_belt_06
0B82DE7B32A2983A,ammo_belt_00
0B82DF7B32A299ED,ammo_belt_01
0B8417D1E1E4B2A6,reflex_reflector_01_dpapa27
0B842F797D292FCB,paintjob_mp_paragon_t5_01_large_sticker
0B84F1C90543C3C1,mkg_food_bag_burlap_potatoes_01_single_dirty_03_lod0
0B8576177377A342,wm_aromeo38_grip_00_htc
0B859F79F7528345,reload_quick_prone_alt_weapons_s4_ar_chotel
0B88041A40C38DEF,sgc_flanking_tdm
0B882392095413D2,p7_zm_isl_bones_human_foot_lod0
0B885D1386F69AF5,vzscope_medium_offset_tyankee11
0B88A41487FEBC2C,p8_aus_ship_bolt_01_mesh
0B89242FC36B28D9,p7_slu_antenna_rooftop_lod0
0B8A34C15360F4A8,vm_lindia98_ammo_f_00
0B8A8C58F35CB07A,j_lighter_body
0B8A916D1FC18971,c_t9_gen_pl_starter3_stone_bollocks_pc_desc
0B8ADA5AF5892F94,p9_zm_ctl_light_spot_housing
0B8C0D17BF04965A,weapon_lower_quick_stand_weapons_iw8_juggernaut
0B8C1BC7C99C1B2E,p7_tools_jar_glass_bolts_lod0
0B8CE75BBCE8D942,dyn_chain_r_01_dog
0B8D5CA20C87E5F7,ps_wpn_bromeo5_plr_reload_fpo
0B8E0E00618E1505,tag_shocker_mount_r_02_animate
0B8E1178C700C49D,dof_2.8_30_0_0
0B8EB63680756CD3,p7_spl_toy_beach_pail_blue_lod0
0B8F2C80FA0DEEC7,p7_lab_container_plastic_slim_lod0
0B8F2D51985E7601,sdr_mp_mount_crouch_vertical_left_high
0B8FC52E7A246878,adjust_nonads_prone_weapons_any_sh
0B8FCB2E7A2472AA,adjust_nonads_prone_weapons_any_sn
0B901E975931D311,sdr_mp_execution_059_attacker_laststand
0B9049D9F6664EE9,p7_zm_ori_crypt_wall_end_01_lod0
0B91056DFBD35CBE,p8_rug_cloth_modern_round_01_lod0
0B9291BBF4001A99,hunter_player_take
0B94461384AFD912,bayonet_s4_svictor40
0B945E325F69FC6F,reload_empty_ads_weapons_s4_ar_chotel
0B9534875E0E5A7B,trans_2_ads_crouch_moving_weapons_s4_lm_tyankee11
0B9622B4A8DF38B3,sdr_com_cover_crouch_long_death_mytr_death
0B96A9FC2C9C76C7,vm_kalpha98_grip_00_htc
0B96B7649263DAB4,j_cosmetic_gut_end
0B9723D675D70184,2walk_exitfull
0B983CDDDDE1D35E,mp_stand_gesture020_me
0B986531C61F8517,p8_curtain_rod_cap_01_lod0
0B99441AB822E99E,tag_passenger_gunner
0B994D5BF1457BB6,attack_sprint
0B9A2306D7948F6C,s4_mp_custom_pi_luniform08_base_stand_reload_empty
0B9AA68600D6DFCF,ironsdefault_becho20
0B9BDF6BCC68FC45,adjust_ads_crouch_moving_weapons_default
0B9E55AC0E2DEFE3,dyn_legstrap_l_02
0B9E56AC0E2DF196,dyn_legstrap_l_01
0B9E7AE89F734521,veh_t9_mil_ru_tank_t72_mpx_lsa_pc
0B9F0247B68E0777,sdr_mp_empty_additive_teammate_revive@1
0B9FD106DFCD2401,callingcards_t8_zm_prestige_grailandwreath
0BA19CAACF813A40,run_n_gun_graft_node
0BA20F5E5B39BA80,left_135
0BA328D391469935,wristaccessory_t9_s5_analog_blood_fancy_desc
0BA4239C5B413795,s4_zm_fra_truck_citroen_u23_static
0BA50BC797F67E83,gesture_blend_out
0BA5DBAF6C05EB7F,p9_corrugated_wide_wall_01_corner_ext_90_64_01
0BA61D75F404A775,p9_wz_rotunda_stair_panel_02_right_lod0
0BA65E4BDDCF6012,plastic_21_jnt
0BA73C6850F34D23,dyn_knot_l_02
0BA73D6850F34ED6,dyn_knot_l_01
0BA860E89F7B6D78,veh_t9_mil_ru_tank_t72_mpx_lsa_sy
0BA8F9418E56ABA8,p7_zm_shi_foliage_forest_shrubs_02
0BA93F2784E81084,sdr_mp_lower_2_back_l_killstreak_binoculars_ads@1
0BABD3F85B7E1D2A,alert_exit
0BAC2E684454F417,weapon_lower_quick_crouch_moving_weapons_iw8_sn_crossbow_empty
0BAC8A565AB12900,s4_mp_facial_halima_angry_1
0BAC8C565AB12C66,s4_mp_facial_halima_angry_3
0BAC8D565AB12E19,s4_mp_facial_halima_angry_2
0BACFA5C805563A5,atango_face270_right
0BAD379C60A96A27,gumball_ghost_06_jnt
0BAD47D8993552D7,p7_fir_bench_wood_lod0
0BADB9BB0CCCAA0D,callingcards_spider_141
0BAE4711029C7BBA,metal_shrapnel_a_08_l0
0BAE623608E6CB68,adjust_ads_prone_weapons_s4_ar_fecho
0BAE717881B91FDF,dof_3.4_26_300_300
0BAFBA8E7B914C7A,cal_md_fmag_45_wecho43_up1_noimp
0BB00F6BA06B5B26,rope_01_01_jnt
0BB1B8C4453A019B,s4_dog_move_canter_turn_90r@2
0BB2A9410EBCBE75,tag_top_up
0BB2E600DFAB109C,smg_cqb_bp_donnie
0BB3125E5B4832CC,left_180
0BB72FD77BC13E70,ps_wpn_lecho_plr_reload_open_tac1
0BB731D77BC141D6,ps_wpn_lecho_plr_reload_open_tac3
0BB732D77BC14389,ps_wpn_lecho_plr_reload_open_tac2
0BB734D77BC146EF,ps_wpn_lecho_plr_reload_open_tac4
0BB7C1CA921DAC03,p8_wmd_box_cardboard_01_lod0
0BB971F2039D98AD,crate_part_007_tag
0BB9B1882C5375A5,s4_mp_fingers_ar_stango44_gripheavy_l
0BBA1C1B2A3F3805,j_dyn_pouch_01
0BBA5232BEBDF870,callingcards_the_damage_is_done_s6_desc
0BBAA4AAB75904FC,sgon_cp_nam_firebase_super_bunker_01_nuke_retrieval_01
0BBAC9B575CB0BCE,p8_zm_gla_stone_cobblestone_01_dmg_07_lod0
0BBB469528DB7430,vm_luniform_barrel_ml_102
0BBB499528DB7949,vm_luniform_barrel_ml_101
0BBB7DA624CCB680,wm_kalpha98_irons_l_00
0BBB8C453D55F8AB,ui_bg_01
0BBD2E1479CEE45A,p7_fir_wire_spool_roll_coil_lod0
0BBD40E690A8AD60,adjust_nonads_stand_weapons_s4_la_m1bravo
0BBD7BC6E7703E99,p9_usa_glass_brick_blocks_window_lod0
0BC012911955431A,coal
0BC0B14C95AC044A,adjust_mount_left_weapons_s4_sn_gecho43
0BC2ED6701F73AED,gumball_time_shiny_37_jnt
0BC30FF6531D7DCE,emb_infil_010_crash_fall_price_face
0BC45CE524D65789,pain_cover_left_default
0BC6D2AE82AB4504,gr_launcher_top_01_low
0BC726D3D29689FB,s4_mp_world_ges_knuckle_crack_stand
0BC807B6E1F9864C,j_cloth_01_top
0BC840237B19EF43,sdr_com_pstl_strafe_to_exposed_l_foot_forward
0BC97FBD1D9FA77A,j_rope_108_animate
0BC9CB8F97919CFC,j_dyn_cape_m_02
0BC9CC8F97919EAF,j_dyn_cape_m_03
0BC9CE8F9791A215,j_dyn_cape_m_01
0BC9D5B32B83D2B4,scriptable_s4_fra_briefcase_saddle_01_destp
0BCA72E89F987274,veh_t9_mil_ru_tank_t72_mpx_lsa_ms
0BCA9FBD957FBF7F,iw8_acc_attach_face_digital_q_big
0BCB5E471D09345E,sdr_com_traverse_jog_mantle_down_sm
0BCC65AFB0E64BF2,j_mid_ri_2_umbrella
0BCCD72E7A58352C,adjust_nonads_prone_weapons_any_ar
0BD01B856D42000F,melee_stand_weapons_s4_sn_kalpha98
0BD08C02338A445B,s4_mp_custom_la_palpha60_base_stand_inspect
0BD0ACB5C16F9CD2,s4_acc_attach_watch_band_75_faze_sony
0BD15773FFA2D7F3,callingcards_battleship
0BD1A94F31D0BDE9,wm_ppapa41_grip_rs_00_pin
0BD2491E0CF1D130,p9_armada_dirt_road_01_lod0
0BD2D7604860B0D2,s4_mp_custom_sn_moscar32_scope_stand_ads_reload_end
0BD421957E6CCFCA,p7_barrel_keg_beer_metal_small_lod0
0BD425431C4CF727,s4_mp_custom_sh_lindia98_akimbo_crouch_moving_reload
0BD5BA8EF51FFFF5,j_uppercheek_a09_ri
0BD6B584C8F49EA4,p7_fir_bullet_pile_lod0
0BD726535C9D55B0,j_chalkboard_00
0BD7F13F89F5EE9B,j_rope_033_animate
0BD8AF1FC91E0193,paintjob_stickers_r8g11_7
0BD8B01FC91E0346,paintjob_stickers_r8g11_4
0BD8B11FC91E04F9,paintjob_stickers_r8g11_5
0BD8F65F92C9EF18,mp_hub_range_target_b_l0
0BD96BAD4EC529C6,sdr_com_run_pain_md_8_01
0BD9925E78A9D680,sdr_mp_strafe_walk_start_2
0BD9935E78A9D833,sdr_mp_strafe_walk_start_3
0BD9955E78A9DB99,sdr_mp_strafe_walk_start_1
0BD9965E78A9DD4C,sdr_mp_strafe_walk_start_6
0BD9975E78A9DEFF,sdr_mp_strafe_walk_start_7
0BD9985E78A9E0B2,sdr_mp_strafe_walk_start_4
0BD99C5E78A9E77E,sdr_mp_strafe_walk_start_8
0BD99D5E78A9E931,sdr_mp_strafe_walk_start_9
0BDA01B7B3FC5088,mag_dpapa27
0BDC2A3706CE900C,trans_2_ads_crouch_weapons_s4_lm_mgolf42
0BDD45373FC38103,reload_quick_empty_prone_weapons_s4_ar_asierra44
0BDE40403C4CB0B1,s4_mp_custom_ar_stango44_base_stand_trans_2_ads
0BDEA9C3F58EC435,emblems_urbancommando
0BDF6B55E4DBD753,sdr_mp_me_veh_decho_seat_1_scrub_neutral
0BDF8E04244EE032,frond_09
0BDF8F04244EE1E5,frond_08
0BDF9004244EE398,frond_07
0BDF9104244EE54B,frond_06
0BDF9204244EE6FE,frond_05
0BDF9304244EE8B1,frond_04
0BDF9404244EEA64,frond_03
0BDF9504244EEC17,frond_02
0BDF9604244EEDCA,frond_01
0BE011A446279024,tag_rotor_blade_02_spawn
0BE085F156382A98,p9_foliage_palm_areca_01_lod0
0BE0F895BC3B8738,tag_cable_11_all
0BE105311E138327,ps_mp_gesture_watch_check
0BE1A4A38A413927,s4_mp_execution_pestilence_01_attacker_prone
0BE266605F1F9C27,p9_ger_tank_table_workshop_02c_lod0
0BE4AD8E7675628D,vm_bromeo_stock_00
0BE4C7E9F2F1062B,wm_mike97_grip_sk_00_rub
0BE4E480C852F782,vm_pi_ttango33_brake_hs_102
0BE6723256BAA3E7,vzscope_strong_offset_fecho
0BE6B25F1CCFD03E,blendspace_alias_crouch_start_backward_juggernaut
0BE84FCA41C73158,adjust_nonads_prone_moving_weapons_s4_me_sledgehammer
0BE94F194F5D9D1B,gumball_event_swirl_23_jnt
0BE98E27C3A8C070,p9_ship_scaffolding_pipe_ring_lod0
0BE9B3F5CDB30D41,model_only
0BEA00599B4FF5A7,ar_mobility_bp_nature_desc
0BEA11D14DAED9D1,hm_grnd_grn_purpose_stairs_up_8x8
0BEA17A26E694145,s4_mp_addoff_sm_thotel_base_cover
0BEAAAC7A9CFE157,prone_rock
0BEB9193F59DF87D,alias_move_turn_lean_crouch
0BEE1869CE6B051F,p8_zm_lab_talisman_press_gear_01_link_jnt
0BEF3DAB77B34027,vzscope_strong_offset_hyankee44
0BF084210CFBE630,pf542_auto6
0BF111877233B1C9,weapon_raise_quick_crouch_moving_weapons_iw8_fists
0BF1C1CBD1ECBAEB,p7_cigarette_pack_01_lod0
0BF1F486772DBFDD,ATTACH_T9_CHARM_PRISON_SHIV
0BF292FFA98C20B6,zm_callingcards_zm_zombie_hunter_06_cc
0BF30B6326794D15,sdr_cqb_pstl_strafe_walk_1_alt
0BF414C2E2CAA8C4,pcube235
0BF415C2E2CAAA77,pcube234
0BF4717D01B2789D,melee_crouch_weapons_s4_sm_stango5
0BF5F62E7A7B6EED,adjust_nonads_prone_weapons_any_me
0BF5F784F3B7ABBC,tag_limb_bot_tip
0BF605353B9136E9,ps_mp_execution_padmavati_stand_whoosh_c
0BF606353B91389C,ps_mp_execution_padmavati_stand_whoosh_d
0BF6D6EADEED1979,trans_2_ads_crouch_weapons_s4_sh_lindia98
0BF6DA875755FA2A,ar_accurate_bp_dragon_desc
0BF7BA8EF53CE65B,j_uppercheek_a09_le
0BF8270470B19B1B,emblems_zmbiplane_animated
0BF82EF714F358F7,reargrip_leather_marksman_mg_tyankee11
0BF8D62E7A7D6E64,adjust_nonads_prone_weapons_any_la
0BFA0B37A1FC1C5A,s4_mp_facial_arthur_pain_laststand_1
0BFA9D31622F46D8,p9_mal_cookie_jar_lid_01_lod0
0BFB2BA1B8F9066A,p7_clothes_hanging_01_dress_lod0
0BFC1E4AF41C4BEC,s4_mp_addoff_sm_ppapa41_base_blindfire
0BFC459BA05CF407,tag_ramp_piston_upper_left_target
0BFC69D576E82B17,tail_4_jnt_animate
0BFD8F9897BD8CE7,reargrip_taped_sm_stango5
0BFDE7B04F590126,snprscope_strong_jpn_offset_voscar
0BFE884C5E6C77E2,chrome_railing_end_left
0C00A6542EA37842,tag_carry_handle_animate
0C00D4E60089234B,sdr_mp_strafe_crouch_fast_8_to_prone_fast_8_trans_akimbo
0C010FD3ABB0CDE1,motorcycle_face270_back
0C01C83A5EDC271C,s4_mp_custom_ar_bromeo35_extmag_stand_ads_reload
0C02EF143ECFB939,dial_lod0
0C039AC0B2B7751A,paintjob_prestige_t8_wz_04_large
0C03D5D34FEFE634,s4_camo_06b_zm
0C0428B53FE6D154,cal_md_762x39mm_ppapa41_up1
0C051B580B2D2C34,foregrip_handstop_malpha7
0C0547157E2049AB,emblems_diversetoolset
0C068825D76412B3,s4_mp_addoff_lm_tyankee11_base_crouch_ads
0C069D1839001D4D,dyn_frag
0C07EBB75537ADBF,s4_mp_addoff_la_walpha2_base_stand_ads
0C08F8660979A172,p7_slu_plank_wood_scaffold_04_lod0
0C0A3C1AB866977A,fire_stand_nonads_weapons_iw8_rocketlauncher
0C0ACD37A8B9F7BB,zbr_cab_lrg_curtain_03
0C0B0896CEC60B92,p7_zm_asc_box_electrical_06_lod0
0C0B55926A0B53BC,dyn_strap_leg_01_ri
0C0C17B4912A48AF,vm_balpha_grip_tape_sp_00_lea
0C0C912B1C920B23,tag_leg1
0C0C922B1C920CD6,tag_leg2
0C0C932B1C920E89,tag_leg3
0C0CBBA40B8C8A77,reb_stl_patrol_door_open_1@2
0C0D8631BC209F50,callingcards_baker_s6
0C0D8931BC20A469,callingcards_baker_s5
0C0EDAC27416203B,weapon_lower_freefall_weapons_s4_me_katana
0C0F46BE0DD51BDE,ach_wood_beam_dmg_07_lod0
0C0FFB9A135B0763,p9_ship_barrel_drum_metal_steel_lid_01_lod0
0C10D50211E9B0B3,vm_ppapa41_grip_hv_00_stp
0C112B733BE17BEB,pc_raisestance
0C119BB488E7590B,comp_large_malpha7
0C11CB04347CA508,lethal_changed
0C122D926A112E72,dyn_strap_leg_01_le
0C12BA848129C290,p8_wz_skt_skateboard_shorty_01_trucks_lod0
0C1420C099AA5216,gadget_jammer_scoreevents
0C165A210E341674,j_middle_toe_end_le
0C167D745AA99230,emblem_marquee_03
0C1681745AA998FC,emblem_marquee_07
0C1682745AA99AAF,emblem_marquee_06
0C169702346C102E,tag_driveshaft_aim
0C1714C778D92060,iw8_acc_attach_face_digital_h_1_big
0C17EC3D720196A0,tag_eyeglow_left
0C19B74B9B4783DF,fmags_gecho43
0C1A23C84ED43B97,p7_zm_sha_statue_framed_statue_top_lod0
0C1B6D72A00BEBD5,p8_wood_log_rotten_01_lod0
0C1B90AE56065624,pf10157_auto65
0C1BBBE00881D5D5,j_paper_02_3_le
0C1D4545C5B570C3,s4_mp_custom_sh_becho20_fmag_stand_reload_empty
0C1E6FF4F7580EAB,emblem_song_s6
0C1F63F1BDE8949A,p9_sm_gam_signage_pick10_0_lod0
0C1F8558772599B4,ps_c12_targeting_hud_close
0C20BEB8D72E49A8,p9_zm_satellite_intel_documents_inspect_photo_01_lod0
0C2299E72035689B,building_support_wood_beam_06_re_size_01_thd
0C229EED2852B06C,p9_rus_concrete_bench_01_lod0
0C2300C9A130B518,return_throw
0C235F6EB4E17DDE,char_preview_detail
0C23A2DCB9BF34FF,sdr_com_exposed_stand_fullpain01_torso_upper_md_r
0C23AEDCB9BF4963,sdr_com_exposed_stand_fullpain01_torso_upper_md_f
0C23B2DCB9BF502F,sdr_com_exposed_stand_fullpain01_torso_upper_md_b
0C23CF707B3BE544,inspect_prone_ultra_weapons_s4_sm_stango5
0C24E220185A0075,komodo_j_eye_le
0C25983EEB9469D6,zm_elo3_reticle_14_r
0C25FE541FD23E91,bipod_s4_tyankee11
0C2609495E309E3D,tag_fx_reverse_light_right
0C27A2A2DC4F5CCD,tag_throat_fx
0C28B80DEC78CE88,p8_foliage_flower_rosin_weed_sml_lod0_03
0C28B90DEC78D03B,p8_foliage_flower_rosin_weed_sml_lod0_02
0C28BA0DEC78D1EE,p8_foliage_flower_rosin_weed_sml_lod0_01
0C28BC0DEC78D554,p8_foliage_flower_rosin_weed_sml_lod0_07
0C28BD0DEC78D707,p8_foliage_flower_rosin_weed_sml_lod0_06
0C28BE0DEC78D8BA,p8_foliage_flower_rosin_weed_sml_lod0_05
0C28BF0DEC78DA6D,p8_foliage_flower_rosin_weed_sml_lod0_04
0C29040A4E8CBD75,reload_empty_ads_weapons_s4_ar_hyankee44
0C2941F66B0E8B7C,ps_weap_suitcase_bomb_button_3_npc
0C2A0B2BEA91EF98,tag_ground_contact_right_rear
0C2A8C1649CCF2FF,p9_sr_evidence_armada_fracture_jaw_note_01a
0C2ABB59B6FBF923,j_cap1_end
0C2B8BD743A30C41,bs_laststand
0C2CF02F46F35F46,p9_zm_nt_intel_documents_harmony_lod0
0C2F3C6A5B1FBB6D,tag_cheekpad_attach
0C2F86B583739F07,blendmap_mask_20_2
0C2FD22DF46DF747,sdr_com_cover_left_crouch_fullexp_to_hide
0C2FD384FB4DEA36,p8_usa_submarine_interior_consoles_details_handle_lod0
0C3072C953485C5B,dyn_shoulderpad_r_01
0C32312FAC465367,pf6550_auto6
0C32F423E423ED4A,p8_zm_off_desk_wires_large_lod0
0C33CF9E388D5157,p6_tak_handrail_64_end_lod0
0C35D443AA2AA28E,slopes_exposed
0C37608C2A09B140,ar_damage_bp_strace_desc
0C38128D25A78574,zm_reddot_reticle_6_r
0C3817FC8D63F3C1,p8_geo_ice_wall_02_lod0
0C3A74D993BCE999,callingcards_zombie_s6_animated
0C3AB1C38036AFE7,p9_nic_river_edge_lrg_02_lod0
0C3BBC52F1B48C69,bar_xl_heavy_moscar
0C3BF2FFF1D9FE0E,sniper_powersemi_bp_frostbite_desc
0C3D01B94C883292,ar_mercenary_bp_codemam_ms_desc
0C3EE41898B25121,uin_ss_menu_enter
0C41E82887853ED2,callingcards_t7_prestige_minotuar
0C41E947CEBC8731,mg_shoot_suppress
0C4421DF3201923F,ik_out_end_right_hand
0C4597DA481F8B1C,p9_zm_gold_ground_tile_01_lod0
0C4630AFEE585051,p9_nic_corrugate_panel_gate_lod0
0C464303A9A68696,c_t9_lao_pl_serpent_crimson_code_desc
0C464AC946A3B53F,sdr_com_cover_crouch_left_pstl_to_cover_crouch_right
0C466D29B6B98226,p7_rope_pile
0C46B6C730CA4F9B,wm_balpha_stock_hv_105
0C46B7C730CA514E,wm_balpha_stock_hv_106
0C46BAC730CA5667,wm_balpha_stock_hv_101
0C46FF134C074C68,weap_golf21_fast_end_plr
0C476E1B25CBAC3B,reargrip_grooved_weighted_ar_chotel41
0C47E2A3ABCD296F,reargrip_hatched_reinforced_sh_becho
0C4949CC48756111,tag_cover_plate_handle_animated
0C497DCDCFEA7E1E,lft_tent03_02_jnt
0C4A548C418BFC92,weapon_reticle_color
0C4C3C64D37FBB40,wm_bromeo35_grip_mk_00_lea
0C4D1451DF3C91F2,geo_frag_002
0C4DB369E7A19AEC,cover_left_crouch_stand
0C4E81FEF70B8FA8,tag_missile_attach
0C4ED62FA79E8C49,trans_2_ads_crouch_weapons_s4_sn_svictor40
0C4F0CCB4831F6CA,p9_usa_sharkjumper_wall_corner_front_01_lod0
0C4F566CADE98840,reargrip_bakelite_removed_sh_bromeo5
0C50A214E614B393,t9_charm_b03_marshal
0C51144076DBBB2C,operator_bundle_6007_em2_sultan_wrath
0C51DBA7A1F9C21F,part1
0C51DCA7A1F9C3D2,part2
0C51EF94F22E3E59,s4_jpn_gav_barrier_wood_128x34_01_debris_1
0C52A3D35606E48A,p7_gas_mask_can_lod0
0C531574DA8F9388,t9_charm_pwatch
0C552103956B615C,sdr_mp_veh_tromeo_seat_0_death_8
0C552503956B6828,sdr_mp_veh_tromeo_seat_0_death_4
0C552703956B6B8E,sdr_mp_veh_tromeo_seat_0_death_6
0C558A43721A3845,physicscontents_missileclip
0C56B9A506F7E9DD,p7_zm_ctl_candle_holder_vintage_sml_lod0
0C57A963E9719151,grenade_rechamber_breakout
0C57F0E94C9DCBB8,t9_charm_bullet_556
0C58435F69C41221,pcylinder165
0C589BE008B54D93,j_paper_02_3_ri
0C58E4809598FA76,scriptable_s4_ger_potted_plant_small_01_full
0C595474C3E89F94,reargrip_stippled_marksman_light_sh_lindia98
0C59B68800B728D9,vm_mike97_grip_ta_00_stp
0C5A9AAFEB115274,show offhand
0C5ACC1898A61B54,gunfight_3v3
0C5B4B7DEC664FCE,vm_aromeo38_ar_gen_fg_rdy_102
0C5B5B4EC9848B93,weapon_up_backward_akimbo
0C5CC707B24BDA75,emblems_stonezombie_s5
0C5D4930878E03FE,alias_laststand_to_prone_launcher
0C5D50E43A912596,tag_licenseplate_d0
0C5F7F33810FF049,weapon_up_left
0C5FA159AD1A5998,stand_run_loop
0C5FA61B6D5D91C1,s4_mp_veh_motorcycle_seat_1_melee_enter_right
0C6199F2AFCF81F2,j_boltpull
0C61C220188D7833,komodo_j_eye_ri
0C621C2726831072,reargrip_leather_pi_wecho
0C6295E9FB8D2E3A,wm_stango5_grip_hv_00_stp
0C631EF7C9485528,friendly_fire_type
0C634D6906563A18,forward_crouch_to_sprint
0C636A3D2DC692E0,veh_t9_mil_ru_truck_transport_player_assembly_mpx_cosplay
0C6406CD9DF470D4,snprscope_strong_ger_voscar
0C65161B90DAA799,strapp_top_r_03_jnt
0C65A99345E7BE84,farmtools_saw_01
0C66B97BAC66638E,fire_prone_ads_weapons_s4_sn_malpha1916
0C671D80D5BC7607,sdr_mp_addoff_cowboy_overlay_prone
0C6747346A4C5BD6,p9_usa_ticonderoga_bridge_console_02_screen_e_lod0
0C694C2354A62ED6,p7_wood_plank_rustic01_2x12x96_lod0
0C69FC37D75A7054,wm_malpha96_griptape_00_htc
0C6C18574451AC0C,vm_bromeo5_grip_00_bkl
0C6CB8DC98AF24B0,callingcards_merchant_matrine_960
0C6CD5BE8ECECEA9,j_shoulder_le_parrot
0C6D0B2260E44E25,loot_ui_icon_jumppacks_parachute_default
0C6D2B7620AFD5B5,ATTACH_T9_CHARM_RED_ENVELOPE_DESC
0C6D392912A0E947,tag_wheel_mid_right
0C6DB296E3F928DB,vm_voscar_grip_00_tap
0C6E373B3D72FA75,p8_usa_ice_waterfall_stalactite_01_lod0
0C6ECC34ECD76B07,foot_kicks_water_left
0C6F085523C24DA6,umbrella_base_003_jnt
0C6F3A210E8008EA,j_middle_toe_end_ri
0C6F45C6CE58DFF6,p9_zm_tungsten_blinds_wood_01_full_lod0
0C7087943E938428,loot_ges_mtx_t9_bubble_gum
0C710C243BD4A1CF,reargrip_fabric_heavy_mr_aromeo99
0C72BA8B36085872,adjust_ads_prone_weapons_iw8_ar_mike4
0C72C3E397EAD0A9,tag_top_left_cover_animate
0C741E40F653CF96,s4_fra_wood_timbered_framing_64_02
0C748C6CD586EC4F,p8_zm_zod_food_label_vodka_lod0
0C75B9041EDFA77B,s4_mp_fingers_sm_tyankee100_gripstock_r
0C780D81F9E17B6E,friendlychoppergunner
0C78EE85450B16EF,p7_jun_rock_wallrun_lrg_half_b_lod0
0C7913B4021EFA4B,mp_av_vm_accessory_watch_joel_band_female_tr_vm_accessory_watch_joel_band_female2013d5a6d3v010402bb2d0
0C7AA19071CD2B7D,fast_vault_over_md
0C7AAB444EC37851,s4_mp_custom_sm_thotel_base_prone_trans_2_nonads
0C7DC37D9F006AEC,callingcards_t7_prestige_cyclops_desc
0C7EB2CCD02E3260,j_suppressor_flag_0
0C7EB3CCD02E3413,j_suppressor_flag_1
0C7EB4CCD02E35C6,j_suppressor_flag_2
0C7EB5CCD02E3779,j_suppressor_flag_3
0C7F07537B79F547,dof_2.8_29_010_010
0C7F13AF16D7A4A1,reargrip_granular_padded_mr_gecho43
0C8047CF51202B9F,tag_door_cargo_left_null
0C807E710D685224,ps_mp_execution_isabella_01a_attack3
0C807F710D6853D7,ps_mp_execution_isabella_01a_attack2
0C8080710D68558A,ps_mp_execution_isabella_01a_attack1
0C814183D7A4330C,flap_back
0C81653B792E5C48,amb_leaves_falling
0C82417ED6F4DA1D,p8_kit_col_med_03_awning_01_basic_blue_metal_128_01_lod0
0C824FFAE6F387D8,right9jog
0C840F7C834285A6,7sprint
0C84F2560EF335D9,reload_quick_ads_weapons_s4_ar_promeo45
0C858D93E9F4ACEB,sdr_mp_ges_stim_prone
0C86E4D8AD619432,fire_crouch_ads_weapons_s4_sh_mike97
0C86F040605EB3BB,dof_6_24_1.2_200
0C87379C8933EFC7,wm_bromeo5_barrel_00
0C875A0BAE21F0B8,ps_wpn_stango44_plr_reload_magin_tac_01
0C875B9BD2CE04B3,snprscope_light_jpn_offset_voscar
0C8ACF4AF66C8962,sdr_mp_strafe_shuffle_jump_takeoff_7_jugg
0C8AF3A8BF87F960,sdr_mp_pain_stand_torso_fr_left_02
0C8AF6A8BF87FE79,sdr_mp_pain_stand_torso_fr_left_01
0C8B10EF74C9478F,foregrip_vert_bromeo5
0C8C44DD89474E6B,tag_prop_back_left
0C8D5B5D6AB905D5,mp_stand_custom_fire_lm_kilo121_weapon
0C8FB582F92B7068,s4_mp_custom_sn_aromeo38_gl_stand_in
0C91F99A3DCAC3ED,tag_flat_tire_back_right
0C924AFA01926561,paintjob_stickers_cdl_teamsticker_sea_1_ms_base
0C931C82C5CA4FF0,headlook
0C932006D4BDA396,tag_probe_attach
0C94176BF895A65B,veh_t9_mil_ru_tank_t72_mpx_lsa_pc_desc
0C948FA27A6AA688,p7_sgen_wall_divider_medical_light_lod0
0C9596AEB29BF6AA,wm_stango44_mini_104
0C96D9E5812DEF0A,p7_camp_fire_pit_grill_01_lod0
0C9728CD450B5ED8,sdr_mp_execution_074_attacker_prone
0C97B5CCB655949D,s4_mp_fingers_sn_aromeo_gripstock_r
0C98D2A81BD358DA,TR_DAMAGESEMI_BP_BWIDOW_DESCRIPTION
0C98EB449DAC7EA7,boastEnabled
0C99BB9AA5E23A2B,rt_vine_clump2_01_jnt
0C9A13C8E25EDE68,j_weapon_3
0C9A14C8E25EE01B,j_weapon_2
0C9A15C8E25EE1CE,j_weapon_1
0C9A1AC8E25EEA4D,j_weapon_4
0C9B0432F85280CB,roundSwitch
0C9D0115A0AE3FA3,tag_hinge_animate
0C9EDF82D2F565E9,rope_01_04_jnt
0CA01D029C11DC3D,ps_wpn_malpha96_plr_reload_magout_empty_akimbo_r
0CA01F029C11DFA3,ps_wpn_malpha96_plr_reload_magout_empty_akimbo_l
0CA0DA05E96EAA16,cal_xs_stealth_22lr_ttango33_down1_noimp_pack_zm
0CA15CB684D7EC06,p9_rm_zoo_aviary_gate_dome_sphere_lod0
0CA16EB08CE75E19,rec_mpapa40
0CA2713F13452453,ranks_prestige_20_large
0CA4CBC7FC9ED067,smg_handling_bp_schwagger_desc
0CA5A51B383761B9,j_hose_07_animate
0CA7AAD6BC8C154D,s4_mp_addoff_ar_kgamma40_base_stand_nonads
0CA84A9515DFF796,umbrella_base_133_jnt
0CA8629B51E6A769,s4_mp_custom_sh_becho20_base_stand_ads_reload_start
0CA881B91CEEB6C1,vm_becho20_barrel_l_00
0CAAB49071F66F88,fast_vault_over_sm
0CAAEFF7E50F7892,trans_2_nonads_stand_weapons_iw8_riotshield
0CAB2A9B10D9A259,reargrip_granular_removed_sm_guniform45
0CAB8F5C2BDDEFBB,reargrip_hatched_support_sh_bromeo5
0CAC0748781AA53D,SMG_CAPACITY_BP_MONTE_DESCRIPTION
0CAE3E0ECAE1E8A3,iw8_acc_attach_watch_analog_1_band_female
0CAF43EA9FF22550,first_impact
0CAF6F34E54B8C44,BUNDLE_5051_TITLE
0CAFDD592995D3D9,tag_control
0CB045AA74132705,ar_fastfire_bp_ultrafunk_desc
0CB0D41BE3D23239,melee_stand_weapons_s4_sn_moscar32
0CB13C0BA75BD0E1,mag_thotel_zm
0CB1534522369D5E,s4_acc_attach_face_52_large
0CB1E44193F29A17,ar_mercenary_bp_armored_desc
0CB31B26BB4FCF0E,s4_zm_jpn_lamp_post_wood_wall
0CB4E815B9989830,weapon_raise_crouch_moving_weapons_iw8_lm_dblmg
0CB4ECA81553846E,BUNDLE_3028_TITLE
0CB545D2A723EEE3,p9_sr_dark_room_photo_line_post_td_01
0CB5710A69102F7D,tag_javelin_hatch_left1
0CB57CE3129647B8,newspaper2_22_jnt
0CB72D5261DB54F0,willy_pete_customsettings
0CB74140919D6DE1,zm_callingcards_zm_zombie_firebase_z_all_control_points_01_cc_desc
0CB93CC75B4F4F7F,magnet
0CB949E8052AD1CF,FUEGO_ANIMATED
0CB9D09DE695A603,c_t9_gen_pl_starter1_hunter_dash_desc
0CB9DC0826815AB8,vm_wristwear_small_51_band
0CBAADFCF4E946F9,p8_cas_towel_kitchen_draped_lrg_lod0
0CBB123FF954EF7F,t9_charm_dumpfire_desc
0CBC0DF26174747A,sdr_com_cover_stand_death01_torso_lg_4
0CBD0938E5C4D1DC,j_radio_back1
0CBE2A29CA73A24A,guns_tag_p9_core_cabinet_floor_01_drawer_01_0
0CBE6675BAF57CF3,sdr_com_cover_crouch_lean_aim_8
0CBE7075BAF58DF1,sdr_com_cover_crouch_lean_aim_2
0CBE7275BAF59157,sdr_com_cover_crouch_lean_aim_4
0CBE7475BAF594BD,sdr_com_cover_crouch_lean_aim_6
0CBED2ECDD9761F1,callingcards_psychadelichippie_90
0CBF27A1FCF7AA33,s4_inner_destructible_wall_120x120_bottom_mp_part1
0CBF28A1FCF7ABE6,s4_inner_destructible_wall_120x120_bottom_mp_part2
0CBF29A1FCF7AD99,s4_inner_destructible_wall_120x120_bottom_mp_part3
0CBF2AA1FCF7AF4C,s4_inner_destructible_wall_120x120_bottom_mp_part4
0CBFF121EB9023E4,masking_tape_tan_1_lod0
0CC0715E9C57831C,zm_pack_moscar
0CC18CB5448A5379,sdr_mp_execution_051_attacker_laststand
0CC214CC95B54206,p7_mou_cabinet_filing_paper_01_lod0
0CC3836EBFAE0EE8,vm_voscar_fg_00
0CC396FE7760907D,recoil_booster_malpha1916
0CC4298ACBD2F8AA,p9_dun_acacia_ground_leaves_03_lod0
0CC51B31A1EE8CFE,s4_acc_attach_watch_band_75_thieves_small_sony
0CC6BA1DFDCB120E,ps_wpn_aromeo99_plr_reload_clipin_tac4
0CC6BC1DFDCB1574,ps_wpn_aromeo99_plr_reload_clipin_tac2
0CC6BD1DFDCB1727,ps_wpn_aromeo99_plr_reload_clipin_tac3
0CC6BF1DFDCB1A8D,ps_wpn_aromeo99_plr_reload_clipin_tac1
0CC6FC07CBB5586E,facial_override
0CC71C8F84AD352C,wm_walpha2_00_comp
0CC74C2FFE4FBE97,j_dog_tag
0CC9A530793DF793,reload_quick_ads_weapons_s4_pi_ttango33
0CC9E398FC99F1EA,umbrella_top_078_jnt
0CCAC61568E362D9,sdr_mp_mantle_over_weapon_up_close_high_b_akimbo
0CCBBB3908F47D4E,inspect_prone_ultra_weapons_s4_sm_mpapa40
0CCBF087C6EB363B,warp_down_start
0CCC16762FF732BF,mp_stand_custom_reload_ar_akilo74_gl
0CCC6732168F117E,p9_usa_signage_hotel_neon_sundowner_color_02_lod0
0CCD25C4B41BB76D,p7_farm_tools_saw_crosscut_02_lod0
0CCDAA03101B49D3,pc_voice_chat_output_volume
0CCE928FC15D2233,p9_heart_name_true_love
0CD02C762271B4BD,p7_coffee_table_round_wood_01_lod0
0CD05348164AD1C9,p7_zm_sha_cement_mixer_pulley_sml_lod0
0CD5B1A35B2924C0,hm_grnd_red_exposed_extend_pain_gut_ar
0CD5C17A8293D5B8,veh_t9_mil_boat_jetski_mpx_retro_desc
0CD5C6D366D7ECBC,p9_zm_miami_intel_documents_inspect_jerry_lod0
0CD7426016495BB3,p8_spa_tarp_04_lod0
0CD9134C8E1EB2B1,sdr_mp_me_veh_hindia_seat_5_getin
0CDA3173F2BE79E1,ps_wpn_kgolf40_plr_reload_fpo
0CDA4EB38A3AD070,grave_lid_chunk_80_jnt
0CDB89B203AF5140,gumball_rounds_base_10_jnt
0CDBCFC488062442,capture_time_koth
0CDC60015E94E102,veh_t9_mil_ru_truck_light_assembly_mpx_goth_desc
0CDCCD5DBDA44FE6,sdr_com_traverse_walk_vault_over_sm_90r
0CDCE75DBDA47C14,sdr_com_traverse_walk_vault_over_sm_90l
0CDE87A9A35BA765,handle_l_01_jnt
0CE0DC00E1565CFB,shatter_02_lod0
0CE38A4260F60897,p8_zm_man_door_room_handle_01_rt_lod0
0CE3A4D049A6E071,p7_slu_fuse_box_electric_wire_01_lod0
0CE3F4CF1AA2433E,s4_zm_rus_wood_splinters_01
0CE3F6884B6D367E,p8_col_vista_foliage_jungle_bush_sml_lod0
0CE486FF40D61113,reargrip_stippled_weighted_mr_moscar
0CE568A241795C8C,sc_parachuting_legs
0CE5D0BBCC727DCA,charroom_char_worldmap
0CE640081475F075,bar_lg_marks_kgolf40
0CE66E1FBB73CC23,base_aut_luggage_cart_01_wheel_lod0
0CE7F828D9D55E49,smooth_time
0CE8DEEF365CDC53,exposed_stand_to_crouch
0CE975CE96DC7CC2,ger_crate_ammo_44u_a_01
0CEE1075754D135D,mp_league_05_02_large
0CEE81FFC802903A,wm_tyankee11_grip_sk_00_bkl
0CEF207E624F6853,adjust_mount_left_weapons_s4_sm_wecho43
0CF0DE846BBFAE3F,j_towel_mid1
0CF18DCFD61E9664,vehicle_idle_combat_shoot_lmg
0CF27612A2E29E92,cover_right_a_to_b
0CF2C0E327B131AB,sdr_mp_offhand_eq_briefcase_bomb_defuse_raise_prone
0CF3FA680EECF839,reflex_nydar_00_forward_stango5
0CF49B98384A0040,operator_bundle_4049_stone_heat_map
0CF5AA051274E229,default_bayonet
0CF66E58094038CA,ps_mp_execution_generic_lights_grab_01
0CF72F0308100B0A,p7_slu_light_sconce_01_lod0
0CF99BBD9A3ECBB9,fx_s3_fog
0CF9B6996554FEAF,pom_polina_01
0CF9B79965550062,pom_polina_02
0CFAD945E3A297FA,p7_cai_lantern_chain_8_lod0
0CFB33601B140ED2,s4_mp_custom_sn_kalpha98_base_prone_reload_empty
0CFE08A9F0244DD9,floor_wood_splintered_end_stack_03_burned_auto1_auto2_auto3_auto410v40bf800000
0CFE0F1B8DE89C98,me_hardware_plywood_bare_a_seg_02_lod010v011bf800000
0CFE5AB46B82B6AC,vm_balpha_grip_tape_rs_00_rub
0CFF5FA0A7446CEE,lft_vine_clump3_10_jnt
0D004D9DDEE5D31C,wm_dpapa28_vert_102
0D018EC7731DB918,shoot_additives_lmg_prone
0D021212906514D8,sdr_mp_pain_sub_stand_torso_bk_left_02
0D021512906519F1,sdr_mp_pain_sub_stand_torso_bk_left_01
0D0380CABC778D04,s4_mp_custom_sn_aromeo38_base_prone_trans_2_nonads
0D04B980AD09C2D2,p7_slu_toilet_bathroom_lod0
0D06D0B364F52799,end_knockdown
0D06E6CC1D50542F,p8_zm_esc_poster_sporkcalibur_ripped_piece
0D06F76F79B1C4C3,snprscope_medium_ger_bromeopg
0D0AA36D6DCC8524,gesture_killstreak_radio_juggernaut
0D0ABDA40713641C,pom_generic_nunchucks_01
0D0B2517ED715E58,pf6592_auto65
0D0BDFADCFD5D1D9,paintjob_stickers_s3_rokkr_majormaniak_base_pc
0D0C1B4614781C89,sdr_com_exposed_crouch_fullpain01_rleg_md_l
0D0C2146147826BB,sdr_com_exposed_crouch_fullpain01_rleg_md_f
0D0C254614782D87,sdr_com_exposed_crouch_fullpain01_rleg_md_b
0D0CE59A61619EE8,loot_smg_fastfire_bp_gknight
0D0D0E78D868FE31,s4_fra_statue_exterior_04_left
0D0E7CD61089A749,j_gloves_belt_le_driver
0D0FC667B4E2F784,p7_inf_rock_boulder_small_01_lod0
0D0FC967B4E2FC9D,p7_inf_rock_boulder_small_01_lod3
0D10DA849EAC5D59,gumball_event_shiny_07_jnt
0D11AE7531709A44,wm_stango44_stock_107
0D11BD91E699658D,ps_wpn_voscar_plr_fireselect_off
0D121FE2DB2F71DD,weapon_raise_freefall_weapons_s4_ar_stango44
0D12D3E3D8968099,j_pistol1_parent
0D14957735D67AAE,ropedrop_bone_10_jnt
0D149E6C59928460,aimset_cornerstndr_lean
0D15F5ADCFDE4BC0,paintjob_stickers_s3_rokkr_majormaniak_base_sy
0D1620D0DFE90B24,teeth_lower_down
0D16F14ED7FE5D70,s4_mp_custom_eq_trophy_crouch_moving_prepare
0D17E73668CE3AC5,medal_top_scorer
0D192143F29A2F22,p8_wz_rock_pile_small_cluster_02_lod0
0D19BD5A0974C514,reargrip_stippled_folding_ar_chotel41
0D1A455933BEEE48,tr_fastburst_bp_controller
0D1A499685F9F9A1,reload_prone_weapons_s4_ar_chotel
0D1BB2305372268D,tag_btm
0D1CA3B3527DB378,reflex_lens_01_forward_aromeo99
0D1CE6054DBE4D55,reargrip_hatched_short_sm_stango5_v205
0D1D849A24E47D94,p7_substation_power_pole_lod0
0D1DC4166F88D741,blueprint_bundle_3042_stone_bomber
0D1DD7AFEEA61AE3,zombie_juggernaut_strafe_reverse
0D1EA5E66B8EC84E,wm_stango5_receiver_101
0D1F2ED08EB5D693,adjust_nonads_crouch_moving_weapons_s4_pi_wecho
0D217877BE4EC07F,tkn_nail_01
0D221CDA5C4993E0,j_slingloop_02
0D221FDA5C4998F9,j_slingloop_01
0D23D4CAAB8B5895,sdr_mp_strafe_trans_shuffle8_shuffle2
0D25D9070B06F929,j_flesh_arm_le_1_1
0D26298F1423F99A,reargrip_stippled_marksman_mr_gecho43
0D2739F7A7427D19,reargrip_hatched_ar_promeo45
0D2774CAD8E51938,sdr_mp_addoff_crouch_pi_golf21_nonads_noright
0D27AB7B339782BA,p9_rus_vista_buildings_misc_01_lod0
0D2A40994D4B91F0,s4_mp_custom_sm_ppapa41_base_stand_reload
0D2B08440FDD5D63,tag_clip_lightning
0D2B60F755277C97,wm_optic_acog_00_m1golf_001_ms
0D2CE96191F778C4,s4_zm_rus_barrel_oil_01_dust
0D2DDD9C55E46502,p9_rus_navy_helmet_01_lod0
0D2E2FA9088E0D02,glob_stage_04_to_06_a_spin_jnt
0D2F71D35570E235,p7_vent_wall_metal_01_lod0
0D301BE01501BE6E,callingcards_t8_zm_strategist_09_desc
0D30AB80E894D511,sdr_mp_addoff_slide_lm_kilo121_nonads
0D310F5E06B9E182,iw8_ar_kilo433_launcher
0D318920BF49AAD0,callingcards_lackingdiscipline_desc
0D3227C0C9857ED0,sdr_mp_strafe_jog_stop_r_8
0D3228C0C9858083,sdr_mp_strafe_jog_stop_r_9
0D3230C0C9858E1B,sdr_mp_strafe_jog_stop_r_1
0D3231C0C9858FCE,sdr_mp_strafe_jog_stop_r_2
0D3232C0C9859181,sdr_mp_strafe_jog_stop_r_3
0D3233C0C9859334,sdr_mp_strafe_jog_stop_r_4
0D3235C0C985969A,sdr_mp_strafe_jog_stop_r_6
0D3236C0C985984D,sdr_mp_strafe_jog_stop_r_7
0D3239BB15CB10CC,j_knife_rear_tassle1
0D323CBB15CB15E5,j_knife_rear_tassle2
0D37970B995613B8,enemyrcbomb
0D397667C4ACF792,s4_zm_bush_forsythia_02_lod3_auto410v40bf800000
0D3B5C99DF3DD9C6,zm_callingcards_diamond_assault_rifles_zm_cc_desc
0D3C9945CFDBDA2B,cine_terminal_herosoldier_s030_face
0D3D31FDC533C8C9,mouth_raise_right_cor
0D3E1E8BEB6D3C9D,j_belt_leg_le_driver
0D3E1FF51B054058,lft_vine_clump4_04_jnt
0D3E7BE2FCA5AD79,scrap_10_jnt
0D41A45DAA3E6AC5,p9_mal_clothes_sock_classic_rolled
0D42BFC537934D2F,lft_vine_clump4_05_jnt
0D447F54901C2916,MARQUEE_06
0D452793F66C1448,window_03_shard_19_jnt
0D45441E63264282,sdr_mp_exposed_crouch_death01_leg_right
0D46528919941804,prone_iw8_pi_golf21
0D46C77BE346191F,s4_rus_po_desk_01_dst
0D4710C0A41B6F6D,tag_glass_right_back
0D480654901F4452,MARQUEE_11
0D4867F65C4490BE,s4_sdr_com_exposed_stand_gun_down_casual
0D4A78950CC06082,reargrip_taped_heavy_mr_moscar
0D4D958F4D60C58F,emblems_bps4_vargas
0D4DB001903A81F8,p7_zm_asc_switch_electric_08_lod0
0D4DB9D178051915,sdr_com_cover_left_crouch_hide_to_fullexp
0D4DDF9423FD3C7C,hour_hand_bone
0D4E295BE8D1EDB3,polysurface2881
0D4EF361BEB03220,aim_mobile_turret
0D4F3A689E04CC69,weapon_first_raise_stand_weapons_s4_sn_moscar32
0D4F76B1A1BB9D0B,j_upper_tent_13_le
0D4FAAA6CB8F5F7F,wm_gecho43_mag_104
0D4FEF9B5D8E77FB,t9_charm_pyramid_eye
0D5048E6C4216C5E,mp_stand_gun_hit_01_lm_dblmg_juggernaut
0D5131368E9F7C4F,tag_bullet_deplete_swap_02_animate
0D5189011C33DAF5,reargrip_granular_pi_mike1911
0D5251713FCE1E6D,paintjob_prestige_iw3_6_large
0D532D121D3B937B,sdr_mp_strafe_walk_start_7_alt
0D54FF2A1181CCC5,centrifuge_arm_green_jnt
0D5581BA0A3C2F3D,blg_debris_dirt_clumps_01_lod0
0D559430F060A497,callingcards_road_trip_s6
0D55F7F23C44B167,sdr_mp_ges_light_cough_stand_riotshield
0D56C71B89C5E31D,s4_mp_execution_generic_tiger_01_attacker_stand_thumbnail
0D56D92C0EE581B7,fire_crouch_ads_moving_weapons_s4_lm_malpha7
0D56F9DC4B9FA6F4,melee_stand_weapons_s4_sm_aromeo43
0D5812DBD2A7FCF2,sdr_mp_aims_sh_circle_90_ads@1
0D5860F7554E6A82,wm_optic_acog_00_m1golf_001_pc
0D58FEF49556059A,right_leg
0D5A3D09949BC6E7,sdr_mp_pain_prone_head_le_01
0D5A3E09949BC89A,sdr_mp_pain_prone_head_le_02
0D5C3EC80E54D60C,centrifuge_fluid
0D5D393002377BB9,wm_bromeo35_stock_ta_102
0D5D495801598DE4,veh_t9_mil_boat_jetski_mpx_m80s_desc
0D5DD86C564C5869,umbrella_base_006_jnt
0D5E2FD5915AEDAF,pc_vehicle_camera_sensitivity_multiplier
0D5FBCE25C2C6586,ger_sfh18_ammo_crate_dirty_01_lod0
0D606DF0F8716A8A,10.0
0D614CEE6AE32A1D,melee_stand_weapons_iw8_gunless
0D62FA1190A51B7C,s4_mp_custom_ar_stango44_base_stand_reload
0D63B913FE6BB47A,s4_rus_sconce_light_01
0D64401756B722C8,melee_prone_weapons_s4_me_huggernaut
0D64E0EC16700131,gunbarrel
0D67EBFFF2CFD25D,pain_burning_exposed_crouch_right_arm
0D67F705518AA83E,sdr_mp_addoff_laststand_air_pi_golf21_ads
0D688BFE84FC241B,mtl_s4_camo_cdl_optic_sony
0D68FB2DC92BCD9C,start_forward_crouch
0D69983053B41BB0,tag_bow
0D69E906D26C97C3,ps_cp_generic_pickup_stash_small
0D6ABEE969DE1119,p8_spa_flyer_paper_02_lod0
0D6CD0A2406DD0B3,pain_cover_left_stand_anim_to_cover_left_stand
0D6CFE3C0D283272,p8_kit_col_med_03_roof_trim_01_corner_inside_light_concrete_32_01_lod0
0D6D69F28EF2F7A5,tag_bipod_left_down_animate
0D6DF7ADD028C4FC,paintjob_stickers_s3_rokkr_majormaniak_base_ms
0D6E6F9BF004221B,death_onfire
0D6E73D65582456F,ps_mp_execution_solange_prone_stab
0D6F45E52BA5C7E0,fatality_roland_01
0D6F48E52BA5CCF9,fatality_roland_02
0D6FE22B14E78879,j_hydraulic_knee_front_1_ri
0D70095EC7AA9416,supersprint_iw8_sn_crossbow
0D71283FF8AEBB43,wm_balpha_grip_tape_rs_00_tap
0D72437C876091F0,uk_shelf_garage_02_19x43x71_lodx10v60bf800000
0D72D47B9D148A20,STICKERS_PEACEMAKER
0D763B94981709C1,cal_lg_77mm_tyankee11_up1_noimp_zm
0D76FA2B14EDCFEF,j_hydraulic_knee_front_1_le
0D77099977F98494,sdr_com_cover_crouch_pstl_to_cover_crouch_left
0D77388720390DC9,fire_stand_any_mounted_weapons_s4_sn_svictor40
0D78D4AAF95E70B0,tag_scan_fx
0D79603E3FDE3A5D,p9_usa_signage_ocean_park_letters_01_lod0
0D7C6589479A844E,pf621_auto6
0D7D51CBC73A65BA,hur_campfire_wood_01_lod0
0D7E05209C72FA4B,s4_mp_execution_beatrice_01_victim_prone
0D7E6BBF82504725,cover_left_crouch_hide_to_right
0D81271C2C312656,zm_callingcards_omega_intel_s6_cc
0D8264564D99D816,sdr_com_exposed_crouch_pain01_rleg_md_f_to_exp
0D8351425032810D,s4_sdr_com_exp_crouch_6_to_cover_crouch
0D83A7B262CF0902,p9_rus_bldg_cultural_center_antenna
0D83D3820FA6CDB6,p8_ice_kitchen_cabinet_03_set_02_door_tall_left_lod0
0D840D2E1642758F,tag_sight_off_le
0D84DCD78B517954,ps_mp_exec_woodaxe_01_prone_hit_02
0D84DFD78B517E6D,ps_mp_exec_woodaxe_01_prone_hit_01
0D8554A164003F3D,cover_left_exposed_a_rechamber
0D855711C7AB2DEE,p7_zm_shi_paddle_wood_lod0
0D8579CEEB236DE5,j_carryhandle_201
0D8663FE7BFA2180,weapon_raise_crouch_weapons_any_smg
0D87444328C2E5C5,tag_frn_latch_rt_03_jnt
0D875EF23939537A,plastic_14_jnt
0D876A1EBBD46CEC,c_t9_jetpack_piece04_lod0
0D87EA226D610BFD,j_grenade_01_front1_le
0D8A1C5677132402,p8_zm_whi_slate_wall_light_128_01_lod0
0D8A3DD3D788F7AF,cards_playing_pile_02_lod0
0D8AAD9EBA7D7C7D,reflex_reflector_01_malpha96
0D8C2A2C7C0FA59E,flower_06_dupl3_dupl2
0D8C2D213B49F9A6,cover_stand_full_exposed_drop_rpg
0D8D3C974DB1CAD7,rechamber_stand_any_mounted_weapons_s4_sn_aromeo
0D8D823E08419C1C,loss_mg_balcony
0D8E0B1FF7E4FBF9,p8_wmd_box_cardboard_03_lod0
0D8EB638C17903E2,tag_wheel_front_main_axel_null
0D8FE7C2B6F30D9B,snprscope_strong_ger_asierra44
0D900FA3E5595B05,p8_spa_menu_board_wood_30x15_01_lod0
0D920535C25D6336,mag_mgolf42
0D922FBDEADB55B0,p7_jun_bamboo_tube_01_lod0
0D9290603FB64F67,p7_metal_bolt_bracket_top_lod0
0D92B35FC545D7E5,wm_fecho_grip_00_htc
0D92F2C43608F65F,loot_smg_fastfire_bp_mummycat_desc
0D93C8D97E010CC8,j_bandana_backstrap1
0D9405F951ECCCFE,trans_2_ads_crouch_moving_weapons_s4_sn_m1golf
0D96DD8A3653E53D,s4_mp_fingers_la_palpha42_base_l
0D96DF8A3653E8A3,s4_mp_fingers_la_palpha42_base_r
0D983410D4773F3B,p8_wz_powerpole_transformer_ornate_cable_01_lod0
0D989BE6430CC290,sdr_com_cover_crouch_pstl_turn_4
0D9921E82437E74C,camera_mp_gunsmith_preview_large_charm_alt1
0D9924E82437EC65,camera_mp_gunsmith_preview_large_charm_alt2
0D998F0E28367ECE,wm_stango44_brake_102
0D99FFB13CDDC8B2,emblems_perkadeadshot
0D9A76B1A1FB8885,j_upper_tent_13_ri
0D9AE8ACC01C6010,j_chain_4
0D9AE9ACC01C61C3,j_chain_5
0D9AEAACC01C6376,j_chain_6
0D9AEBACC01C6529,j_chain_7
0D9AEEACC01C6A42,j_chain_2
0D9AEFACC01C6BF5,j_chain_3
0D9AF4ACC01C7474,j_chain_8
0D9B5869ED235F1D,sdr_mp_strafe_prone_fast_8_to_crouch_fast_8_trans_akimbo
0D9E92699E9B1A73,vm_voscar_grip_tactical_00_fab
0D9E9C758B479F44,ps_wpn_ttango33_plr_reload_magin_empty
0D9F0A044878A050,light_rain_splashes
0D9F85F69683F11A,ps_weap_mike4_reload_empty_magin_npc
0DA0E138409C4959,stock_skeletal_hyankee44
0DA17CEB5916E0EF,s4_lm_bromeo37_blindfire_all
0DA1FB37C1862EC8,reargrip_grooved_mr_moscar
0DA2480986961363,s4_mp_blindfire_stand_vertical_left_pitch_up
0DA29CECF6D131EF,emblems_zombie_skull_s6
0DA3B025DF177946,tag_minimal_stock_attach
0DA42E364A36B47D,jump_up_128_over_40
0DA5C771A5E75CBC,vm_balpha_grip_tape_00_rub
0DA658FB5B3132AE,veh_t9_mil_us_boat_pgb_mpx_sunburst
0DA68E89CEF5705A,body_animate_joint
0DA704B485AD1F64,wm_eq_ascender_down_get_off_sdr
0DA8B69727F245D8,gumball_event_base_bounce_jnt
0DAA4F95936E90DD,callingcards_wz_ambassador_static_01
0DAA9243C6CECF31,fileshare_options_button_list
0DAAD5D5C853BD25,sdr_com_cover_stand_jog_arrival_r_9
0DAAD6D5C853BED8,sdr_com_cover_stand_jog_arrival_r_6
0DAAD7D5C853C08B,sdr_com_cover_stand_jog_arrival_r_7
0DAAD8D5C853C23E,sdr_com_cover_stand_jog_arrival_r_4
0DAADAD5C853C5A4,sdr_com_cover_stand_jog_arrival_r_2
0DAADBD5C853C757,sdr_com_cover_stand_jog_arrival_r_3
0DAADDD5C853CABD,sdr_com_cover_stand_jog_arrival_r_1
0DAB9640B8B26429,tag_passenger1_foot_right
0DABB11B3E6E08C6,smg_standard_cb_bp_roadwar
0DADCBB298C2E44B,j_harness_parent1_le1
0DADCCB298C2E5FE,j_harness_parent1_le2
0DADF986E76D753F,j_grenade_leg2_le
0DAE597815B62B4D,s4_mp_execution_generic_tiger_01_victim_laststand
0DB04C485F7A096F,sdr_mp_me_pain_crouch_head_bk_02
0DB04D485F7A0B22,sdr_mp_me_pain_crouch_head_bk_01
0DB0952A76B79FA5,gib_shadow_leg
0DB194107CDA2072,fs_wood
0DB2849121292E72,j_bandana1_1_end
0DB2E7A6242077B5,callingcards_bps1_92
0DB3468441417003,reargrip_fabric_short_sm_wecho43
0DB34999ECBE12F4,callingcards_powderkeg_s5_desc
0DB3EEA6852F317B,j_collar_front
0DB4460FA21139A8,charroom_fx_west_b
0DB51FA0D6048518,dyn_riflebag_02
0DB522A0D6048A31,dyn_riflebag_01
0DB5DC9A7982C245,j_weapon_finger_7_2_flap
0DB65C7831C9BBDC,sdr_mp_pain_sub_strafe_crouch_torso_le_02
0DB65F7831C9C0F5,sdr_mp_pain_sub_strafe_crouch_torso_le_01
0DB662945936BC71,nvidia_highlight_frenzy_kill
0DB79D2BEC3A9BA5,j_diamond_c10_ri_3_animate
0DB822C24A8594AB,adjust_nonads_crouch_moving_weapons_s4_la_mkilo11
0DB8F8B1632BAB96,p9_rus_flag_pole_trim_lod0
0DB9E3B16A0FCAE6,loot_smg_fastfire_bp_wsow_solo_desc
0DBAC409654449EF,p8_zm_whi_conc_sidwalk_slab_01_cracks_decal
0DBAF8A2B6E409C6,emblems_coldfront
0DBBD03AE4727544,adjust_ads_prone_weapons_s4_la_walpha2
0DBE8FB1375FB71C,ps_hm_grnd_melee02_attacker_wins_def_02
0DBE90B1375FB8CF,ps_hm_grnd_melee02_attacker_wins_def_03
0DBE92B1375FBC35,ps_hm_grnd_melee02_attacker_wins_def_01
0DC05429C5B4CAA2,weap_akilo47_reload_empty_chamber_plr
0DC0A7506A3376C0,damage_bevl_corner_concrete_03l_lod0
0DC0C1D09B642DAF,holo_02_chotel41
0DC143CD1E573C39,transition_prone_to_sprint_melee
0DC21E5A88ABEB47,tag_sling_mount
0DC31D6B9727344C,s4_par_fireplace_tool_set_01_brush_destp
0DC4338066A10660,boxcar_02_animate_jnt
0DC4AC7AF8C19D9B,ar_accurate_bp_space_desc
0DC4B8A8B4D579C0,j_spine_2
0DC4B9A8B4D57B73,j_spine_3
0DC5046365AC4D41,window_02_shard_15_jnt
0DC5A07323912459,j_puncture_mid_animate
0DC5AEAB3821229C,melee_stand_pass
0DC64CF9A765A0BE,tag_arm_antenna
0DCA7C30A38A13E8,plastic_52_jnt
0DCB6E1B5833972F,s4_mp_custom_ar_promeo45_base_stand_reload
0DCB6FA3FA99C704,s4_mp_execution_generic_aot_01_victim_prone
0DCBCC125CD027D3,j_harness_1_parent
0DCC43E1F3AB9B86,ndy_metal_chair_01_lod0
0DCCC877CB198DFD,press_tease
0DCCE0A9C1BDAC33,fire_prone_nonads_weapons_s4_ar_stango44
0DCDB2C1613DD03D,scriptable_s4_rus_pile_floor_apples_01
0DCE10F5ACEB8E83,tag_fx_rf
0DCEBD35FBAD1563,ee_grass_dried_flower_01_med_shelf
0DCF09D8979AB613,sdr_mp_addoff_ks_greenbeam_nonads
0DCF95360BD1D689,dof_5_68_050_050
0DD15495C123E97E,crouch_aim_ar_melee
0DD162E93483C33C,reflex_monocle_00_mpapa40
0DD1B0963810915F,p9_zm_ndu_crate_milk_plastic_lod0
0DD1DEF3893616F4,sdr_cqb_fast_door_open_3
0DD1DFF3893618A7,sdr_cqb_fast_door_open_2
0DD1E0F389361A5A,sdr_cqb_fast_door_open_1
0DD28C29F86CCF96,p8_conduit_metal_pipe_2_elbow45_short_lod0
0DD302D455BEC35F,p9_ams_liquor_bottle_10_dmg_01
0DD503E44F37862E,playeroutfitgibdef
0DD54F26CE28905B,vm_moscar32_irons_l_00
0DD5CA7F1BA057D6,cal_md_fmag_45_wecho43_up1_noimp_pack_zm
0DD633D47959B4FE,door_large_9_jnt
0DD6718F6056CF69,sdr_mp_stand_custom_fire_pi_cpapa_weapon
0DD71A35F3DE691F,vm_thotel_mag_f_00
0DD7B251B475D38A,ring_of_fire_desc
0DD8C6333D18F5FC,kls_stealthdrone_multiple
0DD8D7526C0E8E38,barrier_sandbag_64_clean_lod0
0DDAA40B628EC328,s4_acc_attach_watch_band_09_small
0DDAB09B3C5EDCAF,walk_strafe_reverse
0DDBD83DE28CF791,sdr_com_traverse_jog_mantle_down_xlg_90r
0DDBE23DE28D088F,sdr_com_traverse_jog_mantle_down_xlg_90l
0DDC241DD23C4501,blend time
0DDC5203B17EA253,HELLSFURY
0DDFC38CAB1BB606,j_fan_rear
0DE023765787E2F5,tag_luggage_right_sidebag
0DE0526380461CDB,s4_mp_addoff_lm_tyankee11_base_prone_ads
0DE114498826439E,gumball_event_base_11_jnt
0DE1FDF5ACFC1744,tag_fx_le
0DE200F5ACFC1C5D,tag_fx_lf
0DE262659504E23F,wm_owhiskey31_mag_c_up1_00
0DE3DAA860C16DD5,p8_usa_submarine_interior_panel_04_lod0
0DE4517F13E23DB0,cob_candelabrum_tall_01_lod0
0DE56D586A21A841,p9_ship_rail_rope_hang_02_rt_jnt
0DE645466EEAD0E8,s4_sdr_cqb_strafe_shuffle_loop_9_alt
0DE7F3CD6ED8D342,mantle_up_132_dn_36_walk
0DE8F578DF1FBCAD,tag_arm_lt_pulley_top_animate
0DE9BA2BC3F57307,melee_prone_weapons_any_smg
0DEB202F09FCF2F8,p9_usa_afo_plane_engine_rt_connector_01_lod0
0DEE5EE53A9B61EA,mixer_03_bath_fluid_12_jnt
0DEED92186FC2BF3,p7_zm_ctl_stein_beer_ornate_lid_lod0
0DEEE484B801D1C2,tag_gear_right_rear_upper
0DEEF2B8B54EEB3B,civ_m_deadbody02_sit01_lod010v011bf800000
0DEF14ED6D744368,j_jacket_2_ri6_parent
0DF02385B232C717,s4_fra_flower_vase_01_leaves_01
0DF0E083FDC8E6B0,ai_s4_zm_zombie_base_walk_au_v13_pain_chest_f_alt
0DF1140D89B4178D,sdr_mp_exposed_crouch_death05_torso_med_2_right
0DF42B1FC8E2E6E1,military_bullet_223
0DF5FE7CD115FE0E,s4_mp_custom_lm_dpapa28_base_prone_reload_empty
0DF639D7780F4065,tag_bullet_deplete_swap_08_animate
0DF65B253CE2D629,sdr_cqb_cover_left_stand_pstl_fast_exitfull_9
0DF660253CE2DEA8,sdr_cqb_cover_left_stand_pstl_fast_exitfull_2
0DF663253CE2E3C1,sdr_cqb_cover_left_stand_pstl_fast_exitfull_1
0DF664253CE2E574,sdr_cqb_cover_left_stand_pstl_fast_exitfull_6
0DF665253CE2E727,sdr_cqb_cover_left_stand_pstl_fast_exitfull_7
0DF666253CE2E8DA,sdr_cqb_cover_left_stand_pstl_fast_exitfull_4
0DF6F71E7C54A285,p7_dock_wood_rustic_board_single_dmg1_01_lod0
0DF79A204E733C63,civ_f_dead02_sitting03
0DF85E454CFDA89C,to_shoot
0DF870C5909209F3,p7_foliage_distictis_hanging_ledge_32_long_lod0
0DFA23C4F3B6243E,tag_panel_front
0DFA2B50109D2129,pcube2340129
0DFB1F1EF43FF64E,elite_clan_tag_color
0DFD203AC32C7C27,callingcards_t6_prestige_7_desc
0DFD4BA5D5FADD1F,gumball_rounds_swirl_17_jnt
0E00268CA1551D6C,wm_lindia98_stock_ri_00
0E0098D126EFB0A0,p9_ger_tank_train_tanker_decals_lod0
0E00AF0AE4FC161B,brokenglass_window02
0E00BAF91868236B,sdr_mp_occlusion_left_arm
0E00E327B2EA55CD,tr_damagesemi_bp_apache
0E01E9EF5E2EF517,reload_quick_empty_ads
0E03AE2F51A89515,callingcards_nail_gun_final
0E0534694D422BA9,fire_stand_ads_weapons_s4_sm_thotel
0E0559D46EE791E0,j_wristfronttwist1_ri_lep
0E057E53E9F1633C,p7_zm_isl_bones_human_arm_upper_02_link_jnt
0E05EF240E15AF89,vm_dpapa28_grip_00_fab
0E06437E0054D5A7,scriptable_s4_ger_potted_plant_small_04_full
0E06DB978FAB454B,rope_03_13_jnt
0E0730D0C0E0C61A,wlf_brass_pipe_x16_b_01_lod010v41bf800000
0E0AF11F8BF9BBDC,s4_mp_pom_arthur_03_hero_thumbnail
0E0B9C0915129BFC,smk_ground_smoulder_light_sml_01
0E0C165C6253A082,s4_mp_addoff_lm_fromeo45_base_stand_ads_noleft
0E0C981CC1C214B8,gib_generic0_head
0E0D47E365E10209,dyn_shell_r_04
0E0D48E365E103BC,dyn_shell_r_03
0E0D49E365E1056F,dyn_shell_r_02
0E0D4AE365E10722,dyn_shell_r_01
0E0E869FEDDB2A65,c_t9_gen_pl_starter2_vargas_bull_pc_desc
0E0E8B5E6C68F1D3,p9_rus_mil_radio_closed
0E0EA7EE9B1C075C,j_vestpouch_ri_driver
0E0F4820AD243B74,callingcardsmaster_pistol_revolver_mp
0E0F4F6B88A8039F,pc_streamer_mode_self
0E10182173692FCE,0 0.705882 0 1.0
0E102B9411F33F78,ps_wfoly_plr_sh_charlie725_reload_05
0E102C9411F3412B,ps_wfoly_plr_sh_charlie725_reload_04
0E102E9411F34491,ps_wfoly_plr_sh_charlie725_reload_06
0E102F9411F34644,ps_wfoly_plr_sh_charlie725_reload_01
0E10319411F349AA,ps_wfoly_plr_sh_charlie725_reload_03
0E10329411F34B5D,ps_wfoly_plr_sh_charlie725_reload_02
0E110D378B3C39E7,callingcards_wz_prestige_06_desc
0E117DD645B132D5,adjust_mount_weapons_s4_lm_bromeo37
0E11D025810D37D9,tarp_34_jnt
0E128894DCD540A5,sdr_mp_pain_stand_head_ri_jgrnt_01
0E129C04EB0F4090,s4_charm_letter_00
0E131C80890AAEB2,+zoomin
0E1370ADE8266EE8,adjust_blindfire_blindfire_right_weapons_s4_sm_stango5
0E142186E7C46C69,j_grenade_leg2_ri
0E14249F3313C78D,j_handle_2
0E14469F33140153,j_handle_l
0E14649F3314344D,j_handle_r
0E14A62D4189FA34,gumball_event_base_13_jnt
0E16E28CA26D347B,wire_07_orient_jnt
0E17976DC4BBFDA9,weapon_raise_quick_stand_weapons_s4_me_huggernaut
0E1923964E26A057,li_i_mtl_me_foliage_bush_prosopis_small_proxy_geo
0E1B19DD360BD6AC,shuffle_foot_l_forward_2_to_6
0E1B1BDD360BDA12,shuffle_foot_l_forward_2_to_4
0E1B1FDD360BE0DE,shuffle_foot_l_forward_2_to_8
0E1B815C5752FBE1,adjust_nonads_crouch_weapons_s4_sn_gecho43
0E1C495A940098CA,lon_bmb_020_boom_price_b_face
0E1C78BE549C9F22,sdr_com_exp_prone_death02_torso_med_4
0E1D1D7D27A24538,fatality_generic_aot_01
0E1DB2C0AB27BAEF,SMG_HANDLING_BP_HEARTBREAK_DISPLAYNAME
0E1DBF18C3E8E80B,s4_zm_jpn_fish_salmon_01
0E200F565BDA7012,j_backpack_charmring
0E2057877B656B8D,p7_fir_tire_stack_short_01_lod0
0E20C225BFFD15E9,p7_conduit_metal_2_body_joint_ll_lod0
0E250FD67B56C2CA,axis_guide_createfx
0E253B09C77E9406,s4_mp_strafe_sprint_sh_jump_land_fast_8
0E253C09C77E95B9,s4_mp_strafe_sprint_sh_jump_land_fast_9
0E254609C77EA6B7,s4_mp_strafe_sprint_sh_jump_land_fast_7
0E2678CB2E769FA0,iw9_suv1996
0E2714387A8889CB,ps_iw8_tactical_insert_flare_strike_npc
0E27A798CBBA1684,reload_quick_weapons_s4_sm_thotel
0E27BD038CD5FC54,start_forward_sprint_pistol_akimbo_concussed
0E29716A75758797,ps_wpn_malpha96_plr_reload_fpo_akimbo_r
0E29776A757591C9,ps_wpn_malpha96_plr_reload_fpo_akimbo_l
0E2B5BEAFBAA00EF,s4_mp_execution_polina_01_victim_laststand
0E2C15A9253BA007,snprscope_medium_ger_offset_kgolf40
0E2D26D7BDB24698,weap_mike4_reload_end_plr
0E2D2F0872DBD467,shoot_start
0E2E3D9BEC1F2026,p7_chemistry_kit_flask_lod0
0E2F25E4C63B1BEE,s4_mp_stand_death02_torso_xl_2_center
0E2F8F6EB3AC2436,p8_aus_res_fire_hose_02_lod0
0E2FF4981FC308F9,p8_wmd_corrugated_wall_01_16h_64w_upper_01
0E30019A6AA0B36A,medal_capture_objective_under_smoke
0E31FE05FAFCD11D,adjust_nonads_vehicle_weapons_s4_sm_thotel
0E33B6BBD1400306,reargrip_fabric_folding_sm_wecho43
0E3490C5799B7816,flamethrower_export
0E34CDB8C02E0FDE,glob_stage_07_to_09_b_05_jnt
0E3556D3ACC75075,weapon_raise_quick_stand_weapons_default
0E36957D4EFF1BC8,sdr_mp_strafe_jog_jump_takeoff_8_jugg
0E37D87F71B469B6,gunperk_onhand
0E3810A81BF0EF17,fire_prone_ads_weapons_s4_sm_tyankee100
0E388D4A083E118E,sdr_mp_raise_first_crouch_moving_pi_golf21_akimbo
0E3A79E5A9AB67C7,p7_cai_lantern_chain_16_lod0
0E3B3298D1C92D87,weap_falpha_fast_lift_plr
0E3BFCF4FDC95B05,cor_brick_wall_brick_02_lod010v41bf800000
0E3C11F5FBD5467A,variantpreview
0E3D398EC9CD8E57,weap_decho_reload_magout_plr
0E3D8043590E0AFB,center_jnt
0E3E4C376FA44670,ai_s4_zm_zombie_base_run_ad_v14_pain_chest_f
0E3ED0B75C939EE5,cal_md_792mm_kurz_mgolf42_down1_noimp
0E3ED216F94F6D25,reargrip_granular_skeletal_sm_wecho43
0E3EF33748506C67,s4_acc_attach_watch_band_04_01
0E3EF43748506E1A,s4_acc_attach_watch_band_04_02
0E41E22F2AA73084,holo_02_bromeo37_luniform08
0E424A50DD0E6F52,AR_DAMAGE_BP_ARCTIC_CHILL_DESCRIPTION
0E42ABF65F3A3808,tag_gear_right_rear_shock_lower_aim
0E4371C642E06DBE,vehicle_seat_0
0E4372C642E06F71,vehicle_seat_1
0E43D4CF46EC6423,j_pinky_ri_2_parrot
0E441D59CAF62015,t9_charm_steelskull_desc
0E4435E1DED193FC,t9_charm_pirate_skull
0E4493FE86D67153,j_l_wing_large_feather48_le_body
0E44A327EFE5EC35,vm_tyankee11_grip_00_lea
0E44B907731D6833,snowpiles2
0E44BA07731D69E6,snowpiles1
0E44BD07731D6EFF,snowpiles6
0E44BE07731D70B2,snowpiles5
0E44BF07731D7265,snowpiles4
0E44C207731D777E,snowpiles9
0E45045993FA6455,newspaper2_18_jnt
0E4513E64CD2B427,p9_fxp_zm_aether_energy_tendril_3_lod0
0E47DECD60B2ECE8,j_leaf_05_animate
0E4804F32D2F964A,ger_wine_bottle_02_low_lod0
0E49D05FDB8B6DCC,j_firing_tube
0E4B0022650C48EE,s4_mp_custom_lm_fromeo45_base_stand_trans_2_ads
0E4B7B49AFBB147D,arm_le_limb_0_animate
0E4CD7E9A11C661D,cover_right_look
0E4D1546133EC239,dom_near_losing
0E4D533FDE651C57,sdr_mp_addoff_crouch_sm_papa90_nonads
0E4DF85DA1641AB2,p7_slu_can_gas_metal_lod0
0E4F65E4559394F3,p9_cli_paper_sheet_02_lod0
0E5034A038C714C4,mount_side
0E509EE223468E99,tag_shock_back_left_2_lower_aim
0E51254F4E60EA9F,dyn_tshirtwaist_01
0E51A594D8C876DE,s4_ger_chair_lounge_01
0E5207C3F846D178,s4_mp_facial_lewis_pain_2
0E5208C3F846D32B,s4_mp_facial_lewis_pain_3
0E520AC3F846D691,s4_mp_facial_lewis_pain_1
0E534BA5EEE6DDDF,s4_mp_custom_eq_hammer_stand_pullout
0E54C42E9B4EE9CA,tag_safety_animate
0E565098C5E44C7A,atango_face90_left
0E56FFBDFF223B4C,p9_vnm_rock_cave_floor_rubble_01_lod0
0E57263787095E7F,callingcardsmaster_ar_fastfire_mp
0E57681C5BE760A2,sdr_mp_parachute_scrub_empty
0E57CADA33E55420,p8_kit_ice_gutter_downspout_16_lod0
0E58BD4DA416F99A,melee_crouch_pass
0E59C4B310E64287,p8_zm_zod_pipe_set_medium_cap_02_lod0
0E59F7E3914E693F,weapon_first_raise_crouch_moving_weapons_s4_me_sledgehammer
0E5B88551C380CCC,blendspace_alias_prone_to_crouch_forward_trans
0E5C57266A662561,sdr_mp_exposed_crouch_death04_torso_med_2_left
0E5DB6F75A0C67D0,wm_kalpha98_grip_00_tap
0E5DF839D6FDBFB0,vm_gecho43_barrel_00
0E5DFFD6B2EB0CDE,dyn_pistol
0E5E0FB5C650B559,rec_tyankee100_mp_dfx
0E5E2CBF1E2647D9,left8lrun
0E5FB8E2840F3E19,tr_powerburst_cb_bp_tanner_desc
0E60C471FB34875E,rec_bromeo37_v201
0E62AD1B7687B92E,crouch_aim_la_ads_strafe
0E62E8472EA312B3,adjust_ads_freefall_weapons_iw8_rocketlauncher
0E6378EC5DB23330,p7_zm_kin_chess_bishop_white_lod0
0E637D65D13BA7D0,prone_offhand_default
0E63E43C4DF19692,reload_quick_prone_alt_weapons_s4_sn_malpha1916
0E63E6F20C5FA311,emblems_r8g_05_s5_animated
0E641DF6E53D2CF8,reargrip_rubber_sm_guniform45
0E651F30A23A45A5,pointsPerWeaponKill
0E6524010C05A300,reload_prone_alt_weapons_s4_sn_svictor40
0E6566FCA334122E,tag_wheel_trailer_back_right
0E65B274E7A64096,start_forward_juggernaut_concussed
0E65DFBF6A6FAA89,reload_empty_ads_alt_weapons_s4_sm_thotel
0E660FB8E58A47CB,p9_mal_trash_bin_plastic
0E6724DE8007A081,s4_mp_execution_ikenna_01_attacker_laststand
0E6851BA3286F07A,ground_root_iw6_lod0
0E6993D8B2822989,paintjob_stickers_cdl_teamsticker_fl_1_pc_base
0E6999DFFA5BDA1F,mixer_02_bath_fluid_03_jnt
0E6A807651165D9A,weapon_raise_quick_freefall_weapons_s4_me_pushdagger
0E6B61EA25AD6285,zm_callingcards_diamond_pistols_zm_cc
0E70405D857A91A7,sdr_mp_aims_pi_circle_crouch_90_nvg
0E709D703E89EE14,lobby_charslot_04_dog
0E729CD429CD59C8,objKillSquad
0E72AA506B12AF83,p7_wire_spool_lrg_bare_lod0
0E73151045B0BBDD,p9_vehicle_parts_differential_rear_01_lod0
0E75CF1B4D985B03,sdr_com_trans_exposed_stand_to_cover_left_crouch02_8
0E75D91B4D986C01,sdr_com_trans_exposed_stand_to_cover_left_crouch02_2
0E75DB1B4D986F67,sdr_com_trans_exposed_stand_to_cover_left_crouch02_4
0E75DD1B4D9872CD,sdr_com_trans_exposed_stand_to_cover_left_crouch02_6
0E77418D613A8D5E,umbrella_top_085_jnt
0E780AC63929E974,vm_bromeo5_grip_rs_00_htc
0E78109BB072E3DA,ps_mp_execution_beatrice_stand_slash
0E7840DDB561684E,hm_grnd_org_long_death_gut_r_impact
0E79A43005A6BDD2,p9_rus_carpet_stairs_top_lod0
0E7B21366DE16012,j_pistolstrap_side1_le
0E7BD392D3169FAE,sdr_com_exposed_stand_pain01_lleg_md_f_to_exp
0E7C5517E88CF074,j_strap4_le_bind
0E7C9FB927FF176E,blueprint_bundle_5048_ameli_lake_side
0E7D133E819831A2,PISTOL_SEMIAUTO_BP_MUERTE_DISPLAYNAME
0E7D1AB2BCC11D76,s4_zm_vehicle_ger_trans_opel_blitz_open_static_01_mesh
0E7E3A855E1157E4,p7_cai_umbrella_large_solid_closed_01_lod0
0E7F260D0B780771,tag_shell_button_base
0E7F331B8C7159A5,right_leg_jnt
0E803A28D9B6919F,sdr_cqb_cover_stand_pstl_fast_exit_8l
0E805028D9B6B701,sdr_cqb_cover_stand_pstl_fast_exit_8r
0E80DD5C1502CFDB,s4_mp_custom_ar_m1golf_base_stand_ads_reload
0E83254F2940D947,dyn_can_strap_02
0E83264F2940DAFA,dyn_can_strap_01
0E83E23AE2CA6E27,p9_foliage_plant_clover_01_cluster_03_lod0
0E84ECE0AE3B6B1A,dns_tool_pliers02_iw6
0E85CA28AB593E8F,j_bullet_chain1
0E85CB28AB594042,j_bullet_chain2
0E86135CF66A21B9,zm_reflex3_reticle_8_r
0E867B272C8FADCC,reload_prone_weapons_s4_la_mkilo11
0E8690AD3DB3C580,j_rose_back_2_petal_4_animate
0E87275C7DC5D0E2,rope_01_05_jnt
0E8735489AA7BF7F,mp_slide_melee_hit_02_me_knife
0E87E34C56BD28F1,eboard_cp_rus_yamantau_icon_alert
0E87E36E4B2934DA,stock_marksman_mgolf42
0E8809E0DFC095FD,prone_s4_eq_goscar_remote
0E88CF4691D9692E,AR_MOBILITY_BP_FINEC2_DESCRIPTION
0E88DAC9F5BB69B8,ps_wpn_kgolf40_plr_reload_magin_tac_fast
0E8970B79138AD2A,zm_reflex2_reticle_4_r
0E8A051E2188E318,sdr_com_trans_exposed_stand_to_cover_left_stand01_8
0E8A3ACC02A7AAD7,callingcards_007a
0E8A3BCC02A7AC8A,callingcards_007b
0E8BADB669648E1A,bs_blindfire_top
0E8C4D2C60836325,p7_zm_ctl_chemistry_kit_round_flask_lod0
0E8C574D52CDF07E,p7_fir_barricade_barbed_wire_stand_lod0
0E8C650690938F76,front_becho20
0E8C6BB23E0E9BDA,p8_zm_door_buy_symbol_01_lod0
0E8D66213AB8311E,crawling_jump_up_56_norestart
0E8DFB4ED2080F75,p7_food_cheese_roll_slice_yellow_lod0
0E9013DC86CF3752,p9_zm_tungsten_dark_aether_crystal_energetic_lod0
0E9029855EC7DA63,s4_rus_hand_cart_wagon_01
0E917AE1018834DF,sdr_com_exposed_crouch_pain01_torso_md_b_turn_exp
0E91A33872CCEC63,forward_prone_to_crouch_melee
0E92C539F3B299CD,ai_s4_zm_zombie_base_dth_l_torso_lt
0E936618359E136C,j_dogtag_dyn
0E9546F8365D6ABF,ATTACH_T9_CHARM_MILL_DOLLAR_CHIP
0E95694F0DAB8206,j_knee_le_parrot
0E956D2F5A6C7724,tag_engine_left_01_animate
0E95F736F996BF70,pf685_auto6
0E97575EB0481BFB,callingcards_skeleton_97_animated
0E9C90FD9664BF76,sdr_com_exp_stand_rpg_drop_to_exp_stand_pstl
0E9CAA538B9AB480,BUNDLE_2902_DESCRIPTION
0E9CCEF5AD9ABA98,tag_fx_56
0E9CCFF5AD9ABC4B,tag_fx_57
0E9CD0F5AD9ABDFE,tag_fx_54
0E9CD1F5AD9ABFB1,tag_fx_55
0E9CD2F5AD9AC164,tag_fx_52
0E9CD3F5AD9AC317,tag_fx_53
0E9CD4F5AD9AC4CA,tag_fx_50
0E9CD5F5AD9AC67D,tag_fx_51
0E9D1B45BBEA579E,ai_s4_zm_zombie_base_jump_up_240
0E9D7B42A6AA0A23,stockpile_hub_off
0E9DEFF0525B1F77,ATTACH_T9_CHARM_ANVIL
0E9E11C0A9855F52,lmg_accurate_bp_bowling_desc
0EA0307D4FEEF778,tag_fx_cockpit_lockon_light
0EA039F5AD9DA640,tag_fx_41
0EA03AF5AD9DA7F3,tag_fx_40
0EA03BF5AD9DA9A6,tag_fx_43
0EA03CF5AD9DAB59,tag_fx_42
0EA03DF5AD9DAD0C,tag_fx_45
0EA03EF5AD9DAEBF,tag_fx_44
0EA03FF5AD9DB072,tag_fx_47
0EA040F5AD9DB225,tag_fx_46
0EA041F5AD9DB3D8,tag_fx_49
0EA042F5AD9DB58B,tag_fx_48
0EA0BA383216677F,t9_charm_hacked_console_desc
0EA0E12FC567CE7D,aac_hotel_chandelier_03_lod0
0EA0EB065ABA9B78,p9_ger_tank_glass_pile_03_lod0
0EA1240BDE042008,sdr_com_cover_crouch_pstl_run_arrival_r_3
0EA1250BDE0421BB,sdr_com_cover_crouch_pstl_run_arrival_r_2
0EA1260BDE04236E,sdr_com_cover_crouch_pstl_run_arrival_r_1
0EA1290BDE042887,sdr_com_cover_crouch_pstl_run_arrival_r_6
0EA12B0BDE042BED,sdr_com_cover_crouch_pstl_run_arrival_r_4
0EA22B30A8CE3BA0,dyn_hair_strand_end
0EA2D64C357977EB,BUNDLE_2068_DESCRIPTION
0EA348B4A5EF4D17,explosion_light
0EA3BCF5ADA0BAB0,tag_fx_34
0EA3BDF5ADA0BC63,tag_fx_35
0EA3BEF5ADA0BE16,tag_fx_36
0EA3BFF5ADA0BFC9,tag_fx_37
0EA3C0F5ADA0C17C,tag_fx_30
0EA3C1F5ADA0C32F,tag_fx_31
0EA3C2F5ADA0C4E2,tag_fx_32
0EA3C3F5ADA0C695,tag_fx_33
0EA3C8F5ADA0CF14,tag_fx_38
0EA3C9F5ADA0D0C7,tag_fx_39
0EA3F9CC8941E4A0,j_pin_02
0EA3FBCC8941E806,j_pin_00
0EA3FCCC8941E9B9,j_pin_01
0EA42A2BBE9E7275,s4_acc_attach_watch_band_75_rokkr_sony
0EA63F38CA1B6FC0,s4_zm_crate_wood_04_set
0EA64399DDC37626,sdr_mp_addoff_la_rpapa7_nonads_sprint
0EA73FF5ADA3CF20,tag_fx_27
0EA740F5ADA3D0D3,tag_fx_26
0EA741F5ADA3D286,tag_fx_25
0EA742F5ADA3D439,tag_fx_24
0EA743F5ADA3D5EC,tag_fx_23
0EA744F5ADA3D79F,tag_fx_22
0EA745F5ADA3D952,tag_fx_21
0EA746F5ADA3DB05,tag_fx_20
0EA74DF5ADA3E6EA,tag_fx_29
0EA74EF5ADA3E89D,tag_fx_28
0EA75CB91B4E119D,j_sleeve1_01_le
0EA7727D1FB1A9CD,fire_crouch_ads_weapons_s4_ar_asierra44
0EA966E082EFFDFF,p8_usa_submarine_interior_box_large_lod0
0EA9EC3F792E3F65,walk_jump_across_90r
0EA9FE3F792E5DFB,walk_jump_across_90l
0EAAC4F5ADA6E6F6,tag_fx_18
0EAAC5F5ADA6E8A9,tag_fx_19
0EAACAF5ADA6F128,tag_fx_12
0EAACBF5ADA6F2DB,tag_fx_13
0EAACEF5ADA6F7F4,tag_fx_16
0EAACFF5ADA6F9A7,tag_fx_17
0EAAD0F5ADA6FB5A,tag_fx_14
0EAAD1F5ADA6FD0D,tag_fx_15
0EAC3C40F77C5C0C,tag_gearpivot_r_animate
0EACA7BE35F3E0A1,j_r_wing_feather_grp_l_wing_large_feather83_ri_body
0EAD6CB91B52987B,j_sleeve1_01_ri
0EADC9F5ADA9254C,tag_fx_09
0EAFC4A7D7B6A027,"anim_pose = ""crouch"""
0EB00E5FB5FBB03D,bar_xs_rapid_kgolf40
0EB03FF4F1B97759,ar_slowfire_bp_donnie
0EB3A150521201E6,p7_electrical_box_set2_box04_lod0
0EB4D47264087C46,proc_shoulderpad_r
0EB4EE726408A874,proc_shoulderpad_l
0EB637AE1375CC57,kill_event_score_multiplier
0EB7757BCB26DB51,skydive_throttle
0EB7CE6D5B1D9808,p9_rus_hotel_sign_block_text_01_lod0
0EB7F64F95B0E28F,smg_semiauto_bp_scream
0EB92F41DDC073F3,sdr_com_exposed_crouch_fullpain01_rarm_md_l
0EB93941DDC084F1,sdr_com_exposed_crouch_fullpain01_rarm_md_f
0EB93D41DDC08BBD,sdr_com_exposed_crouch_fullpain01_rarm_md_b
0EB93F6B97407F8F,sdr_com_cover_left_stand_pain01_head_md_l
0EB9456B974089C1,sdr_com_cover_left_stand_pain01_head_md_b
0EB9496B9740908D,sdr_com_cover_left_stand_pain01_head_md_f
0EB94D41DDC0A6ED,sdr_com_exposed_crouch_fullpain01_rarm_md_r
0EB98BCBA6C65AB8,ps_wfoly_plr_sh_charlie725_reload_empty_fast_04
0EB98CCBA6C65C6B,ps_wfoly_plr_sh_charlie725_reload_empty_fast_05
0EB98DCBA6C65E1E,ps_wfoly_plr_sh_charlie725_reload_empty_fast_06
0EB990CBA6C66337,ps_wfoly_plr_sh_charlie725_reload_empty_fast_01
0EB991CBA6C664EA,ps_wfoly_plr_sh_charlie725_reload_empty_fast_02
0EB992CBA6C6669D,ps_wfoly_plr_sh_charlie725_reload_empty_fast_03
0EBA5872D32EC7D2,left3shuffle
0EBAD499B4E8287D,carepackage_trail_end
0EBB0FE8DB14450C,p9_zm_tungsten_dark_aether_crystal_polymorphic_core_lod0
0EBB5DA3326D4BB5,foregrip_angled_hyankee44
0EBE26DA922534EC,mkg_rock_set_sml_01_lod0
0EBE3323C139919A,AR_MERCENARY_BP_FROG_DESCRIPTION
0EBF17B073D26D8B,sdr_com_cover_crouch_right_to_cover_stand
0EBF69FEE238C3D6,muzzle_stabilizer_small_stango5
0EBF7A310EE1DF4D,j_commsmic_ri_driver
0EC0917A135C7B30,gender_aux1
0EC0927A135C7CE3,gender_aux0
0EC0947A135C8049,gender_aux2
0EC0C12086004249,cmags_xs_xmags
0EC0D930C6E5F667,iw8_pi_golf21_akimbo
0EC0FA21786645FE,bar_lg_marks_voscar
0EC34E4009C52247,tag_attach_muzzle_01_sniper
0EC4D562E339D599,weapon_raise_quick_stand_weapons_iw8_sn_crossbow
0EC5E7D2072AE0D5,"anim_movement = ""stop"""
0EC718393D1711B2,operator_bundle_5036_sims_karate_master
0EC9EE519EDA4807,p7_corpse_zsf_male_bentover_01_lod0
0ECAB7ECA1BE1312,sdr_mp_stand_moving_raise_back_r_sn_alpha50
0ECB33BBFA5954BB,wm_chotel41_grip_tape_ws_tap
0ECB6C63E221D86E,s4_zm_ger_pipe_metal_painted_joint_3way_thin_gray
0ECD629C22041312,reargrip_taped_marksman_ar_stango44
0ECE96D7A45A2F9D,ger_electrical_boxes_wall_01_lod0
0ECF7106006FCF67,recoil_booster_small_aromeo43
0ECF7D58D80F6201,tag_camera_null
0ECFA924F89EE86E,p9_usa_power_lines_goose_neck_conduit_wall_01_lod0
0ECFD1DE895ED907,t9_charm_bone_saw
0ED0D012968F275D,tactical_cover_col
0ED0DDA88F7656CB,p8_cas_signage_restaurant_menu_04_lod0
0ED25D03642981AC,p7_zm_tra_table_kitchen_sink_lod0
0ED2ADA10BE04547,p9_sr_evidence_at_photo_aerial_laminated_01a
0ED2F0816D9D9AC4,trans_2_ads_freefall_weapons_s4_pi_wecho
0ED30F444421F86C,ai_s4_zm_zombie_base_sprint_turn_180_r_v03
0ED35DA18E6AFE4D,loot_ges_mtx_t9_devil_horns
0ED38CFBBD296FDA,p8_cas_money_bundle_packaged_lod0
0ED3DC36751A72C6,p7_dock_wood_rustic_board_single_dmg1_02_lod0
0ED3E0B26756D083,ATTACH_T9_CHARM_P_WRENCH
0ED58893D3C26215,rotate_jnt
0ED59FE4E3478658,umbrella_base_126_jnt
0ED7B36EBD8FB6E2,sdr_mp_crouch_moving_throw_eq_offhand_hb_akimbo
0ED8A642C84F3A92,knife_ballistic_bp_oktober
0EDA3FB4FFD5932F,umbrella_base_127_jnt
0EDA8455521DC214,mkg_farming_tool_spade_01
0EDCC597713C7C6B,startFreeForAll
0EDEB72151CECEE5,melee_cane_bp_joke_sy_desc
0EDEF21A05005BB3,wm_moscar32_grip_mk_00_tap
0EE06EAF185F29FC,tag_ejector_rod_animate_le
0EE0709600274830,p9_rus_yegor_chain_lod0
0EE0CCACB34861F5,zmb_crawl_fast
0EE100A6B15767F3,ps_wfoly_plr_la_kgolf_raise_first_npc_01
0EE101A6B15769A6,ps_wfoly_plr_la_kgolf_raise_first_npc_02
0EE15AB167F65AB8,j_sandbag_ri_01
0EE1A10F503C30C6,ps_wpn_kalpha98_301_npc_inspect_foley_pt4
0EE1A20F503C3279,ps_wpn_kalpha98_301_npc_inspect_foley_pt5
0EE1A30F503C342C,ps_wpn_kalpha98_301_npc_inspect_foley_pt2
0EE1A40F503C35DF,ps_wpn_kalpha98_301_npc_inspect_foley_pt3
0EE1A60F503C3945,ps_wpn_kalpha98_301_npc_inspect_foley_pt1
0EE24CDA6BD17E57,wm_luniform_barrel_rl_00
0EE2963F99BC1A74,hindia_seat_5_blend_in
0EE40780B5B8CCAF,p7_ris_dumpster_rope_lod0
0EE53AE292A51802,floating_adjust_crouch_moving_melee
0EE5E9939004696E,scriptable_s4_afr_library_book_open_04_dyn
0EE6110F9B1D50A4,j_bangles4_ri
0EE78838AE5E2567,reload_quick_empty_ads_weapons_s4_ar_bromeopg
0EE8978D1F009E55,t9_charm_diamond
0EE9138196668ECC,callingcards_whitesnake
0EE9ACD8BC1E16F0,p8_zm_red_treasury_aeolian_lintel_01_base_lod0
0EE9C8E04912B7F8,p8_fxp_sphere_belt_lod0
0EEA8F932B9CE631,j_p7_ashtry
0EED3A3FE31064D1,ee_windowframe_wood_arch_single_01
0EED851A54CE02AF,p7_pole_metal_tall
0EEE3B7B7F41B716,s4_mp_blindfire_stand_vertical_left_pitch_down
0EEEFA873430E9D5,operator_bundle_3074_samantha_zombie_bride
0EEFD17CE7CDC154,rope_32_jnt
0EF093C9600FD09D,tag_enter_passenger
0EF1A4673670D471,mp_fingers_sn_hdromeo_r_safe
0EF6AE890C6B070A,reb_stl_trans_patrol_walk_to_patrol_flash_walk
0EF6E294CA6F3874,wm_malpha96_trig_00
0EF8F9EC42E28F98,geo_dead_jetski_handlebars_dynent
0EF9377AD495FE49,tag_wheel_front_piston_bottom
0EFC1423166B3776,reargrip_taped_removed_sm_wecho43
0EFCAB5801334AAA,grooved_marks_ar_asierra44_v201
0EFCE2D9591BB07F,BUNDLE_5010_TITLE
0EFDE0970BB973CD,comp_small_tyankee100
0EFDF6E48A2B3140,cal_md_762x39mm_ppapa41_up1_noimp
0EFE8374078A2A9F,p7_wes_food_jar_candy_glass_04_lod0
0F0133483B66E22E,p7_jun_cookware_pot_lrg_lod0
0F025C562A84326F,charroom_char_blackcell
0F0356FCB2278CE3,BUNDLE_2020_TITLE
0F0406825C2FA19D,s4_sdr_com_smoke_walk_to_exposed_stand_8
0F0447A0F8D4786D,callingcards_christmas2
0F07B089A9DB9F9D,sdr_com_exposed_stand_pain01_shrt_rleg_upper_md_2
0F08559079FB2CE7,s4_acc_attach_face_46_large
0F0875D4A6254028,j_mid_le_1_lep
0F0AF964CCB696A3,wm_thotel_receiver_101
0F0AFA64CCB69856,wm_thotel_receiver_102
0F0AFB64CCB69A09,wm_thotel_receiver_103
0F0CE56FABA8A15C,emblems_zombiesrecon_s5_animated
0F0D02C6F1D94741,p7_foliage_tree_roots_set_01_b_lod0
0F0F04E28838DDA7,glob_stage_07_to_09_a_03_jnt
0F1038AAFEB77449,bsh_ship_deck_signal_light_01_lod0
0F10F802CA57B888,j_paper_01_5_le
0F11D3D34FF01184,gumball_rounds_base_14_jnt
0F125568B1D70871,reargrip_fabric_ar_hyankee44_v201
0F12CEF02C4C41BA,emblems_big_jokeiv_s6_animated
0F1324FD36DBC721,par_river_wall_02a_end_lft_lod010v41bf800000
0F150DCEA1646A55,j_leg_strap_ri
0F1546024884B56C,vm_owhiskey31_grip_fs_00_bkl
0F15F27B69968EAD,s4_mp_custom_sh_mike97_base_prone_reload_loop
0F16DD4C33505C56,s4_mp_world_ges_steel_bib_stand_pullout@2
0F17D002CA5D933E,j_paper_01_5_ri
0F17F084FA58D9AD,4_shuffle
0F185017E8B8BB15,poolside_towel_02_lod0
0F18622A72D93B03,wm_bromeo35_brake_ab_101
0F1945CE2D41547E,weap_mp5_empty_lift_plr
0F1A28A6654A1579,bar_xs_sawed_becho
0F1B6D1EC834ACDB,bs_ladder_drop_aim
0F1C0C7BED64F9A0,j_gun_top
0F1C4F44096BDC54,emblems_runitback_pc_base
0F1C55031AA065C9,fmags_kgolf40_zm
0F1C957E68929EFF,pom_generic_firecracker_01
0F1D83849B9DE25A,dyn_sword_k_01
0F1DB34A57C0911C,iw8_acc_attach_watch_analog_kyle_band_1
0F1E82B1AD38F166,vm_stango44_receiver_004
0F1E84B1AD38F4CC,vm_stango44_receiver_002
0F1E85B1AD38F67F,vm_stango44_receiver_003
0F1EA738E7B8F981,mayhem_link
0F1F092EAA4B0F50,sdr_cp_offhand_eq_nuke_core_drop_crouch_moving
0F1F5722CC4FFBEC,sdr_com_cover_stand_turn_6
0F1F5922CC4FFF52,sdr_com_cover_stand_turn_4
0F1FE726611640E7,ach_metal_beams_dmg_05
0F20E2A5D6E1CAD0,cos_177_sony
0F21309EFCABC540,building_wall_bottom_damage_corner_a
0F2136D93BDCC6F4,p7_zm_moo_biodome_shell_antenna_02_lod0
0F21533578E4828A,cal_md_762x39mm_bromeo37_down1
0F215630F1051335,flower_03_dupl3_dupl2
0F21D274B2C3A7EF,j_strap_rt_01_animate
0F226825F4674454,dyn_ribbon_02
0F226B25F467496D,dyn_ribbon_01
0F227E166F54D0AC,sdr_com_cover_right_crouch_run_arrival_l_8r
0F2294166F54F60E,sdr_com_cover_right_crouch_run_arrival_l_8l
0F22B7F21986CFB1,silencer_light_small_mpapa40
0F24298547AA762F,vfx_spawn
0F254262CFD0704E,s4_acc_attach_watch_band_75_surge_large_pc
0F2584A0F5639973,reload_ads_alt_weapons_s4_sn_gecho43
0F25A4B81831877F,j_ghillie_head_le_end
0F25E53A7E88EB2B,ladder_stop_right
0F266BEAD859DAC6,tag_fx_glass_cntr_jnt
0F2696C3C81CE574,sdr_com_cover_left_stand_blindfire03
0F2697C3C81CE727,sdr_com_cover_left_stand_blindfire02
0F2698C3C81CE8DA,sdr_com_cover_left_stand_blindfire01
0F26C4FD8B19026B,adjust_nonads_freefall_weapons_iw8_fists
0F2986682B1B9033,sdr_mp_raise_first_stand_la_kgolf
0F298AAE27D3B21C,j_fly_wing_rt_pba
0F2A0E5626D3C0AE,s4_mp_execution_generic_champagne_01
0F2A86564BD37271,cal_lg_77mm_aromeo99_up1
0F2B7C4BBC83B5E0,tag_dead_wheel_rear_right
0F2BBB0F985C82C6,adjust_sprint_stand_weapons_s4_ar_bromeopg
0F2C2C8DA60C1147,iw7_ameli
0F2CE7973C83EC9B,callingcards_kamehameha
0F2D7F6F2D8BA38A,right8rwalk
0F2E0D67B90DB068,j_back_tentacle_ri_2_6
0F2E0E67B90DB21B,j_back_tentacle_ri_2_7
0F2E0F67B90DB3CE,j_back_tentacle_ri_2_4
0F2E1067B90DB581,j_back_tentacle_ri_2_5
0F2E1167B90DB734,j_back_tentacle_ri_2_2
0F2E1267B90DB8E7,j_back_tentacle_ri_2_3
0F2E1367B90DBA9A,j_back_tentacle_ri_2_0
0F2E1467B90DBC4D,j_back_tentacle_ri_2_1
0F2F46375FF2D207,p9_usa_ship_ticonderoga_hook
0F300244D832FD67,zm_callingcards_zm_zombie_tactician_combat_axe_01_cc_desc
0F30717A9B49DED2,p7_zm_tra_streetlight_vintage_cage_lod0
0F33F1BC202E34ED,weapon_raise_stand_weapons_s4_me_katana
0F3463AC2DE80A52,bs_jeep_driver
0F347DE8EAAB3278,tourroom_charslot_left_04
0F347EE8EAAB342B,tourroom_charslot_left_05
0F347FE8EAAB35DE,tourroom_charslot_left_06
0F3482E8EAAB3AF7,tourroom_charslot_left_01
0F3483E8EAAB3CAA,tourroom_charslot_left_02
0F3484E8EAAB3E5D,tourroom_charslot_left_03
0F34909EC91EFFC0,weapon_raise_quick_crouch_weapons_s4_la_palpha
0F363B0E5B309A1E,p9_rus_bldg_apartment_yellow_01_front_extrude_window_03_lod0
0F370DCEA18150BB,j_leg_strap_le
0F39EC6D87C0E77B,coverstand_death_left
0F3A9493AA115930,callingcards_livinthing_s5
0F3B2E6691C106FE,ar_slowhandling_bp_gmaxis
0F3D3A5F88E1A45B,vm_mpapa40_mag_c_00
0F3D5B2F0FC50E23,j_hair1_ri_1
0F3D5C2F0FC50FD6,j_hair1_ri_2
0F3D5D2F0FC51189,j_hair1_ri_3
0F3FA9236404176C,p8_fiberglass_ceiling_tile_01_frame_1x1_lod0
0F3FCDB69F926D60,mod_telefrag
0F401AF80B0A5008,ps_exec_gear_mvmt_long_heavy
0F4075DCFEC566A9,callingcards_vts_04_desc
0F41E0D45B589B95,reargrip_taped_sh_mike97
0F44DCB0E7D825BA,sdr_com_exposed_stand_pain01_lleg_lg_f_to_exp
0F4614283798BB51,window_01_shard_21_jnt
0F462046011CC362,umbrella_base_007_jnt
0F488DA3AD261E93,p8_cas_brochure_botanical_jardin_01_lod0
0F48F663AA2DB01F,vm_dpapa28_mag_x_00
0F4AD40BE14428EB,s4_mp_custom_sn_moscar32_base_prone_trans_2_ads
0F4CCD2DD029C5FA,j_scope_flag_2_pba
0F4F34B1296C90D7,paintjob_stickers_greece
0F506D77F22E512B,flex_height_down_end
0F506E68DA4077AF,p7_server_rack_stackable_lower_01_lod0
0F509CDCC91A6336,p9_zm_platinum_screen_on_snow
0F5194CC4A4D8536,s2_light_bulb_02_on
0F51B8EFFD07592A,p9_paver_concrete_sidewalk_01_lod0
0F5259B84A0AC411,p9_ams_liquor_bottle_05_dmg_01
0F52777D9E1E744C,ps_mp_potm_lewis_aim_01
0F5403639BF22B47,scriptable_s4_ger_window_bay_shutter_right_01_destp_vers_2
0F549F84AE2752A0,score_limit_sd_dem
0F5548CE136F1EA9,s4_ger_railing_x32_wet
0F558E9C118D85E5,zm_reddot_reticle_18_r
0F55BE667ACFDE4C,vm_m1golf_stock_mk_001_ms
0F55E594ED4B4487,polysurface5211
0F563675B3059399,rottweiler_j_ball_ri
0F56393EAC8FCFD9,reargrip_stippled_short_sm_stango5
0F564F16EE5F7FCA,t9_charm_target_desc
0F5655854BD977BE,vm_bromeo_grip_tape_00_grv
0F5668854BD99807,vm_bromeo_grip_tape_00_gra
0F5707A672C03133,LMG_ACCURATE_BP_ZWEED_DISPLAYNAME
0F57137812BAA2D3,tag_fx_shield_r
0F57317812BAD5CD,tag_fx_shield_l
0F57E412ACEE7FC8,p8_foliage_flower_bougainvillea_med_02_lod0
0F58D641F68741AF,sdr_mp_parachute_idle_yank_left
0F5961F8C2F8E788,j_bunny_reap_head_ri_ear1_animate
0F59962D0BE1514F,rec_wecho43
0F5A30D5595C0874,guns_tag_p9_rus_ashtray_01_0
0F5C7F146B860D79,scriptable_s4_aac_hotel_luggage_cart_01_combined
0F5D46100A54EC08,sdr_mp_addoff_lm_dblmg_juggernaut_ads
0F5D4E75B30BDB0F,rottweiler_j_ball_le
0F5DA580FE558972,tag_rear_swing_arm
0F5E59453E9BCF87,s4_mp_custom_la_palpha_base_crouch_moving_trans_2_nonads
0F5F9E593A549680,p8_zm_zod_table_settings_tea_cup_lod0
0F5FA4B4FFB24D90,reargrip_pine_tactical_mr_aromeo99
0F600979960332AF,scriptable_s4_plate_stacks_01_solo_dstp
0F60C6667AD9F369,vm_m1golf_stock_mk_001_pc
0F60E6C3AF4D69E8,sdr_mp_me_strafe_shuffle_jump_land_7_alt
0F62E3D1CB6AB09F,adjust_mount_weapons_s4_sn_kalpha98
0F642C01335E80FD,trans_2_ads_stand_weapons_s4_lm_dpapa28
0F6461C2E27403EE,reargrip_granular_padded_mr_m1golf
0F6478318A9477B3,iw8_sm_papa90_vehicle
0F656084C41ECBE2,callingcards_toohottohandle_s5
0F659E7EA002ABF6,aim_sh_strafe
0F65AD1472B33F7C,tag_bomb08
0F65B11472B34648,tag_bomb04
0F65B41472B34B61,tag_bomb07
0F65B81472B3522D,tag_bomb03
0F65BB9CD0F22A9C,s4_mp_strafe_sprint_pi_akimbo_jump_land_slow_9
0F65BC9CD0F22C4F,s4_mp_strafe_sprint_pi_akimbo_jump_land_slow_8
0F65C19CD0F234CE,s4_mp_strafe_sprint_pi_akimbo_jump_land_slow_7
0F661D7D75E2CACC,p8_nt4_soviet_statue_mesh_lod0
0F662B8266F6BE66,ar_an94_t8
0F664DA15075B790,ps_wfoly_plr_sm_uzulu_reload_fast_06
0F664FA15075BAF6,ps_wfoly_plr_sm_uzulu_reload_fast_04
0F6650A15075BCA9,ps_wfoly_plr_sm_uzulu_reload_fast_05
0F6651A15075BE5C,ps_wfoly_plr_sm_uzulu_reload_fast_02
0F6652A15075C00F,ps_wfoly_plr_sm_uzulu_reload_fast_03
0F6654A15075C375,ps_wfoly_plr_sm_uzulu_reload_fast_01
0F6680DC8F0A2406,hadir_face_rom
0F66A310F1E7840E,p8_kit_brick_dmg_pieces_02_lod0
0F67DAF3C7CF7144,loot_ges_mtx_t9_scorpion_shot
0F68C9D5BF55DDC1,reargrip_leather_mg_bromeo37
0F691B6199670561,p9_rus_bldg_police_flag_scaff_lod0
0F693E5198A722FE,damage_corner_concrete_03n_lod010v41bf800000
0F69EC5DC39880E3,loot_shotgun_fullauto_bp_commando
0F6A8EF863749E9E,vm_becho20_grip_sp_00_bkl
0F6AA2A41715C58C,newspaper2_40_jnt
0F6CDF0C2EFAFB18,parachute_prepare_landing_legs
0F6DB8D60F75C511,wm_becho20_grip_rs_00_bkl
0F70473A9FDC4A5B,p7_spl_pirate_rigging_tie_support_lod0
0F714B5512BE9A17,p7_3arc_park_leaves_grp_2_lod0
0F7216D64E0128D1,j_gun_holster_le_driver
0F730511CD01D407,adjust_mount_left_weapons_s4_sn_kalpha98
0F73851074AF7AF8,ps_mp_mvphl_mateo_hits_01
0F73C039C4CAFCE3,ps_br_vehicle_enter_truck_fs_01
0F73C139C4CAFE96,ps_br_vehicle_enter_truck_fs_02
0F73C239C4CB0049,ps_br_vehicle_enter_truck_fs_03
0F741D12C665225F,chute_52_jnt
0F780A50AF731211,mag_chotel41_zm
0F782F7A72AAC27F,callingcards_t7_prestige_cerberus_gauntlet
0F786DF9A13C53AD,s4_acc_attach_watch_band_15_small
0F789C0F94DF8BC8,xxlmags_mike1911_s4_zm
0F7AE17A22174A74,BUNDLE_2072_DESCRIPTION
0F7B2AC15A084B0F,p7_fireplace_log_grate_lod0
0F7C33C3D14079FE,s4_mp_addoff_sn_moscar32_base_crouch_moving_nonads
0F7F52A4A3669DF1,motor_housing_dead
0F803262D01D00CB,s4_acc_attach_watch_band_75_surge_large_ms
0F812446EF50516A,editcustomgames_maps_category_small
0F81E3A38EA3E57C,origin_animate_d0
0F81E4A38EA3E72F,origin_animate_d1
0F821DDE093E9184,stick_layout_default
0F82397FD1AB38AB,sdr_mp_execution_021_victim_laststand
0F83311235B1350E,s4_jpn_mud_clump_edge_128_a
0F834BC5736919B8,ai_s4_zm_zombie_base_run_au_v11_pain_chest_f
0F841E94508992A0,sdr_mp_strafe_crouch_trans_walk1_walk9
0F858BBB7984EDB3,emblem_bulldozer_s6
0F8595AA095B803A,sfg_reboot_tow_def
0F85B9F7D5A241C0,generic_human_stairs_down
0F8618043FEBCEF4,s4_mp_custom_sn_gecho43_base_prone_pullout_first
0F869AF67F4F8D48,j_mouth_c03_le
0F8719AC8BBA9A94,j_frag_grenade3_ri
0F873027A21AE648,chute_cord_70_jnt
0F87C305F2682250,lmg_fastfire_bp_highnoon
0F87F40A962CAD9C,j_curtain_98
0F87F50A962CAF4F,j_curtain_99
0F87F80A962CB468,j_curtain_94
0F87F90A962CB61B,j_curtain_95
0F87FA0A962CB7CE,j_curtain_96
0F87FB0A962CB981,j_curtain_97
0F87FC0A962CBB34,j_curtain_90
0F87FD0A962CBCE7,j_curtain_91
0F87FE0A962CBE9A,j_curtain_92
0F87FF0A962CC04D,j_curtain_93
0F88CE898A11DE64,paintjob_mp_paragon_t5_04_large_sticker
0F88DAA3C6B2CFC0,window_02_shard_05_jnt
0F88DAD4190D7BE6,stk_beer_stein_01_lod0
0F896D59A084961B,s4_mp_world_ges_squish_crouch_moving
0F898635AF8B7557,grave_lid_chunk_102_jnt
0F8A8A25714DBA99,steel_beam_joint_03_lod0
0F8AF90A962EEBF2,j_curtain_89
0F8AFA0A962EEDA5,j_curtain_88
0F8AFB0A962EEF58,j_curtain_87
0F8AFC0A962EF10B,j_curtain_86
0F8AFD0A962EF2BE,j_curtain_85
0F8AFE0A962EF471,j_curtain_84
0F8AFF0A962EF624,j_curtain_83
0F8B000A962EF7D7,j_curtain_82
0F8B010A962EF98A,j_curtain_81
0F8B020A962EFB3D,j_curtain_80
0F8B1FD40D5B97C9,p9_corrugated_wide_wall_01_48h_64w_lower_01
0F8BE6DA4CD5BCFC,reargrip_taped_removed_mr_malpha1916
0F8CB718D0162ACC,mp_paragon_t4_01_large
0F8CD2E722908AA2,s4_mp_facial_roland_fire_ads_1
0F8CFD64987F1959,cqbright
0F8D72F67F5567FE,j_mouth_c03_ri
0F8D90994A043118,tag_rocket_pod_l_d0
0F8D91994A0432CB,tag_rocket_pod_l_d1
0F90F26D731FF6ED,lft_wrist
0F9261D2BA7B0DB4,camera2
0F92E0E0C4B25BCD,p9_rm_exp_brokenglass_window_05_lod0
0F93690BCD923916,dof_4_44_010_010
0F94134DB584A91F,vm_mpapa40_grip_hv_00_rub
0F94F75D578F6CD1,lft_gate02_bck_3_jnt
0F95471388DFE015,p9_sr_evidence_perseus_classified_telegram_01a_lod0
0F956C0A963803E0,j_curtain_58
0F956D0A96380593,j_curtain_59
0F95740A96381178,j_curtain_50
0F95750A9638132B,j_curtain_51
0F95760A963814DE,j_curtain_52
0F95770A96381691,j_curtain_53
0F95780A96381844,j_curtain_54
0F95790A963819F7,j_curtain_55
0F957A0A96381BAA,j_curtain_56
0F957B0A96381D5D,j_curtain_57
0F959AB74978A917,fire_stand_ads_weapons_s4_ar_asierra44
0F95F4183E1BE1DB,sdr_com_traverse_fast_jump_across
0F98116FC1CA7A18,shoot_additives_rifle_left_crouch
0F98706DE92E8A63,callingcards_nightmare_s5_desc
0F98F10A963B1BB6,j_curtain_49
0F98F20A963B1D69,j_curtain_48
0F98F70A963B25E8,j_curtain_43
0F98F80A963B279B,j_curtain_42
0F98F90A963B294E,j_curtain_41
0F98FA0A963B2B01,j_curtain_40
0F98FB0A963B2CB4,j_curtain_47
0F98FC0A963B2E67,j_curtain_46
0F98FD0A963B301A,j_curtain_45
0F98FE0A963B31CD,j_curtain_44
0F990AFEDDFA4CA6,door_5_jnt
0F9964140367B6F5,reargrip_rubber_folding_ar_chotel41
0F997B7C21300FAD,cal_xs_stealth_25_mpapa40_down1_zm
0F9ACB5A5AC21472,p8_wmd_pipe_metal_dmg_01_lod0
0F9B65B1C625CD0F,segmented_reload_end_stand_nonads_weapons_s4_sn_moscar32
0F9BF80A963D5D72,j_curtain_78
0F9BF90A963D5F25,j_curtain_79
0F9BFA0A963D60D8,j_curtain_76
0F9BFB0A963D628B,j_curtain_77
0F9BFC0A963D643E,j_curtain_74
0F9BFD0A963D65F1,j_curtain_75
0F9BFE0A963D67A4,j_curtain_72
0F9BFF0A963D6957,j_curtain_73
0F9C000A963D6B0A,j_curtain_70
0F9C010A963D6CBD,j_curtain_71
0F9C59C7C524F7E8,rechamber_crouch_ads_moving_weapons_s4_sn_moscar32
0F9CB5D6C00E8617,nv_scope_00_ppapa41
0F9D58C368019FDE,p7_foliage_flower_bouquet_jar_lod0
0F9D805912FBEF94,tag_turnsignal_right_d1
0F9D815912FBF147,tag_turnsignal_right_d0
0F9D835912FBF4AD,tag_turnsignal_right_d2
0F9DCAB4B3CE7715,me_furniture_cafe_table_square_01
0F9DF56F7F4812AB,p7_foliage_weed_cluster_lrg_lod0
0F9EB12E3C638CC2,rope_03_21_jnt
0F9F650A96404C80,j_curtain_61
0F9F660A96404E33,j_curtain_60
0F9F670A96404FE6,j_curtain_63
0F9F680A96405199,j_curtain_62
0F9F690A9640534C,j_curtain_65
0F9F6A0A964054FF,j_curtain_64
0F9F6B0A964056B2,j_curtain_67
0F9F6C0A96405865,j_curtain_66
0F9F6D0A96405A18,j_curtain_69
0F9F6E0A96405BCB,j_curtain_68
0F9F9573E6633B9A,t9_charm_jewel_elite_desc
0F9FBD04EAAB068D,weap_shotattach_clipin_plr
0FA0E9AC79EA341E,tag_panel_left
0FA1102B7A1EE268,cover_crouch_turret_deploy
0FA1DD8AE2C45F3D,weap_mp7_fast_magout_plr
0FA25434A8A32460,BUNDLE_1015_DESCRIPTION
0FA2E80A964360F0,j_curtain_14
0FA2E90A964362A3,j_curtain_15
0FA2EA0A96436456,j_curtain_16
0FA2EB0A96436609,j_curtain_17
0FA2EC0A964367BC,j_curtain_10
0FA2ED0A9643696F,j_curtain_11
0FA2EE0A96436B22,j_curtain_12
0FA2EF0A96436CD5,j_curtain_13
0FA2F0F817AD275F,sdr_com_traverse_jog_jump_over_drop_lg_intro
0FA2F40A96437554,j_curtain_18
0FA2F50A96437707,j_curtain_19
0FA4AFCA3BB1079E,dismemberment_transition_done
0FA4C8C9DC043626,day_wires_house1
0FA53651E6F3EEB1,s4_sn_moscar32_alt_mode_in_crouch_moving
0FA57E82ED0E66C1,p7_zm_debris_newspaper_german_05_burnt
0FA90D9FC40C04AB,p9_mkg_wagon_wood_01_lod0
0FA9F00A96498D36,j_curtain_38
0FA9F10A96498EE9,j_curtain_39
0FA9F60A96499768,j_curtain_32
0FA9F70A9649991B,j_curtain_33
0FA9F80A96499ACE,j_curtain_30
0FA9F90A96499C81,j_curtain_31
0FA9FA0A96499E34,j_curtain_36
0FA9FB0A96499FE7,j_curtain_37
0FA9FC0A9649A19A,j_curtain_34
0FA9FD0A9649A34D,j_curtain_35
0FAAEF9B2624D690,jnt_lon_create_set_08_destp_part_13
0FAAF09B2624D843,jnt_lon_create_set_08_destp_part_12
0FAAF19B2624D9F6,jnt_lon_create_set_08_destp_part_11
0FAB02918296386E,j_hair_back_end
0FAB673F90A18BA0,j_bandana_head2_le
0FACF50A964BCB8C,j_curtain_29
0FACF60A964BCD3F,j_curtain_28
0FACF90A964BD258,j_curtain_25
0FACFA0A964BD40B,j_curtain_24
0FACFB0A964BD5BE,j_curtain_27
0FACFC0A964BD771,j_curtain_26
0FACFD0A964BD924,j_curtain_21
0FACFE0A964BDAD7,j_curtain_20
0FACFF0A964BDC8A,j_curtain_23
0FAD000A964BDE3D,j_curtain_22
0FAD819E93441851,s4_mp_addoff_lm_mgolf42_base_blindfire_left
0FADBE15EC4AC02E,s4_mp_addoff_la_m1bravo_base_cover
0FB07E3E8DD5FF12,vm_moscar32_barrel_rl_00
0FB2ED55CAE54F7E,reargrip_taped_marksman_mg_mgolf42
0FB33743F25CE850,sdr_com_exposed_stand_death01_head_md_6
0FB33B43F25CEF1C,sdr_com_exposed_stand_death01_head_md_2
0FB34543F25D001A,sdr_com_exposed_stand_death01_head_md_8
0FB4025CAD120A70,ps_exec_generic_champagne_01_stand_foley_03
0FB4035CAD120C23,ps_exec_generic_champagne_01_stand_foley_02
0FB4045CAD120DD6,ps_exec_generic_champagne_01_stand_foley_01
0FB4095CAD121655,ps_exec_generic_champagne_01_stand_foley_04
0FB557B43F20E9B2,reload_empty_ads_weapons_s4_sn_kalpha98
0FB5E27DCE332AEB,deb_woodfloor_15_lod0
0FB606AB56C7E840,p9_foliage_tree_maple_02_lod0
0FB65862FA106DCB,sdr_mp_strafe_jog_jump_land_6_jugg
0FB6B7BC707AF927,ps_weap_mike4_reload_empty_lift_npc
0FB6E4D5318521E8,s4_mp_custom_ar_balpha_extmag_stand_ads_reload_empty
0FB7481AE6E36752,weapon_raise_prone_weapons_any_smg
0FB7B6E7D3140ADF,s4_sh_lindia98_blindfire_all
0FB7B99A14D84436,lipRaise
0FB9A02CCF136C7D,p7_zm_kin_costume_armor_02_lod0
0FB9AB54F618793B,sdr_mp_strafe_fast_jump_takeoff_3_alt
0FBA71F67EAF2428,prestige_s2_10_large
0FBB261802093244,sdr_mp_me_strafe_prone_stop_l
0FBB2C1802093C76,sdr_mp_me_strafe_prone_stop_r
0FBB428F8E2F0B12,pf6611_auto7
0FBBD3AC35BFF9B3,p9_foliage_grass_wild_short_01_cluster_02_lod2
0FBBD5AC35BFFD19,p9_foliage_grass_wild_short_01_cluster_02_lod0
0FBBEF6DA1281F7D,tag_rear_ramp_cargo_load_animate
0FBDD650730739E5,reargrip_taped_marksman_light_sh_lindia98
0FBE1E3C9F239339,fire_crouch_ads_weapons_iw8_rocketlauncher
0FBE4C027368F52C,weapon_lower_stand_weapons_default
0FBF700A0B696E85,reargrip_grooved_sm_wecho43
0FC1136AA571C5A5,ATTACH_T9_CHARM_SCYTHE_DESC
0FC1E408FFE58421,rechamber_blindfire_left_weapons_s4_sn_kalpha98
0FC224C5748F1C3E,ps_wpn_aromeo99_plr_reload_cycle
0FC29B3893C8DCC6,sign_link_jnt
0FC46DADEEFD7075,j_hose_18
0FC46EADEEFD7228,j_hose_17
0FC46FADEEFD73DB,j_hose_16
0FC470ADEEFD758E,j_hose_15
0FC471ADEEFD7741,j_hose_14
0FC472ADEEFD78F4,j_hose_13
0FC473ADEEFD7AA7,j_hose_12
0FC474ADEEFD7C5A,j_hose_11
0FC475ADEEFD7E0D,j_hose_10
0FC4AA77B58558D9,p7_bicycle_lod1
0FC4B5899213F55C,reload_empty_prone_alt_weapons_s4_sm_stango5
0FC760D02A903FF3,alias_blendspace_move_turn_lean_sprint
0FC774D19641936A,gumball_time_base_12_jnt
0FC7783E66A04A56,reargrip_stippled_weighted_mg_dpapa27
0FC77CB987F26E11,tag_side_laser_mount
0FC94805020826C9,sdr_mp_aims_la_circle_90_ads
0FC9A65359AD6441,stop_forward_crouch_melee
0FC9F7131872ABFB,anim_movement = 'stop'
0FCA87F44FFD52E0,sdr_cqb_cover_left_crouch_pstl_walk_exit_8l
0FCAA5F44FFD85DA,sdr_cqb_cover_left_crouch_pstl_walk_exit_8r
0FCAD27C68A74E07,corner_01_low
0FCC05663794B2FF,reargrip_taped_reinforced_sh_lindia98
0FCCB457ED3AA6D7,reargrip_grooved_folding_sm_owhiskey
0FCDA85F7F30EA0A,dof_3.3_55_0_0
0FCDD35B84A9978C,sdr_com_cover_right_crouch_pstl_jog_arrival_l_9
0FCDD45B84A9993F,sdr_com_cover_right_crouch_pstl_jog_arrival_l_8
0FCDD85B84A9A00B,sdr_com_cover_right_crouch_pstl_jog_arrival_l_4
0FCDDA5B84A9A371,sdr_com_cover_right_crouch_pstl_jog_arrival_l_6
0FCDDB5B84A9A524,sdr_com_cover_right_crouch_pstl_jog_arrival_l_1
0FCDDD5B84A9A88A,sdr_com_cover_right_crouch_pstl_jog_arrival_l_3
0FCDDE5B84A9AA3D,sdr_com_cover_right_crouch_pstl_jog_arrival_l_2
0FCEA03D1D20ED48,s4_mp_addoff_ar_balpha_base_mount
0FCEAA7D3437895C,fatality_gustavo_02
0FCEAD7D34378E75,fatality_gustavo_01
0FCEAFE981654DAC,j_snake_front_end
0FCF729D01C5692C,gamebattles_options_list
0FCFACEBA63DDB2D,crouch_aim_ar_strafe
0FD08E5EA6156B99,s4_mp_custom_sm_wecho43_base_stand_ads_reload
0FD0DE76D51EB445,front_m1bravo
0FD1D22553E961DD,wm_balpha_acog_offset_r_101
0FD223EC070CE328,po_c_t9_gen_pl_starter1_hunter_dash_variant01_desc
0FD508D5E33CAB51,p9_mal_rollup_door_228x34_lod0
0FD53D646AA1B3A6,ps_wpn_m1golf_plr_reload_magin_tac_ext
0FD66B537FC87D0C,tag_hindge_mid_right_2_animate
0FD73C1AAF10A78A,callingcards_mp_league_scorpion_desc
0FD747796445B503,sdr_com_exposed_stand_pstl_ads
0FD7E211011480B4,bootTime
0FD821B8016553C6,vm_ttango33_griptape_00_tap
0FD8D3722A3ADBCD,j_metaring_ri_1_pet
0FDA0F0CF5CE4B93,ps_ht_boss_smtobj_lean_table_hand_r_30_react_4_01
0FDA100CF5CE4D46,ps_ht_boss_smtobj_lean_table_hand_r_30_react_4_02
0FDAFED426A9E432,weap_mp5_empty_chamber_close_plr
0FDC42A0FEB79F54,adjust_ads_stand_weapons_s4_sm_thotel
0FDD91E83DA86092,s4_mp_fingers_sm_ppapa41_gripstop_l
0FDEBB8709487A63,tr_damagesemi_bp_adder_desc
0FE04E2E333737E5,p9_rus_kgb_hangar_stair_64_lod0
0FE180218DB5D87C,scriptable_s4_fra_luggage_05_destp
0FE18D40CBC8926B,j_cheek_high_ri
0FE1C5CE1AF11720,callingcards_s4_wm_moto01_animated
0FE1C76E56753D25,unreachable_goal
0FE263DA1CCA9059,trans_2_nonads_stand_weapons_s4_ar_asierra44
0FE26CA880F7899C,paintjob_stickers_unkillable_s5_base_pc
0FE2AF49899E59A5,tag_patch_02
0FE2DD0E6D4CB44B,j_ring_ri_2_lep
0FE335D44428C573,iw8_acc_attach_face_codl_chicago
0FE424F571478D15,nv_scope_00_asierra44
0FE513FD3C61886F,z_r_all_jnt
0FE53B656D940806,ps_iw8_vm_mg_mobile_turret_deploy_npc
0FE55EA880F9A7A9,paintjob_stickers_unkillable_s5_base_sy
0FE7EDBB587225DB,s4_mp_execution_generic_cupid_01_victim_laststand
0FE86DFAAD2C33DD,p7_jun_building_hut_02_roof_lod0
0FE88F3F90D57DB6,j_bandana_head2_ri
0FE93E8B95F9EEA3,p9_usa_signage_shark_jumper_backing_01_lod0
0FE9605A173B5DA3,aac_apt_door_wood_01
0FE9E11473234899,tag_bomb_r
0FE9FB14732374C7,tag_bomb_l
0FEC54A880FFB559,paintjob_stickers_unkillable_s5_base_ms
0FECBA17A7095786,prestige_t7_zm_09_large
0FECF2E3D5ADD490,sdr_mp_execution_062_victim_laststand
0FED093F3B4A8D0E,wm_bromeo35_grip_sp_00_fab
0FED3B99E08DF3B8,tag_tip_water1_clamp_base
0FEDAED0FA9C81BD,j_midtoe_ri_1_parrot
0FEE59BF1F197ED0,trans_2_nonads_stand_weapons_any_pistol
0FEE61F5281D5A07,cover_left_hide_to_look
0FF0AB0F73F9426B,trans_2_ads_prone_weapons_s4_sn_kalpha98
0FF124110418F925,dof_3.3_61_010_010
0FF1C4FE0D6FE9F7,flower_13_dupl2_dupl2
0FF222F48ADA90DE,gumball_rounds_speckled_01_jnt
0FF399514D7FE2E6,tag_neck_fx
0FF5DB8795B3D520,blade_21_jnt
0FF657B21FC64063,reargrip_leather_short_sm_stango5_v205
0FF69A4BD6FED213,j_hippack_1_le_tr
0FF7655F49AE599A,adjust_cover_weapons_s4_lm_fromeo45
0FF8A837A2533FE8,scriptable_s4_dun_briefcase_saddle_01_destp
0FF8F3C486883C63,link_talisman_ui_large_jnt
0FFA47D32B5A2581,cob_fence_farm_01d_ivy_lod310v60bf800000
0FFC142C70D96350,stock_sniper_kalpha98
0FFC377BA0CC410A,ai_s4_zm_zombie_juggernaut_strafe_trans_walk2_walk8
0FFCFF70C658D0E5,lft_vine_clump3_11_jnt
0FFDFA115966BA7A,p8_spa_statue_metal_01_figure_lod0
0FFFCE0FEDB18DE6,cable_02_01_jnt
0FFFEEFD485BFC31,sdr_mp_prone_prepare_eq_claymore
2A101E863B7F5052,reload_medium
7CD630B53AD2F9A0,reload_small
8000013406E4C9CF,s4_mp_custom_leta_satchel_stand_prepare
80007D3E71F5982A,start_backward_melee
8000E348E2450CBA,reload_ads_weapons_s4_sm_wecho43
8001A1C4B5B93606,j_cable01_05_animate
8001C13173BB3189,sdr_mp_pain_prone_head_ri_01
8001D255C1C66602,fence_corrugated_metal_a_quarter
8002C62E9DC8C86B,tag_sight_on_le
8003469BBFE7EE44,sdr_com_pstl_shuffle_right_to_cover_stand
80034DCE769460FA,SHOTGUN_SEMIAUTO_BP_FROGMEN_DESCRIPTION
8003EC9BE7F4FC11,bsh_boat_cable_hinge_01_lod0
8004025DD2A9ECF2,xmags_ptango41
8004046EF481995B,p7_mou_ice_icicle_destr
8006A6B799A50B87,p8_vista_ac_duct_rect_sml_vert_90_lod0
80083AE257082FED,tag_gear_door_right_back_animate
8008E51530331030,tag_rope_140
8008E615303311E3,tag_rope_141
8008E71530331396,tag_rope_142
8008E81530331549,tag_rope_143
8008E915303316FC,tag_rope_144
8008EA15303318AF,tag_rope_145
8008EB1530331A62,tag_rope_146
8008EC1530331C15,tag_rope_147
8008ED1530331DC8,tag_rope_148
8008EE1530331F7B,tag_rope_149
800A5DB523FCC90F,stand_run_reload
800A9B25CCF79FB3,callingcards_s5_armsrace_2
800C26739393A7EF,c_t9_sa_pl_deathstalker_hyena_desc
800C6815303624A0,tag_rope_153
800C691530362653,tag_rope_152
800C6A1530362806,tag_rope_151
800C6B15303629B9,tag_rope_150
800C6C1530362B6C,tag_rope_157
800C6D1530362D1F,tag_rope_156
800C6E1530362ED2,tag_rope_155
800C6F1530363085,tag_rope_154
800C72153036359E,tag_rope_159
800C731530363751,tag_rope_158
800D043841377446,s4_mp_execution_generic_woodaxe_01_attacker_laststand
800D64FE357EF199,s4_mp_custom_ar_fecho_base_crouch_moving_trans_2_ads
800ED0C605CC225C,s4_acc_attach_watch_band_02_02_small
800FAB45C0D66017,s4_mp_addoff_la_walpha2_base_prone_moving_nonads
800FEB1530393910,tag_rope_166
800FEC1530393AC3,tag_rope_167
800FED1530393C76,tag_rope_164
800FEE1530393E29,tag_rope_165
800FEF1530393FDC,tag_rope_162
800FF0153039418F,tag_rope_163
800FF11530394342,tag_rope_160
800FF215303944F5,tag_rope_161
800FF915303950DA,tag_rope_168
800FFA153039528D,tag_rope_169
8010B64428D26FD4,reargrip_taped_heavy_mg_bromeo37
801192B5ABF456A9,weap_alpha50_empty_fast_bolt_close_plr
8011C01F025BB8BA,adjust_break_out_gesture_detonate
8012EE15303B7400,tag_rope_179
8012EF15303B75B3,tag_rope_178
8012F615303B8198,tag_rope_171
8012F715303B834B,tag_rope_170
8012F815303B84FE,tag_rope_173
8012F915303B86B1,tag_rope_172
8012FA15303B8864,tag_rope_175
8012FB15303B8A17,tag_rope_174
8012FC15303B8BCA,tag_rope_177
8012FD15303B8D7D,tag_rope_176
8013517FD02B3EFF,wpn_t9_eqp_jammer_world
8013527583C98F3F,emblems_zombieslayer2_animated
80153D8DC42E000D,p8_foliage_plant_succulent_paddle_cluster_02_lod0
80164F5950510EA2,block88
80167515303E8F3C,tag_rope_108
80167615303E90EF,tag_rope_109
80167915303E9608,tag_rope_104
80167A15303E97BB,tag_rope_105
80167B15303E996E,tag_rope_106
80167C15303E9B21,tag_rope_107
80167D15303E9CD4,tag_rope_100
80167E15303E9E87,tag_rope_101
80167F15303EA03A,tag_rope_102
80168015303EA1ED,tag_rope_103
801825BEE32CDA9F,warzone_hide_compass
8019FA153041A712,tag_rope_119
8019FB153041A8C5,tag_rope_118
8019FC153041AA78,tag_rope_117
8019FD153041AC2B,tag_rope_116
8019FE153041ADDE,tag_rope_115
8019FF153041AF91,tag_rope_114
801A00153041B144,tag_rope_113
801A01153041B2F7,tag_rope_112
801A02153041B4AA,tag_rope_111
801A03153041B65D,tag_rope_110
801A66467AB8D593,ar_mobility_bp_finec2
801B0CE736498CBD,stk_box_light_bulb_01_open_lod0
801B7426A8C30167,fast_ready
801C6C7F9C999CD3,mp_fingers_lm_mgolf36_r_safe
801C9A83A6FA9501,foregrip_handstop_hyankee44
801CDF0D26F2712C,crouch_killstreak_remote_map
801D671530449620,tag_rope_122
801D6815304497D3,tag_rope_123
801D691530449986,tag_rope_120
801D6A1530449B39,tag_rope_121
801D6B1530449CEC,tag_rope_126
801D6C1530449E9F,tag_rope_127
801D6D153044A052,tag_rope_124
801D6E153044A205,tag_rope_125
801D71153044A71E,tag_rope_128
801D72153044A8D1,tag_rope_129
801F6BAA4301D43B,callingcards_s4_gladiator_animation
802060E4E9708B8F,sdr_mp_stand_custom_fire_sh_oscar12_weapon
8020EA153047AA90,tag_rope_135
8020EB153047AC43,tag_rope_134
8020EC153047ADF6,tag_rope_137
8020ED153047AFA9,tag_rope_136
8020EE153047B15C,tag_rope_131
8020EF153047B30F,tag_rope_130
8020F0153047B4C2,tag_rope_133
8020F1153047B675,tag_rope_132
8020F6153047BEF4,tag_rope_139
8020F7153047C0A7,tag_rope_138
80216A3CF7B1D492,lobby_player_9_large3
802256E2BEB1BFAB,sdr_com_cover_stand_long_death_mytr_grenade_pull
8023018FCC8E671C,s4_ar_chotel
8023CFF73AFECED0,AR_FASTFIRE_BP_RENEGADE_DISPLAYNAME
80246DF6E7EE0334,floating_adjust_juggernaut_arms_sprint_jump_land
8024B278D7CDCCCD,iw8_acc_attach_face_analog_chimera_female
8027645D6966CCB8,melee_sledgehammer_bp_predator_sy
802767C9F4DA12B7,j_jacket_rear
80276CC5D3A9B04F,mp_league_25_02b_large
802A55B7D3B224F5,polysurface2b1
802A573BCB5375A6,p9_nic_palacio_rooftop_tarp_04
802A593BCB53790C,p9_nic_palacio_rooftop_tarp_02
802A5A3BCB537ABF,p9_nic_palacio_rooftop_tarp_03
802A5C3BCB537E25,p9_nic_palacio_rooftop_tarp_01
802C74910E8375AB,s4_mp_crouch_death01_torso_xl_4
802C76910E837911,s4_mp_crouch_death01_torso_xl_6
802C7A910E837FDD,s4_mp_crouch_death01_torso_xl_2
802D59B7D3B46198,polysurface2c1
802D6D1FD02FE79C,s4_ar_fecho_blindfire_all
802DB8E46DC7C6E0,stock_short_light_guniform45
802FD68F9CC95329,tag_barrel_ring_pba
8030434C60449F50,weapon_first_raise_prone_weapons_s4_ar_bromeopg
8030E1B7D3B77E87,polysurface2d1
8031B1BA55C3B933,p7_foliage_grass_dry_03_lod0
8031E91530561C10,tag_rope_184
8031EA1530561DC3,tag_rope_185
8031EB1530561F76,tag_rope_186
8031EC1530562129,tag_rope_187
8031ED15305622DC,tag_rope_180
8031EE153056248F,tag_rope_181
8031EF1530562642,tag_rope_182
8031F015305627F5,tag_rope_183
8031F51530563074,tag_rope_188
8031F61530563227,tag_rope_189
8032B9C6C5C26933,hellhound_j_hip_le
8032FFE08FED7F1B,s4_mp_mount_stand_horizontal_mid_strafe_4_aim_20
8033CD37A8E80B7C,pf6617_auto7
80346A1757E3718F,gumball_rounds_base_19_jnt
80348813ECB4E18E,bs_tromeo_s01_pitch_melee
8034EC1530585700,tag_rope_197
8034ED15305858B3,tag_rope_196
8034EE1530585A66,tag_rope_195
8034EF1530585C19,tag_rope_194
8034F01530585DCC,tag_rope_193
8034F11530585F7F,tag_rope_192
8034F21530586132,tag_rope_191
8034F315305862E5,tag_rope_190
8034F763D2D90F42,p7_jun_foliage_grass_cut_burned_128_02_lod0
8034FA1530586ECA,tag_rope_199
8034FB153058707D,tag_rope_198
8035ED3215DECD18,sdr_mp_me_pain_crouch_rleg_ri_01
8036634011EC0E35,t9_charm_daisy_flwr_desc
80374AFF09412D22,newspaper2_20_jnt
80381E42FD4A2F29,flak_tower_ger_switchboard_lod0
8038BE2AE1703EED,pistol_semiauto_bp_air_sy_desc
8038C0BAE1B6F3D6,s4_mp_addoff_sh_mike97_base_crouch_moving_nonads
8038EC927D012B56,t9_charm_league_cdl_champs_sy_desc
8039CAC8C8D7218B,s4_mp_fatality_beatrice_02_attacker_thumbnail
803AD67F16ACF5B6,vm_becho20_mag_x_101
803BFACF25CF5529,newspaper2_21_jnt
803C1ACAAA9F289E,pistol_shotgun_bp_throwback_desc
803CF6E08FF5C455,s4_mp_mount_stand_horizontal_mid_strafe_4_aim_75
803D1499E48DFBCA,ss_chop_gun_threat
803F56E0427637F1,tag_windows
804079E08FF8D8C5,s4_mp_mount_stand_horizontal_mid_strafe_4_aim_62
80407FE08FF8E2F7,s4_mp_mount_stand_horizontal_mid_strafe_4_aim_68
8040D70FB3A5BFE2,weapon_switch
804178622454F2B2,s4_mp_custom_ar_stango44_base_prone_reload
80427AFC93EC89C0,callingcards_t7_food_zombie_peppers_desc
80433DC85A898E16,sdr_mp_raise_back_r_lm_dblmg_juggernaut
8043FDE08FFBEEE8,s4_mp_mount_stand_horizontal_mid_strafe_4_aim_90
804627CDF50EC883,ar_slowhandling_bp_orda_desc
804647902FDF3454,j_gear_02
804649902FDF37BA,j_gear_00
8047A35FD642FCD3,trans_2_ads_stand_weapons_s4_la_mkilo11
8047E9C6C5D516CD,hellhound_j_hip_ri
804855D17492621A,adjust_ads_vehicle_weapons_s4_la_walpha2
80498163F70C44B0,vm_m1golf_variable_offset_l_103
8049AB5887C12A20,sdr_com_cover_left_crouch_pain01_torso_md_l
8049B0FD80BF9F23,vm_malpha96_grip_101
8049B1FD80BFA0D6,vm_malpha96_grip_102
8049B2FD80BFA289,vm_malpha96_grip_103
8049B55887C13B1E,sdr_com_cover_left_crouch_pain01_torso_md_f
8049B95887C141EA,sdr_com_cover_left_crouch_pain01_torso_md_b
8049C95887C15D1A,sdr_com_cover_left_crouch_pain01_torso_md_r
804ADF8806AA5DE1,s4_n82
804BCEEA0FE67CC5,p7_soc_barrel_metal_rusty_lod0
804BF016CA17F126,lmags_kalpha98_zm
804C735140E403A0,leaves20090
804C745140E40553,leaves20091
804C755140E40706,leaves20092
804C765140E408B9,leaves20093
804C775140E40A6C,leaves20094
804C785140E40C1F,leaves20095
804C795140E40DD2,leaves20096
804C7A5140E40F85,leaves20097
804C7B5140E41138,leaves20098
804C7C5140E412EB,leaves20099
804C7E8A599B12D8,cal_md_380_ttango33_up1_noimp_zm
804DF00BE67785BB,p9_sur_tube_essence_01_crystals_01
804DF10BE677876E,p9_sur_tube_essence_01_crystals_02
804DF20BE6778921,p9_sur_tube_essence_01_crystals_03
804DF30BE6778AD4,p9_sur_tube_essence_01_crystals_04
804F7CE0CCE318FF,lookatpos_exposed_crouch
804FCE2BF5B94FF3,dyn_bullet_strap_l_01
804FCF2BF5B951A6,dyn_bullet_strap_l_02
804FFA5140E71EDC,leaves20087
804FFB5140E7208F,leaves20086
8050005140E7290E,leaves20089
8050015140E72AC1,leaves20088
80511694983EBA0C,jog_4_md
80518F7D6AF57380,callingcards_mps2_hostilecheckpoint
8051F7875A6FF69C,iw8_killstreak_remote_device
80534378BC52F30B,tag_steering
80538EDD0A93EE5C,dof_2.8_60_200_200
8054E779B9671C63,sdr_mp_strafe_jog_jump_air_7_alt
8057AD37E0547D96,iw8_ar_akilo47_shotgun
8058273E4FD26C7F,fire_stand_ads_weapons_any_lmg
80587B0FE79FFF78,vm_ttango33_stock_101
80587E0FE7A00491,vm_ttango33_stock_102
80594D5CFB202044,trophy system
805AA9DAD6C2BE29,vm_tyankee11_grip_sk_00_bkl
805AE082D8CE4383,zm_axe
805B528729B6F565,reflex_monocle_00_forward_stango44
805BB80FE5A5C774,j_thigh_rear_parent_le
805BEA981AE237FE,reargrip_taped_short_sm_owhiskey
805BF412CAC8ADD7,paintjob_prestige_s1_01_large
805C64CAAC6A3FA6,p9_dun_hanging_cloth_wall_02_lod0
805E467F1E5C7087,STICKER_HOLIDAY2
805E93E2362BEFFD,calling_cards_default
805EF196E7A2B3A5,adjust_nonads_crouch_moving_weapons_s4_sm_wecho43
805F67C05A1D2826,lm_dblmg_additive_mantle
8061807A196D50F3,mp_prone_custom_reload_ar_mcharlie_gl
8061E0073D8FA44E,ps_wpn_aromeo99_plr_reload_open_empty_ext
8063F24164C746DB,s4_mp_custom_sh_lindia98_base_crouch_gun_butt_hit
80676EE95C99E8D5,mp_prone_custom_reload_pi_golf21
80693D61E9E6A9E3,s4_acc_attach_watch_band_71_large
80694F8806C419C0,s4_n74
806A455B59404699,segmented_reload_start_stand_nonads_weapons_s4_sh_becho20
806A5C04532F0EF8,sdr_com_cover_right_crouch_pain01_torso_md_f_to_hide
806B005140FDF0C6,leaves20009
806C26AD887DBD86,small_09
806C2CAD887DC7B8,small_03
806C2FAD887DCCD1,small_00
806C6B8C65FEBF51,sdr_com_exposed_crouch_pstl_to_prone
806D59823B1E8CAD,p9_rus_yegor_chain_02_lod0
806E895141010F68,leaves20036
806F9C2E66ACE0C0,hyflex_canted_mini_00_gecho43
806FC5064B354908,joint6_jnt
8070796D5258E399,p7_slu_cooler_refrigerator_lod0
8070F24E6E1D91D2,j_chain_24_a
80712597D2E26024,s4_mp_custom_sn_svictor40_base_prone_trans_2_nonads
80712CC1274940DE,veh_t9_mil_ru_heli_gunship_hind_mpx_skybird_desc
8071C98A7314F5A5,btm_all_jnt
8071F9FC1B5FAE0F,s4_mp_custom_sm_owhiskey31_base_stand_gun_butt_hit
8073CA63E50A63A6,woodbeam_06_lod0
8073D5CB832AF879,throw_to_lower_pass
8074CA8120B4A172,p7_jun_building_hut_dmg_02_pole_01_lod0
80752749300D96D3,j_hip_le_back_muscle
8076A7A0F40C2926,foregrip_ready_thotel
8077B1334BEC161F,ps_mp_potm_gustavo_hits_02
8077B2334BEC17D2,ps_mp_potm_gustavo_hits_01
8078E93B4AAD13F3,SNIPER_QUICKSCOPE_BP_WRAP_DESCRIPTION
80792B5FCA89CD28,debris_rebar_straight_32_01
80792E5FCA89D241,debris_rebar_straight_32_02
8079B113BFC617B8,j_backpack_charm
8079E4BDC9C4EBA4,ar_accurate_bp_reaperb
807A3561F36E2696,solange
807A68D2863850B9,usa_ammo_box_metal_large_01_lod0_mesh
807C52BC8B4AC5C6,zmb_wagon_hay_01
807D460FE2377B10,plastic_70_jnt
807D55F5BDD0F0BD,p8_zm_gla_egy_fire_pit_sml_wood_pile_lod0
807E3AFDD5842B1E,sdr_mp_addoff_crouch_moving_sm_papa90_nonads
807E58C7776F2C49,teethlowernarrow
807F61F69C995DE9,sdr_com_cover_stand_pain01_legs_md_b_to_hide
807F76818EEF03EA,LookRight_08_L
807F78818EEF0750,LookRight_08_R
80806B224F3B5E0F,wm_dpapa28_irons_s_00
80850E6B6CB367CD,titlescreen
80855C0C3875E816,j_chamber_round_os
8085C0ED294ECCF2,par_signs_german_occupation_01d_lod010v41bf800000
8086464499498B75,sdr_mp_aims_la_juliet_circle_90_ads
808742C095DCE468,stockpile_mult_hub_moved
80880BE9F3F5B0E6,sdr_com_cover_right_stand_lean_aim_2
80880CE9F3F5B299,sdr_com_cover_right_stand_lean_aim_3
80880EE9F3F5B5FF,sdr_com_cover_right_stand_lean_aim_5
80880FE9F3F5B7B2,sdr_com_cover_right_stand_lean_aim_6
808810E9F3F5B965,sdr_com_cover_right_stand_lean_aim_7
808811E9F3F5BB18,sdr_com_cover_right_stand_lean_aim_8
808812E9F3F5BCCB,sdr_com_cover_right_stand_lean_aim_9
8088885804A3E738,rec_malpha96
8088A5267538F9A4,s4_zm_ger_hur_blanket_wool_01_2
8088A6267538FB57,s4_zm_ger_hur_blanket_wool_01_3
8089740AAAA91CE4,extra_ammo
808A84933903D6F5,s4_sm_wecho43_blindfire_all
808A86338120235E,trans_2_nonads_crouch_weapons_s4_lm_bromeo37
808AC4B65AA280AA,blendspace_alias_move_forward_juggernaut
808D18634F614C7B,s4_acc_attach_face_51_large
808E8ECADDCE8BBC,cal_xs_xxlmag_22lr_owhiskey_down1_noimp_zm
808E98E1E7A4A9F0,c_t9_usa_pl_cia_kick_desc
808F499B67AE862B,tag_headlamp_fx
808F5804F474A841,rt_gate01_frnt_6_jnt
808FD7A8BEACADD2,fire_prone_nonads_weapons_s4_sh_becho20
80924F33C9C7C8C5,reload_empty_prone_alt_weapons_s4_ar_chotel15
8092C2DDE6D92B49,ps_wpn_voscar_plr_reload_charge_empty
80930770F556463A,vm_becho20_barrel_s_00
80935FD8E47BA38E,wm_m1golf_grip_mk_00_ws_00_ps_00_pin
8094C53ED7FF3341,centrifuge_tt_liquid_white_02_jnt
8094F88FACB8E735,s4_mp_custom_sn_malpha1916_base_stand_ads_reload_empty
8095F5873481A7C9,exposed_crouch_extendedpaina
809616D970730B61,tag_bullet_deplete_sqtl_18_animate
8096558B65A6D416,s4_turret_stand_pain_left_leg_a
80969D13A130389D,prestige_s1_05_large
80970EA600E35E1F,sound_on_tag
809779CF4BE643DE,tr_longburst_bp_code_ms
80986BB319058BD3,aim_la_juliet_ads
8099A4FFA9A2A28F,killstreak_missile_turret
8099BDAFC563DC84,s4_mp_custom_ar_stango44_extmag_stand_ads_reload_empty
809A286EAE29A64C,holo_00_offset_fecho
809B1A7583FE2F3A,reflex_monocle_00_mgolf42
809C2F2FB65BF354,j_palm_bottom_pad_le_1
809C312FB65BF6BA,j_palm_bottom_pad_le_3
809C322FB65BF86D,j_palm_bottom_pad_le_2
809CC83F73EBE467,hur_rocks_single_med_02_moss_lod0
809CE2170FEA9223,j_paper_le_root
809CEA82C3FA4DF6,vfx/s4/level/nest/mp_nest_dest_paint_splatter
809E1E17D1B0775E,gunperk_shrouded
809EAD0BB663DA55,wm_dpapa28_receiver_00
809F3F3EF181BC83,tag_hose_03_01
809FCDCB534315BE,fan_palm_tree_01_lod0
80A121839CD85A87,t9_charm_tombstone_perk
80A17DA1F0E20D00,back_stango5
80A182DF76E83AEE,ammo_mike97_pack_zm
80A355C378E44434,lab_pps_010_3p_kyle_face
80A42EA012EB0384,blade_grip_bottom
80A48557E1271337,tag_arm_a4_right_animate
80A4A25C27D6B883,p8_kit_col_row_01_door_01_left_white_wood_01_lod0
80A4C9EDFC9FC65E,silencer_heavy_promeo45
80A5C057C75799D0,s4_gundown_cqb_strafe
80A71E3CE841A6C5,callingcards_zm_fieldresearcher_frontline
80A76A8290D65A89,j_knife_aim
80A77596C8D2886B,esports_codcaster_datacenter_override
80A7BBEF1229E0F3,mp_prone_gun_butt_hit_03_ar_akilo47_bayonet
80A7F9EBB6CA56D0,p7_mou_keybox_key_02_lod0
80A8D0973DB33D44,wm_bromeo_grip_tape_00_lea
80A8F4877A2BB9E8,p7_foliage_tree_acacia_branch_dead_lod0
80A993BB2D5169F8,p7_zm_tra_pneumatic_dolly_lod0
80AA661068A693A8,ps_wpn_chotel41_plr_reload_magout_empty_ext
80AC1324740476AA,s4_fra_ryl_roof_corner_164_01_dest_lod0
80AD43E77759060F,s4_mp_custom_sn_aromeo38_scope_prone_reload_end
80ADE15E2D46C66A,callingcardsmaster_ar_damage_mp
80AE556AECDA4F4E,stock_removed_aromeo99
80AE92CD4D310D6A,reargrip_rubber_reinforced_sh_becho
80AF0595653C164C,medal_vip_killed
80AF746E9557E834,tag_wheel_back_right_steer_animate
80AFBF94E7F88DCA,p9_zm_grp_intel_documents_requiem_15_lod0
80B0A38D3842A68B,xxlmags_dpapa27_pack_zm
80B1A37A7D281357,divebrake_r
80B1A97A7D281D89,divebrake_l
80B1CA681523638B,weapon_first_raise_crouch_moving_weapons_s4_ar_hyankee44
80B35CE52540057A,left_45
80B38EC85F001A68,callingcards_mp_league_cobra_desc
80B4355C948587F6,death_exp_stand
80B4980FE5F1B9EA,j_thigh_rear_parent_ri
80B4D6C016819ECA,t9_charm_tacsnowman_desc
80B597FBB74F0152,tag_sidegun_rotate_r_animate
80B5AD92DA98E644,tag_missile_01_camera
80B5F9ABBD15923C,sdr_mp_me_strafe_in_place_jump_land_9
80B5FAABBD1593EF,sdr_mp_me_strafe_in_place_jump_land_8
80B5FEABBD159ABB,sdr_mp_me_strafe_in_place_jump_land_4
80B5FFABBD159C6E,sdr_mp_me_strafe_in_place_jump_land_7
80B600ABBD159E21,sdr_mp_me_strafe_in_place_jump_land_6
80B601ABBD159FD4,sdr_mp_me_strafe_in_place_jump_land_1
80B603ABBD15A33A,sdr_mp_me_strafe_in_place_jump_land_3
80B604ABBD15A4ED,sdr_mp_me_strafe_in_place_jump_land_2
80B689051212726B,s4_zm_rubble_03_snow_small
80B6D542BB5F164D,wm_plry_ladder_rung_hand_drop_high_2
80B7C88C859BB89E,wm_mgolf42_barrel_xl_00
80B81C506024F9D4,mkg_pillow_01_lod0
80BA11B6BA892B8A,sdr_mp_execution_075_victim_prone
80BA2BE9B99BEE0A,sdr_com_cover_right_stand_pain01_torso_md_r_to_hide
80BACD0F72459228,zm_callingcards_mp_zm_amerikatown_mq_002_cc_desc
80BC17BCCE2E28AB,s4_mp_fatality_generic_axeandshield_01_attacker_thumbnail
80BCA56984BE9DD4,animator
80BD018497A3BFC3,sdr_mp_me_veh_hindia_seat_3_scrub_neutral
80BD3B9A1D52E78E,p9_corrugated_wide_wall_01_32h_56w_door_01
80C0BCDAD118032C,vm_gecho43_grip_ri_00_tap
80C1E490FD02AB14,s4_zm_rus_skulls_bones_arm_upper
80C37F3AC7C48FC5,fire_prone_ads_weapons_s4_sn_aromeo
80C3A29BC18BA20B,sdr_com_cover_left_stand_pstl_run_exit_8l
80C3B09BC18BB9D5,sdr_com_cover_left_stand_pstl_run_exit_8r
80C4FC53332A38F0,zm_callingcardsmaster_launcher_standard_zm_cc_desc
80C5C3FD58174898,MouthLeft_03_L
80C5D15A21CFFE0A,j_glowsticks2_le
80C5D1FD58176062,MouthLeft_03_R
80C611DCFDE06D86,cal_md_fmag_45_stango5_up1
80C6200ED238AD43,pain_lg
80C882245EDB1E24,rt_vine_med1_06_jnt
80C91B878D3931DC,p9_rus_far_vista_bldg_004_lod0
80CA0C0EC2C84B7C,cal_xl_127mm_moscar_up1_noimp
80CA0F0ED23C7937,pain_md
80CA5C837847FAC3,box_01_jnt
80CBA1AC651F89BC,sdr_com_exposed_crouch_long_death_crawl_belly_death
80CCCF0115108C10,sdr_com_cover_left_stand_pstl_run_exitfull_4
80CCD10115108F76,sdr_com_cover_left_stand_pstl_run_exitfull_6
80CCD20115109129,sdr_com_cover_left_stand_pstl_run_exitfull_7
80CCD4011510948F,sdr_com_cover_left_stand_pstl_run_exitfull_1
80CCD50115109642,sdr_com_cover_left_stand_pstl_run_exitfull_2
80CCD601151097F5,sdr_com_cover_left_stand_pstl_run_exitfull_3
80CCDC011510A227,sdr_com_cover_left_stand_pstl_run_exitfull_9
80CF70FD053080D6,j_wall_9
80CF71FD05308289,j_wall_8
80CF76FD05308B08,j_wall_3
80CF77FD05308CBB,j_wall_2
80CF78FD05308E6E,j_wall_1
80CF79FD05309021,j_wall_0
80CF7AFD053091D4,j_wall_7
80CF7BFD05309387,j_wall_6
80CF7CFD0530953A,j_wall_5
80CF7DFD053096ED,j_wall_4
80D1D13B1B5F2F62,cal_md_45_mpapa40_up1_noimp_pack_zm
80D1FA6E3EBC0FAA,p9_zm_grp_intel_documents_omega_17_inspect_lod0
80D209BD508EB17C,STICKER_AEROBICS_13
80D34B5726E22E61,lobby_mp
80D5435FF27B3A65,adjust_nonads_crouch_moving_weapons_s4_lm_dpapa28
80D6DE47842D1B7E,stk_berlin_wall_base_02_lod0
80D7005C258C1811,ar_mobility_t9_frontend
80D7570C848B4746,stock_marksman_asierra44
80DD114F616627AA,weapon_first_raise_crouch_moving_weapons_s4_sh_mike97
80DD659A9A5CA8F0,sdr_com_cover_left_stand_look_idle
80DE0F0202150E65,dyn_kettle_l_01
80DEC702A893E3C0,gumball_event_shiny_26_jnt
80DEE9F6C9D27B10,wire_spark_13_jnt
80DEF777E4FFCE1D,j_mainroot_pet
80DF1F4C2C8A525E,mkg_rug_03_hanging_lod0
80DF53C147B05FE6,p8_aus_res_ship_wall_detail_05_lod0
80DF99B0B9A7739A,callingcards_whitegold
80DFADE3E6D6D62D,p9_nt6_tarp_dmg_roof_05_lod0
80E0A527FECD569F,wm_dpapa28_barrel_l_00
80E13C0C6CD6BD25,s4_mp_blindfire_stand_horizontal_54_pitch_up
80E14EDE6FF41AFB,loot_pistol_standard_sig_01
80E2B986F3AF1C23,tag_landing_gear_control_null
80E3551AC4DDE377,ar_fastfire_bp_bowling
80E5B0C9BB318957,casual_idle
80E70BF4184AF79C,scriptable_dinnerware_cutlery_01_fork
80E9D2157093B7FC,j_cable03_05_animate
80EB86A362AA1747,acrobat_control_hvo
80EBFDD68FBE09E8,spine_1_anim
80ED0F9D6BFC29E7,fooptstep_left_large
80ED55B73E810FBA,ease_out_quad
80EDD0DB0239B36E,BUNDLE_6023_TITLE
80EF9B8C9DBFC340,blade_07_jnt
80F07BCF4C32701A,tr_longburst_bp_code_sy
80F2E303FC6976D8,tag_liquid_center
80F30D34CBAB4277,p7_sandbag_civilian_01_lod0
80F3750EB1EC95B7,callingcards_rude_awakening
80F389CF4C34BDBB,tr_longburst_bp_code_pc
80F3B934A7FD5324,category_menu_navigation_5
80F524F736403038,pain_stand_damage_shield_to_ground
80F584C0A90738FA,p7_zm_sha_foliage_tree_junglewall_lod0
80F5F3E8D42669EE,j_jacket_front1_2_ri
80F65C7A687F6F1C,tag_bomb_c_left_01_animate
80F6B5A8AC2E1D1E,s4_mp_execution_downpour_01_victim_stand
80F71E47D74CA3C6,p9_rus_sign_fire_extinguisher_use_01_lod0
80F89632AE5729FA,ik_out_end_right_foot
80F9F8C1C4E4CEA4,callingcards_mw3_0011_money_9
80FA4CB1071BA46B,t9_charm_btomahawk_desc
80FA607F05AC2EAB,callingcards_bps4_zombie_song
80FB4C3121F08E1B,ironsdefault_mgolf42
80FB839B9D8663F0,s4_mp_addoff_sn_kalpha98_gl_stand_nonads_noleft
80FBAE73C6C8C875,gumball_rounds_shiny_20_jnt
80FC8B1408906614,tag_weapon_attach
80FC8D400EC27546,sdr_mp_aims_dblmg_circle_crouch_90
80FDAB6E430817A8,adjust_nonads_crouch_weapons_s4_ar_voscar
80FDF5D27183005F,challenges_tabs_campaign
80FE0F0F2B1FD487,r_lightingSunShadowDisableDynamicDraw
80FFBFDB4A2B19AE,sdr_com_cover_crouch_pstl_exp_to_hide
80FFD37A6B26B40E,moving_s4_me_rindigo_melee_alt
81008A9AB00578BF,fire_prone_nonads_weapons_s4_sn_svictor40
8100E6D4775F5CBF,zm_callingcards_zm_zombie_hunter_05_cc_desc
81022E76082875D7,tag_fx_301
8102ED48A0303615,adjust_ads_freefall_weapons_s4_ar_chotel15
810304A0869B1554,reargrip_leather_mr_svictor40
81033C27D8D79557,adjust_blindfire_blindfire_left_weapons_s4_ar_voscar
81035A1AB56DF33E,reload_weapons_s4_ar_valpha52
81042902B443886B,p8_conduit_metal_outlet_plug_e_lod0
810457C9EC79B183,callingcards_bearpin_033_animated
810486838DE5CFED,mp_stand_custom_fire_lm_lima86_weapon
8104F545E1CCD13C,j_chain_17_a
810630CE5A327983,adjust_blindfire_blindfire_left_weapons_s4_sn_malpha1916
810A7399207F79BD,fin_move_j_ball_le
810AAED6727B4C14,smg_capacity_bp_electric_desc
810B730CBD7AC655,xxlmags_asierra44_pack_zm
810C57448523D602,weap_decho_empty_magin_plr
810CD24CC6FE73F0,bar_lg_marks_luniform08
810D1CEC39602C90,iw7_cp_zom_spawn_wall_run_03
810D1DEC39602E43,iw7_cp_zom_spawn_wall_run_02
810D1EEC39602FF6,iw7_cp_zom_spawn_wall_run_01
810EB7F393CE2BF6,dof_3.3_95_050_050
810F2752875D8729,p7_chemistry_kit_beaker_lg_lod0
810F52497B3B97AF,ATTACH_T9_CHARM_BOOGIE_BOARD
8110178BBB084675,psa_mp_parachute_open_ally
8110501B5F04E589,ps_wfoly_plr_lm_lima86_reload_empty_fast_035
81106FF854A7C448,ndy_mud_clump_b2
811121FFE2EF1C1D,p9_nt6_mannequin_male_hand_r_lod0
811183992085B39B,fin_move_j_ball_ri
811287B10E53A373,p6_ship_wires_32_lod0
8112A024D11FEDC7,adjust_ads_freefall_weapons_s4_sh_becho20
8112A4B67B943102,bolts_low
811464997D4B1AC3,reargrip_stippled_tactical_ar_promeo45
8114F391272865AE,uk_foliage_small_weeds_01_lod0
8115A40F5EC4F2C1,idle_exit_sprint
811646E026D37FFD,tag_frn_latch_lft_03_jnt
8116658BAA425764,chute_cord_27_jnt
811739BD90E2DE15,melee_prone_weapons_iw8_ball
811862D90EC54798,alias_move_turn_lean_sprint_melee
811894CD62E6614B,bomb_door_piston_front_r
8118A2CD62E67915,bomb_door_piston_front_l
81190C600C9C2EB1,p7_foliage_orchids_dancing_set_leaves_02_lod0
811A6A97DF3C7D9B,j_grenade_01_parent
811B5657271FF6B5,lobby_zm
811BEB1F5659D657,codcaster_keybind_highlighnextplayer
811DFD7946FB5D3D,glob_stage_07_to_09_g_move_jnt
811E3B59C5F62D0A,adjust_nonads_prone_weapons_s4_ar_kgamma40
811ED2DA5CFC7228,tag_liquid_animated
811F541E834066C6,callingcards_mp_prestige_gear_charged_up_s5_prestigeshop
811F9D5E29031A71,p9_zm_tmb_tree_roots
811FAFA24CCD8854,ammo_armorpiercing_noimp
81200A832A3539BF,j_scarf_le2
81200B832A353B72,j_scarf_le1
81202CF1D9E3D1B6,dof_3.4_54_050_050
8121708CAE89BCD5,sdr_mp_addoff_lm_dblmg_nonads_sprint_land
81218A8ABBD81235,hur_farrior_hacksaw_01_lod0
81219DAA583C8E12,trans_2_nonads_freefall_weapons_s4_sm_fromeo57
812702EF20BB25B4,quote_war_is_so_terrible
812759D003ADBB23,ps_mp_execution_halima_prone_bladepull_a
81275AD003ADBCD6,ps_mp_execution_halima_prone_bladepull_b
812B5CBBF7539548,foliage_s2_ivy_wall_01
812B994A329BA2A0,s4_zm_wm_leta_usa_blade_phantom_00_mesh
812D448BCB8E0D52,lipclosemorelowerr
812D568BCB8E2BE8,lipclosemorelowerl
812E20B37786B44A,medal_listening_device_multikill_2
812E7E378F3F4BD8,tag_light_green_03
812E7F378F3F4D8B,tag_light_green_02
812E80378F3F4F3E,tag_light_green_01
812EBD7897E4E49D,fire_stand_any_mounted_weapons_s4_sn_malpha1916
81306E52322373F5,pebble_22_jnt
81317B4D03783854,melee_machete_bp_daether
81323E485D5AF1F6,tag_follower_left
8132863FCB9C59E0,blendspace_alias_jump_land_sprint_me_knife
8132F5B9019F1EC8,paintjob_stickers_zombieslayer
8133CB60133F4393,s4_ger_wine_bottle_01_destp
81340976A9D9C208,ps_exec_generic_champagne_01_prone_foley_01
81340B76A9D9C56E,ps_exec_generic_champagne_01_prone_foley_03
81340C76A9D9C721,ps_exec_generic_champagne_01_prone_foley_02
81340C91805EC8AA,prestige_t8_zm_06_large
81340E76A9D9CA87,ps_exec_generic_champagne_01_prone_foley_04
8134107D996AB09C,gumball_event_shiny_17_jnt
8134BB0F5A41621A,j_smokegrenade_le_driver
8134FF8DB4DFD2DC,p7_spl_seashell_07_lod0
813553913BF3D5A3,reargrip_pine_support_slim_ar_voscar
813600755B22CE03,adjust_mount_left_weapons_s4_sm_owhiskey
81375D09B959FCDC,dof_11_42_050_050
81378AF61E4DEBE7,top_lft_tent_04_jnt
81380259F9CFBBB2,tag_plane_5_animate
813A45A127526A1E,gumball_ghost_01_jnt
813C59C32A9B3289,glob_stage_01_to_03_01_jnt
813CA817FD8CF290,j_knee_ri_parrot
813D4C7F08AC75C2,p9_mal_accessory_purse_large
813EA35CC9D3A945,j_cable02_01_animate
813EA58B2D77DEF0,ATTACH_T9_CHARM_ACTION_FIG_DESC
813F0CC0B2293B9B,j_collapsible_stock
813F22669922A300,p8_foliage_cactus_prickly_large2_lod0
813FAFE9601BA3ED,tag_cord_22_animate
813FF3D11C553EAF,sdr_mp_exposed_stand_death02_torso_med_8_left
81412C8033C7D333,glass_beer_bottle_fn_02
81412CA247B7E77D,tag_headlight_left_fx
81413FCD1AB1C307,ATTACH_T9_CHARM_AFRO_PICK_DESC
8141C68F3EA51594,reargrip_bakelite_sniper_mr_m1golf
81435CD677764B12,p9_rus_crate_military_ammo_lod0
8143CFE5524A1BF6,sdr_com_traverse_fast_jump_across_90l_intro
8143E2D499D93FD8,s4_zm_candle_wax_melted_ledge_med_01
8144E5078E96901C,blade_14_jnt
814521EE3B56362D,TR_LONGBURST_BP_BOPE_DESCRIPTION
814561BF48A43EE6,cal_md_fmag_malpha7_down1_noimp_pack_zm
8145F78E03C53C29,s4_acc_attach_watch_band_75_breach_sony
81462E1C8D39A439,s4_jpn_bgv_foliage_hanging_vines_04_wnd
8146397155E3BB48,vm_balpha_grip_tape_00_bkl
8147C9804317CA35,handle_low1
8147D1E51092D653,sdr_mp_stand_throw_eq_deployable_cover
814820F3FB9CDA9E,trans_2_nonads_stand_weapons_s4_sn_moscar32
81486FA247BE7804,tag_headlight_left_d1
814871A247BE7B6A,tag_headlight_left_d3
814872A247BE7D1D,tag_headlight_left_d2
8148C2597335F342,p7_cai_apt_couch_cushion_sml_lod0
8149172D9019D960,p9_rus_kgb_glass_shard_03_lod0
8149193C1EB03896,loot_ges_mtx_t9_snap
81493FD3FF3E1F76,sdr_mp_addoff_crouch_la_rpapa7_nonads_noright
814C531E3D8E988B,fatality_generic_aot_titan_01
814D25F1A2C4E2BD,reargrip_pine_sniper_ar_balpha
814D3B2CD81BF773,tag_phc_follower_clip_1_le
814DFF23E53F3433,parts_wristwear_mp_watch_i_wm
814E4FEAB7CB7201,s4_mp_execution_generic_gunfu_02_attacker_stand
814EB455316BE1A4,T72_ASSEMBLY_MPX_ROCKET
814EEF2B2E7F71C8,p7_candle_med_melt_lod0
815105C4B51A51C6,sdr_mp_mantle_over_weapon_up_close_medium_high_a_akimbo
81522323E5435A36,parts_wristwear_mp_watch_i_vm
8154A4F69ABAA2A7,j_flashbang_le_driver
81557ADD638BFAC9,scriptable_s4_fra_luggage_06_destp
8155EA178CB2EDB8,reargrip_stippled_skeletal_sm_ppapa41
8156106DE2A515E8,s4_fence_wood_rustic_post_01
815611BACB0A442D,wm_fecho_brake_rb_105
81565A2E023EACB6,s4_mp_custom_eq_field_mic_crouch_moving_prepare
8157B98322D83D17,zm_callingcards_mp_berlinreport_omegaaethernaut_cc
815902BA5034958A,par_butcher_hog_head_01_lod0
81593B75CAF75E05,ult_hell_enemy_arrive
81599BAAA0220E90,sdr_mp_veh_m151_passenger_br_aim_straight
8159EB1312070E88,editcustomgames_settings_zm_specialzombies
815AFDBEB034BD0E,sdr_mp_raise_thigh_pi_golf21_akimbo
815B68AF49212572,p7_slu_bag_cement_stack_lod0
815B7FF3A68E7B4F,tr_damagesemi_bp_fuego
815BDBE8D47CF458,j_jacket_front1_2_le
815D0680B4C1D2CE,wm_mike97_grip_folding_00_stp
815D13C6AE025182,aim_ar_strafe
815F95904F9282FC,s4_camo_06j_zm
81600DD0EEA87C33,p9_usa_ceramic_planter_02
8160F029DC2F1436,s4_mp_world_ges_stop_crouch_moving
8160FE20B316BFA9,weapon_lower_quick_stand_weapons_s4_la_mkilo11
816126545D0ACBDA,p9_usa_vista_netherlander_bldg_side_floor_01_lod0
8161C7BEBF75C000,btr_house_g2m_window_01_lod310v40bf800000
816254FBCD85B4AA,ik_ladder_legs
81625C17A16849A2,p9_usa_wall_block_section_01_single_lod0
8162C85C1EDBC065,s4_rus_ds_railing_stair_pillar_01
8164A67C977A58A5,r_shoulder_jnt
8164BBD17264B13A,dof_4_48_050_050
81659A28FD8C84BA,p7_mou_data_recorder_sml_glass_dmg_02_lod0
8165BEBC53EC120D,s4_mp_execution_generic_zweihander_01_victim_stand
816628FDE61AC45C,vent_spin_jnt
816687B704E585B8,pc_vehicle_altcontrol
8166CBF698B8C663,p8_zm_red_torch_gold_lod0
816756CDC8780ED4,s4_acc_attach_face_94_large
81675C10FA77E816,mkg_meal_setting_bowl_01_lod0
81692B9AD1304A69,p9_rus_bldg_office_01_window_02_frame_02_lod0
8169490BBA78C130,reb_stl_alert_flash_walk_exit_6
81694A0BBA78C2E3,reb_stl_alert_flash_walk_exit_7
81694B0BBA78C496,reb_stl_alert_flash_walk_exit_4
81694D0BBA78C7FC,reb_stl_alert_flash_walk_exit_2
81694E0BBA78C9AF,reb_stl_alert_flash_walk_exit_3
8169500BBA78CD15,reb_stl_alert_flash_walk_exit_1
8169570BBA78D8FA,reb_stl_alert_flash_walk_exit_8
816B7A562A500375,adjust_nonads_crouch_moving_launcher_weapons_iw8_ar_mike4
816B9F502B8CF059,rleg_upper_r
816BAF502B8D0B89,rleg_upper_b
816BB3502B8D1255,rleg_upper_f
816BB9502B8D1C87,rleg_upper_l
816DD784E0B620B4,gumball_ghost_03_jnt
816E0E24503E840D,vm_dpapa28_grip_00_stp
816E33BCA3C8D40C,vip_mode_orders_defender
816EA44ED5C1FBB4,right_upper_arm_jnt
816EA6C6C43F1854,back_gecho43
816EC885DC59894C,tr_longburst_bp_confront_sy_desc
816FF377774F2C2C,emblems_snakeshield_007_animated
8171FABFA876C968,ar_mercenary_bp_brutus_desc
8172F1FFCECBE1A6,sdr_com_cover_left_stand_jog_exit_8r
81730BFFCECC0DD4,sdr_com_cover_left_stand_jog_exit_8l
8173F82101194207,tag_cannister_bottom
8176F42A00815BE3,sdr_mp_veh_umike_seat_2_getin
8177719CD6C1E5BB,chute_63_jnt
81777B3A4E15EA9C,p9_dun_drilling_tower_frame_single_blocker
8177A33F3D24FC66,tag_trailer_door_side_left_front_null
8177D5FC86CCB3C7,weapon_first_raise_crouch_moving_weapons_s4_me_katana_v1
8177D9706BA37687,ps_iw8_bradley_drop_bradley_chute
8178628192A99E60,reargrip_stippled_support_slow_ar_chotel41
81794BB406DAF701,dyn_r_holsterrope
81799E5E1080E41D,gripstop
8179C5519602C6D3,door_02_jnt
8179D1B6A142631C,tag_bullet
817A1CCB7D953C40,sdr_cqb_pstl_strafe_trans_walk8_walk2
817A9D97912DDBA8,reargrip_bakelite_support_sh_lindia98
817AE3A491DC2AB8,t9_charm_wpn_chalkoutline
817B3E932D37D41E,tag_paper_03_all
817BA188B0DB1222,tag_trunk_null
817E57BDB98C3382,moving_iw8_killstreak_deploy_airdrop_from_adjust_nonads
817FA5E525EDE7E9,left_xl
817FB970E0804C3F,j_dogtag3_ri
8181643C400F1C8E,control_taking_a_ofs
8181A68ED6DC304A,reargrip_granular_marksman_sm_wecho43
8181B120CE7B1D66,callingcards_localsignpainter
8183324E9F41C3D0,p8_cas_kitchen_knife_gourmet_storage_block_lod0
8185FDE614038171,vm_svictor40_mag_c_up1_00
8186B8E4D7D1CB0A,fire_prone_ads_weapons_s4_ar_voscar
818747195C48CCE0,s06
818748195C48CE93,s07
818749195C48D046,s04
81874A195C48D1F9,s05
81874B195C48D3AC,s02
81874C195C48D55F,s03
81874E195C48D8C5,s01
818755195C48E4AA,s08
818756195C48E65D,s09
8187588C86ED7566,p9_zm_platinum_club_round_door_01_lod0
8188E2A45325C8B6,collision_64x64x64
8189795A24DB5F8D,s4_mp_execution_generic_toxic_01
818AD2195C4BEEE8,s11
818AD3195C4BF09B,s10
818AD5195C4BF401,s12
818B182957745B7C,jnt_lon_create_set_07_destp_part_18
818B192957745D2F,jnt_lon_create_set_07_destp_part_19
818B1C2957746248,jnt_lon_create_set_07_destp_part_14
818B1D29577463FB,jnt_lon_create_set_07_destp_part_15
818B1E29577465AE,jnt_lon_create_set_07_destp_part_16
818B1F2957746761,jnt_lon_create_set_07_destp_part_17
818B202957746914,jnt_lon_create_set_07_destp_part_10
818B212957746AC7,jnt_lon_create_set_07_destp_part_11
818B232957746E2D,jnt_lon_create_set_07_destp_part_13
818B530CDC84DBC0,s4_mp_custom_sn_gecho43_gl_stand_in@1
818BF6BDC9C95AAD,cine_terminal_soldier2_s070_face
818BFF3BCF27A72A,BUNDLE_2001_DESCRIPTION
818C595AABB802F3,cp_disco_chainlink_fence_a
818CA521922D8D79,wm_ttango33_barrel_s_00
818D94C3CAF790E3,j_bunny_reap_ball_ri_animate
818E4F70C473AA11,tag_gunner_2_panel_04_d0
818F212797931684,ps_wpn_thotel_plr_reload_magout_empty
818F7DF8D3FB477B,base_door_metal_iron_01_frame_single_lod0
818F88267356A8FA,trans_2_ads_stand_weapons_s4_sh_becho20
819004D02B5DE16F,tag_propeller_animate
819030BCBBCB7590,p8_wz_train_track_spline_01_lod0
8191D567E3162DFA,wm_mike97_irons_s_104
81920A29577A6260,jnt_lon_create_set_07_destp_part_32
81920B29577A6413,jnt_lon_create_set_07_destp_part_33
81920C29577A65C6,jnt_lon_create_set_07_destp_part_30
81920D29577A6779,jnt_lon_create_set_07_destp_part_31
81921029577A6C92,jnt_lon_create_set_07_destp_part_34
8192F56D91967C98,trans_2_nonads_stand_weapons_s4_pi_wecho
8193222E8FDCA70B,dyn_scarf_strap
8194C9195C543422,s44
8194DEF3A591AD1F,j_cloth_proxy_65
8194DFF3A591AED2,j_cloth_proxy_66
81958D29577D76D0,jnt_lon_create_set_07_destp_part_25
81958E29577D7883,jnt_lon_create_set_07_destp_part_24
81959029577D7BE9,jnt_lon_create_set_07_destp_part_26
81959129577D7D9C,jnt_lon_create_set_07_destp_part_21
81959229577D7F4F,jnt_lon_create_set_07_destp_part_20
81959329577D8102,jnt_lon_create_set_07_destp_part_23
81959429577D82B5,jnt_lon_create_set_07_destp_part_22
81959929577D8B34,jnt_lon_create_set_07_destp_part_29
81959A29577D8CE7,jnt_lon_create_set_07_destp_part_28
8195DAEEE7A7DB94,p7_zur_root_branch_03_lod0
81965C4D5090A437,reargrip_rubber_marksman_ar_promeo45
8197E396A2C94827,p7_slu_window_building_03_lod0
819860F3A594BFDC,j_cloth_proxy_77
819867F3A594CBC1,j_cloth_proxy_78
819A413735218A25,weapon_lower_crouch_weapons_any_la
819A5EECC0B38721,bottle_fluid_fill_03_jnt
819B64F3A596FC7F,j_cloth_proxy_43
819B6DF3A5970BCA,j_cloth_proxy_48
819D443F43F6B3D9,umbrella_base_015_jnt
819D6937352403F4,weapon_lower_crouch_weapons_any_me
819D84E52606AD65,left_sm
819E0130E843DF00,ATTACH_T9_CHARM_ICICLE_DESC
819E4A0727D0389F,p8_col_oven_kitchen_door_lrg_lod0
819EECF3A59A196E,j_cloth_proxy_53
819EEFF3A59A1E87,j_cloth_proxy_54
819F369F114912B6,callingcards_moonshot_s6
819F601DB46AB9E9,blendspace_alias_mantle_on_weapon_down
81A077EFBE22F137,sdr_cqb_cover_right_stand_pstl_walk_arrival_l_8l
81A07DEFBE22FB69,sdr_cqb_cover_right_stand_pstl_walk_arrival_l_8r
81A0CF549BD594D5,j_r_wing_feather_grp_l_wing_large_feather42_ri_secondary_coverts
81A0D4765EAAE096,pebble_12_jnt
81A150957A617B16,tag_glass_right_back_d
81A1843908D3CECA,tag_side_skirts_right_d0
81A19652A9558A10,reload_quick_prone_weapons_s4_sn_m1golf
81A30F4109559A24,j_big_diamond_ri_2_animate
81A40FC9CB9B6AB1,s4_crate_wood_medium_01_destp
81A497E5260CEC5C,left_md
81A5EFF3A5A03D35,j_cloth_proxy_38
81A5F2F3A5A0424E,j_cloth_proxy_35
81A5F3F3A5A04401,j_cloth_proxy_34
81A666F11C89D4DC,tag_elbow_twist1_dangle_ri
81A68CE7C699BC0F,trans_2_nonads_crouch_weapons_s4_sn_mptango41
81A87AE52610A3EC,left_lg
81AAC34F78F84ED0,reargrip_bakelite_skeletal_sm_stango5
81AAD574A595BF7E,s4_mp_addoff_la_mkilo11_base_crouch_ads
81ABA501C118CA66,aimset_fa_exposed_stand
81ABADD33525DED0,grip_mike97
81AC5EF3A5A56580,j_cloth_proxy_15
81AC5FF3A5A56733,j_cloth_proxy_14
81AC61F3A5A56A99,j_cloth_proxy_16
81AC64F3A5A56FB2,j_cloth_proxy_13
81ACCB93D21C696B,right_pole_jnt
81AD4A361EF05B3B,tag_needle_animate
81AD916B68923FE2,p9_sur_crystal_rarity_small_legendary_lod0
81AE59F21D89ABD9,phoneme_m_nojaw
81AFAA326B92CBE0,p7_light_track_led_01_track_64_lod0
81B0FFDCA742C67E,s4_acc_attach_face_106_large
81B16A2E866B813D,ammo_hollowpoint_owhiskey_noimp
81B2A35475494C52,tag_shocker_l_03_animate
81B3AEADDC8A179D,s4_ger_rug_long_01
81B44553B898D9F3,sdr_com_stand_high_lmg_setup_in
81B54F6553294EE3,door_med_5_jnt
81B627450F568F0C,t9_charm_casket
81B6D49DD341C166,s4_mp_custom_me_huggernaut_base_prone_melee_swipe_04
81B6D69DD341C4CC,s4_mp_custom_me_huggernaut_base_prone_melee_swipe_02
81B6D79DD341C67F,s4_mp_custom_me_huggernaut_base_prone_melee_swipe_03
81B6D99DD341C9E5,s4_mp_custom_me_huggernaut_base_prone_melee_swipe_01
81B6DCDAC191623A,look_loop_high
81B795E91F792F70,p7_pan_metal_sauce_lod0
81B7B97F6FCA4E47,callingcards_bps4_vargaszombie
81B896AC79FB58C7,s4_sn_kalpha98_alt_mode_out_prone
81B8E99F277B3AA1,usa_fighter_p47_tail_debris_01_lod0
81B9606673207A0D,wm_balpha_stock_sk_103
81B989C594FC2331,s4_mp_addoff_me_sledgehammer_base_crouch_nonads_noleft
81BB300CF9962B41,wm_owhiskey31_barrel_00
81BB7444BDDF9BAC,p8_cables_electrical_single_03_lod0
81BC0AFEC2B200DE,vm_becho20_grip_00_htc
81BC6C4E4F77A335,pain_burning_cover_left_stand_left_arm
81BC77744608113E,foregrip_steady_bromeo5
81BD73AFE73B3895,bar_xl_heavy_wecho43
81BF7F69EABC06E2,ar_damage_bp_penumbra_desc
81C01CA316C077F3,wm_plyr_ladder_aim_drop_top_l
81C03AA316C0AAED,wm_plyr_ladder_aim_drop_top_r
81C0CEBA12941A23,grunge_drip
81C17E245A234032,wpn_t8_zm_spknifeork_gem
81C20175DB2667B1,reargrip_pine_reinforced_mr_m1golf
81C282DC10735EFF,reload_prone_weapons_s4_ar_chotel15
81C43F5728ADD746,stim_detach
81C44428933C31FB,kls_raps_enemy
81C466F3A5BA04F9,j_cloth_proxy_89
81C57A2EECA86BE4,muzzle_stabilizer_bromeopg
81C611F4EC08711E,reargrip_taped_sniper_mg_bromeo37
81C660373546F9BD,weapon_lower_crouch_weapons_any_ar
81C6D5381EF1367B,light_ceiling_bulb_01
81C6F9884AD4E4EC,j_index_le_5
81C774F17A29DD71,zm_pack_malpha7
81C7F12921BAA7E4,smg_burst_bp_runman_desc
81C89D73F17B3D8D,polysurface80489
81C8BB43879925D1,vzscope_strong_aromeo99
81C8DA002F518F5B,p8_zm_gla_egy_fire_bowl_01_ash_lod0
81C9517242A837C5,callingcards_celldivisionreactive_animated
81CA43DE4E9829CF,chute_16_jnt
81CADB00F7FFD9E4,j_tarp_6_end
81CC10B52450716F,p7_foliage_bush_sakaki_small_02_lod2
81CC3B2E0CAE8FAA,callingcards_master_melee_cane_mp_desc
81CC604D9E249E54,melee_machete_bp_hollywood_desc
81CCBA208639C228,p7_door_frame_window_global_01_double_lod0
81CD675F3299FBEC,vm_stango5_grip_folding_00_grv
81CD765F329A1569,vm_stango5_grip_folding_00_gra
81CE1F5B5F34B2A6,ADS SETTLE ORIGIN
81CED2862C6719CD,sdr_mp_execution_070_victim_stand
81CF1712EE22481A,smartobject_rage_kick
81D1A3F88A0D9C9D,tag_landinggear_back_left_actuator1_top_up2
81D3232010263F87,vm_m1golf_stock_sn_00
81D364944BBD2B8A,trans_2_nonads_freefall_weapons_s4_sm_guniform45
81D3929A1F998FE4,wm_stango5_mag_00
81D45DCB8C2C97D0,s4_mp_execution_daniel_01_attacker_laststand
81D606DF917198D9,p9_zm_vil_intel_documents_02_lod0
81D6CF4995BF258B,front_balpha
81D7F14CA4E8F110,sdr_cqb_cover_left_stand_pstl_walk_arrival_r_4
81D7F34CA4E8F476,sdr_cqb_cover_left_stand_pstl_walk_arrival_r_6
81D7F44CA4E8F629,sdr_cqb_cover_left_stand_pstl_walk_arrival_r_7
81D7F64CA4E8F98F,sdr_cqb_cover_left_stand_pstl_walk_arrival_r_1
81D7F74CA4E8FB42,sdr_cqb_cover_left_stand_pstl_walk_arrival_r_2
81D7F84CA4E8FCF5,sdr_cqb_cover_left_stand_pstl_walk_arrival_r_3
81D7FD4CA4E90574,sdr_cqb_cover_left_stand_pstl_walk_arrival_r_8
81D8A0366F621C1E,j_bed_rocket
81D9B14387A78806,vzscope_strong_aromeo43
81DA3F889E7C53EA,s4_acc_attach_face_75_legion_small_sony
81DA6116B29ED4DD,s4_acc_attach_face_88_small
81DAEB3F034900A2,po_c_t9_uk_pl_mi6_snapshot_desc
81DB4C0764A02DEF,liver2
81DC74F3FDE5F14F,p7_zm_tra_chicken_coop_awning_lod0
81DE372B497D4FA8,p9_sr_snack_peanut_single_01_half
81DE8295D7601D38,p7_slu_grill_lid_lod0
81DF301D69D3C8C2,j_hood_side_ri
81DF4A77DF47832B,weap_g18_clipout_plr
81DF7E3EBD3A4A2F,hindia_seat_3_melee
81E00A123185E2A6,p8_foliage_grass_scurvy_single_lod0
81E031BCD3DA7673,ar_fastfire_bp_carbongold_sy
81E27EF0463CCCC9,killstreak_greenbeam_additive_mantle
81E2E4817E37ECB0,j_e_20
81E2E5817E37EE63,j_e_21
81E2E6817E37F016,j_e_22
81E2E7817E37F1C9,j_e_23
81E2E8817E37F37C,j_e_24
81E2E9817E37F52F,j_e_25
81E3BF8D30A033AA,s4_mp_fingers_ar_balpha_gripstock_r
81E3D3AEF3D16C01,p8_icbm_computer_decal_scratches_04_lod0
81E3DA290522C6AC,acrobat_koth_hvo
81E3DFEF2DC3C7BF,reargrip_granular_skeletal_mr_kalpha98
81E43435FFAB7911,footscrape
81E49A9992B6C3EF,vm_balpha_optic_106
81E583DB8C05101A,vehicle_passenger_tromeo_get_in_akimbo
81E653535F7764A1,ps_wpn_moscar_plr_reload_magout_tac_fast
81E6CB069B8843E3,weapon_first_raise_prone_weapons_s4_pi_mike1911
81E730618D968C5D,blueprint_bundle_4038_zrg_20mm_dance_club
81E7BF6B9BD249ED,t9_charm_chip
81E96F3CBFFDF848,reargrip_grooved_removed_mg_tyankee11
81E984BD10AE1091,fra_power_pole_wall_mount_02_comb
81E9EA817E3E1590,j_e_06
81E9EB817E3E1743,j_e_07
81E9EC817E3E18F6,j_e_04
81E9ED817E3E1AA9,j_e_05
81E9EE817E3E1C5C,j_e_02
81E9EF817E3E1E0F,j_e_03
81E9F0817E3E1FC2,j_e_00
81E9F1817E3E2175,j_e_01
81E9F8817E3E2D5A,j_e_08
81E9F9817E3E2F0D,j_e_09
81EA3BBCD3E2DBF6,ar_fastfire_bp_carbongold_pc
81ECBCBDB270EB15,reargrip_pine_reinforced_sm_ppapa41
81ECC6FD4B871A0D,iw7_cp_zom_prone_walk_window_over_40_01
81ECED817E405080,j_e_19
81ECEE817E405233,j_e_18
81ECF5817E405E18,j_e_11
81ECF6817E405FCB,j_e_10
81ECF7817E40617E,j_e_13
81ECF8817E406331,j_e_12
81ECF9817E4064E4,j_e_15
81ECFA817E406697,j_e_14
81ECFB817E40684A,j_e_17
81ECFC817E4069FD,j_e_16
81ED7A2C06BAFEAC,LMG_ACCURATE_BP_ZWEED_DESCRIPTION
81EDD7A8769F6895,s4_mp_custom_sh_mike97_base_stand_ads_reload_end
81EEAB008F2F8890,j_cape1
81EEDCDB2A81EEE7,bsh_ship_deck_vent_03_lod0
81F07FC2F30B5BA1,sdr_mp_stance_crouch_2_prone_trans
81F10D9D6C9D1A9D,ai_s4_zm_zombie_base_run_mantle_over_128
81F11D4AB4F469B2,j_glowstick_leg2_le
81F1C134A0DA9348,bamboo_single_128_lod0
81F30856CFC81F05,weapon_first_raise_crouch_moving_weapons_s4_sn_aromeo
81F3D4A7469BE1DF,sdr_com_exposed_stand_long_death_crawl_move_back_fire
81F4AAE977DDD986,reload_weapons_s4_la_walpha2
81F525125B7ABEE2,callingcards_s3_rokkr_base_ms
81F64437356FEDEB,weapon_lower_crouch_weapons_any_sn
81F64A37356FF81D,weapon_lower_crouch_weapons_any_sh
81F6A2C84247242E,wristaccessory_t9_s2_analog_cold_hearted_desc
81F6ABE866C6D040,p7_trash_bag_large_03_lod0
81F6AC303FE41846,sdr_com_cover_left_stand_pain01_leg_lg_f_to_hide
81F8233B0E16733F,s4_mp_addoff_ar_fecho_base_stand_nonads_noleft
81F980FEE84998C4,weap_akilo47_reload_fast_magout_plr
81F98D910B37999D,s4_mp_addoff_lm_tyankee11_base_stand_nonads_noleft
81F9F2A1F8C23653,p7_rus_foliage_tree_aspen_03_snow_lod1
81FA545F140C4CC6,dof_2.8_35_050_050
81FA5AD98394C80C,s4_mp_addoff_ar_asierra44_base_prone_nonads
81FA5DB301ADE638,ch_crate64x64_dry
81FB260E0C75ECA5,fin_move_j_jaw_a01
81FB70D2D7A16015,p8_foliage_tree_palm_fruit_coconut_cluster_xlrg_lod0
81FBA3911BD65DAA,mp_jungle2_alt
81FC138F94C64AB4,p8_light_table_lamp_lod0
81FCABEF23F95106,p9_foliage_grass_river_tall_05_lod0
81FCEC81645D6E26,tag_door_gunner_animate
81FD3D62EF5E7573,cal_lg_77mm_aromeo99_up1_noimp_zm
81FDCFB4B2628A49,tag_stock_plate
81FDF179F142C413,back_01_jnt
81FEA475789D2CB8,adjust_mount_left_weapons_s4_ar_asierra44
81FFB2344D510AE8,j_zomb_neck_animate
8200243C2C7FFE34,sdr_com_cover_right_stand_pstl_lean_to_hide
82006FEB37249A2D,ar_damage_bp_heartbreak
8202817E30AAAA46,p8_afr_pillow_02_lod0
8209FC65BB3C2299,j_heart_fnt
820A4332C2613818,tag_wire_06_animate
820A60FF588F5949,reargrip_pine_short_ar_asierra44
820ADB21AE861DDE,p8_cas_kitchenware_measuring_spoon_med_lod0
82102BBCD4039003,ar_fastfire_bp_carbongold_ms
8211D48DCEF73E1F,crate_part_049_tag
8211E0D46E6EAE7C,cover_left_to_cover_right_door_shuffle
821263032129DF11,crouch_me_katana
8212C1F52FDFD3B7,p9_fxanim_mp_frontend_plane_ceiling_cable_01_sanim
8213D96D3753DB3E,j_jacketflap_small_driver
82145D1530AD395B,Emblem
8214E6AFF0A9C8C1,hue_station_store_shelf_01_lod0
8215C7EAAFEA7EBE,dish_jnt
821695EEDB0987E4,2_fast_b_max
821842B7F786BCD7,s4_mp_custom_sm_ppapa41_base_stand_pullout_first
82185F72BD93735E,p8_spa_tile_street_number_01_mid_lod0
8218AC8DCB33491E,gun_selection_sas
8218D6488F8C7414,callingcards_a_higher_place_s6
82194C60760D8858,j_handle_animate
82195CE6DABE8323,vm_fecho_mag_f_102
8219928D7A11882C,vehicle_boat_wood_01
821A2566F8F96094,tag_fx_wing_green
821AA5F5B518BE1D,s4_mp_facial_wade_run_1
821AD9A2F5255DAE,pain_sub_end
821B3C4DF78F0D10,p8_conduit_metal_pipe_2_straight_4_lod0
821D8CA14A2AC024,vm_bromeo35_irons_s_00
821DDD1471AE22F6,li_i_mtl_arm_street_tree_06_proxy_geo
821F18D34B07954C,zm_callingcards_zm_zombie_boot_camp_wallbuy_01_cc
821FCD7EF6028978,fmags_svictor40_zm
822117B800D1519C,wm_stango5_grip_mk_00_rub
82219728792BDBCE,s4_rus_deptstore_wainscoting_pillar_casing_01
8222340A903C2B05,grave_lid_chunk_104_jnt
82230CD84A7FAD42,sdr_com_exposed_long_death_f_knees_loop
8223859031E99990,s4_sdr_cqb_strafe_shuffle_start_3_alt
82254C574168E279,pistol_revolver_bp_finec
8225661DEABB8943,vm_aromeo38_telescopic_fixed_l_102
8225D63087D04220,callingcardsmaster_launcher_fastfire_mp_desc
8225FD8BAF09B180,pf634_auto6
822605308FC8F79E,seo_store_front_door_handle_01_lod0
8226E0365E7118D8,s4_acc_attach_face_113_small
8227E0976C51E425,trans_2_nonads_crouch_weapons_s4_sh_becho20
8228A45E4B439929,sdr_mp_strafe_shuffle_hipflip_forward_3
8228A75E4B439E42,sdr_mp_strafe_shuffle_hipflip_forward_6
8228A85E4B439FF5,sdr_mp_strafe_shuffle_hipflip_forward_7
8228A95E4B43A1A8,sdr_mp_strafe_shuffle_hipflip_forward_8
8228AA5E4B43A35B,sdr_mp_strafe_shuffle_hipflip_forward_9
8228D1AD926A240E,wm_kalpha98_optic_offset_l_103
822963DA407E231E,timePausesWhenInZone
8229686C5DDA6FB2,vm_mgolf42_grip_00_htc
8229ADA2F18BC6E7,dyn_waist_rk_01
822A001D6A1362AC,j_hood_side_le
822A3B82DC5F15A4,ps_zmb_npc_breath_ai_gut_throw
822A4EE7AE6287DE,sdr_mp_stand_throw_eq_offhand_riotshield
822AC2C68D3D7BEB,+activate
822B6ACDB7608E15,p7_glassware_broken_tumbler_04_lod0
822BBD5D6393A742,SCRIPTBUNDLE
822BD0CDB5AA4A81,adjust_mount_left_weapons_s4_sn_moscar32
822DFE194706CF53,parts_wristwear_mp_watch_factions_female_sas_vm
822EDE97FC62F473,vm_mgolf42_stock_sk_00
822F470B62BB6795,p8_cas_lob_bal_floor_beam_con_corner_01_lod0
822FAF66560559F2,aac_apt_door_wood_02_lod0_mesh
822FDDDBF2253318,tag_quickdraw_samurai
8231221947094256,parts_wristwear_mp_watch_factions_female_sas_wm
823227125BAE7066,callingcards_s3_rokkr_base_sy
82329A59C7D14F82,p7_jun__bamboo_lrg_01
8234014589EA56FE,pf658_auto6
82340ABBBA7B4882,s4_mp_addoff_sm_thotel_base_crouch_nonads
82341D59A9A61650,s4_sdr_com_cover_right_stand_ar_back_to_pistol
823548BFBCC300EB,wheel_piston_top_l
823556BFBCC318B5,wheel_piston_top_r
823625125BB255D7,callingcards_s3_rokkr_base_pc
823673748BA83452,tag_curtain_07d_animate
82370937F0FB0DF1,p8_spa_monastery_deco_arch_piece_09_lod0
82375063421C4E03,p9_usa_power_lines_spool_rack_02_lod0
8237AEFB29A84EB3,medal_war_captured_zone
8237C6195CDE9059,sd1
82392B535F9BC257,ps_wpn_balpha_plr_reload_magin_empty
823A282341CD485C,BUNDLE_2043_DESCRIPTION
823AD3B1E0F97CBC,p7_zm_ctl_phone_military_vintage_cord_02_lod0
823C48FD76A6BBC7,veh_t9_mil_us_motorcycle_offroad_assembly_mpx_ultra_funk
823C59EFC8F88DA7,ps_mp_potm_lucas_slowmo_02
823EF5C73EC3967E,vzscope_medium_lindia98
824186D9BE74A5F5,trans_2_ads_freefall_weapons_s4_ar_valpha52
8241B45BD95D9FF7,s4_mp_fingers_pi_luniform_akimbo_l
82427E41C8FDEB35,patrol_sitting_laptop_react
8242C33785D4B531,bar_md_stealth_wecho
8242CA41EC3950C6,exposed_idle_alert_v3@3
8242CB41EC395279,exposed_idle_alert_v3@2
8242E5E99F35BF69,sdr_mp_laststand_self_revive_start
8242EC7DEF216FBE,seo_rubble_concrete_shards_cluster_14_burnt
824428D421FB4AFC,tag_ring_front_pba
82443476E356BE27,s4_acc_attach_watch_band_80_large
824434B82DEAACDF,mp_paragon_t7_09_large
82445F888C79EFC7,trans_2_ads_freefall_weapons_s4_sn_gecho43
8244A3CF79A9688F,callingcards_odd_couple_s6
824633F2223D8BE5,s4_acc_attach_face_93_small
8247A769F7B5D075,sniper_standard_bp_ghost
8247DE25D6DE1699,hm_grnd_org_lmg_setup_in_stand
8248555932238EF0,glow_decal_geo
82492B8ECB07FB48,tag_tail_light_left_d0
824B2DAFF18160CE,t9_charm_bomber_hat_desc
824B97479CFC228C,reb_stl_patrol_door_open_2
824B98479CFC243F,reb_stl_patrol_door_open_3
824B9A479CFC27A5,reb_stl_patrol_door_open_1
824BF0001D2EF705,p7_street_safety_fence_lod0
824C334507858D69,p7_ra2_wooden_stool
824C5A5EBD288369,p7_rope_coiled_hanging_lod0
824CAE79BFDC363F,glass_broken_frame_croner_07_lod0
824D8C8460BEC034,weapon_first_raise_prone_weapons_s4_sn_gecho43
824D910297315959,callingcards_blindedlight
824E3189EB5A6795,s4_mp_facial_solange_pain_laststand_1
824E477AABBB74E1,weapon_lower_quick_prone_weapons_iw8_ball
824E8CB250C79393,mag_grab
824EA46EC6B87CE0,melee_sledgehammer_bp_predator_sy_desc
824EF910FA94145B,scriptable_s4_fra_casing_pile_01_dyn
824F6F9C876F985E,trans_2_nonads_crouch_weapons_s4_sh_lindia98
82505BAB8C068AF3,p7_roof_tile_wood_02_wide_32x32a_lod0
8250B97DB1EC9FDE,p9_ang_rock_layered_01_ground_lrg_02_lod1
82512C93BE199973,reargrip_fabric_removed_ar_stango44
8251B0AA327BC4DD,torso_lg_r
8251B2AA327BC843,torso_lg_l
8251BCAA327BD941,torso_lg_f
8251C0AA327BE00D,torso_lg_b
8252164C1DEE5410,p8_usa_farm_tools_sickle_01_lod0
8252AD7BDD41DE9B,koth_secured
82533876B885CA91,j_strap1_ri_bind
82546D77C04739BC,reload_ads_alt_weapons_s4_sm_owhiskey
8254DCEF931B8885,p8_zm_off_office_papers_02b_lod0
82555EFBF2F17C13,rope_02_10_jnt
825631E9A5525C2B,wm_mike97_grip_sk_00_bkl
82564D04ADC0FFDB,sdr_com_exposed_stand_pain02_shrt_lleg_lower_md_2
8256E57BBD787537,fmags_mgolf42
8257A9938DF096A7,reload_quick_empty_prone_weapons_s4_sm_guniform45
82585FCC39BDD0C9,sdr_mp_execution_animal_001_attacker_prone
825877A7074AE67D,pf6535_auto65
82589B02BEE50C60,reb_stl_patrol_walk_turn_l_3
82589C02BEE50E13,reb_stl_patrol_walk_turn_l_2
82589D02BEE50FC6,reb_stl_patrol_walk_turn_l_1
82589F02BEE5132C,reb_stl_patrol_walk_turn_l_7
8258A002BEE514DF,reb_stl_patrol_walk_turn_l_6
8258A202BEE51845,reb_stl_patrol_walk_turn_l_4
8258A502BEE51D5E,reb_stl_patrol_walk_turn_l_9
8258E29EC1B41C35,adjust_ads_crouch_moving_weapons_s4_lm_tyankee11
825B42780A47ED3A,reargrip_stippled_sm_wecho43
825BAF4E461118D7,j_mane_front_lt_2_animate
825D1031353803A6,sdr_mp_exposed_crouch_death01_torso_med_8_left
825D2461A6B0CBEF,j_dyn_sword_top_01
825E935BA289F993,iw8_acc_attach_face_digital_r_b_big
825ED0155A15A5D3,control_taking_b_ofs
825F236234829B2F,reflex_monocle_00_wecho
825F99949A29534A,lock_bar_bottom
8261FDDE1746BE37,aim_ks_airdrop_strafe
82624DE3BFB66100,wristaccessory_t9_s5_digital_checkmate_desc
8264ACBAB902EE3C,loot_ar_british_bp_eclipse
8264B4443982BF2C,aac_parlor_table_01
8264C927A2C7C241,p7_debris_wood_board_4x4x128_lod0
8264FC5FADDC1AD8,s4_mp_execution_wade_01_attacker_stand
82673D107E001249,p9_ang_rocket_wreckage_module_dmg_02_lod0
8267D36ED644AC3C,p9_sr_evidence_op_chaos_newspaper_clip_01_lod0
826808FBB79F5656,reargrip_rubber_marksman_mg_dpapa27
8268304D76355F7E,p8_wz_foliage_bush_erigonum_02_lod0
826849350C8C2B75,ps_mp_execution_shigenori_laststand_foley
826882808526BABE,p9_ams_decor_wall_anchor_ornate_metal_02_lod0
826A0EC7637784D4,zm_pack_mpapa40
826B4ACD0C0A81B6,vm_moscar32_grip_rn_00_fab
826B9492C579C4D5,dof_3.4_127_050_050
826C23CC4BD9608A,tag_cylinder_animate
826C27C376C27B64,dof_4_110_050_050
826CA97F3DF99D25,s4_dog_move_slope_right_sm
826CBEECE61B1353,s4_sdr_cqb_strafe_walk_loop_4b
826EF741DA578C93,dyn_skirt_l
826EFC41DA579512,dyn_skirt_k
826F1541DA57BF8D,dyn_skirt_r
827006A6BD6B1E2C,j_backpack_strap1_ri
8270E5BD24F3FC24,ps_wfoly_plr_pi_golf21_raise_01
8271BB33CC640CD7,0.509804 0.815686 0.831373 1.0
82721B40A79CEC03,dyn_rope_r_02
82721C40A79CEDB6,dyn_rope_r_01
82727CF5A0B1FB9B,bs_mantle_over_weapon_up_melee
8272CEECE61F9A31,s4_sdr_cqb_strafe_walk_loop_6b
82736E3A8A8FF8FC,iw8_fire_ar_mcharlie
8274B7BE94D1BD8C,sdr_mp_addoff_pi_golf21_akimbo_nonads_noleft
8275DDC66F42E5C4,dyn_altimeter
82769F7F3E01E0AC,s4_dog_move_slope_right_lg
8276FA6D995A474F,ai_s4_zm_zombie_base_super_sprint_12_pain_f
827764F8A8FDF4B2,tag_nose_gear_pivot_block
827803358FC15ADD,parts_wristwear_mp_watch_o_wm
82781215E54EF941,tool_pickaxe_01_lod0
8278894592DCC590,reargrip_granular_tactical_sm_tyankee100
827A4E6323697CC7,reargrip_leather_weighted_mg_bromeo37
827B1F358FC3C048,parts_wristwear_mp_watch_o_vm
82804F1D700CC1ED,p8_spa_light_chandelier_hall_sconce_bulb_lod0
828094D5A86E2F52,sdr_mp_aim_ladder_pi_nonads_4_7
8281EC77741EE572,s4_mp_custom_sh_bromeo5_base_prone_trans_2_ads
828540BEDE13C5C7,p8_cup_mug_ceramic_01_lod0
82857808D83EB4BF,p9_rus_concrete_picnic_bench_table_decal_wet_lod0
8286FCF8C6479D80,p7_rug_cloth_rolled_sml_01_lod0
828847FB265A1EF5,p7_conduit_metal_1_elbow90_long_lod0
82889E16186388CA,sprocket_02_jnt
828913DEFFDFCDDF,mp_offshore
82895269FCF3E9F0,tag_front_ring_pba
828A487DEFF7C7EE,BUNDLE_5044_DESCRIPTION
828A91CB5ADCC26D,j_cables_parent
828C7E25E07552F1,sdr_mp_stand_moving_lower_2_back_l_ar_mike4
828C8807D2A426C4,p8_usa_wall_retaining_concrete_block_01_lod0
828DC452073B4AE9,reload_weapons_s4_pi_mike1911
828DD562F8C273D2,j_diamond_c11_le_pba
828DDE53AFF3081D,sdr_mp_me_strafe_jog_leanright
828DEAC8B2A6CEA7,BUNDLE_1090_DESCRIPTION
828E18C6EA95DFD0,tag_pebble_14
828E19C6EA95E183,tag_pebble_15
828E1AC6EA95E336,tag_pebble_16
828E1BC6EA95E4E9,tag_pebble_17
828E1CC6EA95E69C,tag_pebble_10
828E1EC6EA95EA02,tag_pebble_12
828E1FC6EA95EBB5,tag_pebble_13
828E25C6EA95F5E7,tag_pebble_19
828E3AFE568B9485,wm_bromeo35_grip_sk_00_tap
828FC60BF66E773B,p8_zm_whi_cot_medical_legs_lod0
8290B6D1C2C17FC7,reargrip_stippled_ar_fecho
829100BCC613B498,j_le_2
829103BCC613B9B1,j_le_1
82911CC6EA981C73,tag_pebble_06
82911DC6EA981E26,tag_pebble_05
82911FC6EA98218C,tag_pebble_03
829120C6EA98233F,tag_pebble_02
829121C6EA9824F2,tag_pebble_01
82912AC6EA98343D,tag_pebble_08
82913D5138A2238C,lod0_ncl1_2
829149CCF53BB1FA,sdr_mp_mantle_on_right_weapon_up_far_high_b_akimbo
8293535BE53206E7,gumball_event_speckled_12_jnt
829460FD977A8834,sdr_mp_hindia_seat05_death_inward_1
829463FD977A8D4D,sdr_mp_hindia_seat05_death_inward_2
829503BF0F9B49EE,reload_quick_ads_weapons_s4_sh_lindia98
8296DDA9C46155FD,scriptable_s4_jpn_radio_equipment_01_destp
82972B5EACF3ECAD,base_col_plaster_wall_chunk_02_lod0
82974A0523908FB9,s4_zm_jpn_roof_center_support_rope_01
829826C6EA9E4C1F,tag_pebble_28
829829C6EA9E5138,tag_pebble_25
82982AC6EA9E52EB,tag_pebble_24
82982CC6EA9E5651,tag_pebble_26
82982DC6EA9E5804,tag_pebble_21
82982EC6EA9E59B7,tag_pebble_20
829830C6EA9E5D1D,tag_pebble_22
82986E6AF083CAFB,callingcards_rockon
829884638151DB44,Z_SLAYER_ANIMATED
8298CEE3298BDE98,editcustomgames_settings_zm_health
82993C1B39178082,snprscope_medium_ger_malpha1916
829B47FE1DDF0058,tag_back_axel_left_target
829C7DA40A7850D8,vm_acog_00
829D930690754F35,p8_zm_esc_warden_house_molding_03_angle_in
829DFB666B3C695E,blueprint_bundle_3032_fara_rough_nugget
82A12427570FE171,ps_wfoly_plr_sn_kilo98_rechamber_04
82A12527570FE324,ps_wfoly_plr_sn_kilo98_rechamber_03
82A12627570FE4D7,ps_wfoly_plr_sn_kilo98_rechamber_02
82A12727570FE68A,ps_wfoly_plr_sn_kilo98_rechamber_01
82A12A474CB6188B,p7_glass_shard_sharp
82A15AE0428B9558,ammo_packedpowder_pump_noimp
82A274914DD2AABB,zm_leiomano
82A388DD9894471F,tag_ring_rear_pba
82A48171EBBEEE8B,foregrip_angled_aromeo99
82A5F1B7C5001316,p8_wz_decor_stocking_med_plain_lod0
82A678BFE399735E,p9_ams_liquor_bottle_11_dmg_01
82A6D09F505A7C46,BUNDLE_2074_TITLE
82A94EB05079BC96,s4_ger_crate_ammo_02_open_full
82AA300BD25F759F,j_thumb_ri_1_parrot
82AA912BD939A764,bottle2_dropped
82AAAADCEE58BC5A,ceramic_10_dmg_lod0
82ABF86C37AA88A1,reargrip_pine_reinforced_sh_lindia98
82AD0615F7793FEE,fire_crouch_nonads_weapons_s4_pi_ttango33
82AD66E478371806,sdr_com_prone_lmg_aim_9
82AD67E4783719B9,sdr_com_prone_lmg_aim_8
82AD6CE478372238,sdr_com_prone_lmg_aim_3
82AD6DE4783723EB,sdr_com_prone_lmg_aim_2
82AD6EE47837259E,sdr_com_prone_lmg_aim_1
82AD70E478372904,sdr_com_prone_lmg_aim_7
82AD71E478372AB7,sdr_com_prone_lmg_aim_6
82AD72E478372C6A,sdr_com_prone_lmg_aim_5
82AD73E478372E1D,sdr_com_prone_lmg_aim_4
82AD79529CAB4090,mtl_s4_camo_cdl_surge_pc
82AD84191C01229D,ai_s4_zm_zombie_base_crawl_sprint
82AE326362B95FD8,s4_mp_addoff_sm_mpapa40_base_prone_ads
82AE5C601B4D1ED6,p8_wz_skt_trash_styrofoam_container_01_lod0
82AEA595AC7F218B,snowchunk_3_lod0
82AEB10AB4C35CE6,melee_only
82AF6199A2744257,crouch_back
82B018A1A0F87EC9,wm_acog_00
82B079F42A6DB384,p8_zm_zod_tea_cup_01_plate_lod0
82B1B2E5243045FA,vm_tyankee11_grip_ta_00_fab
82B214A141122582,RANGERSQUAD
82B337A2BB3E241A,reargrip_fabric_mg_dpapa27
82B411AE11843C4D,ar_standard_bp_rifleer_desc
82B41A4D6675E126,t9_charm_ferris_wheel_desc
82B4A3D864103B37,vehiclehorn_treyarch
82B538B4690C27C0,umbrella_base_148_jnt
82B669352593E612,sdr_com_cover_right_crouch_hide_idle
82B74D0E6727AE46,scriptable_s4_ger_wine_bottle_04_destp
82B88FD60B296F6D,gripstock
82BA7C2A78C69B55,reload_quick_empty_alt_weapons_s4_sm_wecho43
82BD5891E3253CEA,dof_1.8_5_00000000000001_000000000000001
82BD9409685632B9,wm_tyankee100_stock_ws_00
82BD9FFCBE837943,callingcards_wolfmm_animated
82BE6EC29E64F767,p9_zm_outbreak_artifact_omega_patch_inspect_lod0
82BEBEBF1E37A8C0,brick_piece_a_04_lod0
82BF007C6ECFF321,crate_part_014_tag
82C1FF1E9648174A,tag_zombie_guts
82C26561FF61F07C,p8_col_cabinet_kitchen_top_lod0
82C5986B041A8783,l_thumb_jnt
82C658A3CBE6D6E8,gumball_rounds_speckled_10_jnt
82C6C24C2599A106,sdr_mp_strafe_walk_hipflip_forward_8
82C6C34C2599A2B9,sdr_mp_strafe_walk_hipflip_forward_9
82C6C94C2599ACEB,sdr_mp_strafe_walk_hipflip_forward_3
82C6CC4C2599B204,sdr_mp_strafe_walk_hipflip_forward_6
82C6CD4C2599B3B7,sdr_mp_strafe_walk_hipflip_forward_7
82C7705C01A8373C,recoil_booster_dpapa27
82C8BBCDF1AE8FF3,s4_zm_jpn_cell_shelf_01_rusty
82CC239B904101DA,s4_mp_addoff_ar_fecho_base_stand_ads_noleft
82CCF3947D37B779,sdr_mp_additive_la_rpapa7_mantle
82CD4C9CCFEB608B,furniture_painting_frame_03_brown
82CD8AD615E38B7C,tag_chair_r_null
82CDB400492BB9E7,dyn_leg_cloth1
82CDB500492BBB9A,dyn_leg_cloth2
82CDE36A7BD8E325,umbrella_base_150_jnt
82CF9317B678EEB2,wm_aromeo38_grip_00_fab
82D07D1577B402F1,j_wing_feather_c1_le_primary
82D10371EBE5065C,foregrip_angled_aromeo43
82D3C61B966E57D6,speedreloader
82D3DC8CBD176DB8,j_jacket_front1_le3
82D3DD8CBD176F6B,j_jacket_front1_le2
82D3DE8CBD17711E,j_jacket_front1_le1
82D40F5F1683B182,guns_tag_c_t9_usa_canteen_02_0
82D415CDC1BA20BA,tag_suspension_front_right_piston_top_aim
82D522258B5FCA6E,s4_fra_sign_hotel_royale
82D54DD3C1CF0332,j_pinky_le_2_pet
82D62E81007540B1,p9_nt6_ground_wires_06_lod0
82D655BC6FA9C444,turn_cw_idle
82D679E98D520964,pulls_02_r_flap_jnt
82D698DF330DFD29,acog_medium_asierra44
82D70C7294E61922,p9_ams_gate_metal_fence_50_01_decal
82D7EE646436992F,emblems_kitsune_s5
82DA3364BB8ED6D0,t9_charm_sneaker_guerillas_ms_desc
82DB857317F46581,tag_leg_left_6_animate
82DBC237692C9D50,reload_quick_empty_ads_weapons_s4_sn_malpha1916
82DD16911CFE7F2E,reload_empty_alt_weapons_s4_sh_becho20
82DD915E13725006,snprscope_medium_lecho
82DDCCAAAF02F6FC,leaderboard_game_mode_tabs
82DEAD5AC177F869,glass_broken_debris_pile_04_lod210v50bf800000
82E076C05AE7F057,j_belt_glove_ri
82E0FF66BC8D7E14,sdr_mp_veh_truck_opapa40_passenger_enter
82E12C586C1D89C7,j_glowstick_02_side1_ri
82E187E32CABCD6E,j_mid_le_3_pet
82E1B80122052056,wm_wecho_grip_00_tap
82E21B5262B5B881,p7_curtain_rod_96_lod0
82E2D2076CDFF448,reload_quick_prone_alt_weapons_s4_sn_kalpha98
82E2E9F066D66E40,sdr_mp_veh_pindia_seat_0_get_in
82E3604BE915D07C,silencer_light_stango44
82E367C70C97F8DF,fire_stand_nonads_weapons_s4_sm_stango5
82E3FF7D0965D58F,p9_fir_antler_rack_full
82E6BE18E28F82CE,acog_strong_voscar
82E6F947A701231E,s4_sdr_com_cover_right_crouch_ar_back_to_pistol
82EAABF9395C9089,p8_roll_chain_pulley_white_lod0
82EB269268FF4F6D,base_usa_lifeguard_tower_ladder_01_lod0
82EB3B3BC72B0021,p7_zm_shi_bamboo_128_sml_lod0
82EBA5BFB45A7C15,exposed_crouch_crawl_belly
82ECCFB452CEB32A,s4_zm_jpn_bed_sheet_torn_02_mesh
82ED4984B44C02D0,ceramic_09_dmg_lod0
82ED7905CD0D7DB0,rt_vine_med1_11_jnt
82EF25F0D61E3340,j_dyn_tie_r_leg_01
82EF68F17B4A12BF,nv_scope_00_offset_fecho
82F079970D128BB6,objectiveSpawnTime
82F0854D65473ADF,vm_mpapa40_grip_hv_00_bkl
82F0DB833BB181C9,p7_zm_shi_lamp_post_wood_hook
82F0E8534304DDE7,vm_stango5_mag_xs_00
82F0F94DD15BA840,ger_map_bunker_03
82F0FB4DD15BABA6,ger_map_bunker_01
82F165F6031463BF,BOWHUNTER_03
82F18AFBBFA764F0,vm_kalpha98_barrel_l_00
82F2379605277A69,angular
82F271DE4E375E43,dyn_bayonet
82F2E279DDDA052E,adjust_nonads_vehicle_weapons_s4_sm_owhiskey
82F2EE6370B24015,p7_street_curb_concrete_chunk_04_lod1
82F3663FCC0ECECE,cal_md_stealth_792mm_kurz_kalpha98_down1_pack_zm
82F381C85E5EF8DF,p9_nic_corrugate_panel_gate_post_rt_lod0
82F747F4CE371774,ranks_prestige_10_large
82F7EFCAA679F3D6,EMBLEMS_DISAVOWEDASSASSIN
82F840EBD5E86409,reargrip_hatched_support_ar_bromeopg
82F8535094FEB623,sdr_com_cover_right_stand_turn_2
82F8575094FEBCEF,sdr_com_cover_right_stand_turn_6
82F8595094FEC055,sdr_com_cover_right_stand_turn_4
82F85D5094FEC721,sdr_com_cover_right_stand_turn_8
82F8D265816EF958,reb_stl_alert_flash_idle_react_sm_up
82F90B55413BA5BF,tag_ext_mag_shell_button_animate
82FA9F303ED9AE4B,tag_dart_03_animate
82FB271346CB1527,adjust_nonads_crouch_moving_weapons_s4_sn_malpha1916
82FB3E7F2685EA8C,NICARAGUAN_01
82FB873995EDDBA5,callingcards_explosion_057
82FD66618B062D3F,masked_exploder_spawnflags
82FE354CBAB2AF5B,ger_postcard_bunker_04
82FE384CBAB2B474,ger_postcard_bunker_01
82FE3A4CBAB2B7DA,ger_postcard_bunker_03
82FE3B4CBAB2B98D,ger_postcard_bunker_02
82FF891A5B427A59,p7_sandbag_01_lod4
8300CB7B8A304C43,callingcards_t5_rainbow_1_desc
8302DA9BFA8FF7C8,p9_zm_gnt_zombie_lab_dead_rat_lod0
83035229D070CDE8,p7_zm_isl_bones_human_pile_01_lod0
8303554FC7D65EE1,AR_MERCENARY_BP_BRUTUS_DESCRIPTION
83040A1CD736B805,vm_gecho43_grip_padded_00_stp
83046251F60A88A0,s4_mp_facial_florence_death_2
83046351F60A8A53,s4_mp_facial_florence_death_3
83046551F60A8DB9,s4_mp_facial_florence_death_1
8305ABCF00B2DBB7,moving_default_akimbo
83067B5E9F59368A,vm_becho20_grip_mk_00_gra
8306865E9F59493B,vm_becho20_grip_mk_00_grv
83076D296683CD7B,sdr_com_walk_slope_down
830775FFE6557F71,mag_springs
83083C080EC6B09B,cover_left_crouch_hide_over_peek
8308CAB93C1B9321,weap_ameli_clipout_plr
8309A8A04661D1B9,tag_nasalis_ri
830ABE48BE60C9A1,j_jacket_2_ri1_driver
830AF8F81370EF92,vm_becho20_grip_sp_00_rub
830B170D9AC96E66,p9_mal_wires_bomb_thick_spline_02_lod0
830B38EF64C1EE3D,s4_mp_custom_ar_kgamma40_extmag_stand_reload
830B670EFFA2BB88,jawopen_lipcornerpullerr_upperlipraiserr
830C1A6A6D482047,j_min_stock_chain_09_pba
830C88597FEE0E7F,sdr_mp_stand_reload_ar_kilo433_gl
830CE0E075AD476E,reargrip_ptango41
830D14225F1DE149,wlf_pipe_mount_a_03
830D9DAC1F246E4F,ps_mp_execution_generic_krampus_bodyfall
830E2D95E49EF4C7,sdr_mp_me_mantle_over_weapon_up_close_low_a
830E2E95E49EF67A,sdr_mp_me_mantle_over_weapon_up_close_low_b
830FC0A04666662F,tag_nasalis_le
831015F424FE7BEC,tag_curtain_08g_animate
8310274E2911E089,melee_stand_weapons_any_smg
83106FE925FC3918,p9_rus_vista_kremlin_wall_clock_tower_01_lod0
8312E876372A66CA,cheer
83130955A7EEBD37,j_snake_body_1_animate
83135BBB92A5F24A,p9_usa_fb_sandbags_end_64
8314A6C555DE65D8,adjust_nonads_vehicle_weapons_s4_lm_dpapa28
83151123F4D4A404,gumball_event_shiny_22_jnt
8315403EAD89B62E,berserker_hvo
831636C601DBFE75,pistol_burst_bp_especial
831659C02E9FD433,p8_wmd_corrugated_wall_01_32h_8w_upper_01
8316B2AB8EEB7DB6,start_rag
8316F0C5B31FCC58,bundle_blueprint_1074_ar_accurate_royal_flush
8317D7983C387CBF,tag_volume_knob_animate
8318A4D4EE23E26F,esports_codcaster_starting_camera
8319B9061E72CCE4,j_diamond_c5_ri_2_animate
831A067315D068CE,s4_acc_attach_watch_band_25_large
831A6B48AD6B9C1E,j_baton_upvect
831B1ED08BCE0975,glob_stage_04_to_06_d_scale_jnt
831BB56030704A6D,dyn_rocket
831C00DA8FC5AFD5,tag_arm_c1_left_animate
831C40839F3A14B4,vm_tyankee11_grip_s_00_stp
831C42F9B446E070,tag_link_p7_zm_ctl_candle_holder_vintage_sml_04
831C47F9B446E8EF,tag_link_p7_zm_ctl_candle_holder_vintage_sml_01
831C48F9B446EAA2,tag_link_p7_zm_ctl_candle_holder_vintage_sml_02
831C49F9B446EC55,tag_link_p7_zm_ctl_candle_holder_vintage_sml_03
831D3732E9142091,sprint_melee_charge_begin
831D90DA7988E4AD,sdr_mp_me_veh_atango_seat_1_scrub_down
831EE2BEADA94399,sdr_mp_execution_054_victim_prone
831EFC32EF78C190,collision_wall_256x256x10
831F493353707093,p8_conduit_metal_outlet_plug_e2_lod0
831F645055269A28,j_mistletoe
831F8E182FDE842A,tag_arm_a4_left_animate
831FDDFD75B411D6,p7_debris_newspaper_06_wet_lod0
83200F50255B8F41,cal_xs_xmag_25_wecho43_down1_pack_zm
8321BD40EABEBF77,p8_foliage_flower_spanish_bluebell_sml_lod0
832254176C7595B0,j_knife_hide
8324A87A36ACD6CA,xxlmags_voscar_zm
8325E5ADEA008384,blade_03_jnt
8325F0AF2D844497,p9_hue_theater_boxed_candy_kit_01_bag_02_lod0
83266ABFEBEE569E,p7_foliage_cactus_barrel_round_flower_lod0
832686697DBBF3A0,p7_jun_fence_bamboo_med_burnt_lod0
8326A65C21F082B1,p9_zm_platinum_personal_computer_button
83287ED119AB4B4C,chute_cord_12_jnt
832906A42FCBB518,iw8_fire_la_kgolf
832A649DF5DDA310,p9_zm_tungsten_dark_aether_crystal_plane_lod0
832A88E0DC53A5A0,UprLipRaise_05_R
832AA6E0DC53D89A,UprLipRaise_05_L
832B619BA95D6756,front_sm_juggernaut
832BDD181BC799F8,t9_charm_pet_rock_desc
832D44F369AF8E6A,glob_stage_04_to_06_a_scale_jnt
832F416114815B1A,talent_gungho
832F71D64DBCCC6A,jump_up_40_run
8331270819372624,j_mid
833338EC7685BB52,reb_stl_trans_alert_to_alert_flash02
833469F376509AF2,prone_gesture115
83346AF376509CA5,prone_gesture114
8334B8B1AD2F4904,callingcards_skeletonpile
8335FF26C046972A,s4_mp_addoff_ar_m1golf_base_blindfire_left
8336E6F8651FCF95,par_street_sign_01_sign__03_lod0
833B796D4308408A,adjust_ads_stand_weapons_s4_sn_aromeo
833D3EF596F41AC1,p8_ice_med_rock_geo_0
833F19657EEF3A0C,p7_street_safety_post_a_lod0
833F336F3E1F8BEE,s4_mp_custom_lm_malpha7_base_prone_reload_empty
8341642C33C0F493,dof_4_160_0_0
83419FAB5F534784,p8_zm_zod_table_settings_food_warmer_lid_lod0
8342312BECF637BD,pain_sub_passthrough
8342F6218B16DF1F,dy_grenades_02
8342F7218B16E0D2,dy_grenades_01
8342FDD2EB7D4A3E,s4_zm_body_tank_grp_01_c_snow_less
83436A4BFD3AC8F6,ps_wpn_svictor40_plr_reload_charge_empty_fast
83452CB0A1300C78,debris_w
834540B0A1302E74,debris_c
8345B05468C213D3,p9_lat_bunker_01_corner_ext_96_90_01a_lod0
8347B63F915A0726,c_t9_gen_pl_starter4_song_mechanic_ms_desc
834880C4F01AF42D,warzone_cycle_items
834882FEA9AE0F62,tag_door_left_control_animate
83494CCC7AE549ED,s4_charm_sharkbomb_00
834A40193C94F42A,emojis
834A9B01D9317614,j_rope_102_animate
834AE83E8C4464AB,j_shoulderraiserot_le
834B7A175238D565,iw8_acc_attach_face_codl_paris_big
834C376A56774303,segmented_reload_loop_prone_weapons_s4_sh_bromeo5
834C7E99B1161501,p9_zm_exp_intel_documents_requiem_report_inspect
834CF6F84665497A,cal_md_12ga_buck_bromeo5_up1_zm
834E0AC2BADFDA09,p7_zm_ctl_console_deathray_lod0
834E1520FB287F36,tag_swingarm_left_rear_lower_inner
834F3BFE9CB83F15,trans_2_nonads_crouch_moving_weapons_s4_la_palpha60
834FBB002738B77E,tag_missile_03_airbrake_rear_upper_left_animate
83512326300A8947,mp_stand_melee_hit_02_pi_golf21
83516093774667C9,debris_rebar_single_10_lod110v010bf800000
8351D2F86B122780,tag_bunny_reap_origin_animate
835204C86E9017F0,vm_stango5_mag_c_001
83524077E19734A0,callingcards_we_are_forsaken_s6_desc
83526E6C63551D2C,ps_wpn_stango5_plr_reload_magin_empty
83537C9303B2BD6B,cal_sm_32_wecho_down1_noimp_pack_zm
83543C04286AF0D0,lsr_foliage_branch_cluster_01_lod0
8354520ECF66B694,p7_jun_brick_clean_05_lod0
835465BE8C8815FA,foregrip_ready_voscar
835654F451CA0EC6,wing_r_04_end
8358D7FAE4B1DAC3,ps_mp_execution_dog_standandprone_bloodpool_foley_01
8358E8FF0CCA347D,p7_playing_cards_single_as_lod0
8359A07761F4E8F0,clothsim_egy_scaffold_cloth_wide_027
8359A17761F4EAA3,clothsim_egy_scaffold_cloth_wide_026
8359A27761F4EC56,clothsim_egy_scaffold_cloth_wide_025
8359A37761F4EE09,clothsim_egy_scaffold_cloth_wide_024
8359A47761F4EFBC,clothsim_egy_scaffold_cloth_wide_023
8359A57761F4F16F,clothsim_egy_scaffold_cloth_wide_022
8359A67761F4F322,clothsim_egy_scaffold_cloth_wide_021
8359A77761F4F4D5,clothsim_egy_scaffold_cloth_wide_020
8359AE7761F500BA,clothsim_egy_scaffold_cloth_wide_029
8359AF7761F5026D,clothsim_egy_scaffold_cloth_wide_028
835A3DCED7197508,p7_jun_rock_wallrun_01b_lod0
835B05CB130A665E,base_hanging_arm_lod0
835C79B3CC6C9B66,p7_pipes_metal_water_brace_lod0
835CB1D6F59BC4CC,gib_generic2_leg
835CC7EFF05DB16B,cob_farmhouse_roof_dest_02_lod0_comb
835D0634AE0657D2,wm_chotel41_stock_sp_00
835E1893D68BCDB6,zm_callingcards_mp_berlinreport_backonthegrid_cc_desc
835E59F4F21C38EC,callingcards_vts_05_desc
835F319F0CD7FAA2,p9_rus_bldg_cultural_center_back_entrance_trim_column_02_lod0
83604096C71593B6,p9_zm_gold_blackboard_02_base_lod0
83611F1CEA0A8404,ps_mp_execution_roland_prone_eyegouge
836287B4E0E92BF3,p8_zm_zod_wall_pipe_intersection_lod0
8362B57F015F450B,s4_mp_addoff_sm_tyankee100_base_mount
8362F3A7E6932477,p7_mou_ice_icicle_chunk_04_lod0
836475EBB7532870,p8_kit_col_med_02_rollup_01_frame_dark_metal_224_01_lod0
8364ABE9DA2F9978,sdr_mp_me_veh_atango_seat_1_scrub_up
836505255AE8438D,p8_conduit_metal_2_body_joint_c_lod0
83660E4455968C90,j_l_wing_large_feather37_le_secondary_coverts
8366E9643F08C866,j_parachute04_02_le_animate
83681A427A899DFE,sdr_mp_strafe_crouch_fast_start_juggernaut_3_alt
8369C54F751428F7,wm_ppapa41_grip_rs_00_bkl
8369E9E5F6D1DD42,lft_vine_clump4_06_jnt
836BDD8283CE4B0D,p7_jun_rock_wallrun_lrg_half_b_vista_lod0
836D69FF6A8C8DFE,s4_zm_jpn_can_gas_metal
836EB8146E7126EE,ach_sandbag_single_01_wet
836EB8633C832621,s4_mp_custom_ar_m1golf_base_fire_weapon
8370DE5979CD5E93,j_razor_wire_med_5
8374691162B0EDCD,pf6580_auto65
8375A2756EEBCF35,p8_spa_statue_metal_01_base_lod0
8375B75DB4881950,j_skirt_front_ce_dyn_01
8375B95DB4881CB6,j_skirt_front_ce_dyn_03
8375BA5DB4881E69,j_skirt_front_ce_dyn_02
8378A877825437BD,stock_support_becho
837911B378AFBD62,bb_hunter_start_hardcore
837A1B2007F91F47,t9_charm_80sport
837B32F8B6B562D1,sdr_mp_crouch_moving_throw_eq_fulton
837CD8AE63A4706B,p9_lat_electrical_mount_hook_lod0
837D0296F68980DB,tag_paper_02_main
837D2DAD74F14560,dyn_tag_04
837D32AD74F14DDF,dyn_tag_01
837D33AD74F14F92,dyn_tag_02
837D34AD74F15145,dyn_tag_03
837D7DDCC8F0C7B0,sdr_mp_crouch_moving_prepare_eq_snowball
837E999512B8F19F,reargrip_taped_folding_sm_ppapa41
837EA173956C984C,s4_mp_strafe_sprint_sn_fast_7
837EA773956CA27E,s4_mp_strafe_sprint_sn_fast_9
837EA873956CA431,s4_mp_strafe_sprint_sn_fast_8
837FA6B83E53861D,j_diamond_c5_ri_1_animate
83827B084AD464AC,s4_mp_execution_death_hyena_01
83828BD5D55BAD29,s4_mp_custom_ar_kgamma40_base_crouch_moving_trans_2_nonads
8382D80BEC7D029B,sgc_sd_b
8382D90BEC7D044E,sgc_sd_a
8383407572C99FCA,wm_sh_lindia98_brake_s_fl_00
83834DD3537CEA7B,ai_s4_zm_zombie_base_run_au_v09_pain_chest_f
83846814980E1F26,dof_4_71_050_050
838552B19685F9E9,mkg_clothes_hanging_04_lod0
83872C5C1F1320C4,s4_camo_02f_zm
8387AD4F5A47D9FD,cover_stand_to_exposed_idle
8387F0D143B5BD14,CALLINGCARDS_DISAVOWEDASSASSIN
83892C96ADC8D68F,wm_bromeo_grip_tape_00_stp
838A1809B6213DE1,icepick_cuav_steal
838A9F784E43925E,elevator_r
838AA9784E43A35C,elevator_l
838DF988EF181AD6,sdr_mp_crouch_lower_2_back_l_killstreak_binoculars_ads
838EA90067CF925E,vm_mike97_grip_sk_sp_00_grv
838EBC0067CFB2A7,vm_mike97_grip_sk_sp_00_gra
838ED6E345DA0A69,s4_mp_addoff_sm_tyankee100_base_crouch_ads
838F1066D49A71F8,sprint_crawl_loop
8390161147E4D306,weap_m200_fast_end_plr
8390E005BB509AA8,p9_mal_ext_roof_trim_corner_out_01_lod0
8391EE95E1237E13,p9_zm_gold_gate_metal_scissor_01_closed_left_lod0
83946A272CE19CE4,p7_slu_tire_dirty_opti_lod0
8395E83E8C845025,j_shoulderraiserot_ri
8396C76EFF6394B7,lft_gate02_frnt_7_jnt
83972161F708A737,stl_crate_set_07_snow
8397291214A7F240,j_knife_thread
8397729C6E901251,reargrip_pine_sniper_mr_kalpha98
8397B951F25982E0,weapon_raise_quick_freefall_weapons_iw8_sn_crossbow
8397E659E74A414F,reload_quick_prone_alt_weapons_s4_pi_ttango33
8398B1DB6BCFFDC8,p9_rm_exp_building_vista_06_lod0
8399237E2B87D6E5,bar_xl_heavy_mgolf42
8399AF228168A7F3,p7_jun_corrugated_metal_8x8_dmg_lod0
839A03737843F12B,MOTORCYCLE_OFFROAD_MPX_RETRO
839BA86D2100DC65,walk_mantle_down_xlg_90l
839BBA6D2100FAFB,walk_mantle_down_xlg_90r
839CCEEA3A161316,scriptable_s4_rus_bottle_glass_04
839CD0EA3A16167C,scriptable_s4_rus_bottle_glass_02
839CD1EA3A16182F,scriptable_s4_rus_bottle_glass_03
839CD3EA3A161B95,scriptable_s4_rus_bottle_glass_01
839CE3CC08B9AB4E,ps_wpn_bromeopg_plr_reload_magin_tac_fast
839D46B20FE60EF7,scene_frontend_t9_character_mp_usa_woods
839D6F956B94B8D8,snprscope_strong_usa_bromeopg
839DF0B2A6407255,tag_gun_handle
839EE3C993348AAD,tag_engine1
83A1392A85922493,smg_handling_bp_cubarevo_desc
83A1957DAA60168B,ammo_longrounds_pistol_mtx
83A1C6C588C23326,callingcards_vts_14_desc
83A1FBA6FD6B783C,reload_empty_weapons_s4_sh_bromeo5
83A25EB72BE3CF1F,p8_zm_whi_berm_dirt_01_lod0
83A3D0CDE125A07B,traverse_external
83A3D117B1191B53,segmented_reload_loop_freefall_weapons_s4_sh_mike97
83A7EA39F1E837F8,aac_shoes_women_02_r_lod0
83A7FE8DC0FCAF0A,adjust_ads_crouch_moving_weapons_s4_sm_wecho43
83A839DC1DBAD7E1,pass_run_out
83A8C092B34EFD69,branch_04_anim_jnt
83A8D9F06C361ED2,vm_stango5_grip_00_fab
83A9BB7B3043C569,BUNDLE_4006_DESCRIPTION
83AACB9838EEC818,reargrip_pine_support_sh_bromeo5
83AB7C7C3C8D3C74,j_side_exhaust_le_pba
83AD539FCDF16117,trash_cardboard_box_03_01_jnt
83B035F2EB68EB3C,zm_callingcards_darkpops_zm_berlin_mq_cc_desc
83B13817178E1B47,tag_bullet_deplete_swap_20_animate
83B1F08B45E11C49,shotgun_semiauto_bp_hudson_ms
83B323FA41BF994D,s4_mp_custom_ar_m1golf_gl_prone_in@1
83B33DAA4559D823,emblems_vts_05_s5
83B3BF791698A162,inspect_stand_weapons_any_me
83B3F2581AC3A2A1,p8_conduit_metal_outlet_plug_g_lod0
83B5F25EEBA101E6,chopper_gunner_battlechatter
83B6EBCFC4C9B246,scriptable_s4_office_paper_stack01_iw6_destp
83B729AB575A75BD,j_paper_02_18_le
83B75CCDF177E394,j_strap_ri
83B86F19051711D9,ssdf
83B8A3F727137AB7,front_plaster01
83BA2BB87A00D452,j_metapinky_le_1_elf
83BA88D408E8105D,attachment_wm_sh_charlie725_stock
83BA9B5C62217C9D,p9_vnm_bunker_concrete_exterior_01_lod0
83BBBE0DFC98AD2E,p9_rus_food_price_tag_peper_01_lod0
83BBCC8881AF3F04,cal_lg_fmag_792mm_mauser_stango44_up1
83BE39AB5760AF9B,j_paper_02_18_ri
83BE852039437F5F,wm_chotel41_stock_mk_00
83C09EFCAF6B9193,callingcards_mps2_wellrounded_desc
83C0AC134DDFA759,sdr_com_exposed_stand_fullpain01_lleg_lower_md_b
83C0B0134DDFAE25,sdr_com_exposed_stand_fullpain01_lleg_lower_md_f
83C0B6134DDFB857,sdr_com_exposed_stand_fullpain01_lleg_lower_md_l
83C0BC134DDFC289,sdr_com_exposed_stand_fullpain01_lleg_lower_md_r
83C24111A189D4F0,tag_skull_chain_le_08
83C24211A189D6A3,tag_skull_chain_le_09
83C24A11A189E43B,tag_skull_chain_le_01
83C24B11A189E5EE,tag_skull_chain_le_02
83C24C11A189E7A1,tag_skull_chain_le_03
83C24D11A189E954,tag_skull_chain_le_04
83C24E11A189EB07,tag_skull_chain_le_05
83C24F11A189ECBA,tag_skull_chain_le_06
83C25011A189EE6D,tag_skull_chain_le_07
83C2DC5C61DF4343,reload_quick_alt_weapons_s4_sm_wecho43
83C3397383BC0D0B,c_t9_rope_01_lod0
83C48794C83FBE88,lbravo_seat_4_left
83C4E236A1DAA510,p8_nt4_soviet_propaganda_sign_dictator
83C52E019BD25EAE,ar_standard_bp_devilwoman_desc
83C5D6D30F4372A0,silencer_light_svictor40
83C63B152A41164F,p9_rus_bldg_office_01_column_03_end_bs_lod0
83C656DB46C1AD3C,p7_zm_gen_proto_column_rebar_01_lod0
83C728A6248618F9,p7_medical_gauze_roll_unrolled_small_lod0
83C7529811AC54DB,p7_fxp_debris_newspaper_01_lod0
83C7F16D6383E34B,tag_speaker_left
83CA1889AC0D6D8E,tag_handguard
83CAF0FC81C0FC93,adjust_ads_prone_weapons_iw8_fists
83CC70CB0E5EF8C8,s4_mp_addoff_sn_aromeo38_base_mount_left
83CCEF866568F21E,j_jacket_front_end
83CD6E45EBED0492,crawling_mantle_up_132_dn_36
83CDC5EBA445800B,dof_4_36_030_030
83CE09D731CE2D53,p9_usa_blackwood_bannister_rail_connectors_left_02_lod0
83CE4996492257F8,sdr_mp_addoff_crouch_sh_romeo870_nonads_noright
83D117EA2F1B8654,dof_3.5_20_0_0
83D150BACCDA4E0A,AR_DAMAGE_BP_OLE_DISPLAYNAME
83D194480C7A90C8,decor_metal_bucket_small_02_dyn
83D2ECA0DD7CBB41,MOD_POST_GAME
83D467CADA9C3EA8,tag_harness
83D6DA380F39FB9A,vm_malpha96_mag_c_00
83D8C3CF0119A875,stock_weighted_owhiskey
83D90A9BAA04058C,s4_mp_fingers_sn_mptango41_xlmag_l
83D955CE68A545A8,p8_island_cabinet_kitchen_long_door_lt_lod0
83D9F3FF7ACB500E,wm_tyankee11_grip_sk_00_rub
83DCB27916BB905F,inspect_stand_weapons_any_ar
83DDA6B6C81FF0BA,s4_mp_custom_ar_m1golf_gl_prone_in
83DDB6DE830115F3,chain_01_03_jnt
83DE8C55B383D8CA,t9_charm_ornate_lock_desc
83DFA856213F6958,tag_warhead
83E06AC31F76EFAD,p7_slu_panel_electrical_02_base_pipe_lod0
83E0EF7C69105795,reargrip_fabric_sh_becho
83E12FC59CED1824,reload_quick_empty_prone_alt_weapons_s4_sh_mike97
83E144E24162CB08,pot_03
83E145E24162CCBB,pot_02
83E146E24162CE6E,pot_01
83E14BE24162D6ED,pot_04
83E331D13E13B7B1,p9_zm_gold_slideshow_case_lod0
83E381A0EDB22792,p9_rus_carpet_stair_single_lod0
83E39F4C749EDA43,operator_bundle_5044_naga_urban_tactical
83E3AA723EB3069C,p8_wmd_corrugated_wall_01_32h_8w_lower_01
83E4CB0E5D0FCE74,tag_scope_occlude
83E56AF519DEAC26,jaw_0_animate
83E58E6AEB53620F,paintjob_stickers_heatwave_locs
83E6C3BC2164A177,j_ring_tendon_aim_target_ri
83E6DAA636A1AC1C,scriptable_s4_rus_apt_divider_stained_glass_01_a_destp
83E736B104D2564D,tag_wheel_front_left_animate
83E94368D0466965,p9_ams_door_chain_lock_01_chain_lod0
83EA19151B943C3F,s4_zm_rus_accessory_icicle_level_128
83EA7ACB2944E35D,treenode
83EC6C81EB55CEC6,j_cape_le_1_4
83EC6E81EB55D22C,j_cape_le_1_2
83EC6F81EB55D3DF,j_cape_le_1_3
83EC7181EB55D745,j_cape_le_1_1
83ED54682C61F74A,me_barrier_railing_stone_128_clean
83EE6D09BAB828F0,sdr_com_cover_crouch_pain01_head_lg_b_to_hide
83EE99190544E8A7,ssth
83EF11B5DD36F31B,veh_t9_mil_boat_jetski_mpx_piranha
83EF432CDEDCD7BB,stock_removed_svictor40
83EF7251D8D0F4D9,tag_string_top
83F16B97D7E647B8,sdr_com_cover_crouch_rvar_exp_to_hide
83F408F598A35BA1,reargrip_bakelite_weighted_ar_asierra44
83F4EBFDE94DED98,s4_zm_ger_notes_loose_03
83F4ECFDE94DEF4B,s4_zm_ger_notes_loose_02
83F4EDFDE94DF0FE,s4_zm_ger_notes_loose_01
83F4F1FDE94DF7CA,s4_zm_ger_notes_loose_05
83F4F2FDE94DF97D,s4_zm_ger_notes_loose_04
83F62667EAAE95B6,TRACERLUCKY_LOCS
83F6EC5927D7B93A,greece_classic_chair_02_broken_lod0
83F75B45BFE72EEC,p7_mou_antenna_square_mount_lod0
83F7F9D155311997,adjust_blindfire_blindfire_top_weapons_s4_sn_moscar32
83F8F163B358D050,wire_02_08
83F8F263B358D203,wire_02_09
83F8FA63B358DF9B,wire_02_01
83F8FB3536095291,lookatpos_cover_right_stand
83F8FB63B358E14E,wire_02_02
83F8FC63B358E301,wire_02_03
83F8FD63B358E4B4,wire_02_04
83F8FE63B358E667,wire_02_05
83F8FF63B358E81A,wire_02_06
83F90063B358E9CD,wire_02_07
83FADBBC21757349,j_ring_tendon_aim_target_le
83FCC4B7A7C31CF4,pf549_auto711
83FD65F286E431E4,sdr_com_cover_right_stand_hide_idle
83FF7A63610D6FDF,s4_mp_custom_sn_mptango41_base_stand_reload
83FF9D558E15F82D,p9_mal_glass_display_ice_cream_02_lod0
84026F593442E2B7,eq_satchel_threat
840275E01F60D05A,callingcards_t7_prestige_mermaid
84038D41A1144C1D,tag_door_handle_left_rear_interior_animate
8404F17D1F2E467C,aac_kitchen_set
84054D8B63201EEF,fire_stand_mount_left_weapons_s4_pi_luniform
84058A79237600C1,bar_md_stealth_tyankee100
8405D41C6AE9266C,reargrip_stippled_mg_dpapa27
840712A9C3832E7B,j_strap_06_animate
84095923973DA07F,exposed_squat_down_grenade_f
8409C5DD4AA56A6C,reb_stl_trans_alert_to_alert_flash
840A479CF21D9FEC,cqbleft
840A54F523724315,vm_ppapa41_grip_mk_00_tap
840A580976ED15C2,ps_mp_mvphl_lucas_hits_01
840C8514F89CF6D0,flag_respawn_time
840D5B61E40F63C2,melee_crouch_weapons_s4_sm_tyankee100
84108FED686692F6,tag_glass_right_rear_d5
841090ED686694A9,tag_glass_right_rear_d4
841091ED6866965C,tag_glass_right_rear_d3
841092ED6866980F,tag_glass_right_rear_d2
841093ED686699C2,tag_glass_right_rear_d1
841094ED68669B75,tag_glass_right_rear_d0
84116E79B8021250,reargrip_pine_weighted_mr_moscar
8411C121528E333C,p9_mal_popcorn_bucket_stacked_01
8412F620A3597857,s4_rus_display_wood_table_lrg_02_dmg
84138C6F51C381A1,talent_engineer
84142FD6FBA168C5,reargrip_taped_folding_sm_stango5
8414E88B46358C0C,shotgun_semiauto_bp_hudson_pc
84158EC7AFABF5F0,s4_acc_attach_watch_band_52_small
841606CD222F7522,sdr_mp_strafe_fast_jump_air_8
841607CD222F76D5,sdr_mp_strafe_fast_jump_air_9
841608CD222F7888,sdr_mp_strafe_fast_jump_air_6
841609CD222F7A3B,sdr_mp_strafe_fast_jump_air_7
84160ACD222F7BEE,sdr_mp_strafe_fast_jump_air_4
84160CCD222F7F54,sdr_mp_strafe_fast_jump_air_2
84160DCD222F8107,sdr_mp_strafe_fast_jump_air_3
84160FCD222F846D,sdr_mp_strafe_fast_jump_air_1
8416AA37C9E76AB4,p7_box_cardboard_b_open01_lod0
8416D915D4BE4658,tag_axe_front_up
8417FA8B4637E079,shotgun_semiauto_bp_hudson_sy
84196139D840DE31,j_brain_4_animate
8419A67916EF2A19,inspect_stand_weapons_any_sn
8419A87916EF2D7F,inspect_stand_weapons_any_sh
841ABF4CF69D4130,stim_attach
841BC7562A2BC801,c_cin_t9_frontend_mtx_store_cam_idle
841C5CF9E03EC678,s4_mp_addoff_la_mkilo11_base_prone_ads
841C859CDBE01258,damage_bevl_corner_concrete_03d_lod0
841E23C2ED4E5DE4,trans_2_ads_freefall_weapons_s4_sm_mpapa40
8420B7E70A3AF2B0,bs_mount_right_mike4
8421A180CF740880,reload_quick_empty_prone_weapons_s4_lm_dpapa28
8422233CE8FB2040,wm_ttango33_receiver_00
8422A8B73BB6D79D,mp_prone_custom_reload_sn_mike14
8422D51508D74A54,p8_wz_picture_bunker_05_lod0
842411FEB637C740,ps_mp_ar_paratrooper_cutoff
8424E866919881AC,reload_empty_prone_weapons_s4_sm_wecho43
84259E5F9B9FACCC,p7_wes_food_jar_candy_candy_02_lod0
8426345DB06E4670,window_03_shard_64_jnt
8426FDB9FE2AF823,callingcards_zippity_dead_s6
8427C1D51E76CF03,reload_quick_empty_ads_weapons_s4_sm_guniform45
8427D41CFDA22E3B,players_list_tabs
84288B17703B1247,j_hook_end
8429B37D2C218D67,sgon_cp_nic_plaza_parking_lot
8429B411EAACD24B,physicscontents_glass
842A4016DD2DB2F9,reflex_lens_01_ptango41
842A6859449358A1,wm_mike1911_brake_ab_101
842A8030B29E99F8,p9_zm_nt_intel_documents_inspect_gina
842C56DFF89F5C75,maxPlayers
842CE4EF58ADA3BA,tag_cargo_hook_attach
842D2118511A079E,segmented_reload_loop_stand_ads_weapons_s4_sh_becho20
842D348A3AAC6E61,CALLING_CARDS_T9/BLKCHROME
842D86CE202183F0,oak_03_v2_autumn_04_shadowcaster
842E2DA9007CDF0D,s4_mp_custom_eq_mortar_flare_stand_prepare
842EF5DC6DDC2DEB,j_mag1_rattler
842F717CA19511BD,sdr_mp_execution_009_victim_laststand
842F8DEC88662CC0,wm_mike1911_trigger_00
842F92E504C045BF,p8_ceramic_tile_infirmary_broken_01_lod0
8430F5AB528F9244,blops_commander_cia
8431EFF15BA788ED,p7_debris_rockychunks_small_01_lod0
8434DB3E0F64E819,callingcards_s6_ninjanoir
84362D8C739156A5,score_limit_ctf
8436BCEF8041FFF7,sdr_mp_stand_custom_fire_lm_dblmg
8437A0F5DBD02DAA,weap_golf21_empty_fast_magout_plr
8437AE0C8E740645,blendspace_alias_jump_takeoff_sprint_lmg
8437C06D5055C07E,j_wrist_string1_ri
84392FC04D49707F,tag_fx_hatch_top
8439711D54965548,rope_03_jnt
843A4738B5A4AB97,fast_mantle_down_sm_90r
843A4D38B5A4B5C9,fast_mantle_down_sm_90l
843B2C7BFA7E81B3,sdr_com_run_pain_md_2_04
843B2F7BFA7E86CC,sdr_com_run_pain_md_2_01
843B317BFA7E8A32,sdr_com_run_pain_md_2_03
843B327BFA7E8BE5,sdr_com_run_pain_md_2_02
843CB32C55C45697,magic_missile
843D566FD7BD30B3,s4_mp_fingers_ar_voscar_base_r
843D746FD7BD63AD,s4_mp_fingers_ar_voscar_base_l
843EC6ACD17D4392,reload_ads_alt_weapons_s4_lm_aalpha52
843FA9916FBFC658,cover_crouch_stand_drop_rpg
8440018D9B225EB6,tourroom_charslot_right_02_dog
8440227B5B86798D,nv_scope_00_offset_bromeopg
844057986A96A4F2,p9_dun_container_metal_01_door_lt
8440AFD2EE8C6F83,sdr_com_exposed_crouch_pstl_run_exit_1
8440B0D2EE8C7136,sdr_com_exposed_crouch_pstl_run_exit_2
8440B1D2EE8C72E9,sdr_com_exposed_crouch_pstl_run_exit_3
8440B2D2EE8C749C,sdr_com_exposed_crouch_pstl_run_exit_4
8440B5D2EE8C79B5,sdr_com_exposed_crouch_pstl_run_exit_7
8440B6D2EE8C7B68,sdr_com_exposed_crouch_pstl_run_exit_8
8440B7D2EE8C7D1B,sdr_com_exposed_crouch_pstl_run_exit_9
8440C64AD1EC7BF3,s4_zm_body_tank_grp_02_snow
84417BE22D58AF82,sdr_com_run_pain_stomach_stumble
84419AF46C843405,t9_charm_target_pract_desc
8442137307134144,zom_dismem_leg_lowdam_r
8442197307134B76,zom_dismem_leg_lowdam_l
844294C80D874B3F,j_trigger_f
844297C80D875058,j_trigger_k
8442E0D8CD4C432D,s4_mp_custom_eq_bomb_crouch_pullout
84458D681D84D53D,s4_mp_custom_lm_malpha7_extmag_prone_reload
844594FFBA38DC97,xmags_kgolf40_zm
8445E8672220DF98,reargrip_bakelite_heavy_ar_stango44
84466B0E9A41F8E4,s4_fra_royal_hotel_roof_stair_01_lod010v41bf800000
84474D94EF23C5FB,c_cin_t9_frontend_char_cust_player_outro_cam
844828B61E066C04,s4_mp_execution_pestilence_hyena_01
844837BB86DA180A,sdr_com_exposed_stand_pain07_shrt_lleg_lower_md_2
84483F30C4DEEEBB,bottle_03_capper_pincer_lt_jnt
8448FCE489246CCA,p9_rm_pai_plywood_wood_48x96_lod0
84494FD5BC7BB463,aac_lamp_03_lod0
844A4A0F1FB4BDFF,gestable_command_flanking
844AF24610D77840,sdr_com_cover_right_stand_lean_to_hide
844BA83DC04F048C,sdr_cqb_cover_right_crouch_fast_arrival_r_8r
844BBE3DC04F29EE,sdr_cqb_cover_right_crouch_fast_arrival_r_8l
844CC285240ABDC6,ps_wpn_mgolf42_plr_reload_beltout_tac
844D1B9689FF585F,chunk_hand_l_lod0
844E6105E347B97A,uk_house_chair_rail_01_64_last_lod10v40bf800000
844EDE66CE201F7B,callingcards_zms2_disarmed
844EF2AFCF9E76E0,jeep_seat_2_blend_in
844FBE1E2831B488,aac_ceiling_fan_01_lod0
8451605F741310CA,sgon_cp_rus_amerika_extbuilding_09_opt_lod0
845180916352B322,p7_zm_sha_statue_framed_column_02_lod0
845222036D2A48C7,p8_wmd_barbed_wire_01_snow_lod0
8452613DCC5400E2,shuffle8
8452623DCC540295,shuffle9
8452633DCC540448,shuffle6
8452653DCC5407AE,shuffle4
8452673DCC540B14,shuffle2
8452683DCC540CC7,shuffle3
84526A3DCC54102D,shuffle1
845365CC34AC154A,s4_zm_ammo_cache_01
8453B0AA169B3053,adjust_blindfire_blindfire_top_weapons_s4_sn_malpha1916
84556634D1EEA4C6,sdr_mp_lower_mobile_turret_crouch_moving
84565D34965B6F8D,j_container_dyn_01
84579CACE51493C2,p7_zm_asc_pipes_electrical_short_lod0
845924826C2F7DD7,sdr_com_cover_right_crouch_pstl_jog_arrival_l_8r
84592A826C2F8809,sdr_com_cover_right_crouch_pstl_jog_arrival_l_8l
845A09EAAE39C205,sdr_mp_execution_001_victim_laststand
845BD955C5B06E16,p8_foliage_weeds_short_straight_16_lod0
845C4C84B9EA2796,foregrip_vert_voscar
845D3F90AA00BB42,p7_zm_tra_wooden_fence_rail_01_lod0
845E4D9130186597,tread_guide_top_back_right
845F434FCAC2B81D,parts_wristwear_mp_watch_codl_guerrillas_los_angeles_vm
845F5F8DF2639B30,coat_hanging_02
845FF11D4297B7B9,footstep_left_large
8460F698E14576C0,ATTACH_T9_CHARM_METALPEACE
84625F4FCAC51D88,parts_wristwear_mp_watch_codl_guerrillas_los_angeles_wm
84629F0F809F32A7,sdr_mp_strafe_slide_2_strafe_crouch_7_trans
8462C9AB694E4798,wm_moscar32_grip_rn_00_lea
846326B172DCAEFC,cover_right_crouch_exposed_b_rechamber
8463397295D666BA,p9_usa_icecream_food_cart_tail_light_01_lod0
846351423D9535ED,weapon_first_raise_crouch_moving_weapons_s4_me_pushdagger
846378D5C615FACC,ar_damage_bp_tchern
84637E4E3332A593,j_rope_059_animate
84642A56090A7EC7,tag_fx_nozzle_front_01
84642B56090A807A,tag_fx_nozzle_front_02
84659E69A8C9998B,ps_wpn_moscar_plr_reload_open_tac
8465D1D5F82813F0,wm_balpha_mtx_fg_106
8465D6D5F8281C6F,wm_balpha_mtx_fg_103
846722FC5F6891E6,s4_mp_addoff_ar_asierra44_base_blindfire_right
846776ACEEC3AB89,tag_light_attach_right
84679F441B760EE7,TR_LONGBURST_BP_JOKERH_DISPLAYNAME
8467BFBA143D2088,p7_debris_wood_board_4x4x64_lod0
846891B1DC1CDC43,tag_fx_cockpit_light_red_01
846892B1DC1CDDF6,tag_fx_cockpit_light_red_02
8468F147932705FC,prestige_t8_zm_08_large
8469A37F62D0B52D,p7_zm_sta_furnace_metal_door_lod0
846B06E9701B4CB6,p9_zm_platinum_uranium_corrupted_lod0
846B84F36DAF50F4,blendspace_alias_move_forward_huggernaut
846C8E3D16B88ABC,p8_kit_ice_gutter_32_lod0
846C96711843610D,sgon_duga_building_window_bank_01_lrg_1story_grouplod
846D072F4A68B2C3,p8_cos_duct_rect_sml_horiz_90_lod0
846EB4EF2F93CAC5,weap_papa90_empty_end_plr
847082C86699A3B3,vm_bromeo35_grip_ta_00_stp
8470A429C3C4A7DC,reargrip_granular_short_sm_wecho43
847170B845D24C20,umbrella_base_052_jnt
8471C44EA445BFA7,p7_brick_clean_breakout_08_lod0
84725C9EE54DFAB0,sdr_com_exposed_stand_pstl_gun_down
8473B00D6E40B646,eyeraisel
8473CA0D6E40E274,eyeraiser
8474FED0AD1312B4,tag_bullet_deplete_sqtl_04_animate
8476C9D6B399FC8A,TR_LONGBURST_BP_PINK_DISPLAYNAME
8478ECC235D8653D,vm_stango5_grip_rs_00_lea
847A2F956C5025AF,snprscope_strong_usa_bromeo37
847B02B521E914A0,reload_ads_weapons_s4_la_mkilo11
847C3A0DBBE11CCA,wristaccessory_t9_s5_digital_rank_countdwn_desc
847C7A22CB471F06,mout_cover_plywood_thick_02_lod0
847DC11F30CD5C2B,tag_cars_animate
847EE47EBB5E8187,sdr_mp_addoff_ks_airdrop_nonads@1
847EE57EBB5E833A,sdr_mp_addoff_ks_airdrop_nonads@2
847EE67EBB5E84ED,sdr_mp_addoff_ks_airdrop_nonads@3
847FAC5D3A2A623A,tag_ring_front_animate
848010234DEFF6DF,lft_tent02_02_jnt
8481F35EC6CE00E2,callingcards_death_from_above_desc
8483632876CDFD22,reargrip_granular_sniper_mg_bromeo37
84838386B7592D3E,tag_drone_animate
8483D9A1A73F4AF4,hide_to_exposed
848507902CC0F097,p7_zur_nw_wall_brace_01_lod0
8486BBCE8ED5FB64,p9_ams_gate_metal_fence_45_01_decal
848717870F47C48C,ps_mp_potm_daniel_hits_01
8487E0F83600DA1E,dyn_bomb_waist
8488352BE7628020,barrier_sandbag_single_01_lod2
8488372BE7628386,barrier_sandbag_single_01_lod0
848889D99235C3CF,callingcards_zm_surveyor_biggerboard
8488D5051BB4EEA4,crouch_aim_ks_juggernaut_ads
84891381E08A4DF2,walk_strafe_stop_passthrough
848959073702C4B8,zm_callingcards_diamond_lmgs_zm_cc
848D1C36F785E3C9,6_fast_max
848E1E10FF5E3787,holo_02_balpha
848F712B6F5E1E7F,sdr_cqb_cover_left_crouch_pstl_walk_exitfull_8l
848F75D7FB0B31ED,p9_dun_village_kit_rubble_med_02_lod0
84900F03AA2C9B1C,sdr_mp_me_strafe_jog_stop_l_3_alt
84903BCC731C10D6,p8_cas_light_chandelier_05_chain_lod0
8491286F051B4379,slow_100_200
8492AD92B6ABCB6E,j_calf_le
84932718F63F6624,s4_ar_stango44_launcher
84938A30DBF5B682,p7_spl_clothes_bathing_suit_bottom_med_red_lod0
849450077093C3E4,move_forward_crouch_to_prone_transition
8494917EE25572E0,l_elbow_jnt
8495C3BCCB3CA3BF,dyn_flashlight_01
849641C8F49EAD34,glob_stage_04_to_06_b_move_jnt
84967FCF0E49F1DE,vm_fecho_grip_00_pin
8496C70839787201,callingcards_specially_made_desc
8497DA1612F48190,j_kneepad_pivot1_ri
8499BA6DF55B131B,vm_svictor40_grip_ta_00_fab
849A366E223420B0,dyn_bombone_tube_01
849C12E74EE1DD9E,glob_stage_07_to_09_a_04_jnt
849C1CF6158322C4,p8_lamp_desk_top_lod0
849C60E5840D59DC,p9_cp_takedown_09
849C61E5840D5B8F,p9_cp_takedown_08
849C64E5840D60A8,p9_cp_takedown_05
849C65E5840D625B,p9_cp_takedown_04
849C66E5840D640E,p9_cp_takedown_07
849C67E5840D65C1,p9_cp_takedown_06
849C68E5840D6774,p9_cp_takedown_01
849C6AE5840D6ADA,p9_cp_takedown_03
849C6BE5840D6C8D,p9_cp_takedown_02
849C816F2487A8AB,cover_left_shoot_semi
849D2D9EE4D2DA1C,p8_curtain_ornate_rod_lod0
849DE0E35B94B025,trans_2_ads_prone_weapons_s4_sm_ppapa41
849DFF387919661F,beaker
849E01442DAB6746,irons_lrg_kgolf40
849E3BD97A9F4C73,door_med_14_jnt
849E8B8FD946759E,ndy_bunker_wall_shelf_01_lod0
849F89179FACDA2A,ctf_enemy_captured
84A0F16A7DA2DF32,p7_debris_concrete_rubble_med_10_lod0
84A11568BAF4AC5F,p9_foliage_plant_flowering_weed_02_lod0
84A21F317261438D,tag_buttons6_animate
84A243E30B3E87EF,stand_body_jnt
84A3997DEAACEFF3,tag_minimal_stock_ring_pba
84A3A674CFC45892,sniper_accurate_bp_roman_desc
84A43B5A40F0AE54,zm_elo2_reticle_4_r
84A51E7B2EF9666C,sdr_mp_stand_turn_l_90
84A6AE615C4DE767,tag_differntial_back_spin
84A6FEA861E82D55,sdr_mp_strafe_jog_jump_land_4_jugg
84A77CF2A30FE086,killstreak_binoculars
84A7BFE462C3A1EA,patrol_idle_curious_fl
84A817EA7C62A000,pistol_revolver_bp_noir_desc
84A82A10187ECCFD,wm_stango44_mag_00
84A876930CBCBAC8,reload_quick_weapons_s4_sm_aromeo43
84A9428025325499,wm_mike97_grip_folding_00_lea
84A9D018DE56B450,start_forward_sprint_ar_concussed
84AC166433EB621C,p9_rus_amk_mainst_stairs_02_lod0
84AC569EC68F3209,tr_powerburst_cb_bp_lunar
84AD20F3267DB823,dyn_lf_arm_strap_01
84AD21F3267DB9D6,dyn_lf_arm_strap_02
84AED4802498840A,eggplant_pileforbox_01_lod0
84AF491A23CD08BF,p8_zm_man_light_spot_victorian_bracket_lod0
84AF8F4A8C2B20A6,cal_lg_xmag_792mm_mauser_voscar_up1_noimp_pack_zm
84B079FDD26268B9,sdr_mp_raise_thigh_prone_pi_golf21_akimbo
84B0C6B6D6E5259A,p7_jun_shirt_hanging_03_lod0
84B1549380A0164E,building_cable_post_light_on_wood_cross
84B3A0C988B360AF,p8_chi_vista_foliage_bush_01_lod0
84B48480A4D15077,sdr_com_exposed_crouch_death_explode_8_02
84B48580A4D1522A,sdr_com_exposed_crouch_death_explode_8_01
84B496F4D0506CB1,j_ch_catch
84B576328BBF1963,reload_quick_empty_ads_weapons_s4_ar_chotel
84B586ADCC16CB3B,decho_seat_2
84B5BAF8F9887FDA,tag_gunmount_gunner1_left
84B65706F6B4DD80,zm_callingcards_eliminations_tactical_rifles_zm_cc_desc
84B93015045653C9,tag_sensor_door_left
84BAE03096BBCEDF,tag_phy
84BB3066355964B8,sdr_mp_execution_054_attacker_stand
84BBD8DFFC184FA4,kp_rightarrow
84BD62BD54FEE16A,tag_limb_top_tip_anchor
84BDC515FC349C41,callingcards_technology_41
84BDE409728C815D,dof_4.0_146_100_100
84BECF3096BF9AD3,tag_pin
84BFA4562365EAA4,reargrip_taped_weighted_mg_bromeo37
84BFFD2C7C698E0F,weapon_occlusion_adjust
84C222EAA3F6BA05,s4_mp_addoff_sm_aromeo43_base_crouch_ads
84C2700EEBA8FE37,floating_adjust_pi_golf21_akimbo
84C2A4DF00ADF7D9,rocket_jostle
84C2D392F1396853,tag_tierod_right_out_aim
84C32CE033DF7508,p9_dun_roof_village_ceiling_slat_02_lod0
84C3B9528B0892E0,reload_quick_empty_prone_alt_weapons_s4_sn_moscar32
84C41C1E479E2B72,pine_tree_cut_log_med_b_lod0
84C45BA2F32E1A0C,vm_gecho43_grip_00_pin
84C5C8BE07E18ED2,reflex_nydar_00_forward_kalpha98
84C76E4658DA71F0,po_c_t9_uk_pl_mi6_checker_variant01_desc
84C85A228548398D,p8_electrical_ext_insulator_med_lod0
84C88F0130ED5823,ATTACH_T9_CHARM_RED_ENVELOPE
84C948C05B0DDC39,sdr_mp_addoff_ar_tango21_nonads_sprint
84CA7D53474F8A14,callingcards_om_urban_infiltration_final_r2_desc
84CB5C0719262A22,crawling_mantle_up_36_down_132
84CB73E6662593EC,tag_l_jacket_flap_front_ctl_02
84CB76E666259905,tag_l_jacket_flap_front_ctl_01
84CBD15DCF8A7AD2,callingcards_t7_prestige_spartan
84CCA3D2FEBF8FA7,ps_mp_execution_shigenori_prone_foley
84CD0F94C0DD5C3A,bundle_operator_1036_woods_merchant_marine
84CD3370B5EDC5AB,s4_mp_facial_thomas_idle_1
84CD3470B5EDC75E,s4_mp_facial_thomas_idle_2
84CD3570B5EDC911,s4_mp_facial_thomas_idle_3
84CD9491F9B801A3,tag_fmj_attach
84CFA4CB08459434,glob_stage_07_to_09_a_06_jnt
84D082D0A3EC7F41,mod_downed
84D146237DFC0D29,tag_hood_left_phx
84D23CF564A525BD,s4_mp_custom_pi_mike1911_akimbo_prone_inspect
84D29176A30840EF,p7_gib_chunk_flesh_02_lod0
84D2930B91DF36C7,ladder_aim
84D5EDE5832C2EB3,s4_mp_execution_generic_axeshield_01_victim_stand
84D66AEB4B27D427,wm_becho20_stock_00
84D7E12870612159,j_parachute01_02_le_animate
84D9CF3096D6628B,tag_pan
84DCC1237BA4C6FF,war_mode_orders
84DD2CC9102DFC93,bsparam_mantle_angle
84DD7D92B6EB6558,j_calf_ri
84DF30DBBE2B0CF9,mp_stand_gesture009_me
84E074BCD173A9DA,reload_empty_weapons_s4_lm_mgolf42
84E28C66124DE391,civ_m_dead_faceup
84E393E664B13BBD,hm_grnd_melee02_attacker_wins_att
84E4C51C357EFF49,j_jacket_3_le4_parent
84E57C7EF9A57388,paralyzer_koth_hvo
84E5B1077683B205,vm_bromeo35_grip_weighted_00_htc
84E75F7FEED56A30,reload_empty_ads_alt_weapons_s4_sn_moscar32
84E7BBA371980E19,j_thenar_web_thumb_driver_aim_le
84E7EBC19EDBE512,p9_usa_south_bay_garage_sign_neon_01_lod0
84E7F5260FF8268B,ATTACH_T9_CHARM_GOTHAMULET
84E82BD290EBC5DC,xmags_palpha
84E9A9FE0B6ABB21,s4_rus_door_theater_01_frieze_dmg
84E9D14CE930982D,p8_wmd_silo_pipe_elbow_01_lod0
84EA3ECCCF64F5DC,group_decal_buttons
84EA8F53694F37E7,p9_usa_signage_hotel_neon_sundowner_color_03_lod0
84EAF3133F93452A,j_proc_clavicle_ri_elf
84EB54E92E3DF10A,s4_camo_07c_zm
84EB598C1293C23D,willy_pete_scoreevents
84EC0B901810F673,weap_mike4_reload_empty_magin_plr
84EC7187DD841646,weapon_raise_pass
84EDA237B6FB89B0,tag_fx_running_light_bottom_02
84EDA337B6FB8B63,tag_fx_running_light_bottom_03
84EDA537B6FB8EC9,tag_fx_running_light_bottom_01
84EEB40DAD9671F3,sdr_mp_addoff_sm_papa90_nonads_noleft
84EF13E91CD008C2,acog_medium_svictor40
84F027E88C804D5C,j_sleeve2_03_ri
84F0BA1613407406,j_kneepad_pivot1_le
84F0E8DE4BA5C030,collision_clip_128x128x128
84F5E397EEFD16BD,door_large_13_jnt
84F666D5193BC0E0,ps_mp_execution_beatrice_prone_whoosh_b
84F669D5193BC5F9,ps_mp_execution_beatrice_prone_whoosh_a
84F6FFE88C862812,j_sleeve2_03_le
84F72E1F4E4D9A49,po_c_t9_gen_pl_starter1_hunger_eagle_eye_arid_desc
84F7AE3D88912640,TR_POWERBURST_CB_MIDNIGHT_XP_DESCRIPTION
84F8086CDD01E556,plastic_25_jnt
84F96A62F065804A,p9_usa_blackwood_framed_signage_01_lod0
84FB2B57420F421E,tag_drawer_left_handle
84FB8B831F453D32,sdr_mp_stand_moving_lower_2_chest_ar_mike4
84FCC9A04FE7678B,alias_laststand_to_crouch_gunless
84FD7136F7E79053,building_balcony_rail_01_pattern_white_corner_8
84FDB2A44BE22E72,tag_arm_left_animate
84FF2337C5BCAC8B,p9_sr_industrial_beam_track_24_01_lod0
84FF796ED17828DE,sdr_mp_execution_001_attacker_laststand
84FFC173B95459B2,vm_mike1911_grip_00_gra
84FFCC73B9546C63,vm_mike1911_grip_00_grv
8500D489A5B3084E,clan_admin_options_button_list
850169D5BF142342,umbrella_base_124_jnt
8501F0F46982CBF6,c_t9_gen_pl_starter4_song_tiger_desc
85023D5A42E5D988,p7_zm_mob_crate_wood_sml_lod0
8503047CD930E939,ai_s4_zm_zombie_base_attack_ranged_l_throw_01
8503DF69E1B37F2B,vm_voscar_grip_tactical_00_htc
850444C1538F5F9D,deploy_fast
8504CFED60C80258,me_garbage_pile_03
85090D0ECB1E83CB,zm_callingcards_zm_zombie_doa_cosmic_archaelogist_01_cc
85097A8B7AFE4D2E,cploot_offhand_stun_mine
8509FC5EBFDB2718,bundle_operator_1087_sims_deb_collector
850A3D09389B9496,vm_thotel_grip_reargrip_00_htc
850A6A91B3EC697D,s4_mp_facial_polina_aim_1
850CAAE6FBD0D68D,p7_inf_pillar_wood_city_hall_tall_lod0
850D2071620E2974,reargrip_bakelite_reinforced_mr_m1golf
850DAF69166297E7,pc_sound_scale_when_speaking_range
850DDE69611E0F23,jumpdown_72
850E393C52257376,p9_lat_hedgehog_metal_snow
850E7EE1389AB087,j_key_main_animate
850F992239038263,wm_nydar_00
850FC9A470344A02,dyn_rounds_k
850FCEA470345281,dyn_rounds_f
851073B8A025A73F,randomObjectiveLocations
8511666961212C12,jumpdown_40
85116E69612139AA,jumpdown_48
8511B72783B1F049,reb_stl_trans_alert_walk_to_patrol_walk
851357E2E8B27E81,ar_accurate_bp_fchance
851381459D4F4387,melee_sai_bp_ninja_desc
851388DECA460106,dyn_gascan2
851445D10A0DFCB7,cob_floor_dmg_section_wood_01
851446D10A0DFE6A,cob_floor_dmg_section_wood_02
851447D10A0E001D,cob_floor_dmg_section_wood_03
8514F26961244FCD,jumpdown_56
8514FE00322B604F,p9_nic_clay_brick_heavy_grout_03_lod0
851513CC21F747C6,c_t9_usa_pl_woods_biker_desc
851612CD7C25469B,c_t9_uk_pl_mi6_checker_desc
851709D356297566,j_helmet_dog
85179611AFEB25D1,abdomen_scale_right
85179953CD63A940,zm_acog_reticle_2_r
8517EE6961267ED8,jumpdown_24
85180D965E1C2244,tag_yellow
85186B81FC6C3FFA,medal_wz_quadkill
8518EEF4046F44F0,reload_ads_weapons_s4_sn_kalpha98
851A4022EC70FBCB,p9_zm_ndu_audiolog_player_requiem_reel_02_lod01
851B7269612994FB,jumpdown_36
851BA79B7F272A1A,paper_towel_roll_02_geo
851C1B0E2F2EE7E1,mixer_02_tube_01_jnt
851D58225193B2FF,tag_arm_right_clamp_animate
851D7DC0E869BB95,pistol_burst_bp_surge_desc
851DC6E61DBC2361,p8_zm_zod_wall_box_electrical_sml_dmg_lod0
8521591D031DAFF9,t9_charm_gold_bar_desc
8523377734520A09,trans_2_nonads_crouch_moving_weapons_s4_lm_bromeo37
8524ADC285340C5E,p7_trash_bag_small_empty_lod0
8524EE1798C62EC4,tr_longburst_bp_pink_desc
85288A6A7897D9C6,reflex_mini_00_wecho43
8528983016596596,bolts_rt
852A013D99D27B1E,fire_prone_ads_weapons_s4_sm_wecho43
852B70A625697D34,j_thumb_le_3_pet
852B99A896A9CAE9,snprscope_medium_usa_offset_chotel41
852CF8711D6AD703,emblems_sims_s6
852E1690167215EB,tr_longburst_bp_kjackal
8530A12D10EC586B,crouch_iw8_ks_use_crate
853246C08D53DB72,p8_cas_towel_kitchen_dirty_sml_01_lod0
8533030B68DE0B9E,s4_zm_ger_ship_wall_electric_box_04
85342FFEA11D1E7E,trans_2_nonads_crouch_weapons_s4_la_palpha60
85358AFED6B1C576,prestige_s1_04_large
853699BEFB17BCB1,p7_ceiling_fan_metal_pole_32_lod0
8536DDA5B64A7CC2,p9_mal_wingnuts_facade_wall_btm_rt_01_lod0
85375E47FFB8283E,cal_md_stealth_792mm_kurz_kalpha98_down1_zm
85388089861B07B9,s4_mp_custom_ar_m1golf_extmag_prone_reload_empty
8539B295A2232B70,sdr_mp_ges_eyes_on_you_crouch_moving_me
8539C1D6F7D67A20,s4_mp_custom_ar_voscar_extmag_stand_ads_reload_empty
8539DE386160760B,vm_lindia98_grip_ri_00_stp
853A1184876DE5A1,paintjob_prestige_s1_10_large
853B595DBE7D4008,tag_mixstock_attach
853B66A92049C170,gumball_rounds_speckled_18_jnt
853C7E2B475151E2,zm_callingcards_master_smg_spray_zm_cc_desc
853D726961467B61,jumpdown_96
853D88B0A61D652A,reinforcer_sd_hvo
853DAF9BBEFFFFA3,pt_raygun_crouch_melee_gunbutt_strike
853ED1F6C5ED404E,veh_t9_mil_us_motorcycle_offroad_assembly_mpx_big_joke
853F151E6BA8A9C5,vm_moscar32_grip_sn_00_htc
853FE4F86D1CD57F,irons_mid_stango5
85400A1F67A46516,s4_mp_custom_sm_fromeo57_base_stand_gun_butt_hit
85406B1250507EB9,mtl_p7_zm_ctl_japanese_letter_torn_01_lod0
8540BF8128D78A34,fmags_balpha_zm
8540E3A371E47AE7,j_thenar_web_thumb_driver_aim_ri
8540FA28B08E97AD,p7_electrical_box_set_box_4_lod0
85416EBACE2596AD,p8_kit_zt8_exd_05_beam_02_basic_painted_metal_32_01_lod0
854213DFBF0A0BC5,slide_move_iw8_pi_golf21_akimbo
854231BFE3C294C2,l_foot_forward
85433B73294F0E05,fe_operator_unlock_yegor_01_face
85439E57435F6A00,j_bag_front2_le
8543CE8E6A7792C7,s4_mp_custom_sn_svictor40_gl_crouch_moving_in
854420BDC8C3D469,sniper_standard_bp_prof
85442D802A9E1B17,chute_cord_53_jnt
85450FAFEE5267FA,reargrip_grooved_short_sm_wecho43
85451C1A53CC6607,p8_jpn_tea_house_wood_shelf_02_geo_02
85460EF95CEB29D8,par_signs_address_01h_lod0
85469CE15894186C,specialty_flakjacket
8546B9B497F30821,j_harness1_le
8548CBDEFBBBCF29,j_lighter_hinge
8549792D0F361622,exit3sprint
854AE8BE0F8E3A48,reload_quick_empty_ads_weapons_s4_la_palpha60
854B2BFB0D7AD66D,reargrip_grooved_heavy_mr_svictor40
854CAAABFEC86C50,s4_mp_execution_doublemace_01_attacker_stand
854D25D64097177F,p7_conduit_metal_1_body_joint_slb_lod0
854E1B9890620D33,aac_hotel_couch_01_dmg_lod0
854EC61B2F386365,trans_2_nonads_crouch_weapons_s4_sm_guniform45
854F8DA2DE8C8D7A,p7_sandbag_stack_32_left_lod2
8550908107B2DA39,reload_quick_empty_ads_weapons_s4_ar_chotel15
8550C55CAA5EE542,cal_xs_xmag_8mm_nambu_ppapa41_down1_mtx_pack_zm
8551195C58588C91,hyholo_flip_nydar_00_f
8552ECD171DD49FD,adjust_ads_crouch_moving_weapons_iw8_rocketlauncher
855385C02C168F9A,pn_plastic_bag09
855521F173026398,lft_vine_clump1_07_jnt
85570E53988E5713,p8_cable_wire_bundle_bend_c_02_lod0
855797203167BE1E,stp_wh_010_intro3p_price_face
8558705B195DF4F9,j_collar2_ri
85587B458E9A3F50,death_moving_torso
85589399DF84AFB8,j_ring_le_01
85589699DF84B4D1,j_ring_le_02
8559A0349FB853AD,paintjob_stickers_diamond_pistols_mp
8559D579FDC7DCE4,patrol_move_react_lookaround
8559D6A0BB645B45,c_t9_fra_pl_dgse_mademoiselle_desc
8559DFCA972F0C04,veh_t9_mil_ru_heli_gunship_hind_mpx_lsa_pc_desc
8559EE24B4C7A9F2,reb_stl_alert_flash_idle_react_lg_8
8559F024B4C7AD58,reb_stl_alert_flash_idle_react_lg_6
8559F224B4C7B0BE,reb_stl_alert_flash_idle_react_lg_4
855AB958C0B23DCF,scriptable_s4_rus_paperwork_02_destp
855AC298C2269A5A,j_ear_ri_anim
855BA64E09A051EF,t9_charm_snake_twoheads
855C256074492901,s4_rus_mess_fork_01
855C4604743CCB23,dyn_l_waterbottle_01
855F885B19643C6F,j_collar2_le
855F92FB57CED786,playerasm_patch_mp
855FAC83AB820EE8,al_5
855FB083AB8215B4,al_1
855FE6A098A152E4,sdr_mp_me_veh_hindia_seat_2_scrub_up
8562AE263984BA5C,bottle_fluid_scale_01_12_jnt
8566072DB201C73D,p9_usa_signage_street_name_decal_01_lod0
85667E91EA493C3A,pcylinder123456
8566F640840D3AB5,reargrip_bakelite_weighted_ar_bromeopg
856728A2CA40AC35,tag_glass_down
8568B164F645B825,button_layout_charlie
8568B1B4980FE0EF,j_harness1_ri
85691A201130D9AF,adjust_nonads_stand_weapons_any_lmg
85697D6EAFC49A00,reload_quick_alt_weapons_s4_sh_becho20
8569E02D911F615E,s4_mp_custom_ar_hyankee44_base_crouch_gun_butt_hit
856A2F4600A2AB77,bar_lg_marks_mpapa40
856CB60FE9DEAE5B,s4_ger_wine_bottle_02_destr_5_destp
856D3D40A1C994CA,p7_weight_vintage_rack_lod0
856DA432539D84E7,reload_quick_empty_prone_alt_weapons_s4_ar_asierra44
856EF72835E90B69,sdr_cqb_pstl_strafe_trans_poi_fast_l_6_to_8
856EFD2835E9159B,sdr_cqb_pstl_strafe_trans_poi_fast_l_6_to_2
856F032835E91FCD,sdr_cqb_pstl_strafe_trans_poi_fast_l_6_to_4
856F77202BEE259E,p9_foliage_tree_maple_forest_sml_01_lod0
85705415DB503D08,ar_fastfire_bp_jet
85714EF136E0BB53,tag_sights_rear_off
857184D60CE191A1,c_t8_zmb_concentrated_catalyst_heart_lod0
85722DB80C55384A,mp_stand_custom_fire_sn_crossbow_weapon
8573C4B5CC8285C8,mtl_p7_zm_ctl_japanese_letter_torn_08_lod0
8573D713DD5618E7,p9_usa_power_lines_spool_wall_wire_spout_lod0
8574B13A9E1CA928,pistol_shoot_updateparams
8574CC90BAFB4C10,j_l_wing_large_feather52_le_body
8575425CFA0AD8D2,base_lv8_bazaar_building_window_mid_1_relief_lod0
857769F803F923FC,reload_quick_empty_ads_alt_weapons_s4_pi_mike1911
85777ED5C21A0A32,emblems_cdl_teamemblem_010_la_g_1_pc_base
857824BF2F7D06CA,sdr_mp_execution_048_victim_prone
857866230915B100,s4_rus_sack_flour_02
857867230915B2B3,s4_rus_sack_flour_03
857869230915B619,s4_rus_sack_flour_01
857972329E49ACD2,reload_quick_empty_prone_alt_weapons_s4_sm_mpapa40
857B0ED94541F37D,jump_land_sprint_me_knife
857CE7DA33BFA050,tag_battery_2_animate
857CF3AC451C857C,s4_mp_custom_ar_bromeo35_base_stand_reload_empty
857CF87600627D0F,glob_stage_07_to_09_f_06_jnt
857D6680DAA25486,p8_zm_man_chemistry_tool_02_lod0_
857D8B675F792824,p9_vnm_rice_paddy_berm_grass_06_lod0
857F8733592F56EA,p7_zm_asc_wires_rocket_debris_lod0
8580C65743935C16,j_bag_front2_ri
8581D3AE7324C916,support_slim_malpha7_v301
85830EDAA3EB3CF6,lmg_light_bp_rebirth_desc
8583C1F10598D3B8,gumball_rounds_base_18_jnt
858479700B633183,rope_01_24_jnt
8584D233508CDB29,p7_zm_ctl_book_vintage_row_02_lod0
8585401CEB8551AE,bullets_on
85862C6C7A0E28EF,j_mouth_pba_animate
858743042E064172,j_l_wing_large_feather31_le_primary_coverts
858969783C2F0660,j_syringe_cap
85898374F6990351,reargrip_rubber_removed_sh_bromeo5
858AE6FB0B1421C9,ATTACH_T9_CHARM_FAKE_PPT
858B3DB1E841D4DD,sdr_mp_mantle_on_weapon_up_far_high_d_akimbo
858B42E11A4DF223,melee_crouch_weapons_s4_ar_kgamma40
858CC25324AD1D4A,p9_zm_platinum_phase_wall_01_lod0
858F479342F0F712,tag_door_right_front_phx
858FF68D9DBA816E,sdr_com_cover_right_crouch_lean_idle
8590D61705E6F189,moving_iw8_sn_crossbow
8591A1C4EA6D2B18,s4_mp_custom_ar_fecho_base_prone_gun_butt_hit
8592336E5050AD59,p8_cables_electrical_triple_64_lod0
85926F3CD4266F0E,j_rafhatchet
8592922FA075D82F,j_mane_rt_4_1
8592932FA075D9E2,j_mane_rt_4_2
8592942FA075DB95,j_mane_rt_4_3
8592C59149D1816C,tag_wheel_center_back_left_0
8592C69149D1831F,tag_wheel_center_back_left_1
85931AE13714321E,p8_zm_whi_slate_wall_light_corner_03_lod0
85941F4A96E02E48,crouch_any_smg
8594DD9A4A31E311,uk_foliage_plant_potted_fern_01_hanging
85952451BA643128,dirt_skirt_corner
8595474B43F2A3BA,weapon_raise_quick_prone_weapons_s4_la_palpha
8595E1537A134208,p8_fxp_magicbox_crack_glow_top
85972969DDE54470,fire_prone_ads_weapons_s4_sm_owhiskey
85973F8A39EED4FA,trans_2_nonads_prone_weapons_s4_sm_ppapa41
85977D1A5D3E63DE,cp_tarmac_sh070_price_face
859803A583E2F9E1,p7_kfu_planter_bamboo_pot_01_lod0
85989D01CF57ACF8,p7_roof_tile_wood_02_32x32b_lod0
8599FE4B2F58C0BD,tkn_rock_cluster_snow_02_lod_0_auto1_auto2_auto3_auto4_auto510v40bf800000
859A1625C7D98C5F,paintjob_stickers_vts_final_05_s5
859A24B42C29A71E,BUNDLE_4003_TITLE
859BDF07EA416A7A,p9_usa_paramour_door_entrance_frame_lrg_01_lod0
859CF0DA7B8E9C16,ammo_hollowpoint_shell_noimp
859D87D142AA0318,tag_fx_iff_rear_right
859E94AD8F0CC727,ach_elevator_pulleysystem_01
859F1217F49998FE,rope_113_jnt
859FFF57E662E9F7,tag_hindge_mid_right_3_animate
85A02BC4F3D4D597,ember_wind_lrg_01
85A0355E5EF5A86F,sdr_mp_me_veh_atango_seat_2_getin_left
85A0607E3EB712A2,cloth_02
85A0CFB9F7E01DF4,tag_wing_piston_left_parent
85A0DA9F915A654C,patrol_vis_01
85A12F79C1640A3B,death_turret_stand
85A1C8386EAF73C0,ChinRaise_03_R
85A1E6386EAFA6BA,ChinRaise_03_L
85A29F7A9889D9A8,p7_zm_asc_wires_bunker_single_corner_01_lod0
85A4FBC37B06CF30,reload_alt_weapons_s4_sm_aromeo43
85A55741CE4B4076,aac_hotel_window_bldg_frame_03_ext_lod0
85A55789DD27E655,bb_ffa_start_hardcore
85A5706351935F53,sdr_mp_parachute_7_yank_right
85A579E769449A72,wm_ttango33_griptape_00_lea
85A5A2B1538170C4,s4_mp_pom_constanze_02_hero_thumbnail
85A70E399A3B3828,INTERACT_RELOAD_BEHAVIOR
85A7BF580F98C749,reload_empty_prone_weapons_iw8_ar_mike4
85A812BAD4A276C3,melee_crouch_weapons_iw8_riotshield
85A855A3ADAAB589,mp_stand_custom_fire_ar_mcharlie_weapon
85A8E9DE0882308D,dof_5.6_60_000_000
85AA3743E4CC9C5D,stock_removed_stango44
85AA670775382EDE,iw8_acc_attach_face_digital_q_d_female
85AC31430CFF388A,wm_luniform_grip_00_stp
85AC494AE987FA6A,s4_rus_side_table_01
85AC8E8A5E2D9333,vm_wristwear_01_band
85ADDB39BEB86ED0,trans_2_nonads_prone_weapons_s4_sh_mike97
85AE2D96B6BD1D1B,j_jaw_upper_1
85AF1C86D696AD8B,s4_ar_chotel41
85AF1DE34C1F4DB9,melee_sai_t9_desc
85B034794B295B3A,grave_lid_chunk_82_jnt
85B12EA9ABF20EB4,j_index_le
85B3048D11C73D0D,s4_zm_jpn_box_wood_wine_storage
85B422F309892EAC,j_r_wing_feather_grp_l_wing_large_feather28_ri_primary
85B5B25DC038C958,s4_ger_berlin_tarp_ground_01
85B69536077160AE,grooved_supsli_malpha7_v301
85B6C294609D6D11,p8_zm_zod_light_fixture_lamp_wall_passenger_tassel_geo_0
85B82AA9EDD861F0,ps_mp_execution_solange_prone_bladepull
85B884AB0093AE40,destructible_04
85B885AB0093AFF3,destructible_05
85B889AB0093B6BF,destructible_01
85B88AAB0093B872,destructible_02
85B88BAB0093BA25,destructible_03
85B939D7BE69F82D,usa_barracks_exterior_light_02
85B9789318E5F431,p7_rus_pole_telephone_snow_lod0
85BB0DF034DDA48A,adjust_nonads_vehicle_weapons_s4_la_mkilo11
85BBD2D55CA561C7,adjust_nonads_crouch_moving_weapons_s4_sh_lindia98
85BDAE6F61E27C8E,bolt_up
85BDB6E461C9FFDC,adjust_blindfire_blindfire_left_weapons_s4_ar_fecho
85BF9B9652CC509F,pistol_burst_cb_bp_decree_desc
85C01486D6A51326,s4_ar_chotel15
85C049D4E28447B9,weap_papa90_fast_magin_plr
85C196DA8C5708F2,vm_mgolf42_irons_l_00
85C1F4037C0FE380,window_02_shard_49_jnt
85C217968E95C11A,s4_lookset_exposed_idle
85C2C446FC0ABEF8,barrier_sandbag_end_left_dirty_lod0
85C42AD5C1C060F1,wm_becho20_grip_rs_00_rub
85C4846E0A608CDC,s4_sdr_cqb_strafe_fast_loop_9_alt_max
85C4DB69C9798B71,8_shuffle
85C5588D26243A5A,p7_slu_bench_wood_ornate_lod0
85C581AA4D81C876,BUNDLE_2023_DESCRIPTION
85C5C11ABA83D7ED,dof_4_100_050_050
85C89C54D33697C9,ik_fingers_out_end_left_hand
85C99D2671578912,tag_engine_left_null
85CA64F24BC6C21C,reflex_reticle_9
85CA68F24BC6C8E8,reflex_reticle_5
85CA6AF24BC6CC4E,reflex_reticle_7
85CA6CF24BC6CFB4,reflex_reticle_1
85CA6EF24BC6D31A,reflex_reticle_3
85CADBB4A9F8A26B,t9_charm_hellscream_desc
85CC5277E16F997F,melee_bat_bp_bayou_desc
85CD238AD5BB4EF3,sdr_mp_execution_006_attacker_prone
85CDD44CC2F88941,p7_rus_beam_support_base_lod0
85CE130101B544CB,po_c_t9_gen_pl_starter1_hunger_eagle_eye_pitch_desc
85CFD3BDF3366A99,reargrip_leather_support_sh_becho
85D1B2ED35B5882D,j_dish_r_anchor
85D21E23093B0CFD,mp_fingers_ar_tango21_r_safe
85D241BB3A8B914E,p9_zm_gen_proto_column_concrete_dmg_03
85D58D4F6664BE42,front_lecho
85DA651E635962B9,reargrip_leather_support_slim_ar_promeo45
85DCC14D383AC880,sdr_cqb_cover_left_stand_pstl_walk_arrival_l_6
85DCC24D383ACA33,sdr_cqb_cover_left_stand_pstl_walk_arrival_l_7
85DCC34D383ACBE6,sdr_cqb_cover_left_stand_pstl_walk_arrival_l_4
85DCC54D383ACF4C,sdr_cqb_cover_left_stand_pstl_walk_arrival_l_2
85DCC64D383AD0FF,sdr_cqb_cover_left_stand_pstl_walk_arrival_l_3
85DCC84D383AD465,sdr_cqb_cover_left_stand_pstl_walk_arrival_l_1
85DCCF4D383AE04A,sdr_cqb_cover_left_stand_pstl_walk_arrival_l_8
85DF7A3013BEC1F1,bs_mount_top_high
85DF83C6FB038491,smg_heavy_bp_animetankg_desc
85E06FD9AF303E75,sdr_com_trans_exposed_crouch_to_cover_left_stand02_8
85E071D9AF3041DB,sdr_com_trans_exposed_crouch_to_cover_left_stand02_6
85E073D9AF304541,sdr_com_trans_exposed_crouch_to_cover_left_stand02_4
85E075D9AF3048A7,sdr_com_trans_exposed_crouch_to_cover_left_stand02_2
85E0B598B88F7812,reflex_monocle_00_forward_bromeo5
85E141B206ED1ACF,vm_m1golf_grip_00_htc
85E250F28ABD0A30,attachment_wm_sh_charlie725_guard_v7
85E251F28ABD0BE3,attachment_wm_sh_charlie725_guard_v6
85E252F28ABD0D96,attachment_wm_sh_charlie725_guard_v5
85E253F28ABD0F49,attachment_wm_sh_charlie725_guard_v4
85E254F28ABD10FC,attachment_wm_sh_charlie725_guard_v3
85E255F28ABD12AF,attachment_wm_sh_charlie725_guard_v2
85E3432A089CE550,hybrid_stacked_mike97
85E392554A2B65AE,ps_mp_execution_dog_standandprone_bloodpool_jump_01
85E4BC4BFD423D9E,smg_heavy_bp_rebel
85E4E3DEBDDCC161,vm_aromeo38_grip_00_fab
85E4EC74BF7AC2D8,j_gear_box_00
85E50E9C33ABBF8F,p9_fir_lab_floor_broken_gravel
85E5395EFBDAE1BC,shelf_44
85E543F4299DC4F4,s4_dog_traverse_walk_vault_over_sm_intro
85E5FE7353E639FB,tag_axel_back_upper_left
85E6DF5DCD144870,s4_mp_custom_sm_ppapa41_base_prone_trans_2_nonads
85E78E7C1C44288F,option_network_settings
85E902081C917247,j_wristtwist5_le
85E90C3EF8AD52EB,piston_t
85E91515FC36D189,s4_acc_attach_watch_band_91_small
85E9223EF8AD784D,piston_b
85EBDD002C3CAF15,paintjob_stickers_lolipop
85EC2A9C14BC5E87,melee_stand_weapons_iw8_ball
85F053012AC3C25C,s4_acc_attach_face_75_guerrilas_large_pc
85F1126546AE1FC5,xxlmags_ppapa41_zm
85F20CC15D926D46,p9_radio_field_military_01_case_lod0
85F2CE5EFBE66947,shelf_01
85F2CF5EFBE66AFA,shelf_02
85F5F7BAB8B2576C,reload_quick_prone_weapons_s4_sn_svictor40
85F64D5EFBE976EB,shelf_16
85F7CF0BBE806E94,iw8_fire_la_rpapa7
85F8F873D37D9FFB,p7_foliage_distictis_flowers_ledge_64_lod0
85F9872D61E388E0,sdr_com_exposed_crouch_death01_head_md_4
85F9892D61E38C46,sdr_com_exposed_crouch_death01_head_md_6
85F98D2D61E39312,sdr_com_exposed_crouch_death01_head_md_2
85F9932D61E39D44,sdr_com_exposed_crouch_death01_head_md_8
85FA1AA844A58F4F,vm_mike97_barrel_s_00
85FA3B012ACBEE19,s4_acc_attach_face_75_guerrilas_large_ms
85FAC154655BB9DF,j_rope_019_animate
85FBD130170D4B83,bolts_01
85FBD430170D509C,bolts_04
85FCE3693BA2DA8B,bsh_ropes_hanging_01
85FD415EFBEF8135,shelf_32
85FD97A7042A8968,reflex_reflector_00_ptango41
85FE33403B735738,squad_lost
85FF30B00CE2A36A,xmags_malpha96
86002E6B56DF4B10,weap_m200_empty_clipout_plr
860043941016D1A0,wm_bromeo5_receiver_00
8600E30888F8D40E,vm_tyankee11_mag_x_00
86021640B85AA66F,s4_ger_afr_cargo_stack_tarp_01_desert
860453DD09954365,p8_nt4_soviet_files_book_3_lod0
860555859C0C078B,sdr_com_cover_left_crouch_lean_fire_semi5@2
8605948A8191CF3E,fav_light_wz_assembly_mpx_8bit
86075F25D67BC3B2,s4_acc_attach_watch_band_05_01_large
86085E73E13BC664,mixer_01_bath_fluid_05_jnt
86090EA9AC3C4E2A,j_index_ri
860A79A1FD0E63FE,s4_camo_06h_zm
860B1F9DA29DF3FD,mp_koth_spawn_allies_start
860B605730377F9B,ai_s4_zm_zombie_base_walk_ad_v06_pain_chest_f_alt
860C9D03730F823F,ps_mp_exec_smoke_01_stand_foley_01
860C9E03730F83F2,ps_mp_exec_smoke_01_stand_foley_02
860D5178766C84A8,adjust_nonads_freefall_weapons_iw8_sn_crossbow_empty
860DB01CDC12DD3C,shuffle_foot_r_forward_2_to_4
860DB21CDC12E0A2,shuffle_foot_r_forward_2_to_6
860DB41CDC12E408,shuffle_foot_r_forward_2_to_8
860E231A3274F1A3,dof_3.5_90_200_200
860E808AD77667D7,p9_vnm_mtn_rock_debris_02_lod0
860E965508804B61,S25_BULLDOZER
860EDD11222F5BE6,wm_tyankee11_receiver_00
860F1ADA3AB9AA77,s4_zm_cor_bridge_stone_wall_damage_chunk_06
860F1BDA3AB9AC2A,s4_zm_cor_bridge_stone_wall_damage_chunk_05
860F1CDA3AB9ADDD,s4_zm_cor_bridge_stone_wall_damage_chunk_04
86108179E3C6009C,callingcards_bikers_172
8610DA0BB620A48C,trans_2_nonads_crouch_weapons_s4_sn_m1golf
8611415EFC002A3F,shelf_92
8611626214A26B8F,ar_accurate_bp_especial
8612A3F4D440CA89,s4_mp_addoff_me_katana_base_crouch_moving_nonads
8613D84EF03AE4CA,cap_01_btm_jnt
8613EAFCAA9D5BBF,p9_nic_rock_mossy_rough_lrg_01_lod0
8614200E9DA349D1,j_harness_strap_ri
86146C46771B21A2,ar_season6_t9
8614D66DA332A5D5,reargrip_grooved_heavy_mg_mgolf42
861670A80B30328D,tag_catapult_lower_right_null
86170C1D0149F03F,p7_sin_patio_chair_lod0
86184CAB7BE21D0A,land_dir_pass_forward
8618DA081CBA5211,j_wristtwist5_ri
861919970C291023,vm_luniform_irons_l_00
8619B4C52C187002,wm_mgolf42_irons_s_00
861A3988A436E85A,interact_behavior
861BC210DEC6E271,sdr_cqb_stairs_pstl_walk_forward_up_l
861BCC10DEC6F36F,sdr_cqb_stairs_pstl_walk_forward_up_r
861C3A5315B159A0,p9_sr_evidence_at_title_label_01_lod0
861CC69B6D00A4EB,cover_right_crouch_to_cover_stand
861D595C9315F2E1,melee_crouch_weapons_s4_la_m1bravo
861E9D209BEE6B63,p7_tools_jar_glass_nails_screws_lod0
861FE1C8AA0D5B62,fire_stand_mount_right_weapons_s4_pi_malpha96
8622089C0C685C67,callingcards_s2_mp_master_animated
86233911F61F6446,s4_mp_custom_sn_kalpha98_gl_stand_in
86248DCAF36F34C3,cal_lg_44_auto1911_up1
86253DD30F445EDF,p8_flower_pot_02_piece_01_lod0
86268A8EE4CD9D3E,left_arm_off_frozen
86295C7C317A11C9,p9_rm_exp_brokenglass_window_01_lod0
8629C85158DDFDB4,p9_rus_bldg_police_wall_window_top_lod0
8629DD1E6975222E,j_arm2_mid_ri_4
8629DF1E69752594,j_arm2_mid_ri_2
8629E01E69752747,j_arm2_mid_ri_3
8629E21E69752AAD,j_arm2_mid_ri_1
862A360899935EAE,sprint_forward_sprint_juliet_concussed
862B75E38805B7EE,t9_charm_fire_crystal
862B8BF529BA26E8,zm_callingcardsmaster_tr_damagesemi_zm_cc
862BF129FF7DAFBC,p8_spa_curtain_living_hallway_short_bracket_lod0_main
862C45D86A56E86A,s4_acc_attach_watch_band_75_ultra_large_pc
862F624DCA2CD378,tag_ring_frame
862F81CEDBE71A92,j_tarp_1_2_grp
862FF7E9C3012F58,tag_zipties
8630407D3350FE77,dyn_skirt_ck_01
8630417D3351002A,dyn_skirt_ck_02
8630427D335101DD,dyn_skirt_ck_03
86309A95BBA0B566,emblems_s3_newyorkemblem_base_ms
86314C64E0DBE4DA,t9_charm_sneaker_mutineers_ms_desc
86319E9B0F4A750D,tag_wheel_front_left_piston_bottom_aim
8631AFFBDD0643A5,stp_wh_010_intro3p_butcher_parta_face
86334457E5C6293B,j_bullets_side1_le_driver
863441BC1F1EF633,tag_wire_07_animate
86355D73387321CB,wm_gecho43_grip_ri_00_fab
86373A5D5BE89A37,iw8_acc_attach_face_digital_c_white_big
86378623F7C7D70A,hat_base
86388DB4841AF3FA,mp_paragon_t4_10_large
8638B6388AEF5EEF,j_p_animation
8638D5A13BE1D5C9,reargrip_rubber_support_mg_tyankee11
863B24783A3F1EF5,ps_mp_execution_generic_krampus_arms_grab_2
863D218B2902CAF6,tag_care_package
863E46E8C4E04204,j_radio_rear
863E93ECC2FE6D8C,turn_in_place_stop_r
863EA9ECC2FE92EE,turn_in_place_stop_l
863F0A425B24C7D8,shotgun_pump_bp_jefe
863F7EEFF6E6B2BB,vm_bromeo35_barrel_xs_00
86404F3197E82D86,chair_lod0
86411A76C94F3993,s4_mp_addoff_sm_fromeo57_base_cover
8641CF1CC06A0EFD,tag_ext_mag_release_animate
864262B046A892A8,lmags_wecho_zm
864285672D14FBE6,dyn_flyways
8642D2D7E0C16344,s4_ger_post_mail_cabin_01
8643DC09C3BD824F,BUNDLE_2073_DESCRIPTION
8644638B347CEA25,p9_zm_ndu_omega_flag_01_lod0
86447BC1AB6451C6,ai_s4_zm_zombie_base_walk_ad_v07_pain_chest_f_alt
86455F91B077896E,p8_cas_towel_kitchen_draped_med_lod0
86484DCFAF84001C,parts_wristwear_mp_watch_d_wm_1_3
86484ECFAF8401CF,parts_wristwear_mp_watch_d_wm_1_2
8648CFEF7945EF2C,p9_usa_narrative_flyer_mall_02_lod0
864AE8A8DD0CCA44,p8_rus_bldg_apartment_old_base_pillar_lod0
864B807198E96DAD,reload_quick_empty_prone_alt_weapons_s4_sm_aromeo43
864D1E8D61317141,remove_arms
864D6C12DDABF3D9,s4_zm_ger_pulley_system_wood
864E5EAA3DCF8746,camera_mp_gunsmith_preview_optic_alt1
864F6F74F4C8E6F0,dyn_chain_l_02
864F7074F4C8E8A3,dyn_chain_l_03
864F7274F4C8EC09,dyn_chain_l_01
864F7374F4C8EDBC,dyn_chain_l_06
864F7474F4C8EF6F,dyn_chain_l_07
864F7574F4C8F122,dyn_chain_l_04
864F7674F4C8F2D5,dyn_chain_l_05
864F7974F4C8F7EE,dyn_chain_l_08
864F7A74F4C8F9A1,dyn_chain_l_09
8650AF0AE6235787,j_hair_2_ri_end
8651AEAB3D0F6E4B,ai_s4_zm_zombie_base_run_ad_v22_pain_chest_f
8652AC95BBBDBA62,emblems_s3_newyorkemblem_base_sy
86536E33807A874D,car_fence_iron_wrought_01_lod0
86551BCABC59EF0F,mp_fingers_sn_sksierra_r_stockhvy2_safe
8655286E5999EC4F,co_wolf_video_wolf_face
8655B176B606E2EC,ps_mp_execution_elf_01_foley_laststand
865619B630A274BD,cos_181_pc
8656256CA538B6D0,j_cord_010
86568A95BBC16973,emblems_s3_newyorkemblem_base_pc
865697B8922CE16A,WATCH_S1_DIGITAL_ZM_HEART_RATE_01_DESC
8658001C9D308974,move_sprint_forward_greenbeam
8658183CEFBC5AB7,mnr_desk_globe_base_02_lod0
8659C69B3BBB5F54,flk_vista_building_damage_02_lod0
8659D330ABC1DA59,p7_water_container_plastic_small_lod0
865AF9B066CA9FB6,usa_desk_fan_box_01_lod0
865B5057792559CC,bs_mantle_over_weapon_up_akimbo
865B95A8E3C8DB8E,s4_mp_fingers_leta_n82_r
865D9A691278B447,crate_part_012_tag
865F25585E4C2B1B,j_strap2_parent
865F7158DD4F069D,fire_stand_any_mounted_weapons_s4_sm_ppapa41
865FC0F29237546C,par_art_deco_sconces_02_lod0
86604831BE992EB3,p7_slu_beam_metal_lod0
86609C4726CE2B76,weapon_first_raise_stand_weapons_s4_ar_promeo45
866121BA5590AB5C,t9_charm_family_photo_desc
866137D57382BEB5,p8_zm_lab_tube_04_lod0
86614C7FDD7C30AC,s4_mp_fingers_sm_aromeo43_base_r
8661627FDD7C560E,s4_mp_fingers_sm_aromeo43_base_l
8661C8F9420B2309,scriptable_s4_ger_crazy_canister_01
86626900D6B38E0C,emblems_sentinel_07_animated_base_ms
8662DB9A7D7B76E4,debris_fabric_pile_01_dust
8663544B1A6169C6,tag_missile_01_fin_upper_right_animate
8663EB7050B41368,ATTACH_T9_CHARM_GOLD_CARD
86646731CA021C86,wm_bromeo35_mag_x_00
8665FB028AA52DAF,p7_wall_decor_outlet_usa_05_lod0
86677E077FFEF750,sdr_mp_strafe_crouch_fast_start_8
86677F077FFEF903,sdr_mp_strafe_crouch_fast_start_9
866787077FFF069B,sdr_mp_strafe_crouch_fast_start_1
866788077FFF084E,sdr_mp_strafe_crouch_fast_start_2
86678A077FFF0BB4,sdr_mp_strafe_crouch_fast_start_4
86678C077FFF0F1A,sdr_mp_strafe_crouch_fast_start_6
86678D077FFF10CD,sdr_mp_strafe_crouch_fast_start_7
8669ECC0A43ECFAD,t9_charm_bwidow_desc
866A0EE710484932,explosive_prone_l
866A10E710484C98,explosive_prone_b
866A14E710485364,explosive_prone_f
866A20E7104867C8,explosive_prone_r
866A4DF8EED150FF,umbrella_base_048_jnt
866A5A039201B7D7,p9_zm_ndu_barrier_pond_01_dbl_lod0
866AAE786CDFAD63,reargrip_granular_heavy_mr_svictor40
866AE6615DC17D4E,weapon_lower_stand_weapons_s4_sp_flima35
866C7100D6BBF029,emblems_sentinel_07_animated_base_pc
866C9E199E7D30C5,p7_zm_der_door_metal_rusted_left_lod0
866DA5A2C1E42B4F,wm_tyankee100_barrel_hb_101
866ED2F4E02DFC85,tag_sidegun_arm_l_animate
866EF4D2A487DA07,p9_nic_berm_cover_dirt_04_lod0
86713A1A483FA5D7,wm_moscar32_grip_mk_00_fab
86715F724DA76956,p9_dun_catwalk_platform_03_lod0
8671E1C665BFB539,medallion_02
8671FC3399F65E9D,base_cas_wood_trim_thin_16_01_lod0
8672196CEE0BDDFA,muzzle_brake_small_stango5
8672E3A65C92DBB7,p8_zm_man_pap_mausoleum_sml_arch_lod0
86731FBF17DAE3D3,gumball_event_base_05_jnt
8673DBF189D99D45,desk_wood_02_lod0
8675CB4726490111,p9_rus_narrative_newspaper_soviet_state_01_lod0
86766700D6C433B0,emblems_sentinel_07_animated_base_sy
8676D4D7BE5C3472,playeractivecamo
8678808DE6DA5D6D,holster_strap_hip_lod0
867A10A724DDB2A9,dof_5_130_0_0
867C4277817B6B7C,adjust_ads_stand_weapons_s4_lm_mgolf42
867CE64B91675B2B,reargrip_rubber_tactical_ar_voscar
867D3F2A2D776D67,trans_2_nonads_stand_weapons_s4_sm_aromeo43
86801171CCF91729,rt_lamp_jnt
868035DBDCCDCB32,t9_charm_midfinger_desc
868037669E5E57E3,vzscope_medium_bromeo5
868057410255BEDA,p9_sm_gam_signage_pick10_p_lod0
86807036A811382A,reload_empty_ads_weapons_any_smg
868095FC456CF1D9,dyn_cloth_loop_l
8680AFFC456D1E07,dyn_cloth_loop_r
8683D13B1D1FB910,jnt_s4_sunroom_shutter_right_part_12
8683D23B1D1FBAC3,jnt_s4_sunroom_shutter_right_part_13
8683D33B1D1FBC76,jnt_s4_sunroom_shutter_right_part_10
8683D43B1D1FBE29,jnt_s4_sunroom_shutter_right_part_11
868412AF68EA28FE,jump_down_384_run
868489028BA55DAB,vm_owhiskey31_grip_fs_00_lea
868489A8CB835C9D,thomas
8684A9FEDD9DA7E0,s4_eq_hammer
8684E41FBF35A8A0,joint_1670
8684E51FBF35AA53,joint_1671
8684E61FBF35AC06,joint_1672
8684E71FBF35ADB9,joint_1673
8684E81FBF35AF6C,joint_1674
8684E91FBF35B11F,joint_1675
8684EA1FBF35B2D2,joint_1676
8684EB1FBF35B485,joint_1677
8684EC1FBF35B638,joint_1678
8684ED1FBF35B7EB,joint_1679
8686ADFC68FF1368,sdr_mp_strafe_crouch_walk_in_place_hipflip_backward_7
8686B0FC68FF1881,sdr_mp_strafe_crouch_walk_in_place_hipflip_backward_4
8686B1FC68FF1A34,sdr_mp_strafe_crouch_walk_in_place_hipflip_backward_3
8686B2FC68FF1BE7,sdr_mp_strafe_crouch_walk_in_place_hipflip_backward_2
8686B3FC68FF1D9A,sdr_mp_strafe_crouch_walk_in_place_hipflip_backward_1
868848008D2ECA33,dyn_bag_leg_2
868849008D2ECBE6,dyn_bag_leg_1
8688671FBF38BD10,joint_1663
8688681FBF38BEC3,joint_1662
8688691FBF38C076,joint_1661
86886A1FBF38C229,joint_1660
86886B1FBF38C3DC,joint_1667
86886C1FBF38C58F,joint_1666
86886D1FBF38C742,joint_1665
86886E1FBF38C8F5,joint_1664
8688711FBF38CE0E,joint_1669
8688721FBF38CFC1,joint_1668
8688AC1996FFEA32,zm_callingcards_eliminations_sniper_rifles_zm_cc_desc
8688C0DDF66E42C4,s4_mp_custom_ar_chotel41_base_crouch_trans_2_nonads
8689ADFBDBB2D360,bone_260
8689AEFBDBB2D513,bone_261
8689AFFBDBB2D6C6,bone_262
8689B0FBDBB2D879,bone_263
8689B1FBDBB2DA2C,bone_264
8689B2FBDBB2DBDF,bone_265
8689B3FBDBB2DD92,bone_266
8689B4FBDBB2DF45,bone_267
8689B5FBDBB2E0F8,bone_268
8689B6FBDBB2E2AB,bone_269
868A50DB73EF5D77,po_c_t9_jpn_pl_kitsune_gothic_desc
868B6A1FBF3AF800,joint_1656
868B6B1FBF3AF9B3,joint_1657
868B6C1FBF3AFB66,joint_1654
868B6D1FBF3AFD19,joint_1655
868B6E1FBF3AFECC,joint_1652
868B6F1FBF3B007F,joint_1653
868B701FBF3B0232,joint_1650
868B711FBF3B03E5,joint_1651
868B781FBF3B0FCA,joint_1658
868B791FBF3B117D,joint_1659
868BAA788D908C53,p9_rm_exp_brokenglass_window_03_lod0
868C16BBD311DC1F,default_juggernaut
868C9C7039F0F904,lmg_accurate_bp_carnival_desc
868CDE6F62926A59,bolt_02
868D30FBDBB5E7D0,bone_273
868D31FBDBB5E983,bone_272
868D32FBDBB5EB36,bone_271
868D33FBDBB5ECE9,bone_270
868D34FBDBB5EE9C,bone_277
868D35FBDBB5F04F,bone_276
868D36FBDBB5F202,bone_275
868D37FBDBB5F3B5,bone_274
868D3AFBDBB5F8CE,bone_279
868D3BFBDBB5FA81,bone_278
868D93BF02B6F955,reflex_nydar_00_forward_gecho43
868EA826CBBEC114,rope_111_jnt
868EED1FBF3E0C70,joint_1649
868EEE1FBF3E0E23,joint_1648
868EF51FBF3E1A08,joint_1641
868EF61FBF3E1BBB,joint_1640
868EF71FBF3E1D6E,joint_1643
868EF81FBF3E1F21,joint_1642
868EF91FBF3E20D4,joint_1645
868EFA1FBF3E2287,joint_1644
868EFB1FBF3E243A,joint_1647
868EFC1FBF3E25ED,joint_1646
869033FBDBB822C0,bone_246
869034FBDBB82473,bone_247
869035FBDBB82626,bone_244
869036FBDBB827D9,bone_245
869037FBDBB8298C,bone_242
869038FBDBB82B3F,bone_243
869039FBDBB82CF2,bone_240
86903AFBDBB82EA5,bone_241
869041FBDBB83A8A,bone_248
869042FBDBB83C3D,bone_249
8690F57C5DF1AF8A,reargrip_bakelite_weighted_ar_balpha
8692741FBF4127AC,joint_1638
8692751FBF41295F,joint_1639
8692781FBF412E78,joint_1634
8692791FBF41302B,joint_1635
86927A1FBF4131DE,joint_1636
86927B1FBF413391,joint_1637
86927C1FBF413544,joint_1630
86927D1FBF4136F7,joint_1631
86927E1FBF4138AA,joint_1632
86927F1FBF413A5D,joint_1633
8693002EE923D985,p7_barricade_gate_metal_hinge_b_lod0
8693B6FBDBBB3730,bone_259
8693B7FBDBBB38E3,bone_258
8693BEFBDBBB44C8,bone_251
8693BFFBDBBB467B,bone_250
8693C0FBDBBB482E,bone_253
8693C1FBDBBB49E1,bone_252
8693C2FBDBBB4B94,bone_255
8693C3FBDBBB4D47,bone_254
8693C4FBDBBB4EFA,bone_257
8693C5FBDBBB50AD,bone_256
8693FF07C1848C16,p7_wes_plaque_skull_deer_lod0
8695251A449AFFC9,j_string_10_animate
8695A633877377BA,vm_tyankee11_stock_s_00
8695F91FBF443F82,joint_1629
8695FA1FBF444135,joint_1628
8695FB1FBF4442E8,joint_1627
8695FC1FBF44449B,joint_1626
8695FD1FBF44464E,joint_1625
8695FE1FBF444801,joint_1624
8695FF1FBF4449B4,joint_1623
8696001FBF444B67,joint_1622
8696011FBF444D1A,joint_1621
8696021FBF444ECD,joint_1620
86973DFBDBBE526C,bone_228
86973EFBDBBE541F,bone_229
869741FBDBBE5938,bone_224
869742FBDBBE5AEB,bone_225
869743FBDBBE5C9E,bone_226
869744FBDBBE5E51,bone_227
869745FBDBBE6004,bone_220
869746FBDBBE61B7,bone_221
869747FBDBBE636A,bone_222
869748FBDBBE651D,bone_223
86974DD6FA5B3F0C,ps_mp_srchdstry_plr_bomb_arm_pullout
8697C80793CBB550,wm_reflector_01
8697C90793CBB703,wm_reflector_00
869891EEB808AFA7,wood_med_5_lod0
8698B03D38443724,melee_cane_bp_joke_solo_desc
8699661FBF472E90,joint_1612
8699671FBF473043,joint_1613
8699681FBF4731F6,joint_1610
8699691FBF4733A9,joint_1611
86996A1FBF47355C,joint_1616
86996B1FBF47370F,joint_1617
86996C1FBF4738C2,joint_1614
86996D1FBF473A75,joint_1615
8699701FBF473F8E,joint_1618
8699711FBF474141,joint_1619
8699762207AD2C6C,tag_wire_02
8699772207AD2E1F,tag_wire_03
8699792207AD3185,tag_wire_01
8699926423855A90,j_mid_bottom_pad_ri
869AB03F10FB7517,s4_mp_custom_sh_lindia98_base_stand_ads_reload
869AC2FBDBC16A42,bone_239
869AC3FBDBC16BF5,bone_238
869AC4FBDBC16DA8,bone_237
869AC5FBDBC16F5B,bone_236
869AC6FBDBC1710E,bone_235
869AC7FBDBC172C1,bone_234
869AC8FBDBC17474,bone_233
869AC9FBDBC17627,bone_232
869ACAFBDBC177DA,bone_231
869ACBFBDBC1798D,bone_230
869B6E46BF91767A,sdr_mp_pain_crouch_head_fr_01
869B9E1804A5DE28,j_hose1_end
869C2ECB9DFE48D4,anim_pose = crawl
869C691FBF496980,joint_1605
869C6A1FBF496B33,joint_1604
869C6B1FBF496CE6,joint_1607
869C6C1FBF496E99,joint_1606
869C6D1FBF49704C,joint_1601
869C6E1FBF4971FF,joint_1600
869C6F1FBF4973B2,joint_1603
869C701FBF497565,joint_1602
869C751FBF497DE4,joint_1609
869C761FBF497F97,joint_1608
869CE09B337EE427,callingcards_character07_animated_desc
869D1719E6374531,adjust_ads_stand_weapons_s4_sh_mike97
869D21B630DE84F8,cos_181_ms
869DAFFFD5F3CBC6,p9_rus_hydrant_valve_01_vertical_lod0
869DB86CA2BB2086,p8_debris_coal_01_small_01_emissive_shell_01_lod0
869DDFEC8BAB7799,p9_rus_vista_buildings_misc_02_lod0
869E2FFBDBC45950,bone_202
869E30FBDBC45B03,bone_203
869E31FBDBC45CB6,bone_200
869E32FBDBC45E69,bone_201
869E33FBDBC4601C,bone_206
869E34FBDBC461CF,bone_207
869E35FBDBC46382,bone_204
869E36FBDBC46535,bone_205
869E39FBDBC46A4E,bone_208
869E3AFBDBC46C01,bone_209
869E49731AEA15EF,bottle2_fill_complete
869E4BA72AECF6C2,p8_lv8_candleholder_lotus_closed_geo_0
869E99C0CFF99903,s4_mp_addoff_lm_mgolf42_base_prone_ads
869F9C49584D9C7C,p9_sr_evidence_at_photo_aerial_laminated_01
869FAD1D95600636,vm_moscar32_grip_mk_00_tap
869FCC07371169EA,p7_zm_sha_foliage_tree_roots_01_lod0
86A0086E6817BCA1,p9_rus_sculpture_shield_stone_01_lod0
86A033C79D4AE437,paintjob_stickers_cdl_teamsticker_dal_1_sy_base
86A132FBDBC69440,bone_215
86A133FBDBC695F3,bone_214
86A134FBDBC697A6,bone_217
86A135FBDBC69959,bone_216
86A136FBDBC69B0C,bone_211
86A137FBDBC69CBF,bone_210
86A138FBDBC69E72,bone_213
86A139FBDBC6A025,bone_212
86A13EFBDBC6A8A4,bone_219
86A13FFBDBC6AA57,bone_218
86A1542E55603990,prt_mp_buffassault
86A30B2A23346D68,tag_attach_cargo_hook
86A3B57883259056,pf614_auto6
86A4A8F65AA7D769,holo_01_ppapa41
86A4D085781767CB,sdr_mp_strafe_crouch_shuffle_start_juggernaut_3_alt
86A50F1CAEDCD69A,s4_reload_lmg_top_mag_cover_stand_left
86A62B06A0E982DE,s4_charm_great_delivery_00
86A64648B29C00C6,t9_charm_ninjastar_sy
86A66918535DA456,sdr_com_exposed_stand_pstl_ready
86A67D514E9F854A,p9_ger_tank_pallet_stack_01_lod0
86AB066B3EBA6EAC,ps_exec_lion_01_stand_foley_03
86AB076B3EBA705F,ps_exec_lion_01_stand_foley_02
86AB086B3EBA7212,ps_exec_lion_01_stand_foley_01
86AB353E3AAD5078,sdr_com_cover_right_stand_lean_fire@2
86AD119EC6D17BB7,window_over_40_walk
86AE7DAD17151A2E,sdr_mp_execution_012_attacker_stand
86AEB5CCE5E84706,s4_acc_attach_watch_band_75_rokkr_large_ms
86AF4BD261FECF35,wm_gecho43_barrel_s_lightweight_104
86AFBB9615C48ACC,tag_gear_rear_right_piston_low_target
86B10359E1F1DA2D,gumball_rounds_speckled_08_jnt
86B3D1260749F212,pistol_semiauto_bp_sweet
86B4701FBF5E0746,joint_1698
86B4711FBF5E08F9,joint_1699
86B4761FBF5E1178,joint_1692
86B4771FBF5E132B,joint_1693
86B4781FBF5E14DE,joint_1690
86B4791FBF5E1691,joint_1691
86B47A1FBF5E1844,joint_1696
86B47B1FBF5E19F7,joint_1697
86B47C1FBF5E1BAA,joint_1694
86B47D1FBF5E1D5D,joint_1695
86B480CC076107C4,p7_leafs_dry_single_02_lod0
86B5A7F68F4FAEDB,collision_32x32x128
86B620D4C9A4E3D0,c_t9_uk_pl_mi6_ignite_desc
86B6F32E88E4AC28,wm_mike1911_grip_00_stp
86B752C8997C4460,tag_arrow_fletching_01_animated
86B7F51FBF611F1C,joint_1689
86B7F61FBF6120CF,joint_1688
86B7F91FBF6125E8,joint_1685
86B7FA1FBF61279B,joint_1684
86B7FB1FBF61294E,joint_1687
86B7FC1FBF612B01,joint_1686
86B7FD1FBF612CB4,joint_1681
86B7FE1FBF612E67,joint_1680
86B7FF1FBF61301A,joint_1683
86B8001FBF6131CD,joint_1682
86B82F8BD9BA8E96,torch_straight_mgolf42
86B8C274C5746D5B,sdr_mp_execution_008_attacker_laststand
86B939FBDBDB3206,bone_288
86B93AFBDBDB33B9,bone_289
86B93FFBDBDB3C38,bone_282
86B940FBDBDB3DEB,bone_283
86B941FBDBDB3F9E,bone_280
86B942FBDBDB4151,bone_281
86B943FBDBDB4304,bone_286
86B944FBDBDB44B7,bone_287
86B945FBDBDB466A,bone_284
86B946FBDBDB481D,bone_285
86BB1F56A27345CD,sfh_evidence_board_photo_11_lod0
86BCBEFBDBDE49DC,bone_299
86BCBFFBDBDE4B8F,bone_298
86BCC2FBDBDE50A8,bone_295
86BCC3FBDBDE525B,bone_294
86BCC4FBDBDE540E,bone_297
86BCC5FBDBDE55C1,bone_296
86BCC6FBDBDE5774,bone_291
86BCC7FBDBDE5927,bone_290
86BCC8FBDBDE5ADA,bone_293
86BCC9FBDBDE5C8D,bone_292
86BCD3CB16112E29,fabric_tali_ar_balpha_v204
86BCF6642541405E,callingcards_t8_zm_strategist_09
86BD6B84DCDF834E,bundle_operator_2056_ingo_expeditionary
86BDF846F8D509B6,gesture_gasmask_break
86C160EF487C7FD8,p7_zm_ori_concrete_rubble_rebar_chunk_02_lod0
86C180723AE20764,p7_rus_box_cardboard_05_lod0
86C287C0A68F34B0,guardian_control_hvo
86C3BC02B2DA71F6,weapon_raise_quick_crouch_weapons_s4_la_palpha60
86C4FB26C45BEF60,p8_jnt_railing_01_side_64_lod0
86C56856F107EDD5,death02_viscera_01_02_jnt
86C625F71E23E823,lft_gate01_frnt_6_jnt
86C760A8F280EF6F,tag_bumper_rear_d0
86C7B2393FF293A5,p7_snow_chunk_trim_128_lod0
86C8C9F1DFF24884,fire_stand_ads_weapons_s4_ar_balpha
86CAB205181A88C0,bottle_02_capper_pincer_rt_jnt
86CB2EED96660B43,vm_tyankee100_mag_f_00
86CD1E1BD3562030,sdr_cqb_cover_stand_pstl_walk_arrival_r_6
86CD201BD3562396,sdr_cqb_cover_stand_pstl_walk_arrival_r_4
86CD221BD35626FC,sdr_cqb_cover_stand_pstl_walk_arrival_r_2
86CD231BD35628AF,sdr_cqb_cover_stand_pstl_walk_arrival_r_3
86CD251BD3562C15,sdr_cqb_cover_stand_pstl_walk_arrival_r_1
86CF1EF1E3DCAE62,sdr_mp_ges_sniper_stand_me
86D074990119DF28,sdr_com_exposed_stand_pstl_fire01
86D329D9296F3E06,wpn_landmine_alert_veh
86D3A5CCE6074813,s4_acc_attach_watch_band_75_rokkr_large_pc
86D3C00C025F31A7,reload_quick_empty_alt_weapons_s4_lm_bromeo37
86D499B616432E49,lft_vine_clump4_07_jnt
86D558670BC5F8D2,p8_foliage_grass_blades_wild_med_lod0
86D59052602FA6EE,sdr_com_exposed_crouch_pain01_lleg_lg_l_to_exp
86D5EE0FAC55E201,tag_wheel_middle_left_steer
86D72B1AF26DB7DE,p8_spa_gate_metal_01_spike_grp_sml_lod0
86D90887B22AA384,reargrip_rubber_tactical_mr_aromeo99
86D976B7D6EBF38F,polysurface335
86DAABCB3DDFFEFB,melee_crouch_weapons_s4_lm_bromeo37
86DBDC1E92346995,wm_stango44_barrel_l_105
86DBE03889B5B3AB,sdr_rpg_exposed_stand_nvg_ads
86DC77B7D6EE2B19,polysurface320
86DC7EB7D6EE36FE,polysurface329
86DE2B0CD23708DA,p8_cas_kitchen_knife_gourmet_honing_steel_lod0
86DE3D626DDF9D8B,rudder_minor_c
86DEB92956A51451,tra_flower_vase_03_petals_lod2_auto3_auto4_auto510v60bf800000
86DF4F81FA2D5F07,p7_pot_metal_stock_lod0
86DFFBB7D6F1413C,polysurface312
86E05596AE2599E0,par_dog_statue_01_lod0
86E0CFF9FA41C3AA,callingcards_bluetracer
86E1362E3CAB328C,t9_charm_gold_card
86E3359F1B454223,shotgun_pump_bp_albino
86E37BB7D6F45093,polysurface308
86E382B7D6F45C78,polysurface301
86E383B7D6F45E2B,polysurface300
86E385B7D6F46191,polysurface302
86E386B7D6F46344,polysurface305
86E387B7D6F464F7,polysurface304
86E388B7D6F466AA,polysurface307
86E389B7D6F4685D,polysurface306
86E391330EFD9849,blendspace_alias_jump_land_sprint_smg
86E3EC83FDD87435,sdr_mp_trans_stand_to_laststand_gunless
86E429D4151CF535,wm_tyankee11_stock_sp_00
86E4FCAA98DD5C86,p9_foliage_flower_coral_bean_sml_lod0
86E5068DB7C308F6,fire_crouch_ads_moving_weapons_iw8_rocketlauncher
86E5EFD291DBD33C,t9_charm_satellite
86E613C1C413A422,tag_bullet_deplete_swap_01_animate
86E67230C71FA698,snprscope_light_jpn_offset_hyankee44
86E6795F0F11A1FA,pf72_auto1311
86E6E2401E1CA88E,p9_usa_evermore_large_front_awning_corner_rt_lod0
86E701B7D6F76A1C,polysurface378
86E7C0BF157AB5A4,p7_rus_sandbag_snow_lod0
86E8076B0565F732,trans_2_ads_prone_weapons_s4_ar_valpha52
86E8B6D2947E7DB0,p9_rus_bldg_police_window_round_lod0
86E98F44E5ADC73A,veh_t9_mil_boat_jetski_mpx_montezuma
86EA07B7D6F9AA25,polysurface368
86EA79944BAD054C,wm_m1golf_stock_rn_102
86EFA4C7B17B5413,zm_callingcards_mp_berlinreport_requiemintel_cc_desc
86F0032B15E2BD68,zm_reflex4_reticle_20_r
86F048B6B26F3877,reargrip_leather_sniper_ar_asierra44
86F08A6B592E222F,c_t9_gen_pl_starter3_stone_carver_desc
86F0A0C59EDF0782,s4_mp_execution_generic_zweihander_01_attacker_stand
86F0FDB7D6FFB7D5,polysurface342
86F10BF3E24F177F,s4_acc_attach_watch_band_103_large
86F2726423D14D06,j_mid_bottom_pad_le
86F3021B95273F75,s4_mp_custom_eq_hammer_prone_pullout
86F47BB41AB8EB98,p7_sin_rock_park_01_cluster_h_lod0
86F4E27F0AE12B44,tag_fx_light_under
86F605028C064600,wristaccessory_t9_s6_digital_undead_warrior_desc
86F6ADFA05C918C2,chute_33_jnt
86F6C80652FB1D7D,p9_dun_ceiling_framework_a_frame_lod0
86F6EFB26F531675,startTeamDeathmatch
86F7114FF6D95318,ps_mp_potm_isabella_01_twirl
86F8DB6BB74082EA,wm_becho20_grip_sk_00_stp
86F9B6DF3DBA8F30,ranks_prestige_14_large
86F9BBA6510220A8,tag_tip_lightning
86F9D8F9A193A004,stepup_52
86FA03E098B9508A,p7_zm_ctl_book_vintage_row_01_lod0
86FA92CE95486592,tag_strap_btm_le_5_animate
86FADE8B03299171,p9_rock_rough_01_pebble_patch_med_01_lod0
86FB0BB7D7082424,polysurface392
86FB0CB7D70825D7,polysurface393
86FB0DB7D708278A,polysurface390
86FDB68836CD833E,j_jacket_3_le_end_pin
86FE7AB7D70B1698,polysurface389
86FE87A81607D663,tag_reflex_04
86FE8CA81607DEE2,tag_reflex_03
86FE8DA81607E095,tag_reflex_02
86FFA3B65E34B732,sdr_mp_me_strafe_crouch_walk_start_8
86FFA4B65E34B8E5,sdr_mp_me_strafe_crouch_walk_start_9
86FFA5B65E34BA98,sdr_mp_me_strafe_crouch_walk_start_6
86FFA6B65E34BC4B,sdr_mp_me_strafe_crouch_walk_start_7
86FFA7B65E34BDFE,sdr_mp_me_strafe_crouch_walk_start_4
86FFA9B65E34C164,sdr_mp_me_strafe_crouch_walk_start_2
86FFACB65E34C67D,sdr_mp_me_strafe_crouch_walk_start_1
8700613B2AC09AA9,acog_strong_asierra44
87015FF22B12296F,stop_backward_l_alias
870189F04D2884FB,s4_jpn_rock_ruins_foundation_stone_a
8701B87846DFB76C,weapon_raise_prone_weapons_s4_la_m1bravo
8701EEAEDF596F8C,brush_383
870307A23200E5EF,p8_zm_gla_temple_chandelier_iron_01_mount_main
87031B701AF67B82,s4_zm_ger_demonic_banner
8704561042F8C192,ps_mp_execution_padmavati_prone_foley
8704FC0D16A77E70,p7_zur_coffee_bag_01_lod0
87057327354FD6EF,p7_feather_raven_lod0
8705898DDFE46839,s4_pi_ttango33_animpackage_extmag
8705C4A388D0E7F5,tag_fx_ammo_sniper
8706126C96AF3D82,j_bag_end
8706E5EB787DF5AC,tag_dashboard_altimeter
870760B12821466E,ps_wpn_moscar_plr_reload_close_empty
8707821C442797C8,prone_iw8_tablet_drive
87089AFA4304ACB7,tr_longburst_bp_electric
8708B1638AA56012,aac_storage_sheet_07_lod0
8708F80091E367DC,p9_mal_car_ramp_stage_frame_large
87090364E3D9F13D,iw8_fire_sm_smgolf45
8709091C75DAEB3D,s4_mp_addoff_la_palpha60_base_crouch_moving_ads
870C1D7E38B670DE,p9_vehicle_parts_brake_drum_rust_01_lod0
870C6E5EB0C0E595,p8_light_fixture_led_wall_01_dmg01_lod0
870D60645F7059B8,rottweiler_j_tongue2
870D61645F705B6B,rottweiler_j_tongue3
870D63645F705ED1,rottweiler_j_tongue1
870D66645F7063EA,rottweiler_j_tongue4
870E40BE6E192FA7,reargrip_pine_sm_mpapa40
870E713C0B281E01,p7_fxp_debris_car_glass_shatter_03_lod0
870EA8212963429F,trans_2_ads_crouch_moving_weapons_s4_ar_asierra44
870F2CCCBE3ADFE5,ps_mp_execution_elf_01_prone_stabfast
870FCF3D2D0C34B8,tag_flag_01
870FD13D2D0C381E,tag_flag_03
870FD23D2D0C39D1,tag_flag_02
87101B8DD8C4F92B,p8_debris_coal_01_small_01_lod0
871046C6E20254F7,tag_prop_front_left
8710ED82E77C0B60,sdr_com_cover_left_stand_lean_aim_9
8710EE82E77C0D13,sdr_com_cover_left_stand_lean_aim_8
8710F582E77C18F8,sdr_com_cover_left_stand_lean_aim_1
8710F782E77C1C5E,sdr_com_cover_left_stand_lean_aim_3
8710F882E77C1E11,sdr_com_cover_left_stand_lean_aim_2
8710F982E77C1FC4,sdr_com_cover_left_stand_lean_aim_5
8710FA82E77C2177,sdr_com_cover_left_stand_lean_aim_4
8710FB82E77C232A,sdr_com_cover_left_stand_lean_aim_7
8710FC82E77C24DD,sdr_com_cover_left_stand_lean_aim_6
8711D8541647378A,zmb_bodyfall_large
87134E84654B9583,ar_damage_bp_motocross_desc
87138827E329E051,j_diamond_c12_ri_1_animate
8714653DA09FC5B4,JawLeft
87170011EE21160B,p7_mattress_cloth_queen_folded_lod0
8717229710440E9C,s4_mp_blindfire_stand_vertical_left
871826E227DB7E39,cap_wh_020_sas_enter_price_face
8718E3A67378B769,smg_burst_bp_scarab
871E693BFEA0F16E,sdr_com_cover_right_stand_look_to_hide_fast
871EBAD84E0F55A0,j_parachute_strap4_ri_animate
8720D7E26A1AC693,sdr_com_cover_left_stand_long_death_mytr_death
87213FDFE9C78650,wm_kalpha98_grip_sp_00_tap
872250A111629500,callingcards_t8_mp_prestige_ninja_desc
87239ACE1F36D975,p7_zm_moo_blueprint_roll_set_lod0
8724833CAFF51669,j_mirror
87249B5FC30B4FB1,dof_2.8_45_010_010
8725209FC18A0F84,p7_ceramic_tile_shower_loose_01_lod0
87258D6FCA63171D,light_fixtures_exterior_01_modern_wall_destr_s1_f1_lod010v614081907d
8726B99881D1140A,p7_rope_pile_lod0
8728419990649F46,reload_quick_weapons_s4_sn_gecho43
87287E8DF4F6CC5F,tag_key_01_animate
8728859CB55926EA,vm_wristwear_46_face
872A019A7513C678,BUNDLE_1033_DESCRIPTION
872A0BC9A36867FB,body15
872A625E641A16EC,tag_cargo_hook_winch_animate
872AE588E1D353A7,p7_sin_signage_generic_triangle_lod0
872BFFA0DF348A7B,rt_vine_clump4_10_jnt
872C874363DBCF70,jump_land_sprint_sn
872C8D4363DBD9A2,jump_land_sprint_sh
87311F36738C7D09,jnt_body_b
87314A09FB1714D1,reload_weapons_s4_pi_malpha96
8731637A6C6CD9AE,start_prone
8731AD624E6790F2,sdr_mp_strafe_crouch_walk_hipflip_forward_juggernaut_8
8731AE624E6792A5,sdr_mp_strafe_crouch_walk_hipflip_forward_juggernaut_9
8731AF624E679458,sdr_mp_strafe_crouch_walk_hipflip_forward_juggernaut_6
8731B0624E67960B,sdr_mp_strafe_crouch_walk_hipflip_forward_juggernaut_7
8731B4624E679CD7,sdr_mp_strafe_crouch_walk_hipflip_forward_juggernaut_3
8731EA71AD4E4A47,pickup_time
873235F81E788E30,MOD_BLED_OUT
873269B14005C756,p7_rus_barrel_metal_burn_wood_lod0
87335BDD43687FB5,ai_s4_zm_zombie_base_crawl_dth_l_torso_lt
873403EEB6F6A674,s4_zm_ger_notes_loose_pile_02
87347BC9A3717AD0,body25
873482751B69C002,sniper_accurate_bp_roman
87355CD82DCF9838,j_dyn_ropes_b_3
87355DD82DCF99EB,j_dyn_ropes_b_2
87355ED82DCF9B9E,j_dyn_ropes_b_1
8735DDD1A493BED9,sdr_mp_execution_074_victim_stand
8735F69170F90CD9,reargrip_fabric_marksman_mg_dpapa27
87361F2566815FE1,ai_s4_zm_zombie_base_walk_au_v01_pain_chest_f_alt
873901B77DFD2389,p7_ram_foliage_sea_kelp_01_sm_small_lod0
873A56557B93C4F8,trans_2_ads_crouch_moving_weapons_s4_lm_malpha7
873A5FA8A958FBEA,stock_marksman_stango5_mp
873A6EF53D40F6F8,p8_wmd_sack_fertilizer_burlap_stack_03_lod0
873B28BE3407939D,s4_mp_custom_sn_aromeo38_extmag_prone_reload_empty
873B840B8297B275,rm_heavy_1s
873C65E3673A5556,delete_corpse_delayed
873D9A51AA59A5E1,tr_damagesemi_bp_faberge_desc
873EA1FDAA07AC6C,zm_callingcards_zm_darkops_melee_exfil_01_cc
873F172BD6D246B4,p9_rus_chapel_wood_column_03_lod0
873F4463B14AC074,wm_aromeo38_mag_xl_00
873F522C59B72D35,lft_gate01_bck_8_jnt
873F6795C42B39DD,j_machette_string_ri_01_dyn
8740C8F4820C2326,grave_lid_chunk_91_jnt
87415B578A557D4B,vm_bromeo5_grip_00_lea
8742781269BBB3B6,s4_mp_custom_la_mkilo11_base_stand_trans_2_nonads
8742E8723D2C30AC,snprscope_strong_ger_offset_balpha
8743D0676A97721F,weapon_occlusion
8744C7DFAA37AF49,p8_zm_ora_steel_beam_64
87455D7A4BE60DEC,s4_mp_custom_sh_bromeo5_extmag_prone_reload
874564B306227DFE,start_backward_crouch_riotshield
8745ABD31DD88A3E,vm_ppapa41_barrel_00
8745BC5D6037CF9F,p9_core_storage_metal_01_label_01_lod0
8745C67EA5C65877,p9_sr_evidence_stakeout_title_label_01_lod0
87462FB0B11AA10B,p7_spl_clothes_hanger_black_lod0
87475021E96D4A4A,reargrip_leather_support_sm_mpapa40
874A40232DBB1353,prestige_t8_wz_09_large
874B1AEA67C8C313,c_t9_uk_pl_mi6_badblood_glamour_desc
874BEC7FBAC49351,tag_leg_left_upper_panel_01_d0
874C083705491D40,p9_usa_neon_exit_sign_ceiling_lod0
874D254B213EC3FA,tag_door_flap_animate_ri
874E8E4363F8C1BB,jump_land_sprint_me
874E9B9F8EAB391C,j_skirt_side_ri_ctl_01_buffer
874ECF2414550469,reload_quick_ads
874F8A3ECE12F56C,reargrip_leather_reinforced_sh_lindia98
874FE699CD481FE5,camera_mp_gunsmith_preview_large_charm
8750F20F931ACDD5,stock_tactical_bromeopg
8751764363FACECA,jump_land_sprint_la
87528D9A7A76EDE0,blueprint_bundle_3049_qbz_83_shoe_shine
8753111FF9CB2CBA,tag_wheel_02_animate
875456D772ABE036,sdr_mp_addoff_ar_mike4_nonads_noright
875507FCD6EC85BE,SMG_HEAVY_BP_BATTS_DISPLAYNAME
87573B08374248B7,j_bag_side1_ri
87573CF03441454E,bldg_residentia_grp_d_lod0_comb
87594EF6A490F3B7,p7_hazmat_boot_left_lod0
875A4939F1DB0C23,p9_dun_railing_metal_corner_inside_32_panel_lod0
875AD33F4353640F,t9_charm_lunch_desc
875C5B85442FFEAB,p7_zm_kin_movie_reel_case_vintage_01_lod0
875C7B436404DECE,jump_land_sprint_ar
875E1AC8AAAD3CB4,dyn_bag_r_1
875E1DC8AAAD41CD,dyn_bag_r_2
875EE73C48E58035,tag_strap_02_animate
875F4E9B3F269482,p9_rus_bldg_apartment_yellow_02_corner_right_02_a_lod0
875FCBF9C39D8F22,bsh_ship_deck_detail_13
8760FFE5E7A619D9,foregrip_handstop_bromeo5
87613FE0376B092D,start_backward_crouch_juggernaut
8762054B2150E9A4,tag_door_flap_animate_le
87622F4B5A0B5F1B,tips_multiplayer_conf
87623A6022E0108A,paintjob_stickers_s3_mutineers_slacked_base_ms
876253DA48EABF8E,arm01_02_jnt
8762C2321C07A0AC,reload_empty_ads_weapons_s4_lm_malpha7
8764DF8F1DFD4FEF,paintjob_stickers_cdl_teamsticker_lathieves_venom_s5
87655002E349DE53,40000
8765DA972A1B659F,vm_voscar_grip_00_fab
87685377E7A121F2,bar_sh_fluted_owhiskey_up1
87692C6022E6176E,paintjob_stickers_s3_mutineers_slacked_base_sy
876A92510C6305F4,editcustomgames_maps_category_medium
876B530837531A89,j_bag_side1_le
876BA32311C95F82,s4_zm_jpn_crate_wood_03_short_open_dark
876BB169F53C01C9,glmp28
876C3A6022E8650F,paintjob_stickers_s3_mutineers_slacked_base_pc
876CC149B6339C7C,rope_01_25_jnt
876D4920D5533EB6,blendspace_alias_hipflip_forward_to_backward_crouch_juggernaut
876D54219FC0B476,woodbeam_15_lod0
876D99E4B7E0242E,tag_reddot
876E312DB68A8B1F,umbrella_top_015_jnt
876FBBF0AEF2102B,p7_spl_toy_beach_castle_02_green_lod0
876FE546E1E9A9C6,p7_barricade_gate_metal_hinge_a_lod0
8770208FF3AB4DF7,vm_mgolf42_stock_hv_103
877137A4A0872293,gumball_time_shiny_35_jnt
8771C6B972BD9329,p9_usa_ship_prop_assembly_right
877373A03CF837FD,civ_lamp_floor_01_off_lod0
8773A405E9B676D4,l_arm_l_Pv_CTRL_line_bShape_pvLine
8773A712260B6E1A,dyn_hair_low_lk_01
8774D03FA527F701,slow_20_.05
87759D65AC4F6DAD,p9_fxp_debris_clump_steiner03_lod0
87766E0FEF520C54,rec_thotel
8776F56325EEABA9,p7_mou_data_recorder_glass_lod0
8777C0E7AC702904,aac_kitchen_stove_01_lod1
87781F13395B1245,2sprint
87789987E7E95DC2,s4_camo_04b_zm
87799D92E0F9636E,weapon_first_raise_crouch_moving_weapons_s4_sh_lindia98
877A08F21EDE2393,store_disabled
877A0E45E4D519F7,j_chain_16_a
877A2FF2CB6A1FCC,sdr_mp_mantle_on_weapon_up_far_high_a_akimbo
877A77FE9EE733AC,callingcards_mps2_brapbrap
877B85F0EF2DFFAC,trans_2_nonads_freefall_weapons_s4_lm_fromeo45
877C46682C7B5D9E,tag_bumper_rear_antenna
877C502FF3DDC2CF,tag_differential_up
877E7CDB6C716A12,mkg_painting_wall_lrg_01_lod0
877F54C3E72E18C0,emblems_jewel_elite
877FDD114549BB26,paintjob_stickers_deathstouch
87801253F08E0531,veh_t9_mil_boat_jetski_assembly_mpx_infestation
87824AAA9E7E1512,tag_gunner1_foot_right
8782810D2FA328DF,vm_wristwear_50_face
8785FC635D3B9EEA,wm_gecho43_grip_mk_00_blk
8788408C0752999F,tag_spigot_fx
8788A700F12AA439,p7_bottle_glass_liquor_02_lod1
8788A72909475408,tag_mandible_chain2_left_animate
8789B2BD0730B4AA,p9_mal_bag_candy_diven_chocola_label_01_lod0
878A2848B7B8295C,s4_ger_wires_library_01
878A436213256AA8,furniture_interior_fireplace_01
878AA8DE757327C6,sdr_cqb_cover_left_crouch_fast_exitfull_8r
878AC2DE757353F4,sdr_cqb_cover_left_crouch_fast_exitfull_8l
878D28E95F3A6C5E,p7_foliage_tree_mangrove_blk_lg_fallen_02_lod3
878E3EE91CA8FD3B,tag_sideskirt_kneecap_flap_right
878E58B2673F4829,s4_acc_attach_watch_band_15_large
878EB931AEC43EEF,p8_conduit_metal_1_clamp_base_med_lod0
878F512434CE5E76,s4_mp_custom_sm_owhiskey31_base_crouch_moving_trans_2_ads
87900A1E4F3E976D,adjust_nonads_vehicle_weapons_iw8_ar_mike4
87904FF3D8C5E014,tag_clip_empty
8791B56CF2015015,vm_stango44_scope_107
8791CF8F7A98EF6D,vehicle_remote_check
8792500AA5083005,wm_mike97_grip_ta_00_gra
8792590AA5083F50,wm_mike97_grip_ta_00_grv
87926F89F2B8D1FB,s4_mp_facial_arthur_idle_1
87927089F2B8D3AE,s4_mp_facial_arthur_idle_2
87927189F2B8D561,s4_mp_facial_arthur_idle_3
8792D321D74CBC79,j_r_wing_feather_grp_l_wing_large_feather46_ri_secondary_coverts
87936F8DE828D039,wm_m1golf_receiver_00
879423BDBDE13A19,p9_usa_hotel_sundowner_trim_deco_128_decals_lod0
87960FB390C6A48F,p7_jun_barrel_wood_lod0
8796C4D310CB4360,flip_up_optic
8797FFBA7CE5F972,mouth_lip_bot_raise_r
879811BA7CE61808,mouth_lip_bot_raise_l
8798E6E852877715,scriptable_s4_jpn_water_canteen_01_strapped_destp
87991F5AB80406FA,death02_viscera_03_12_jnt
8799A9FBD119CBA8,cal_lg_fmag_hyankee44_up1_noimp
8799C75A881635D6,lookDn_elf
879A5E403D728D04,s4_mp_custom_sn_gecho43_fmag_stand_ads_reload
879C4601EAD0208A,tag_shocker_r_01_animate
87A01D84E62A48B5,scriptable_patrol_chevron
87A24279311E931E,s4_mp_execution_generic_nunchucks_01_victim_stand
87A275A2642925C5,sdr_com_cover_right_stand_pstl_hide_to_full_exp
87A35BCB73445BFE,l_frontleg1_jnt_dog
87A4CBD47B0198F2,mkg_mangrove_tree_roots_02_lod0
87A4F98FA612E6F2,sgon_cp_nic_palacio_nuke_room_props_ng
87A647B4AA0D1846,recoil_booster_small_ttango33
87A6E15CA312D4B6,sdr_com_cover_right_crouch_pstl_lean_idle
87A786047D94B50F,callingcards_hollywood_bad_guy_s5_animated
87A7D4D0E3174F3D,reload_quick_weapons_s4_sm_ppapa41
87A864845F747137,reargrip_bakelite_skeletal_ar_bromeopg
87A9B43461B484D2,p9_zm_exp_intel_documents_requiem_report
87ABF919ED3DCB17,cal_xs_22lr_luniform08_down1_zm
87AC88F18A9ECBDA,lmg_light_bp_x2
87AD824819655114,callingcards_zm_fieldresearcher_questionablepackage_desc
87AEE33CB77096AF,charroom_fx_east_a
87AF68CFE6A0C94E,s4_zm_body_pile_group_bottom_01_snow
87AFBB0CABBF30B0,p7_zm_gen_foliage_vines_floor_clump_128_lod0
87B052841743FA28,callingcards_t8_mp_prestige_wildcards_perk_2_greed_final_desc
87B154BA0E2E14BF,talent_coldblooded
87B1EB492B9D4DB8,p7_foliage_fern_sword_medium_lod0
87B21654DBC40636,mp_stand_gesture049
87B21754DBC407E9,mp_stand_gesture048
87B21C54DBC41068,mp_stand_gesture043
87B21D54DBC4121B,mp_stand_gesture042
87B21E54DBC413CE,mp_stand_gesture041
87B21F54DBC41581,mp_stand_gesture040
87B22054DBC41734,mp_stand_gesture047
87B22154DBC418E7,mp_stand_gesture046
87B22254DBC41A9A,mp_stand_gesture045
87B22354DBC41C4D,mp_stand_gesture044
87B3BD452CB27555,dof_2.8_52_200_200
87B3C2AAB397F884,mp_league_15_02b_large
87B61319BC66E472,pistolscope
87B649DDD2591DB4,sdr_com_traverse_walk_mantle_sm
87B68D616E927377,t9_charm_molotov
87B869441ACE60B8,sdr_mp_veh_motorcycle_seat_1_enter_right
87B87AD35C0A2C8B,j_shirt_rf_dyn_01
87B87BD35C0A2E3E,j_shirt_rf_dyn_02
87B87CD35C0A2FF1,j_shirt_rf_dyn_03
87B981265057D786,sm_wheels_02_jnt
87BA0A73D8273143,wm_stango5_grip_00_rub
87BA5185B0716A1A,s4_sdr_com_cover_crouch_to_shuffle_right
87BAC0D1C49C282F,bundle_operator_2041_naga_tribal
87BBDE11E34C4408,tag_mirror_left_dead
87BC4340FB4D135B,stats_cluster_semtex_kill
87BCBA7BE818CC44,p7_slu_food_container_foam_01_lod0
87BCDD51DED85335,po_c_t9_usa_pl_mason_ultra_variant04_desc
87BD1F46703CB217,reload_quick_empty_prone_alt_weapons_s4_ar_bromeopg
87BE7104F2862014,jaw_open_lip_corner_pull_r_cor
87BF825DFBA1B184,adjust_ads_vehicle_weapons_s4_ar_asierra44
87BF9E54DBCF77AA,mp_stand_gesture009
87C18FF4C028A263,emblems_psychic_04_animated
87C1A450A7D42452,xxlmags_mike97_zm
87C2FA2A3606D717,paintjob_prestige_t8_wz_07_large
87C31554DBD277B6,mp_stand_gesture038
87C31654DBD27969,mp_stand_gesture039
87C31B54DBD281E8,mp_stand_gesture032
87C31C54DBD2839B,mp_stand_gesture033
87C31D54DBD2854E,mp_stand_gesture030
87C31E54DBD28701,mp_stand_gesture031
87C31F54DBD288B4,mp_stand_gesture036
87C32054DBD28A67,mp_stand_gesture037
87C32154DBD28C1A,mp_stand_gesture034
87C32254DBD28DCD,mp_stand_gesture035
87C33533469B469F,dyn_pant_knot
87C449E912BCEA98,p9_rus_magazine_stack_fashion_01_lod0
87C473ECA02A6920,j_crotch_armor_viewlegs
87C53E66109470BB,barn_window_left_door_01_lodx10v40bf800000
87C61A54DBD4B60C,mp_stand_gesture029
87C61B54DBD4B7BF,mp_stand_gesture028
87C62054DBD4C03E,mp_stand_gesture027
87C62254DBD4C3A4,mp_stand_gesture021
87C62354DBD4C557,mp_stand_gesture020
87C62554DBD4C8BD,mp_stand_gesture022
87C66838CD8F5A05,p8_zm_nuk_rubble_piles_stones_right_lod0
87C714A50E03EAAB,p9_zm_gold_intel_documents_m_inspect_04_lod0
87C77A73E5994853,s4_ger_berlin_tarp_cover_standing_full_01
87C848292F7013C0,sdr_mp_aims_eq_molotov_circle_90
87C90BA0ACCDB0FA,weap_ar57_chamber_plr
87C91FFEE3A8B89A,tag_light_position
87C9DC84EED01031,cover_left_crouch_exposed_a_to_hide
87C9F2782CA698C7,fe_operator_unlock_golem_01_face
87CAA061F8633B78,cal_md_xxlmag_45_malpha96_down1_zm
87CAEFC2CFFE2ED0,p7_zm_sha_pole_metal_lod0
87CB0325643FFB14,p9_nic_rock_cliff_08_lod1
87CBE72EE8FF09B4,sdr_com_cover_right_stand_look02
87CBEA2EE8FF0ECD,sdr_com_cover_right_stand_look01
87CC8043DA952FB3,uk_shelf_garage_02_19x54x71
87CC965578CC5C4C,muzzle_brake_shotgun_mike97
87CCA734738FCEAF,trans_2_ads_stand_weapons_s4_sn_malpha1916
87CD886E2A958B06,umbrella_top_038_jnt
87CD8FF12BF0A329,break_passthrough_by_movetype
87CDB13AEDFAA963,cymbal_monkey_desc
87CDDAA0F4E4982C,p7_window_glass_shard_02_lod0
87CDE3B2A43ABE1B,p9_rus_far_vista_bldg_010_lod0
87CFB891F4BC1622,codcaster_keybind_slowdown
87D0611AE84490BC,silencer_light_small_thotel
87D0E0F48913936B,sdr_mp_stand_moving_throw_eq_offhand
87D16F68E201D909,battletrack_pack_season6_all_blops
87D181FA37E267AA,reflex_nydar_00_malpha1916
87D262DE36A7345F,trans_2_nonads_crouch_weapons_s4_ar_chotel15
87D28784C36367FC,kp_downarrow
87D2B59C5ECD82AE,s4_mp_execution_lewis_01
87D42683ECA11FA7,s4_mp_custom_ar_balpha_base_crouch_gun_butt_hit
87D6976B3F5381F1,gib_frost_arm
87D69B955374D8E1,gumball_activated_swirl_35_jnt
87D6EBEB293195AF,p8_spa_tile_street_number_01_end_lod0
87D6FA8A131A05EC,s4_zm_rus_table_cloth_crumpled_01
87D7A2D98B4B0492,p8_usa_submarine_interior_panel_03_lod0
87D836DDD275E3D1,sdr_com_traverse_walk_mantle_md
87DA754A14F8417B,s4_mp_custom_sm_mpapa40_extmag_prone_reload
87DB2DFED5988958,operations_tabs_wz
87DB817715DDE196,PISTOL_REVOLVER_BP_NOIR_DISPLAYNAME
87DC4BA6EEA126D7,p9_nt6_sign_welcome_town_magician_hat_lod0
87DD73CD60F1EDB8,vm_ar_gen_brake_ab_00
87DE4D3D2025AB52,damage_corner_concrete_01b_lod0
87DF779F0C30DF75,p7_soc_cardboard_box_05_lod0
87E022D9BFFAE330,p7_furniture_couch_small_lod0
87E077DE9FC4175B,vm_mpapa40_brake_hs_101
87E09F15EE68AE57,wm_mgolf42_grip_00_fab
87E110E2E96AE24D,p9_zm_platinum_sign_cafe_01_on
87E1540AE44D462B,j_fbarbed_wire_shoulder_ri_1_1
87E1676F67E83C93,s4_aac_ger_liquor_bottle_02_destp
87E2C437D8BD959D,vm_luniform_mag_c_dn_101
87E2CE6F03E2A73B,p7_zm_ctl_crate_wood_02_long_lid_dmg_01_lod0
87E3AEAE8E03B8A9,aac_porcelain_statue_01_lod0
87E41E0333A7A00F,male_01_static_lod0
87E51B6EC17E6D0C,lmg_light_bp_six
87E5CE40DC41BC21,j_mid_ri_1_parrot
87E65DD94F9D41B2,ps_exec_generic_doublemace_01_prone_bf_01
87E6C73B081D75B7,p7_planter_ceramic_02_lod0
87E7207D0D002811,t9_charm_crown_sy_desc
87E72BED2EDE1402,j_flashbang_le_end
87E747A2F3EC77A1,j_rat_backleg_ankle_ri_animate
87E78B668FE4AD11,ls_biohazard_sheet_03_lod0
87E88168F85621A9,emblems_killersurf_flipbook
87E8DF5AD2D23484,creation
87E9B840244610DE,xxlmags_mike97
87E9C7228C8D3B6B,wm_kalpha98_barrel_l_00
87E9E108FED8400C,j_hair2_1_end_le
87EA296EAC21E59F,SMG_BURST_BP_RED_DESCRIPTION
87EAA8ECC663D3A2,p7_zm_isl_roof_anemometer_box_lod0
87EB1F755177A3CD,parts_wristwear_mp_watch_codl_paris_big_wm
87EB3E2D56650B3A,s4_mp_custom_sn_kalpha98_base_stand_reload
87EB49FB52A34A36,reargrip_stippled_skeletal_ar_balpha
87EB91824C00DB0F,cockpit_rear_lod0
87EBA602D8FC4351,lmg_light_bp_bcowboy
87EBA71B8BDB9760,STICKER_TRAILGUIDE_15
87EBCDA2C733D6B3,scriptable_s4_crate_wood_medium_01_destp
87EC1CED5C198901,p8_zm_zod_map_storage_cabinet_card_holder_lod0
87ED4C17E4BFD9B2,sdr_com_cover_right_stand_run_exit_8r
87ED5E17E4BFF848,sdr_com_cover_right_stand_run_exit_8l
87EDA1F30CA57E3A,physics_drift
87EDA9BF556FC0C9,p9_wz_fence_plywood_128_lod0
87EDBF072D97D01C,cal_xl_127mm_moscar_up1_noimp_zm
87EE77FA2172F1DE,ps_mp_execution_anna_01_prone_victim_foley_01
87EFC9F380FC3BB0,reargrip_rubber_marksman_sm_stango5
87F029B9A6D77BBA,crouch_moving
87F10B7B3B659CC6,lobby_floor_02_collection
87F16FA0D4618C84,tag_pc_engine
87F33F4C9E0B0AB3,p7_skulls_bones_head_02_lod0
87F348DCFD9DEAC3,physicscontents_trigger
87F3C9D612C43FD8,s4_pi_wecho_mount_right
87F4D547104C2FE2,wpn_ak47_plr_fpo_charge
87F7B3B8497341B3,pistol_burst_bp_rbaron_desc
87F7ED19FD0F3B58,vm_ppapa41_mag_x_101
87F7EF19FD0F3EBE,vm_ppapa41_mag_x_103
87F829B7A319AB9A,emblems_chasedbydemons_animated
87F865AA081AD5F9,mouth_lip_pucker_tight_l
87F87FAA081B0227,mouth_lip_pucker_tight_r
87F8B6AC0292A80C,snprscope_light_usa_offset_balpha
87F8CB8B35CB64AB,t9_charm_punch_bot
87F90F1A10B6BF7D,p7_debris_concrete_rubble_bolt_lod0
87F98DE3EDDA84BB,s4_mp_addoff_la_walpha2_base_stand_nonads_noleft
87FB2351FC08E94F,paintjob_stickers_cdl_teamsticker_tor_alt_1_sy_base
87FBDE4B07E4E578,vm_moscar32_barrel_rl_103
87FBED84FE5A8094,c_t9_usa_pl_adler_renegade_redshirt_desc
87FDF1526C404E3C,j_can_dyn
87FF43D79BBA3114,rabbit_j_pelvis
87FF4EB80D523ABE,mp_stand_custom_fire_pi_golf21
88007266E5C9E60D,vm_becho20_mag_c_up_00
88010403F909EA00,j_rocket_09
88010503F909EBB3,j_rocket_08
88010E03F909FAFE,j_rocket_03
88011003F909FE64,j_rocket_05
88011103F90A0017,j_rocket_04
88011203F90A01CA,j_rocket_07
88011303F90A037D,j_rocket_06
8802EDFF12822CAE,ger_electrical_wiring_11_lod0
8802F44FEF9B98CB,j_chunk_head_bone_ri
88052440783A6A9E,tag_handle_rear_4
88052540783A6C51,tag_handle_rear_5
88052640783A6E04,tag_handle_rear_2
88052740783A6FB7,tag_handle_rear_3
88052940783A731D,tag_handle_rear_1
8806332B5E39712F,adjust_ads_freefall_weapons_s4_sm_guniform45
8807CC3336015CFA,j_shoulder_le_elf
88084C4F6333C0DB,vm_mike1911_mag_xxl_101
8808EAEA65BD4A58,callingcards_kitsune_s5_animation_desc
880990CD6C0939EE,j_knife1_end_le
880A2F72CAF31A8D,p9_zm_tungsten_guide_sign_line_red_lod0
880A4CD0ABE191D1,p7_debris_newspaper_08_lod0
880A537CD7C0274A,sdr_mp_execution_047_attacker_prone
880B00A8B72A9A08,p8_ice_snow_plowed_02_lod0
880C3124ADE7C9A0,gumball_time_swirl_23_jnt
880D07626D2DB5D6,s4_mp_fatality_thomas_02_attacker_thumbnail
880D7CDB1FA317A3,smg_standard_cb_bp_zenya_desc
880E9A729AD84090,sdr_com_strafe_sprint_leanright
880F7E46BE9C7BE7,p9_ger_tank_tank_tread_rolls_01_lod0
8810958C8646578E,tag_landinggear_back_right_actuator1_bottom_aim
88109C78AC9CCFA0,s4_mp_addoff_sh_becho20_base_crouch_moving_ads
881132E53E677E0C,j_vesttop_proc
8811C2890B4C575C,dyn_cap_r_01
8811C5890B4C5C75,dyn_cap_r_02
8813E30B02834B5B,reargrip_stippled_mg_bromeo37
881473D6A3D20FD2,paintjob_stickers_s3_faze_abezy_base_sy
8814B10CF4F1D0EC,s4_mp_custom_lm_dpapa28_fmag_prone_reload
8814D4820BE47D4D,s4_mp_addoff_sh_becho20_base_crouch_moving_nonads
88159494ABB59672,s4_mp_custom_ar_asierra44_base_stand_trans_2_ads
881771D6A3D44243,paintjob_stickers_s3_faze_abezy_base_pc
88185F2DA717753D,emblems_lips_pc
8818BDA6BDB5D8D7,death02_viscera_01_17_jnt
8818D876D59AF7A5,sdr_mp_prone_gasmask_on
88190CA3FBC1B24F,sdr_mp_execution_044_attacker_stand
881B19C620FA70E5,p7_crate_wood_03_open
881BF99E7622D59A,p9_rus_bldg_apartment_yellow_trim_section_01_lod0
881C322BBBA14E72,visor_lower
881D61AD1286ED77,j_knife_chest_ri
881E5D1EA6C37E8F,p8_usa_farm_tools_pliers_02_lod0
881EFB660D268158,par_signs_german_occupation_01h_lod0
881EFFF0F123E962,wm_thotel_mag_xl_00
881FCF754A8EA797,p8_wmd_silo_pipe_elbow_03_lod0
881FE1865F856666,tag_trailer_door_rear_right_animate
8822652DA71FD3F4,emblems_lips_sy
882323842742F6FE,p7_sandbag_stack_32_leftlciv_lod0
88232F3F48BA6112,shotgun_fullauto_t9_desc
882356292C163001,reflex_reflector_00_forward_tyankee11
88245B31D3A68E60,prone_iw8_sn_alpha50
88246E0D8B69607B,sdr_mp_ges_shield_additive
8825182F0EB0BF25,leopard_tag_nose
88254BDD43E82A12,start_forward_sprint_sn_concussed
88264ADBDE6FF75F,paintjob_prestige_iw4_07_large
8827A5B9842092FE,vm_m1golf_grip_sn_00_gra
8827B12CD1527E21,foregrip_heavy_tyankee11
8827B8B98420B347,vm_m1golf_grip_sn_00_grv
88284369B2B1E270,s4_aac_wood_utensil_bucket_01
88286C5E293AAF22,sdr_mp_raise_first_slide_pi_golf21_akimbo
88287127EECB054C,p7_zm_sha_brick_corner_90_bricks_slim_01_lod0
882ECB5D3B46537D,puckerl
882ECD5D3B4656E3,puckerr
882F990BB4962DE9,grave_lid_chunk_94_jnt
88304E46EEFF4ED0,weapon_raise_stand_weapons_iw8_fists
8831BA1A6CDED0BF,j_proc_clavicle_le_umbrella
8831F49D7FB56FC8,ss_hvy_chop_enemy_arrive_mult
8832B330BE1528A8,j_hair_back_end_le
8832DF43F868A4A4,camera_mp_gunsmith_preview_stock
883334B059ACBDCB,STICKER_CYMBALBOMB
8833609299B52EEB,cover_crouch_hide_to_stand
883390593B666147,ps_mp_exec_gustavo_01_stand_bf_02
883391593B6662FA,ps_mp_exec_gustavo_01_stand_bf_01
8833BA467D0AC844,mkg_box_trinket_brass_01_lod0
88340A233C1DE77A,j_eye_lt_lid_top
8834E928B41D0C6A,chandelier_main
88354F05080278AC,p9_rus_service_elevator_railing_trim_05_lod0
8835F0C4DBBE50FA,sdr_mp_turret_additive_mantle
8836109EF158984E,tag_link_p8_zm_man_book_row_03_04
8836129EF1589BB4,tag_link_p8_zm_man_book_row_03_02
8836139EF1589D67,tag_link_p8_zm_man_book_row_03_03
8836159EF158A0CD,tag_link_p8_zm_man_book_row_03_01
8836BFFB73BFB442,reargrip_granular_short_mr_malpha1916
88398B30BE1B035E,j_hair_back_end_ri
8839A47FAC8F468E,tag_gear_left_rear_shock_upper_up
883AA83CCEC66372,p8_foliage_weeds_tall_straight_4_lod0
883B3C0D4EFB7373,p9_sr_evidence_perseus_photo_takedown_jeep_01a
883B880E2F9C0BFF,hm_grnd_org_jumpup_96
883CAD6823A7D254,hybrid_stacked_ptango41
883CF75D19FDEC8F,p7_slu_window_metal_02_lod0
883D3473208FD6E7,j_knife_front1_le1
883D8691F483FF14,reload_empty_ads_weapons_s4_la_m1bravo
883F04BDCA2478CD,s4_mp_custom_eq_silent_bomb_prone_pullout
883FF030A79619CD,polyhsurface76
884017077049FA0A,p9_nt6x_candle_04_lod0
88404373AC0905E0,sprint_forward_rpapa7_alias_concussed
8841913F047A4DA8,tag_dial_01_animate
88419F4B210C3E1A,p9_usa_albatross_neon_sign_hooks_01_lod0
8841A41B4512FE63,amb_debris_embearea_600
8841D11591806AF9,zm_callingcards_master_melee_wakizashi_zm_cc_desc
8842F3F7D0203493,paintjob_mp_paragon_t7_03_large_sticker
88435AD8526D8016,dof_3.5_26_000_000
884431D7B1D40947,t9_charm_mann_male6
884432D7B1D40AFA,t9_charm_mann_male5
884433D7B1D40CAD,t9_charm_mann_male4
88459B16F7C8D969,ps_wpn_mgolf42_plr_reload_fpo
8845BD8BD77D92A2,p9_rus_ship_moskva_frame_lip_01
884630E4FAD95542,wm_gecho43_stock_sk_00
8847C223CAEC280B,weapon_raise_crouch_moving_weapons_iw8_ball
884A362882509E25,paintjob_prestige_iw5_4_large
884A9DA81C44833B,get_out_vehicle
884B95474A4F22DA,bonuscard
884D425383E3F59B,p7_debris_metal_strip_03_lod0
884E06EA82296B08,tag_arm_b0_right_animate
884F4E9EA1299654,move_turn_lean_sprint
884F7418D7074E43,tag_chair_l_d0
8850329DAE337C58,sdr_mp_stand_melee_hit_01_ks_spotter_scope
88508BCB1B377698,ps_wpn_tyankee11_plr_reload_magin_tac_fast
8850F86F2FEBF248,sdr_mp_ges_thumbs_up_crouch_moving
8851B2E14FBD035A,reargrip_hatched_ar_stango44
88535393F82939F9,wm_svictor40_stock_sk_00
88535CEB09259477,melee_crouch_weapons_s4_sm_ppapa41
8858BB7C14E6EE6D,reflex_nydar_00_forward_tyankee11
8858FBD5040D7E58,tag_animate_04
8858FCD5040D800B,tag_animate_05
8858FDD5040D81BE,tag_animate_06
885901D5040D888A,tag_animate_02
885902D5040D8A3D,tag_animate_03
885912501CC98706,p7_zm_gen_apoth_corpt_engine_tower_top_01_lod0
885B66C89D94FAAF,cine_terminal_loner_s030_face
885BA0389A3B1F80,BUNDLE_4063_DESCRIPTION
885BBBA7E87F07D0,p7_slu_cabinet_metal_lower_lod0
885BC8B72EDC661E,c_t9_usa_pl_adler_renegade_goblin_desc
885D880E2FB8F265,hm_grnd_org_jumpup_36
885DA9ACE747083C,ps_mp_potm_generic_nunchucks_foley_01
885F5BFB7079E4F1,grave_lid_chunk_100_jnt
885F61D6A411DCB6,paintjob_stickers_s3_faze_abezy_base_ms
885F672DA7538578,emblems_lips_ms
885F83CA083582BB,tag_front_wheel
8861100E2FBC0F54,hm_grnd_org_jumpup_48
8861E78511D1E360,reargrip_pine_marksman_mr_ptango41
88625AD37E31430A,veh_t9_mil_ru_tank_t72_assembly_mpx_dark_aether
8864572167FC2E68,irons_mid_stango44
886518A705BD7715,paintjob_prestige_t7_zm_11_large
8865DC3534BAB57D,wm_bromeo5_grip_00_bkl
88671DACD46730E5,ps_wpn_wecho43_plr_reload_magin_tac_ext
8869244FEFF29D8D,j_chunk_head_bone_le
88698C8294F993DD,j_knife_bot
886A6E305E9AE3F4,trans_2_nonads_stand_weapons_any_smg
886B1C0E2FC4783D,hm_grnd_org_jumpup_72
886B40C5533FE72C,sdr_com_cover_left_crouch_reload01
886B43C5533FEC45,sdr_com_cover_left_crouch_reload02
886C19A5DE857449,umbrella_base_125_jnt
886E1ED3BA098749,attachment_wm_lm_mgolf36_toprail_v2
886E1FD3BA0988FC,attachment_wm_lm_mgolf36_toprail_v5
886E20D3BA098AAF,attachment_wm_lm_mgolf36_toprail_v4
886E21D3BA098C62,attachment_wm_lm_mgolf36_toprail_v7
886E22D3BA098E15,attachment_wm_lm_mgolf36_toprail_v6
886E40EC95D433DA,teamScorePerKillConfirmed
886E473012BAF2E8,tag_wheel_back_left_center_0
886E483012BAF49B,tag_wheel_back_left_center_1
886F036A86BB9417,tag_mic_animate
8870AC225369606F,sdr_com_cover_right_crouch_death01_lg_4
8870FE898098A34F,p9_wz_rus_warning_sign_loop
8871163D24F55E60,segmented_reload_loop_freefall_weapons_s4_sh_bromeo5
8871A59CE4FE54B6,smg_burst_bp_kwanzaa_desc
88723931802EBE2D,LMG_ACCURATE_BP_CRIMSON_DISPLAYNAME
8872B2DE60BAF208,sdr_com_exposed_pstl_aim_5_twitch10
8872B3DE60BAF3BB,sdr_com_exposed_pstl_aim_5_twitch11
8872B4DE60BAF56E,sdr_com_exposed_pstl_aim_5_twitch12
8872B5DE60BAF721,sdr_com_exposed_pstl_aim_5_twitch13
8872B6DE60BAF8D4,sdr_com_exposed_pstl_aim_5_twitch14
88762FDE60BDFC46,sdr_com_exposed_pstl_aim_5_twitch09
887630DE60BDFDF9,sdr_com_exposed_pstl_aim_5_twitch08
887635DE60BE0678,sdr_com_exposed_pstl_aim_5_twitch03
887636DE60BE082B,sdr_com_exposed_pstl_aim_5_twitch02
887637DE60BE09DE,sdr_com_exposed_pstl_aim_5_twitch01
887639DE60BE0D44,sdr_com_exposed_pstl_aim_5_twitch07
88763ADE60BE0EF7,sdr_com_exposed_pstl_aim_5_twitch06
88763BDE60BE10AA,sdr_com_exposed_pstl_aim_5_twitch05
88763CDE60BE125D,sdr_com_exposed_pstl_aim_5_twitch04
887664F9078DD3EF,vm_lindia98_grip_00_fab
887997C21CD0E31D,wm_stango44_receiver_107
887A0FA870EBE3F2,tag_speedloader_attach_lever_ammo_03_animate
887AEE58112DC718,ee_wall_base_brick_corner_45_out_l
887D09271DC437C9,s4_mp_addoff_ar_stango44_base_crouch_nonads
887D0A08D341059E,window_03_shard_31_jnt
887D218A03AD22CD,c_t9_usa_pl_adler_bloodhound_dusk_desc
887D295A1E751D3B,gumball_time_shiny_04_jnt
887E59C9565A9087,p9_usa_rooftop_exit_lod0
887F112D56D7E9C1,emblems_bps4_zombiedeathstalker
887FF71FD392FA7F,foregrip_vert_mpapa40
888101932119C0A0,s4_zm_ger_elec_box_closed
8881351EE4CC378E,segmented_reload_end_freefall_weapons_s4_sn_kalpha98
88817AA61EA0D5B6,reflex_lens_01_mpapa40
88819D02928C42AA,s4_zm_rus_me_barrier_railing_stone_stairway_02_clean_lod410v60bf800000
888287ED6EC4ABED,btm_0
88831FBD7B7A6DDB,leaf_01_02_jnt
888337BCBBE0073D,j_hoodie1
88836B0893496143,eq_trophy_threat
88845799C3BC7BB2,callingcards_mw3_0014_sniper
88846C26F4A0427A,dof_4.0_82_050_050
8885E6B6FBC76620,p7_ris_paint_jar_lod0
8886A98DB65C5A97,tag_body_window_port_cover_left
8886EB932596397B,weapon_raise_quick_prone_weapons_s4_me_katana
888875A9092D5A4B,hybrid_canted_forward_aromeo99
8888D06C9BC3BB13,tag_differential_front_aim
88893B4429E9642E,umbrella_base_151_jnt
88897CA08DDBFB69,exposed_crouch_aim_down
888B39C2C89CD8E6,p8_zm_esc_warden_organs_heart_0
888BE5825D35894B,s4_mp_custom_sm_mpapa40_base_crouch_gun_butt_hit
888C5287A63EFDFD,s4_mp_custom_sh_lindia98_base_fire_weapon
888D198FDF86B138,stock_padded_hyankee44
888EAEBEC0798ABA,j_rope_117_animate
888EED77CDF62E73,callingcards_retrowave_s5_desc
888EEDD36AD88E3C,sgon_cp_rus_amerika_townsquare_rooftop_02_interior_opt
888F5825F2DEF0D0,sdr_com_exposed_crouch_pain01_rarm_md_r_to_exp
888FD50369E83C5C,run_forward
889115B743219529,zm_callingcards_a_higher_place_s6_cc_desc
88911B5F0BBF3C9A,window_03_shard_13_jnt
889166E418F46089,p9_rus_alpinist_wall_panel_bolts_lod0
889178F63A2E3A48,s4_sm_fromeo57_akimbo
88938B76F9E3273C,tag_suspension_front_right_upper_arm_aim
8894CFC097D59D0D,j_mag_adapter
8894E808BB4149BA,reargrip_bakelite_mg_dpapa27
8895392A4A12D5A4,reargrip_granular_short_mg_mgolf42
8895A7840E53E416,tag_wheel_extra_left
88963BCDFF85CB10,p7_zm_asc_pipes_electrical_t_lod0
88984BA09980557C,rottweiler_j_ear2_ri
88994B4E7297DBCD,j_chain_25_a
889A3F9F1D017359,s4_sneak_walk_turn_4_proto
889AA314919AD758,j_chin_giblet
889B1BEBD4136CDA,ps_wpn_guniform45_plr_reload_magout_empty_ext
889B4C88C2CC4FE6,tag_panel_middle_l_d0
889B4D88C2CC5199,tag_panel_middle_l_d1
889B52F439225518,j_jacket_rear_le3
889B53F4392256CB,j_jacket_rear_le2
889B54F43922587E,j_jacket_rear_le1
889BE3955EF1C1C0,p8_spa_pottery_terracotta_e_lod0
889C2D238E512A38,left weapon world tag
889CA257B95DD5D5,p8_cables_electrical_triple_90_02_lod0
889E0BC8CBDA7E17,pass_shoot_out
889EAFDA3AA26E57,wm_m1golf_stock_mk_00
889EC283241947FC,p9_usa_arch_door_rt_d_lod0
889ED23D2AEE6D29,tag_suspension_front_piston_right_high_target
889F23A099863032,rottweiler_j_ear2_le
889F2C6B47B10A8A,stop_forward_crouch
88A0BEE3C28A9D09,p9_mal_shop_door_frames_01_door_rt_no_glass_lod0
88A0DCFD8BF1AEC1,p9_zm_tungsten_guide_sign_line_violet_lod0
88A11D80B879B45E,wm_mike97_grip_folding_00_rub
88A268236C921DCB,tag_glass_left_front_d
88A307BF841428DD,wm_stango5_grip_folding_00_bkl
88A30BB3A2249784,prestige_t7_zm_03_large
88A5337A42F83E77,BUNDLE_2042_DESCRIPTION
88A5C7439682F6A4,ps_mp_execution_arthur_prone_bladepull_b
88A5CA439682FBBD,ps_mp_execution_arthur_prone_bladepull_a
88A71E4C8FCCE928,p9_mal_radio_house_signage_lettering_tvs_lod0
88A7BC1606E67476,wm_stango44_barrel_00
88A90E952AC6F077,segmented_reload_end_prone_weapons_s4_sn_moscar32
88A9CB229D059240,SMG_HEAVY_BP_SWISS_DESCRIPTION
88AA4CB501466BC5,generic_human_strafe_start_pistol
88AB308786568BE8,tag_prop_l1_fx
88AB75C04181A60C,sdr_mp_addoff_prone_ks_airdrop_nonads_moving
88AC48E5B2B78184,p7_slu_wire_hanging_lod0
88AC5123F5302D06,elo2_reticle_9
88AC5723F5303738,elo2_reticle_3
88AC5923F5303A9E,elo2_reticle_1
88AC5B23F5303E04,elo2_reticle_7
88AC5D23F530416A,elo2_reticle_5
88ACE057A54F7AB9,exposed_stand_crawl_back_final
88AD7135D78293B8,bldg_m_g_lod0
88AE012D21AD5C54,jnt_chipping_part_23
88AE022D21AD5E07,jnt_chipping_part_22
88AE032D21AD5FBA,jnt_chipping_part_21
88AE042D21AD616D,jnt_chipping_part_20
88AF0EDC50B5096B,tag_swing_wing_r_foreflap
88AF301F086E9BC0,reb_stl_alert_flash_walk_arrival_r_8
88AF311F086E9D73,reb_stl_alert_flash_walk_arrival_r_9
88AF391F086EAB0B,reb_stl_alert_flash_walk_arrival_r_1
88AF3A1F086EACBE,reb_stl_alert_flash_walk_arrival_r_2
88AF3B1F086EAE71,reb_stl_alert_flash_walk_arrival_r_3
88AF3C1F086EB024,reb_stl_alert_flash_walk_arrival_r_4
88AF3E1F086EB38A,reb_stl_alert_flash_walk_arrival_r_6
88AF3F1F086EB53D,reb_stl_alert_flash_walk_arrival_r_7
88AF6DD0C8F6061C,lft_gate01_frnt_7_jnt
88B09BEC8CA4BC34,window_03_shard_33_jnt
88B11808B4EA17B9,sdr_mp_me_veh_hindia_seat_3_scrub_up
88B1682D21B04130,jnt_chipping_part_12
88B1692D21B042E3,jnt_chipping_part_13
88B16A2D21B04496,jnt_chipping_part_10
88B16B2D21B04649,jnt_chipping_part_11
88B16C2D21B047FC,jnt_chipping_part_16
88B16D2D21B049AF,jnt_chipping_part_17
88B16E2D21B04B62,jnt_chipping_part_14
88B16F2D21B04D15,jnt_chipping_part_15
88B1722D21B0522E,jnt_chipping_part_18
88B1732D21B053E1,jnt_chipping_part_19
88B1E013160C8039,p7_food_jar_jam_sml_01_lod0
88B379E335272145,pistol_burst_bp_faberge_desc
88B48485644ED150,paintjob_prestige_iw3_10_large
88B556513724ECBC,sdr_com_cover_stand_pstl_jog_exitfull_9
88B55B513724F53B,sdr_com_cover_stand_pstl_jog_exitfull_4
88B55C513724F6EE,sdr_com_cover_stand_pstl_jog_exitfull_7
88B55D513724F8A1,sdr_com_cover_stand_pstl_jog_exitfull_6
88B55E513724FA54,sdr_com_cover_stand_pstl_jog_exitfull_1
88B560513724FDBA,sdr_com_cover_stand_pstl_jog_exitfull_3
88B561513724FF6D,sdr_com_cover_stand_pstl_jog_exitfull_2
88B7E6AF9C825715,reargrip_fabric_weighted_mr_moscar
88B910B0BDC11650,s4_ger_huge_cliff_01
88B912B0BDC119B6,s4_ger_huge_cliff_03
88B913B0BDC11B69,s4_ger_huge_cliff_02
88B98D49E23A9699,sdr_mp_me_strafe_crouch_fast_8_to_sprint_8_trans
88B996B07EC4F104,p7_debris_wood_lath_01_8a_lod0
88BB1CDFD360AB28,tag_wheel_front_right_steer_rod_animate_aim
88BCD157F117E76D,vm_kalpha98_night_vision_offset_r_101
88C02D321667D583,tag_fx_missile_attach
88C0A3C97BD72146,reargrip_rubber_weighted_sm_thotel
88C1378CADB3A970,s4_mp_custom_ar_m1golf_gl_crouch_moving_out
88C17FCA74FDE87E,callingcards_suckitup_s5
88C1AF9F60F78086,dof_2.8_35_100_100
88C1DC6A4C488691,s4_ger_oil_barrel_01_green
88C1E964DC186656,sdr_mp_veh_hindia_seat_4_scrub_down
88C3D92409399D63,player_force_respawn
88C43C8597463A49,s4_mp_fingers_sm_wecho43_ult_gripangle_l
88C8882D8D5920C1,mantle_over_36_walk
88C92D37CC17F388,mp_crouch_melee_hit_02_me_fists
88C941F8AD878CB6,j_ring_le_3_pet
88CAD512C64DF7E6,AR_STANDARD_BP_RIFLEER_DESCRIPTION
88CBB6315FBEF345,ach_rug_01_dmg_01_lod0
88CC84032E876489,gumball_rounds_base_31_jnt
88CCF8419D190462,piece_8
88CCF9419D190615,piece_9
88CCFA419D1907C8,piece_6
88CCFB419D19097B,piece_7
88CCFC419D190B2E,piece_4
88CCFD419D190CE1,piece_5
88CCFE419D190E94,piece_2
88CCFF419D191047,piece_3
88CD01419D1913AD,piece_1
88CD1868C1B23B10,mkg_food_soda_cola_can_01_b_destr_03_lod0
88CE178939A4541D,s4_mp_addoff_la_palpha_base_stand_ads_noleft
88CE25A85639B902,tag_landinggear_back_left_actuator4_aim
88CE9EEC02D46992,vm_moscar32_scope_telescopic_001
88CEDB712B62FDC4,flower_08_dupl3_dupl2
88CF6E294633D427,crawling_mantle_over_96_walk
88CFBE489485782B,aac_kitchen_knife_01_lod0
88D1ABF0C93F0357,p8_lat_gantry_support_strut_04_snow
88D34C8E4CC5ADF5,p8_aus_res_fire_hose_01_lod0
88D376BE8380E9C4,zm_reflex3_reticle_18_r
88D41FBB3B9E6662,sdr_cbq_interior_trans_exposed_stand_to_idle
88D448EAA85516FB,s4_mp_fingers_ar_chotel15_gripstop_l
88D52AB49F02BCF8,sdr_mp_execution_007_attacker_laststand
88D532A1E6900EE8,ps_wpn_aromeo99_plr_reload_close_tac3
88D533A1E690109B,ps_wpn_aromeo99_plr_reload_close_tac2
88D534A1E690124E,ps_wpn_aromeo99_plr_reload_close_tac1
88D539A1E6901ACD,ps_wpn_aromeo99_plr_reload_close_tac4
88D5445EE6C962B4,s4_zm_body_hang_wrapped_01
88D6E79941AB1EB2,BUNDLE_1031_DESCRIPTION
88D76DAE846D28AC,p9_rus_luggage_bag_travel_leather_lod0
88D78BFFBFFECF75,pf6614_auto7
88D8973E402AD0CC,dof_3.3_39_0_0
88D9637FF9D84044,s4_zm_wm_leta_gen_satchel_charge_wraps_proxy_mesh
88D9C88239669B02,bsh_ship_wall_detail_03_lod0
88DA322ACCC98403,pistol_semiauto_bp_firework
88DC96177629C10B,flak_tower_20mm_flak_ammo_case_01_sand_wet
88DD302B74CDF3BB,wm_bromeo_irons_m_00
88DD38B7EB0221EC,s4_acc_attach_watch_band_75_subliners_ms
88DD7801546D4752,ar_mercenary_bp_ztheme
88E1A077894253F0,wm_thotel_fg_102
88E1DE46CB8A77D7,smg_burst_bp_jade_desc
88E572ACECBAB76C,ee_structural_reservoir_01_wallx64
88E740B7EB0A8409,s4_acc_attach_watch_band_75_subliners_pc
88E79214FA31D778,transition_prone_to_crouch
88E7A20F2F6FA175,ri_ear_end
88E8E65A3FDDC2F0,BUNDLE_4016_DESCRIPTION
88E904DAF91A9B7C,p7_zm_ver_cart_metal_surgical_wheel_lod0
88E9106B2F5ACE06,vm_mpapa40_barrel_xs_103
88E94FF92C565F86,p7_foliage_coral_sea_sticks_lod0
88E994AFD29DE107,bone_key2
88E995AFD29DE2BA,bone_key1
88EA0B0DDC5221CF,reb_stl_idle_sit_laptop_death02_2
88EB0BF493DEFA9A,vm_stango44_stock_sk_00
88EB59D5D82F3309,tag_genie_eye_ri_fx_animate
88EC2EFF651DBF02,sdr_mp_execution_022_victim_prone
88ED1ADA05987513,tag_bullet_deplete_sqtl_07_animate_left
88EE0AA0742845A8,p7_jun_sandbag_mid_lod0
88EEEF155B1042A8,BUNDLE_2032_DESCRIPTION
88F000E8DB46C4AB,ps_mp_exec_gustavo_01_stand_foley_in_01
88F1B35C43813098,sdr_mp_addoff_ks_greenbeam_nonads_sprint
88F1F6A90A03D9B2,rt_vine_clump2_01_root_jnt
88F1FB9B804B6066,p9_rus_clock_01_wall_min_lod0
88F1FFD266B739EC,p8_fxanim_zm_white_tarp_bed_sheet_02_flag_motion
88F2DAF6FDA021B1,trigger_geo
88F4E6C585B13D2E,scriptable_s4_ger_crate_ammo_closed_01_frac
88F662803C2C5289,prestige_s1_01_large
88F670EB4A7F65A0,jnt_piece_left_16
88F671EB4A7F6753,jnt_piece_left_17
88F672EB4A7F6906,jnt_piece_left_14
88F673EB4A7F6AB9,jnt_piece_left_15
88F674EB4A7F6C6C,jnt_piece_left_12
88F675EB4A7F6E1F,jnt_piece_left_13
88F676EB4A7F6FD2,jnt_piece_left_10
88F677EB4A7F7185,jnt_piece_left_11
88F67EEB4A7F7D6A,jnt_piece_left_18
88F754448B870B08,death02_viscera_05_01_jnt
88F7B0E92B0C4AF6,blueprint_bundle_5041_milano_821_neon_lights
88F814EDD00EFF6A,blueprint_bundle_4008_lc10_evil_genius
88F86E835DA8BFFF,p9_debris_seaweed_02_b_lod0
88F8D26CDA0989EE,j_magpouch_cane_le
88F9C93CD82AACCC,callingcards_t8_mp_prestige_badass_animated
88FA3C3D3BAC09F0,p7_cru_floor_tarp_01_lod0
88FAC90507200E04,cal_xl_127mm_moscar_up1_noimp_pack_zm
88FBF7C25FA2BA8A,paintjob_stickers_oozie
88FBFC546C3CF710,j_tongue_01
88FBFE546C3CFA76,j_tongue_03
88FBFF546C3CFC29,j_tongue_02
88FC01546C3CFF8F,j_tongue_04
88FC098F3EF323D9,lft_bars_05_jnt
88FD372454366FAD,vm_dpapa28_grip_00_tap
88FF6B682D43C59C,lmg_accurate_t9
8900383718DD5980,tag_windshield_glass_lower_left_d1
8900393718DD5B33,tag_windshield_glass_lower_left_d0
89003A3718DD5CE6,tag_windshield_glass_lower_left_d3
89003B3718DD5E99,tag_windshield_glass_lower_left_d2
89003C3718DD604C,tag_windshield_glass_lower_left_d5
89003D3718DD61FF,tag_windshield_glass_lower_left_d4
8900502144CDD989,cc_color_checker_lod0
890159E0DDA6EE13,j_mid_ri_2_pet
8901B89DF9E9239B,reargrip_bakelite_marksman_sm_wecho43
89020EB2FF848D82,sdr_mp_execution_072_attacker_prone
89029C0DA5E58C01,aar_medals_list
8902E7CFA8B777B3,adjust_nonads_crouch_weapons_s4_sm_fromeo57
8903145BB91F660B,ps_mp_potm_florence_hits_01
89036B89F42AE082,reargrip_stippled_removed_ar_hyankee44
89058EE699D8BB27,p7_plank_wood_broken_sml_2x4x64_lod0
8906D973B5671EBC,p7_shelf_industrial_vintage_96_lod0
89083C97FE93912A,xmags_svictor40_zm
89088B225893DCD8,callingcards_northpole
890B0B5B5C169D11,umbrella_base_154_jnt
890B3B7A6EA3D9EF,reargrip_pine_tactical_mg_dpapa27
890B950F2DBE0427,cal_xs_xmag_22lr_gecho43_down2
890BB7A3C926B754,mp_forest_exit_cin
890BBBF35A305313,cal_xs_16ga_bird_becho_down1_noimp_zm
890C93B006DE1CD7,s4_fence_wood_rustic_01
890CBD3FED34739F,j_jacket_flap_2_1_le
890D0ABDF0EF468F,adjust_nonads_prone_weapons_s4_ar_chotel15
890D819EA6B7CA6E,p7_debris_rockychunks_small_02_lod0
890E01201BF55A9A,asmtrackasm
8910BB23AF1109FF,s_lp_1_5
8910D026F8BD722F,tag_mixmuzzle
8911B450F3481505,sdr_com_exposed_stand_fullpain01_larm_md_r
8911C050F3482969,sdr_com_exposed_stand_fullpain01_larm_md_f
8911C450F3483035,sdr_com_exposed_stand_fullpain01_larm_md_b
8911D26B460F6F63,side_panel_type1_01
8911D36B460F7116,side_panel_type1_02
891222C9C98B70B0,quote_only_one_tactical_principle
8912556671C80718,plastic_34_jnt
8912C0D2AC41B3A7,s4_zm_rus_light_spot_frame
89132E74CCADF7C6,s4_mp_custom_sh_bromeo5_base_prone_reload_start
89133F399B965E17,weapon_lower
891422BF6C5E294C,sdr_com_exposed_stand_pain01_shrt_lleg_lower_md_2
8914D98D3D6FFD44,ai_s4_zm_zombie_base_super_sprint_15_pain_f
89150E15356F00E0,tag_rope_070
89150F15356F0293,tag_rope_071
89151015356F0446,tag_rope_072
89151115356F05F9,tag_rope_073
89151215356F07AC,tag_rope_074
89151315356F095F,tag_rope_075
89151415356F0B12,tag_rope_076
89151515356F0CC5,tag_rope_077
89151615356F0E78,tag_rope_078
89151715356F102B,tag_rope_079
89153311AF08C35C,ar_accurate_bp_undead_desc
89156FFBB8DB893A,plastic_58_jnt
8915F427DC8909B8,tag_pistol_grip
89161B3707B9513F,p7_zm_sha_tarp_fence_green_lod0
8916F2A61CFB3A52,STICKERS_ALLEYWAY
8917E88588F7CC7C,p8_office_bookshelf_wooden_double_curve_lt_lod0
89185754E33F40BC,ee_doorframe_stone_wood_arch_01
8918911535721550,tag_rope_063
8918921535721703,tag_rope_062
89189315357218B6,tag_rope_061
8918941535721A69,tag_rope_060
8918951535721C1C,tag_rope_067
8918961535721DCF,tag_rope_066
8918971535721F82,tag_rope_065
8918981535722135,tag_rope_064
89189B153572264E,tag_rope_069
89189C1535722801,tag_rope_068
8918DC451482A642,acog_strong_svictor40
89193324CA642E33,prestige_s1_07_large
891983FB3CBAD66F,s4_zm_jpn_docks_rope_01
891AF3B21303D47C,tag_cap_spring_animated
891B941535745040,tag_rope_056
891B9515357451F3,tag_rope_057
891B9615357453A6,tag_rope_054
891B971535745559,tag_rope_055
891B98153574570C,tag_rope_052
891B9915357458BF,tag_rope_053
891B9A1535745A72,tag_rope_050
891B9B1535745C25,tag_rope_051
891BA2153574680A,tag_rope_058
891BA315357469BD,tag_rope_059
891C0980B63ABEB5,gunSelection
891DE7286469A866,s4_mp_addoff_sm_aromeo43_base_crouch_moving_ads
891E8186A0B07C88,dyn_chain_r_04
891E8286A0B07E3B,dyn_chain_r_05
891E8686A0B08507,dyn_chain_r_01
891E8786A0B086BA,dyn_chain_r_02
891E8886A0B0886D,dyn_chain_r_03
891F1715357764B0,tag_rope_049
891F181535776663,tag_rope_048
891F1F1535777248,tag_rope_041
891F2015357773FB,tag_rope_040
891F2115357775AE,tag_rope_043
891F221535777761,tag_rope_042
891F231535777914,tag_rope_045
891F241535777AC7,tag_rope_044
891F251535777C7A,tag_rope_047
891F261535777E2D,tag_rope_046
89212268EAAE6F4B,vm_asierra44_mag_00
89229E15357A7FEC,tag_rope_038
89229F15357A819F,tag_rope_039
8922A215357A86B8,tag_rope_034
8922A315357A886B,tag_rope_035
8922A415357A8A1E,tag_rope_036
8922A515357A8BD1,tag_rope_037
8922A615357A8D84,tag_rope_030
8922A715357A8F37,tag_rope_031
8922A815357A90EA,tag_rope_032
8922A915357A929D,tag_rope_033
8922C17B9A6FE525,reargrip_bakelite_support_slim_ar_promeo45
8923E34151E6628F,sdr_cqb_fast_pain_md_8_02
8923E44151E66442,sdr_cqb_fast_pain_md_8_01
89241EEEE2E17DE1,scriptable_s4_rus_toys_01_car_destp
89262315357D97C2,tag_rope_029
89262415357D9975,tag_rope_028
89262515357D9B28,tag_rope_027
89262615357D9CDB,tag_rope_026
89262715357D9E8E,tag_rope_025
89262815357DA041,tag_rope_024
89262915357DA1F4,tag_rope_023
89262A15357DA3A7,tag_rope_022
89262B15357DA55A,tag_rope_021
89262C15357DA70D,tag_rope_020
8926F1DAD448DBFD,killstreak_spottscope_additive_mantle
8927A01E77ED9726,p7_zm_tra_door_wood_01_dmg_lod0
89287D973A4DC064,p9_usa_rug_cloth_01_01_lod0
8928E536FF274B40,s4_mp_custom_sm_guniform45_extmag_stand_reload_empty
89299015358086D0,tag_rope_012
892990C46890A8A5,weapon_raise_prone_weapons_s4_me_katana_v1
8929911535808883,tag_rope_013
8929921535808A36,tag_rope_010
8929931535808BE9,tag_rope_011
8929941535808D9C,tag_rope_016
8929951535808F4F,tag_rope_017
8929961535809102,tag_rope_014
89299715358092B5,tag_rope_015
89299A15358097CE,tag_rope_018
89299B1535809981,tag_rope_019
892AAAA8ED53778C,r_shoulderhelper0_jnt_dog
892BAD8B7811A2C4,tag_camo_net
892C93153582C1C0,tag_rope_005
892C94153582C373,tag_rope_004
892C95153582C526,tag_rope_007
892C96153582C6D9,tag_rope_006
892C97153582C88C,tag_rope_001
892C99153582CBF2,tag_rope_003
892C9A153582CDA5,tag_rope_002
892C9F153582D624,tag_rope_009
892CA0153582D7D7,tag_rope_008
892DE21675C90A8D,tag_limb_top_notch
892E1C04299E0A47,j_ring_toe_le_1
892E1D04299E0BFA,j_ring_toe_le_2
892E1E04299E0DAD,j_ring_toe_le_3
892F4E7B921BC70B,SNIPER_QUICKSCOPE_BP_HOLIDAY_DESCRIPTION
892F62E475E23B90,select_intro
892FCFC668A77F33,p8_zm_zod_paper_maps_rolled_lod0
893346BF6E13B8D6,reargrip_rubber_reinforced_ar_hyankee44
893401D5ACCFC683,p9_foliage_tree_aspen_quaking_field_lrg_01_lod0
8935044631B80864,p7_fxp_electric_arc02_lod0
89352BD870B00F44,fire_crouch_nonads_moving_weapons_any_smg
893556F0F000CF80,zm_callingcards_zm_zombie_elementalist_electric_01_cc
8935C5798A087E72,scriptable_s4_ger_radio_headset_01
8936B8D06D8AB51B,sdr_com_trans_exp2_to_cover_right_crouch
893705416F635AE8,tag_mudflap_rear_left
893768BCE36A1E53,dyn_coin_02
893769BCE36A2006,dyn_coin_01
893807481D6340A6,weapon_lower_crouch_weapons_default
893873A74DB946F8,operator_bundle_4036_spetsnaz_russian_bear
893898AB7A9350B6,vm_owhiskey31_stock_fs_00
893985BFA8D403A0,twist
8939B45CC949FE52,tag_seat_enter_3
8939E1AB9C778D46,s4_reload_smg_top_mag_cover_stand_right
893A8B9175211267,umbrella_top_024_jnt
893AD040769D9073,tag_dart_02_fx
893B116DC26AE8DB,bs_mount_top_shuffle_knob
893BD9ED74D6EBA3,mnr_end_table_02_brown
893D948D18619621,shoot_additives_rpg_crouch
893E0FEB23937DBA,fra_trim_stone_sandstone_block_med_corner_128
893F6CDB4704415D,scripter
894035CE4E9D8520,s4_mp_addoff_me_leiomano_base_crouch_nonads
8941C302A9CB5E48,j_head_animate
89431C3E10496CCE,shotgun_semiauto_bp_jokerh_desc
89440A31543FC739,mp_fingers_lm_dblmg_r
89442431543FF367,mp_fingers_lm_dblmg_l
89449A1535975F86,tag_rope_098
89449B1535976139,tag_rope_099
8944A015359769B8,tag_rope_092
8944A11535976B6B,tag_rope_093
8944A21535976D1E,tag_rope_090
8944A31535976ED1,tag_rope_091
8944A41535977084,tag_rope_096
8944A51535977237,tag_rope_097
8944A615359773EA,tag_rope_094
8944A7153597759D,tag_rope_095
8945B1FD341A1D6C,smg_capacity_bp_monte
8946916FDD4247B6,j_parachute02_04_le_animate
89481F15359A775C,tag_rope_089
89482015359A790F,tag_rope_088
89482315359A7E28,tag_rope_085
89482415359A7FDB,tag_rope_084
89482515359A818E,tag_rope_087
89482615359A8341,tag_rope_086
89482715359A84F4,tag_rope_081
89482815359A86A7,tag_rope_080
89482915359A885A,tag_rope_083
89482A15359A8A0D,tag_rope_082
89498AFB247E26E8,tag_cord_twist
8949C0DC72C19045,vm_gecho43_mag_c_up_00
894A0407E44673D5,body_animate
894A4348F5E32DDC,vehicle_seat_1_get_in_akimbo
894A4738914A0218,+right
894A7805138A198D,sdr_mp_addoff_crouch_sn_crossbow_nonads
894A7D60012F8A57,tag_limb_bot_notch
894AE5F33B9D0F1F,s4_mp_custom_pi_ttango33_base_prone_reload
894BB0F223025063,wm_bromeo35_irons_m_00
894C2EF033DB0CDB,zm_holo_reticle_14_r
894C737AF7739095,tag_antenna2_end
894D3BD61C8178AF,p8_prototype_sta_debris_concrete_rubble_pile_01_lod0
894D57D930B7B0F5,melee_etool_t9
894E92BF4504167F,p9_usa_gunboat_name_orca
895137BFA7D5829A,callingcards_diditcrack_s5_desc
8951CFB5BF19C922,adjust_nonads_prone_moving_weapons_any_me
8952E6C92B80D53C,p9_zm_chalice_metal_silver_lod0
895402DFECC67F87,s4_mp_addoff_sm_ppapa41_base_crouch_moving_ads
89541EB69213DCCE,j_collar_right_1
8954A4A6A89A4D4C,callingcards_heightimpaired_s5_desc
89550692D47F9C6D,tag_p9_core_frontend_mil_electronics_01
8955BC6CD8A387DD,bell_clapper_jnt
89579BD521149A7F,vm_wecho_stock_00
895884FC05484C0A,s4_mp_custom_sn_gecho43_base_crouch_gun_butt_hit
8958E05BD6302E0A,aac_porcelain_statue_02_lod0
895A4BF1A6B45C62,p8_zm_esc_book_02_lod0
895AC4FDB368AEE6,s4_mp_addoff_sm_thotel_base_crouch_moving_ads
895C804C9D67D6F0,scriptable_s4_aac_wood_spoon_01
895E81EACEE4932A,tag_sensor_door_right
895F97544852A98A,pf540_auto6
895FDE4F7A6B4CB0,sdr_com_exposed_stand_pain05_shrt_lleg_lower_md_2
895FE6CB9266CD66,j_hydraulic_knee_2_ri
89613CB2B7290F4B,tag_door_left_phx
8961BEE2D0E67B7F,BUNDLE_2002_TITLE
8961C3D50FBF23BB,acog_medium_forward_stango5
8961F0F0C30AF2B7,crouch_iw8_nukecore
8962527C32EF17B2,j_gun_bot
89626761A6846DD6,s4_turret_stand_death_left_leg_a
8962CE0E8DAF59D1,callingcards_t8_mp_prestige_knight
8963657073B6763F,bar_xl_heavy_bromeo5
89649E648D55649C,adjust_ads_stand_weapons_s4_ar_chotel15
8964D12D1C5314D3,t9_charm_skull_sgl_desc
896605E0B2842A2C,s4_mp_custom_eq_handset_stand_putaway
8966492CF7D8B0E8,s4_zm_ruin_stone_wall_sm_destp_chip_06_mesh
8966B24897AB4956,cal_xs_22lr_stango44_down2_noimp_pack_zm
896774A7694BF906,callingcards_bearclaw_s5_base_ms
8967BC8526F6F858,SMG_HANDLING_BP_SCHWAGGER_DESCRIPTION
8968A5CF8D04EAB3,ps_wpn_moscar_plr_reload_cycle_empty_fast
896932C01131143E,BUNDLE_4025_TITLE
896A607E94F8F98F,s4_mp_addoff_ar_fecho_base_mount
896B0785461B736E,p9_dun_village_kit_rubble_med_01_lod0
896BB88311F0652A,xxlmags_voscar_pack_zm
896BDE3F73CE55B9,reargrip_leather_marksman_ar_chotel41
896E3037A1662DAA,adjust_ads_vehicle_weapons_s4_sn_aromeo
896E92FC52456AB8,p9_foliage_plant_rhapis_01_lod0
8970207EFAA5587E,s1111
8970A454173066B0,left_pole_jnt
8971018DB242B65F,UprLidRaise_04_R
8971CC268641132C,0.945098 0.901961 0.635294 1.0
8971E53FED89B7C9,j_jacket_flap_2_1_ri
89720768C513FE0F,p9_ndu_old_metal_power_door_lod0
897340570EAA5906,mp_militia
89734257AADDBC9B,vm_aromeo38_bipod_00
89743FFB7DE5892A,p7_zm_sta_challenge_tomb_single_medal_02_lod0
8975493F81B3038B,vox_abnd_
8975C172119B3D98,zm_callingcards_eliminations_tactical_rifles_zm_cc
8976159BBCADC690,ferro_le_2_animate
89773A344162D5F8,ironsdefault_mike97
89778D4620F937F1,fire_crouch_ads_moving_weapons_s4_sh_mike97
8977BE3581F04081,tag_lock_magwell_lower_animate
89788A14038A5676,p7_pipes_metal_sprinkler_straight_128_lod0
89788DF72AAB4245,WATCH_S1_DIGITAL_DIVER
8978918D0CD5EC54,p7_zm_asc_box_electrical_08_lod0
89789D11A5DEBEAF,surftype_carpet_wood
89798DAD664BB7AE,startFireteamDirtyBomb
8979DE93D4604CBD,aac_building_facade_512x4story_01a3_chunkblaster2
897A42095EA753CE,quote_difference_just_an_eyelash
897E11ACC5F3216B,s4_mp_execution_generic_firecracker_01_attacker_stand_thumbnail
89802B8AACF63E15,hub_allies_projector_screen_small_01
898377F91D213BFD,p7_cai_bldg_set_a_balcony_rail_a_lod0
89839BEECCF7DE28,p9_zm_food_variety_banana_group_lod0
89840CCC76907738,sdr_mp_aims_ar_circle_crouch_90_noleft
89855C72CF5C2BCF,reload_ads_weapons_s4_sm_aromeo43
89861DF029C6C48A,p8_cos_gantry_main_clamp_lft_lod0
898665ACFAC0606B,trans_2_ads_prone_weapons_s4_la_m1bravo
8986E25530AA3038,callingcards_prestige_t7_twistedcircus_desc
898986A76968FE02,callingcards_bearclaw_s5_base_sy
898B3568D4720C1A,kill exploder
898B8CFDCA74B539,callingcards_zm_surveyor_treasuredweapons
898C64A7696AFA13,callingcards_bearclaw_s5_base_pc
898DC8453A3A91E9,acog_strong_offset_tyankee11
898E462D192D3428,tag_front_left_wheel_fx
898FFECB929019F0,j_hydraulic_knee_2_le
8991C0D72D1906A6,t9_charm_stick_man_desc
899240B927E4C2DC,callingcards_nothing_special
8993EDCDC00F9445,sdr_com_cover_right_crouch_run_exit_9
8993EECDC00F95F8,sdr_com_cover_right_crouch_run_exit_6
8993F3CDC00F9E77,sdr_com_cover_right_crouch_run_exit_3
8993F5CDC00FA1DD,sdr_com_cover_right_crouch_run_exit_1
899525C4AB0C2B6A,reargrip_stippled_reinforced_mr_ptango41
899655DEAD022614,sdr_mp_mobile_turret_geton
8996674BE17643B7,j_frontleg_hip_ri
8997B3F1B3CDD7D3,sdr_mp_laststand_torso_med_04
8997B6F1B3CDDCEC,sdr_mp_laststand_torso_med_01
8997B8F1B3CDE052,sdr_mp_laststand_torso_med_03
8997B9F1B3CDE205,sdr_mp_laststand_torso_med_02
89985887D3B20910,j_rope_087_animate
89990C05E268E221,umbrella_base_037_jnt
8999DA6C4912E8FC,p9_usa_ship_prop_assembly_left
899A7A5E46FD7109,s4_mp_custom_ar_stango44_extmag_stand_reload
899AD0F33169DEF2,p7_bullet_shell_casing_pile_50cal_01_lod1
899AE7F5D965F183,p7_sin_signage_help_wanted_03a_geo
899B83EC38509606,wm_dpapa28_mag_c_d_00
899D008FC59309A9,p8_zm_gla_buyable_door_gate_02_top_lod0
899D283DF8EE7E88,leopard_tag_jaw
899FE29B6CD601CF,j_knife_side_ri_end
89A0F86ECBE0926A,scriptable_s4_ger_liquor_bottle_03_destp
89A13AEEC0F3BF67,cob_farmhouse_roof_splinter_04_lod000hffv41bf800000
89A27E5A993956BD,callingcards_mw_0009_prestige_1
89A30ACE5205E8DF,s4_sdr_com_exposed_crouch_rpg_aim_8
89A30DCE5205EDF8,s4_sdr_com_exposed_crouch_rpg_aim_5
89A30ECE5205EFAB,s4_sdr_com_exposed_crouch_rpg_aim_4
89A310CE5205F311,s4_sdr_com_exposed_crouch_rpg_aim_6
89A314CE5205F9DD,s4_sdr_com_exposed_crouch_rpg_aim_2
89A32F7A4C7FC0C1,vm_tyankee11_irons_s_00
89A48B14258A3A9D,killsdenied
89A5CDEEB8C07B1A,camera_mp_gunsmith_preview_barrel
89A601FF678DDBF4,ps_iw7_cp_zom_walk_traverse_down_56_01_62
89A784F5616FA637,mkg_jar_bottle_glass_snuff_tobacco_03_base_lod0
89A7F35A3096A645,ndy_metal_table_01
89A8AA53EC393AE4,fire_crouch_ads_moving_weapons_s4_sh_becho20
89A8C0DBF617CBBB,uk_street_road_curb_32_01
89AA7F4BE1871589,j_frontleg_hip_le
89AAECB64C0ECD73,p7_zm_ctl_gate_gondola_track_lod0
89AAF4E4B0AE78F1,BUNDLE_3050_DESCRIPTION
89AB92E196038897,tag_mag_ring_bottom1_animate
89AD197421EF9650,polysurface1180
89AD4B7063AC9CE3,s4_mp_world_ges_ow_crouch_moving_me
89AD56488EE53345,p8_foliage_weeds_short_32x32_t_lod0
89AD983B13981AC1,p7_trash_bin_small_01_black_lod0
89AE819B6967E373,sdr_com_cover_left_stand_jog_exitfull_8l
89AE9F9B6968166D,sdr_com_cover_left_stand_jog_exitfull_8r
89AF192817684DDB,debris02_jnt
89AF449C5D58DE3C,stock_short_stango5_v205
89B0207421F1D80C,polysurface1197
89B1A79D3D62F40F,j_rope_parent
89B2427765BC4CFE,zm_pistol_burst_bp_primal_sy_bp
89B244AE5675F0C0,mp_prone_gun_butt_hit_01_ar_akilo47_ubshtgn
89B26DFC35A4729E,tag_axle_left_inner_parent
89B374699A3EB70A,ps_mp_execution_wade_stand_foley
89B56B9E4E38817A,reargrip_stippled_mr_ptango41
89B59018CF0D0A0D,tag_rotor_right
89B69D5D756F2ADC,mp_stand_melee_hit_03_pi_golf21
89B83BA60DBA57A4,tag_barrel_attach_animate
89B9754F97082FFF,j_rope_046_animate
89B9E298BF7920CE,stk_door_wood_exterior_01_rt_lod0
89B9F3B25A456ED0,ndy_bunker_wall_shelf_07
89B9F9B25A457902,ndy_bunker_wall_shelf_01
89BCBFE7E9562529,ee_roof_stone_shale_64_64_damaged_04
89BCC0E7E95626DC,ee_roof_stone_shale_64_64_damaged_03
89BE9175037886E8,patrol_cellphone_react
89BEF662C947E1A7,wm_m1golf_mag_c_up_00
89BF19DBAC28433D,pyromaniac_dom_hvo
89BF3F8604120D69,tag_catapult_upper_base_animate
89C0016610274D0E,vm_chotel41_grip_tape_00_pin
89C025687653A136,p9_ger_kgb_cables_electrical_triple_02_lod0
89C09A594A006ED5,window_02_shard_11_jnt
89C23833CE03EB0F,pistol_shoot_burst
89C25BBC4079DE7F,wm_chotel41_grip_tape_ws_fab
89C2C618D0C894CB,ps_wpn_hyankee44_plr_reload_magin_tac
89C357FA06082A30,sdr_mp_me_strafe_in_place_start_1
89C359FA06082D96,sdr_mp_me_strafe_in_place_start_3
89C35AFA06082F49,sdr_mp_me_strafe_in_place_start_2
89C35CFA060832AF,sdr_mp_me_strafe_in_place_start_4
89C35DFA06083462,sdr_mp_me_strafe_in_place_start_7
89C35EFA06083615,sdr_mp_me_strafe_in_place_start_6
89C35FFA060837C8,sdr_mp_me_strafe_in_place_start_9
89C360FA0608397B,sdr_mp_me_strafe_in_place_start_8
89C4C3B08CC78271,tips_warzone_spectrerising
89C7411C7411C35D,callingcards_containment_breach_s6_base_pc
89C7AB79FA2907B6,window_03_shard_40_jnt
89C7B8EE15276E52,vm_becho20_grip_rs_00_tap
89C8297422067938,polysurface1100
89C90590D0A2D8A2,car_piano_french_01_lod0
89CA44A156639EA9,tag_chain_a_01_animate
89CB7C6EDC58D307,s4_mp_custom_sn_gecho43_gl_crouch_moving_in@1
89CB984BF9451A52,trans_2_nonads_crouch_moving_weapons_s4_ar_chotel
89CC0DF21FDBB5E9,j_alien_arm03_3_pba_animate
89CC44A8B6F9B395,p9_mal_books_04_lod0
89CC5EA4D0E509D6,lethal_frag_grenade_frontend
89CC6028934DDAA0,start_forward_prone_concussed
89CD49F3D2481087,p8_foliage_grass_blades_wild_med_b_normal_up_lod0
89CD7164E19697E1,p8_zm_man_door_room_handle_02_lod0
89CEC0BABA214419,reargrip_leather_removed_mg_tyankee11
89CEFF7873EBE087,tag_leg1_ext2
89CF007873EBE23A,tag_leg1_ext1
89CF3ED5AC2F5F30,sdr_mp_aim_ladder_pi_nonads_5_8
89CF3FD5AC2F60E3,sdr_mp_aim_ladder_pi_nonads_5_9
89CF47D5AC2F6E7B,sdr_mp_aim_ladder_pi_nonads_5_1
89CF48D5AC2F702E,sdr_mp_aim_ladder_pi_nonads_5_2
89CF49D5AC2F71E1,sdr_mp_aim_ladder_pi_nonads_5_3
89CF4AD5AC2F7394,sdr_mp_aim_ladder_pi_nonads_5_4
89CF4DD5AC2F78AD,sdr_mp_aim_ladder_pi_nonads_5_7
89CF7CD4072A885A,weapon_raise_quick_stand_weapons_iw8_riotshield
89D0379BBDF3DDBC,p9_mal_clothes_sock_classic_flat
89D05CDD67785CCD,j_diamond_c9_le_pba
89D0835D9C7A6D68,smg_burst_bp_sultan_desc
89D0B20A7D0363EC,vm_lindia98_stock_mk_00
89D1471C741A2214,callingcards_containment_breach_s6_base_sy
89D2486E09823F6D,sdr_mp_prone_nvg_off
89D316DE36EB6A6A,j_hip_le_dog
89D31B02293C8781,komodo_j_hip_base_ri
89D445EF7DFCB21B,p8_zm_gla_foliage_ivy_01_hanging_ledge_32_long_lod0
89D4856B5822DE6C,stock_sniper_ptango41
89D4881620BFA8E6,sdr_com_cover_right_crouch_pstl_run_arrival_l_8l
89D4A21620BFD514,sdr_com_cover_right_crouch_pstl_run_arrival_l_8r
89D4F13732CCE1AE,j_parachute02_02_ri_animate
89D5F0F4D9AE8D94,exposed_idle_rechamber
89D6C22E70FC6FB5,wm_bromeo_barrel_l_00
89DB7B794B0CAAB4,s4_ger_wine_bottle_02_destr_4_destp
89DCA5742217F4F6,polysurface1168
89DCAE7422180441,polysurface1161
89DCFAA34ABF36A6,tag_wheel_fl
89DD14A34ABF62D4,tag_wheel_fr
89DD4144F8EFA5ED,tag_crystal_dmg
89DD5848DA9B3808,j_pickaxe_dyn_02
89DD5B48DA9B3D21,j_pickaxe_dyn_01
89DD7CB0D718B669,iw8_acc_attach_face_codl_atlanta_female
89DE76F892D14EF3,s4_mp_custom_ar_bromeo35_base_prone_pullout_first
89DFAA74221A334C,polysurface1179
89DFAB74221A34FF,polysurface1178
89DFAE74221A3A18,polysurface1175
89DFB074221A3D7E,polysurface1177
89DFB174221A3F31,polysurface1176
89DFB25D9E30CDA6,rt_gate02_bck_4_jnt
89DFB574221A45FD,polysurface1172
89E091D4A0780AC6,p7_snow_slush_floor_large01_lod0
89E0EFE33BF03471,ee_wood_plank_watermill_dock_damaged_02
89E14251425B0858,j_bird_mouth_fx
89E1575CA05FF0AE,xmags_lindia98
89E3508F4FE2DBBE,smg_heavy_bp_oktober_desc
89E4EE156CAB0BE7,ATTACH_T9_CHARM_PRISON_SHIV_DESC
89E597DD0B633AA5,p8_zm_man_crafting_workbench_woodworking_saw_02_lod0
89E6822C5F0E8014,t9_charm_fish_stick_hook_desc
89E8D12336134B76,weap_m200_reload_clipout_plr
89EB14F117C787FF,p8_zm_zod_table_wood_sml_lod0
89EB9E1B05B57BF8,p8_zm_esc_obsidian_rock_large_02
89EB9F1B05B57DAB,p8_zm_esc_obsidian_rock_large_03
89EBA11B05B58111,p8_zm_esc_obsidian_rock_large_01
89EBB1EB253985CA,p8_spa_vista_bldg_plaster_far_03_lod0
89EBC013A234AE66,tag_mixgrip_03
89EC84660B9C361F,AR_MOBILITY_BP_SOUL_DISPLAYNAME
89ECACF44F5720B3,bundle_blueprint_1088_smg_heavy_striking_distance
89ED434435090FF2,p7_slu_chair_lawn_plastic_white_02_lod0
89EDC9A445BA6C3C,j_axe2
89EDCCA445BA7155,j_axe1
89EDF4B28606CCD3,blendspace_alias_jump_takeoff_forward
89EE2EDA6ECE48C7,pain_cover_left_stand_expb_to_hide
89EE3ED23E1FDFEC,BUNDLE_1019_TITLE
89EF01FC5BEBB574,cal_md_30_m1golf_down1_noimp_pack_zm
89EFAC9E7CA16849,p7_foliage_distictis_hanging_ledge_128_long_lod0
89EFFEB06CDE6402,aim_ar_nvg
89F05645B45D7077,scriptable_s4_dun_luggage_04_destp
89F095AAEE22DEBA,tag_gunner_2_panel_03_d0
89F0FD60CD9458E9,tag_fx_strobe_light
89F164F1A254EF53,s4_zm_rus_skulls_bones_leg_lower_snow
89F17051A201C64D,tag_clamp_01_gas
89F1F229728ACD01,misstimedebounce_code
89F222F3DBE9EF30,p9_rus_bldg_apartment_yellow_trim_section_03_lod0
89F2A96FE9EB1826,p7_wall_decor_outlet_usa_04_lod0
89F3D57DB2B8C10D,tag_side_latch_lft_02_jnt
89F4C3828E392CF8,tag_bed_panel_back_d3
89F563FF59C65FA5,s4_rus_brick_broken_pile_04_snow
89F5B80F1DEFF798,ct_skirmishdomination_loadingmovie
89F61F73DA984BB6,zm_callingcards_diamond_assault_rifles_zm_cc
89F6802A6965AEE3,p9_zm_gold_hadron_gas_turbines_lod0
89F6CF0CFB271F38,BUNDLE_3901_DESCRIPTION
89F6D11960FF6CC1,rag
89F783A03508764A,scriptable_uk_lighting_victorian_outdoor_lamp_01_flicker_shot
89F8E796323AEC31,brokenglass_window02_lod0
89F8EDF59906CBC9,move_crouch_exposed_crouch_arrival
89F9DBE6E1B51743,cal_lg_762x54mmr_asierra44_up1_noimp_zm
89FAD31F126A0E6B,fire_crouch_nonads_weapons_s4_sn_moscar32
89FDA2D44F9D7ED6,umbrella_top_067_jnt
89FDED6854205B85,gumball_rounds_shiny_15_jnt
89FEBD721865211C,lower_7_1_animate
89FF26E9C2764F00,wm_lindia98_grip_00_htc
89FFECB3F7CFD7BD,foregrip_mobile_stango44
8A00A90DBBA54230,callingcards_bomber_s6_animated
8A0238B5D60EC629,adjust_nonads_freefall_weapons_s4_sm_owhiskey
8A04454F1BA66E68,tr_damagesemi_bp_fighter
8A04940AAF9E7A06,dof_3.5_40_2.0_2.0
8A050E6556E6CE7F,gumball_time_swirl_17_jnt
8A05BAA17B4C2CCC,p7_zm_shi_net_fishing_02_hanging
8A06653655C4D2B1,p9_zm_ndu_trial_terminal_01_screen_lod0
8A06FFE2715D3511,prone_aim_ar_nvg
8A08FCCE9C8E188C,tag_belt_11
8A08FDCE9C8E1A3F,tag_belt_10
8A08FECE9C8E1BF2,tag_belt_13
8A08FFCE9C8E1DA5,tag_belt_12
8A0A6276600F56E0,s4_mp_execution_generic_explosive_01_attacker_prone
8A0BD913B60C57EC,grave_lid_chunk_48_jnt
8A0C6659D1BB8D19,p8_zm_esc_bldg_64_stairs_x6_lrg_concrete_dirt_rubble6_lod0
8A0D7DADE20BBA44,pc_ads_sensitivity_high_zoom
8A0E1D838C30FE83,end_btm_jnt
8A0E491C744DD398,callingcards_containment_breach_s6_base_ms
8A0EADE2C3A134C6,p7_metal_beam_panel_support_med_lod0
8A0ED7CD4CD30AB2,hindia_left
8A0F0B463C0E4942,HEATWAVE
8A10030229700CD7,komodo_j_hip_base_le
8A100BD504A39A75,adjust_ads_prone_weapons_s4_sn_m1golf
8A1042C1A729E248,camera_mp_gunsmith_overview
8A10483678A60142,p7_slu_barrel_metal_02_dmg_lod0
8A13371F523B9C29,s4_mp_addoff_sn_kalpha98_gl_crouch_nonads
8A14A64E0D76224D,surftype_ice_solid
8A1612B0CC3BE348,s4_acc_attach_face_75_breach_large_ms
8A17645DDF159C46,dyn_battery
8A17D57ADF77F75D,cal_sm_762mm_tokarev_fecho_down1_noimp_pack_zm
8A17E0E55F6698E2,grave_lid_chunk_95_jnt
8A18792B839D20D4,s4_acc_attach_watch_band_36_small_sony
8A1B5B612B69C0CC,callingcards_vehicularassistence
8A1B85236EE784C6,artillery_barrage_scoreevents
8A1C082E9B97DF95,AR_FASTFIRE_BP_KWANZAA_DESCRIPTION
8A1C2CB07C4BF674,tag_speedloader_attach_lever_ammo_01_animate
8A1D8840460FD715,window_03_shard_63_jnt
8A1DA167E67CAC90,sdr_cqb_exposed_prone_fast_arrival_l_8
8A1DA267E67CAE43,sdr_cqb_exposed_prone_fast_arrival_l_9
8A1DAA67E67CBBDB,sdr_cqb_exposed_prone_fast_arrival_l_1
8A1DAB67E67CBD8E,sdr_cqb_exposed_prone_fast_arrival_l_2
8A1DAC67E67CBF41,sdr_cqb_exposed_prone_fast_arrival_l_3
8A1DAD67E67CC0F4,sdr_cqb_exposed_prone_fast_arrival_l_4
8A1DAF67E67CC45A,sdr_cqb_exposed_prone_fast_arrival_l_6
8A1DB067E67CC60D,sdr_cqb_exposed_prone_fast_arrival_l_7
8A1E31CC9769720E,sdr_mp_addoff_me_fists_nonads_noright
8A201485381EE31A,tag_jets_left_back
8A20AF0EFF5B8EC2,reload_quick_prone_alt_weapons_s4_ar_balpha
8A228210D5EF056E,cover_stand_full_exposed
8A2336C403217F92,blendspace_alias_hipflip_backward_to_forward
8A2368BE5A641CEE,reload_quick_empty_alt_weapons_s4_sm_tyankee100
8A23DE6367C39295,p8_wmd_office_papers_lod0
8A2463F64B465921,sgon_pallet_full_06_cg
8A2474603192B391,gumball_event_shiny_18_jnt
8A26B748722541C6,fire_prone_nonads_weapons_iw8_sn_crossbow
8A26F08F716A2927,s4_zm_rus_rock_cluster_snow_02_lod_0_auto1_auto2_auto3_auto410v40bf800000
8A275A60731F2213,p8_zm_gla_cel_pillar_stone_01_40x32x176a_lod0
8A29905042FD5E11,smoke_stumble_start_from_crouch_right
8A2AA8303EBCD243,p7_slu_cinder_block_lod0
8A2BE23EAB61A511,0_walk
8A2BEBD70B012A07,safehouse_tarp_13_lod0
8A2C2F98676D46CA,s4_zm_trim_small_roof_concrete_48_01_dust
8A2E2A37AA84C9BB,s4_acc_attach_watch_band_93_large
8A2E7900CEB98DAE,j_rope_122_animate
8A30085559EDA4CD,right_steering_wheel
8A30640E5AC28842,adjust_ads_crouch_moving_weapons_s4_sh_lindia98
8A309BD48225F42B,cob_awning_storefront_x168_01_red_lod0
8A30CA711B3327A4,tape10
8A30CB711B332957,tape11
8A30CC711B332B0A,tape12
8A32267FE43A3988,lower_3_1_animate
8A34ABF7CD9F5640,s4_reload_lmg_top_mag_cover_crouch
8A35A3FDC69F9843,sdr_mp_pain_stand_lleg_le_01
8A368D889A6AEDDA,acog_medium_aromeo43
8A373927C97C11E7,fav_light_wz_mpx_king_cobra_desc
8A374662D946D534,t9_charm_reaper_desc
8A388A7FE7FC8068,wm_ttango33_receiver_101
8A388D7FE7FC8581,wm_ttango33_receiver_102
8A39326789B53A16,p7_debris_wood_plywood_4x8_bowed_lod0
8A395367176DCB15,piston_01_jnt_a
8A3B5BCC1BE9E415,fire_stand_mount_left_weapons_s4_sm_mpapa40
8A3B77B8DF0F305C,glob_stage_07_to_09_f_move_jnt
8A3C2AB0CC5CDB4D,s4_acc_attach_face_75_breach_large_pc
8A3CED4260F724CD,gumball_time_base_26_jnt
8A3DB8B400442F0F,tag_forward_door_first_hinge_animate
8A3FD27678B5258F,dof_4_65_050_050
8A4026E81471F14E,foregrip_vert_chotel41
8A409AEF48C9B403,aac_kitchen_stock_pot_02_lod0
8A40AAAA043BDE22,callingcards_vts_25_desc
8A419C369978CFD6,t9_charm_stick_man
8A41CA6BECA6BFF1,HIND_MPX_SKYBIRD
8A41FA02ECA824A4,sdr_mp_stand_throw_eq_claymore
8A42BA236957EF28,j_back_tentacle_le_7_1
8A42BB236957F0DB,j_back_tentacle_le_7_0
8A42BC236957F28E,j_back_tentacle_le_7_3
8A42BD236957F441,j_back_tentacle_le_7_2
8A42BE236957F5F4,j_back_tentacle_le_7_5
8A42BF236957F7A7,j_back_tentacle_le_7_4
8A42C0236957F95A,j_back_tentacle_le_7_7
8A42C1236957FB0D,j_back_tentacle_le_7_6
8A431B67291A7E94,fire_prone_ads_weapons_s4_sm_mpapa40
8A438ADA34DEDADE,STICKERS_POWEROVERWHELMING
8A43DB42962332A8,ar_fastfire_bp_legion_sy
8A443F27E0368701,reargrip_fabric_sm_mpapa40_v105
8A4455129702D184,p7_zm_zod_cobblestone_chunks_09_lod0
8A45F977B082F70F,camera_mp_gunsmith_preview_large_stock_alt1
8A4607854693C5BE,shortshuffle
8A47725FC661034D,c_t9_ger_pl_west_judge_dredd_variant01_desc
8A48492E5E9E5E25,tag_tail1_animate
8A48641B71CE8F57,p9_railings_stairs_safety_barrier_b_lod0
8A4A3DB3E76FC9FB,sdr_mp_pain_prone_head_bk_01
8A4AC59AD7D404FF,callingcards_bg_splat
8A4BCAAC0FEFDDE1,melee_stand_weapons_s4_ar_kgamma40
8A4BF15663E359F0,bar_xl_luniform08
8A4C5DA9D8B7A890,callingcards_big_jokeiv_s6_animated
8A4E8203602B2BEC,sdr_com_exposed_stand_long_death_crawl_r_death
8A4ED325B949BBAD,sdr_mp_crouch_trans_2_nonads_sh_romeo870
8A508AD547C20442,flower_10_dupl2_dupl2
8A50EEBF31163D9F,dun_belongings_clothes_05_dust
8A51937A7B947A96,sdr_mp_execution_animal_000_attacker_laststand
8A52F652B6594C49,j_rope_097_animate
8A53ABCE72830ECA,p7_slu_plank_wood_rustic_2x12x96_lod0
8A544FAF8CEAA2EA,idle_crouch
8A54FB9F8BDF8A8F,j_tarp_1_1_grp
8A565DC889F19049,vm_bromeo5_ammo_102
8A5686F843226994,callingcards_oktoberfest_s5_animated
8A56DBB9E533FF9E,dyn_mine
8A571F761FAA7169,reload_quick_weapons_s4_sn_svictor40
8A571F9FBF0360F5,tag_axel_back_right_up
8A5978B16BC1FBBD,acog_strong_aromeo99
8A597C36A89C2C33,pf548_auto777
8A597D36A89C2DE6,pf548_auto774
8A597E36A89C2F99,pf548_auto775
8A5CFE36A89F3EF0,pf548_auto769
8A5D0936A89F51A1,pf548_auto762
8A5D534A3E1E0988,BUNDLE_5042_TITLE
8A5EB659F43CF141,j_shell2_fired
8A5EF65DFD78A2A1,BUNDLE_2004_DESCRIPTION
8A5FF7E6C41B9744,p8_wmd_warehouse_cart_small_handle_lod0
8A60B720F1D4FD53,dimplerl_lipcornerpullerl
8A615DCA253A69C9,chute_32_jnt
8A616E8754A0F091,parachute_freefall_dive
8A6219C0F121EEE8,sdr_mp_exposed_stand_death04_lleg_med_8
8A6219F3B779C1D5,tag_side_left_cover_clamp_le
8A64DC9D55CFE9EC,tag_rear_doors
8A65B0A6F19ACD23,s4_mp_addoff_ar_fecho_base_blindfire_left
8A66122F423CBF65,p9_usa_cushion_int_01_bench_lod0
8A678136A8A8720E,pf548_auto738
8A683B3101EA56AF,p8_col_storage_chem_lab_counter_lod0
8A6866E6D80E0FBC,s4_mp_facial_anna_aim_1
8A688760B28CF17E,adjust_nonads_prone_moving_weapons_iw8_rocketlauncher
8A69E98DCA16C02C,cinematic entry frames
8A6A12E9B1EC6926,wm_stango5_grip_hv_00_bkl
8A6A2B751DCBE8CF,p7_zm_sha_fence_bamboo_med_lod0
8A6A486946026D22,s4_acc_attach_face_50_large_sony
8A6A7E36A8AAA2CC,pf548_auto721
8A6A8FC50FA49F45,rocker_02_jnt
8A6B08BAC5B5BFA2,vm_owhiskey31_stock_00
8A6B3198DADAA95A,editcustomgames_settings_zm_general
8A6B5F69510DF559,reargrip_pine_pi_luniform08
8A6CC73294B2B290,p7_debris_concrete_rubble_lg_02_no_metal_flat_lod0
8A6D026D2A8761D7,j_shouldertwist_le_elf
8A6DFF8AF65427B6,reargrip_stippled_folding_sm_ppapa41
8A6E27FEA5D29554,sdr_com_exposed_crouch_death05_midbody_lg_2
8A6ECB8FDEBF9860,acog_strong_luniform08
8A6F0820B1580896,ps_exec_cinderblock_hit_head
8A6F1715070EC382,sgon_cp_nam_airbase_building_01_structure
8A6F5CB5B222468C,polysurface9496
8A6F714C087B30FE,s4_rus_statue_kids_01
8A719A1E51C93D9C,trans_2_ads_freefall_weapons_any_ar
8A7374AEA5DBD210,SMG_BURST_BP_FORGED_DISPLAYNAME
8A73DAFE06C446A5,trigger_hurt
8A7434ADE1F75708,blendspace_alias_stop_forward_l_juggernaut
8A7543842F9C2CCE,grunge_handle
8A75B38507870E20,reargrip_grooved_marksman_mg_mgolf42
8A7625EA6622BFCE,rt_vine_med2_05_jnt
8A763636D6CCDA0A,gumball_time_shiny_10_jnt
8A76B487D242F155,hm_grnd_org_lmg_setup_in_crouch
8A77519345C3C059,p7_rus_launchpad_pipe_lod0
8A783070BF65EBE5,loot_smg_fastfire_mk2
8A79B072EADEB70D,fmags_ppapa41
8A79BA90A306CDD7,p7_slu_metal_corrugated_holes_8x2_lod0
8A7B4383A3089C00,vm_tyankee11_grip_s_00_rub
8A7B6E023C68CD71,paintjob_prestige_s1_03_large
8A7B81EA79AE49F2,muzzle_stabilizer_kgolf40
8A7BE4C3EC8A8113,sdr_com_shuffle_left_to_cover_left_crouch
8A7DD89AFA4FE396,leg_ri_1_4
8A7DD99AFA4FE549,leg_ri_1_5
8A7DDA9AFA4FE6FC,leg_ri_1_2
8A7DDB9AFA4FE8AF,leg_ri_1_3
8A7DDD9AFA4FEC15,leg_ri_1_1
8A7DE956242B7127,p9_corrugated_wide_wall_01_bottom_01_128w_01
8A7F0336A8BC2DD5,pf548_auto780
8A7F0546B9F15263,ps_wpn_mgolf42_plr_reload_charge_empty_fast
8A7F3DCB0563FBA4,p8_zm_off_door_glass_shards_04_lod0
8A7F6314298310B7,sdr_mp_strafe_jog_4_death02_torso_med_4
8A7F65142983141D,sdr_mp_strafe_jog_4_death02_torso_med_6
8A8035AE9C90CDE0,mp_av_attachment_vm_sh_charlie725_guard_v2_tr_attachment_vm_sh_charlie725_guard_v210v0404218d0e2
8A81A90A1B0EF662,p8_zm_nuk_rubble_piles_stones_03_lod0
8A829576258854DB,s4_mp_execution_doublemace_01
8A82A32D3A1AC051,sgon_stk_residential_01_window_04_half_opq
8A83EB2997CAC433,sdr_com_cover_crouch_flash_react01
8A848BC1D6E22AAA,callingcards_likebutter_desc
8A8492AFE40BCE69,s4_mp_custom_ar_voscar_base_fire_weapon
8A849A5493ED4164,dmg_jnt
8A84CC651B8FA802,j_ribbon_9
8A84CD651B8FA9B5,j_ribbon_8
8A84CE651B8FAB68,j_ribbon_7
8A84CF651B8FAD1B,j_ribbon_6
8A84D0651B8FAECE,j_ribbon_5
8A84D1651B8FB081,j_ribbon_4
8A84D2651B8FB234,j_ribbon_3
8A84D3651B8FB3E7,j_ribbon_2
8A84D4651B8FB59A,j_ribbon_1
8A84D5651B8FB74D,j_ribbon_0
8A85FEB16BE81A5A,acog_strong_aromeo43
8A86C3A34B4F592F,tag_wheel_01
8A873DF57AB215C2,bakelite_tactical_ar_fecho_v104
8A896BC93D464B97,dyn_bag_l_2
8A896CC93D464D4A,dyn_bag_l_1
8A89AC210AB2DB9E,exec_weapon_hide
8A89C4D5E202502C,cal_md_30_m1golf_down1_noimp
8A89DE25A2B4B0B3,confirm_location_alt
8A8ABE8DF392EDCC,s4_mp_custom_ar_fecho_base_crouch_trans_2_ads
8A8B57D578319749,callingcards_blkchrome_base_ms
8A8BFA2F03831B6A,GIGASWAT_ANIMATED
8A8F5BB5FA84AADE,ar_slowfire_bp_media
8A8F72D1B5D89369,s4_acc_attach_watch_band_75_rokkr_large_sony
8A9119CBA1ADB1A4,p7_props_ac_unit_med_lod0
8A91C5ADB818BBFC,j_jacket_side1_ri_parent
8A924B4F32171016,p8_col_rock_smooth_set_01_03_lod0
8A924B9620CEAEFB,reargrip_fabric_ar_bromeopg
8A927CC2A5D4D8E0,rottweiler_tag_shldr_str_drvr_le
8A9322E6EF251DBB,p7_spl_life_preserver_02_rope_b_lod0
8A9485FDFB9C4E76,bottle_fluid_scale_03_09_jnt
8A948BBA48B54201,s4_mp_custom_sm_owhiskey31_extmag_stand_reload_empty
8A953BE78D868E70,clothsim_pplane14
8A953CE78D869023,clothsim_pplane15
8A953DE78D8691D6,clothsim_pplane16
8A953EE78D869389,clothsim_pplane17
8A953FE78D86953C,clothsim_pplane10
8A9540E78D8696EF,clothsim_pplane11
8A9541E78D8698A2,clothsim_pplane12
8A9542E78D869A55,clothsim_pplane13
8A9547E78D86A2D4,clothsim_pplane18
8A9548E78D86A487,clothsim_pplane19
8A96D7C3DB24DE9F,p7_zur_root_branch_08_lod0
8A9779000FE00E3E,s4_sdr_com_cover_crouch_hide_conceal_add
8A98299305A5B7B6,pendulum_bone
8A9862BC60F28335,weapon_first_raise_crouch_moving_weapons_s4_me_huggernaut
8A992CEFE187871E,silencer_light_small_wecho
8A9A88D1D20C93E6,prone_any_smg
8A9AF20C757C8399,iw8_acc_attach_face_analog_jsof
8A9C50A2B3731CF6,callingcards_powertool
8A9D81853C0236B0,tag_packanim
8A9DB91E51EEAD34,trans_2_ads_freefall_weapons_any_la
8A9E228F4C828940,wm_ppapa41_grip_hv_00_tap
8A9ECCE3268E317A,melee_sledgehammer_bp_dozer
8A9EE6001709B497,tag_head_right_animate
8AA0A81E51F0C628,trans_2_ads_freefall_weapons_any_sh
8AA0AE1E51F0D05A,trans_2_ads_freefall_weapons_any_sn
8AA33C6A05A8FB43,s4_mp_fatality_generic_aot_01_attacker_thumbnail
8AA42636E4D59451,wm_plry_ladder_rung_leg_grab_upper_r
8AA43036E4D5A54F,wm_plry_ladder_rung_leg_grab_upper_l
8AA44E6268DC0FEF,c_t9_rus_pl_kgb_lab_desc
8AA5260360723F56,death02_viscera_02_19_jnt
8AA5E5ADFDAEAAF5,sdr_mp_mount_stand_vertical_left_low_pitch_down
8AA60476EFBE5126,plastic_47_jnt
8AA6898924F23BA7,s4_eq_steel_bib
8AA8D42B994FEC46,sgon_cp_rus_siege_monastery_st_nicholas_church_back_tower_01_opt_lod0
8AA8FF08AAA47E66,s4_mp_custom_sn_kalpha98_base_crouch_trans_2_nonads
8AAA98B9AA190D03,s4_mp_custom_sh_bromeo5_base_prone_reload_end
8AACAA9510D2997F,p9_ship_rail_rope_attachment_lod0
8AAE7AFD4E44A1F4,p9_rus_bldg_police_wall_tile_loose_02_lod0
8AAED756AD7470B7,s4_mp_custom_sn_malpha1916_base_prone_gun_butt_hit
8AAF0D517C7CB940,cal_lg_792_57mm_mauser_gecho43_up1
8AAF42E10C652B8C,j_index_le_3_elf
8AAF5C0D218880F4,tag_chest_chain_broken_le_02
8AAF5F0D2188860D,tag_chest_chain_broken_le_01
8AB052EAFD034788,s4_zm_rus_sandbag_lrg_corner_01_snow
8AB067CFD1DD68BA,calcust_762_oscar12
8AB0DAB0DB7FFD42,vm_bromeo35_optic_flip_magnifier_102
8AB3EE5A77F8454B,p7_jun_bamboo_split_wall_post_02
8AB3EF5A77F846FE,p7_jun_bamboo_split_wall_post_01
8AB44B0EC101D3F3,rope_06_jnt
8AB4E26BE224500F,cam_eyes
8AB589D395404049,0_shuffle
8AB59C17A78C848E,reargrip_granular_marksman_sm_stango5
8AB658A067310A64,reargrip_grooved_mr_aromeo99
8AB703E105136918,bell_lod0
8AB78F5B5912F968,r_ripbottom0_jnt_dog
8AB907A8A5F2EF2B,greece_pots_1_broken_lod0
8AB94AC07BCC8916,parachute_inair_pass
8ABAA80BB49F2765,s4_zm_chalice_metal_bronze
8ABADF3E84905184,vm_svictor40_receiver_00
8ABB51F28BC1D56C,vm_tyankee11_grip_sp_00_pin
8ABB8968978BB3E2,reargrip_stippled_reinforced_sh_lindia98
8ABC156D24B97884,larm_lg_r
8ABC216D24B98CE8,larm_lg_f
8ABC256D24B993B4,larm_lg_b
8ABC3EB7CA6D0E88,p8_col_plank_wood_board_01_lod0
8ABD819F5D35663B,s4_mp_custom_sm_stango5_ult_stand_inspect
8ABDC15736069F0C,meshnode_remeshed
8ABEC5CB68BE30CB,silencer_light_small_stango5
8ABECB944C3BE050,ps_wpn_kalpha98_301_plr_inspect_electricty_pt2
8ABECC944C3BE203,ps_wpn_kalpha98_301_plr_inspect_electricty_pt3
8ABECE944C3BE569,ps_wpn_kalpha98_301_plr_inspect_electricty_pt1
8ABECF944C3BE71C,ps_wpn_kalpha98_301_plr_inspect_electricty_pt6
8ABED1944C3BEA82,ps_wpn_kalpha98_301_plr_inspect_electricty_pt4
8ABED2944C3BEC35,ps_wpn_kalpha98_301_plr_inspect_electricty_pt5
8ABF129C7EEFD79E,chute_cord_18_jnt
8AC04687B7671892,vm_mike97_grip_ta_00_lea
8AC06F1430DDF860,tag_missile_spawn_chunk_c_animate
8AC1431DFE6057C4,callingcards_cdl_teamcallingcards_sea_1_ms_base
8AC186EA03A95CCA,dyn_tie_01_umbrella
8AC36535F453F593,foliage_s2_ivy_cob_farmhouse_01_b7_lod0
8AC46274FCCDC9D9,ar_mobility_bp_tattoo_desc
8AC4F4CD995C270F,menu_select
8AC53AB50D3B8DE4,bonnet_fr
8AC540B50D3B9816,bonnet_fl
8AC6993C0E547E74,j_catapillar_antenna_le_2
8AC69C3C0E54838D,j_catapillar_antenna_le_1
8AC730D283D17DA2,p9_mal_neon_tube_trim_01_elbow_neon_256_neon_spline
8AC80DC22D9F06B6,vm_mpapa40_optic_001
8AC85F1F4C029F81,j_taclight_cap
8AC88DD3F43E5370,j_cosmetic_sleeve2_ri
8AC927DD4B9D43D7,p9_dun_ceiling_framework_support_lod0
8ACA2266479FEECE,p8_zm_off_electric_meter_head_lod0
8ACBBD796FCD75A1,adjust_nonads_crouch_weapons_s4_ar_hyankee44
8ACBEAC15FA410D0,ropedrop_bone_05_jnt
8ACC453F8063EE25,sdr_com_exposed_stand_pstl_fullpain03_turn_torso_upper_md_r
8ACC553F80640955,sdr_com_exposed_stand_pstl_fullpain03_turn_torso_upper_md_b
8ACD0A45190CEE62,p7_jun_sandbag_brown_lod0
8ACD44CB69EEAFD2,sdr_cqb_pstl_strafe_fast_1_alt
8ACE198155301186,callingcards_tiki_tiki
8ACE1D21F7972EBC,tag_bullet_deplete_swap_18_animate
8ACE8274D0BAD869,rt_gate02_bck_1_jnt
8ACEF863A779E3F6,j_top_flap_8
8ACEF963A779E5A9,j_top_flap_9
8ACEFE63A779EE28,j_top_flap_2
8ACEFF63A779EFDB,j_top_flap_3
8ACF0163A779F341,j_top_flap_1
8ACF0263A779F4F4,j_top_flap_6
8ACF0363A779F6A7,j_top_flap_7
8ACF0463A779F85A,j_top_flap_4
8ACF0563A779FA0D,j_top_flap_5
8ACFA4C2A608CAF6,rottweiler_tag_shldr_str_drvr_ri
8ACFE1E3E920375B,emblems_vikingrider_animated
8AD071AB0E42A27E,p9_zm_ndu_wood_plank_rustic_lod0
8AD14F1D8A81E5BC,c_t9_usa_pl_navyseal_gigawhen_desc
8AD393F1176EF612,vm_bromeo_stock_mk_00
8AD414A5731FAE67,ps_wfoly_lm_reload_npc_out
8AD46BC31824ABD3,sdr_mp_ges_watch_interact_shake_stand
8AD57DCE1B912141,air_iw8_killstreak_deploy_airdrop
8AD588213E2691E2,reargrip_granular_ar_hyankee44
8AD5A54B85E60FBC,plastic_63_jnt
8AD616FC17F58E08,reload_empty_alt_weapons_s4_ar_valpha52
8AD70B00EA605347,dyn_smoke_grenade_01
8AD70C00EA6054FA,dyn_smoke_grenade_02
8AD70D00EA6056AD,dyn_smoke_grenade_03
8AD80A9FABD502F1,ps_mp_execution_lucas_laststand_foley
8AD8BC6FC7358F05,sdr_mp_execution_033_attacker_laststand
8AD8C7B76C8AACD9,sdr_com_cover_stand_long_death_mytr_idle
8AD9626A90D01388,p9_vista_matte_wz_russia_mountain04
8AD9646A90D016EE,p9_vista_matte_wz_russia_mountain06
8AD9656A90D018A1,p9_vista_matte_wz_russia_mountain07
8AD9686A90D01DBA,p9_vista_matte_wz_russia_mountain02
8AD9696A90D01F6D,p9_vista_matte_wz_russia_mountain03
8ADA551BA27437C3,plastic_62_jnt
8ADA6850B907DAED,veh_t9_mil_us_motorcycle_offroad_mpx_m80s
8ADA87FEC92F007E,dark_aether_crystal
8ADBE2E7130B20F2,vm_svictor40_barrel_hb_00
8ADC4556F39BD91C,VOLATILE_11
8ADE31EC4539B2B3,ai_s4_zm_zombie_base_crawl_mantle_over_128
8AE049A1A745DE3A,p9_brick_factory_01_top_row_corner_lod0
8AE08520231546E7,quote_he_who_fears_being_conquered
8AE0C95E20E0E408,foregrip_ready_guniform45
8AE0FF7519454AAE,zm_callingcards_zm_darkops_doa_score_01_cc_desc
8AE1135269D5FB08,physicscontents_foliage
8AE18DF2F586EFE0,zm_callingcards_zm_darkops_mystery_box_01_cc
8AE23A1110423D59,p9_zm_dri_intel_documents_01_inspect_lod0
8AE4E92C4633B1EF,melee_crouch_weapons_any_smg
8AE9247B74BBE92B,gumball_time_swirl_08_jnt
8AE99001EA1AA318,sdr_com_exposed_stand_pstl_melee03
8AE99101EA1AA4CB,sdr_com_exposed_stand_pstl_melee02
8AE99201EA1AA67E,sdr_com_exposed_stand_pstl_melee01
8AE99701EA1AAEFD,sdr_com_exposed_stand_pstl_melee04
8AE9A6EEE83E2F3B,j_radio_strap1
8AE9A7EEE83E30EE,j_radio_strap2
8AEA6A618C8F10C0,tag_key_04_animate
8AEAC0311FF625C1,j_tongue_2_anim
8AEAE26FBAA3B8F3,melee_stand_weapons_s4_lm_malpha7
8AEB7073853FF404,j_ebrake
8AED1FB981AA47D2,bs_mantle_on_right_weapon_up_akimbo
8AEE4FD57886070C,callingcards_blkchrome_base_pc
8AEF6BDE86C76FF8,p8_zm_off_carpet_rug_a
8AEF6EDE86C77511,p8_zm_off_carpet_rug_b
8AF0A992F27B8DD9,s4_acc_attach_face_79_large
8AF161D578885B79,callingcards_blkchrome_base_sy
8AF216D7F781A9B3,s4_mp_custom_ar_bromeo35_extmag_stand_reload
8AF2D11F25DA79D6,sdr_com_exposed_stand_death04_midbody_sm_2
8AF66FFC9A8613CC,paintjob_ranks_prestige_23_large
8AF7B323C73DCB63,laststand_turning_pass_in
8AF88BAFC68FFEE6,wm_acog_offset_l_00
8AF9336CADCB76FA,tag_curtain_09f_animate
8AFB62A553153A65,weapon_lower_quick_prone_weapons_s4_la_m1bravo
8AFD365E528D2887,t9_charm_sand_timer
8AFE2A9D6F80CAC1,rg_leather_sm_aromeo43_v301
8AFE5A443FBABC87,window_wall_ornate_trim_center_01
8AFF08A15ECDBC80,tag_fx_parkinglight_left_r
8AFF1CA15ECDDE7C,tag_fx_parkinglight_left_f
8B0039F53AC1C0B1,reb_smtobj_pstl_look_under_low_exit
8B0119C07D2331BF,s4_mp_execution_generic_firecracker_01_victim_laststand
8B012F54A6E9E0D4,torch_straight_ppapa41
8B0182E87F7C8FB4,BUNDLE_3031_TITLE
8B0206FA865D205C,foregrip_angled_voscar
8B020BAB55E63493,blops_commander_bnd
8B0220386FB8C3BB,tag_plunger_animate
8B047D7E28F28632,mp_prone_custom_reload_ar_falima_gl
8B0504AB45680DB1,AR_MERCENARY_BP_MVS_DISPLAYNAME
8B0690293BA1407E,SMG_HANDLING_BP_AVALANCHE_DESCRIPTION
8B06D036DC395A2F,ger_electrical_wiring_wall_bend_02_lod0
8B0726AB141095AC,p8_foliage_fern_sword_med_lod0
8B0814FD2701539C,paintjob_stickers_cdl_teamsticker_parislegion_zaptius_s5
8B086F3C37F38932,sdr_cqb_cover_left_stand_pstl_walk_arrival_r_8r
8B08813C37F3A7C8,sdr_cqb_cover_left_stand_pstl_walk_arrival_r_8l
8B08A5B63EDE3ED8,j_string_8_animate
8B08BE6F33AA820A,vzscope_strong_ptango41
8B09C7660DC04599,shelf_124
8B0A1E2C707E4DAD,tag_fx_light_frontspot
8B0B24CCDFEFC860,fin_move_j_spinelower
8B0B677FDE061790,sdr_mp_addoff_lm_lima86_ads
8B0B687ACD30AC40,fmags_ptango41_zm
8B0B8A24AC31D294,j_wire_root
8B0BC4D60C177E7B,sdr_com_exposed_crouch_long_death_crawl_r_side
8B0BF76F870A413A,sniper_powersemi_bp_biggame
8B0D34D9FBAB32D5,tag_handguard_ring_animate
8B0E0A75816AE206,granular_tac_voscar_v301
8B0E9CE84DD0F928,chain_09
8B0F26418A173E60,p9_rus_bldg_police_wall_trim_top_corner_03_lod0
8B0FEB25E0F6D823,sdr_cqb_cover_right_stand_fast_exit_9
8B0FF325E0F6E5BB,sdr_cqb_cover_right_stand_fast_exit_1
8B0FF425E0F6E76E,sdr_cqb_cover_right_stand_fast_exit_2
8B0FF525E0F6E921,sdr_cqb_cover_right_stand_fast_exit_3
8B0FF625E0F6EAD4,sdr_cqb_cover_right_stand_fast_exit_4
8B0FF825E0F6EE3A,sdr_cqb_cover_right_stand_fast_exit_6
8B11AF743DF84252,gumball_event_speckled_19_jnt
8B1227FFA8FC8E67,p9_vnm_rock_cave_wall_06a_lod0
8B123938137F721D,floating_adjust_ar_tango21_sprint
8B12C45496BA0060,cob_cloth_rag_set_01_lod0
8B1365752F828A7E,s4_rus_park_bench_01b_dust
8B142AD9C3CFEAA1,s4_jpn_farmtools_shovel_01
8B142F18D62595FF,ps_wpn_wecho_plr_reload_spdldr_load
8B1446BDB9EF3E85,trans_2_nonads_crouch_moving_weapons_s4_pi_mike1911
8B14AC10B2F30FAF,sdr_com_rungun_jog_forward
8B14CCA417418771,t9_charm_prison_shiv
8B14CF9BCF99082C,tail_1_jnt_animate
8B15E1389FA0B4F4,p8_bottle_glass_broken_01_d_lod0
8B161B315AB8E6D6,gumball_event_swirl_28_jnt
8B16416ED2B0D45F,tag_body_window_hood_canvas4_le
8B167F8D8740F8E7,death02_viscera_05_root_jnt
8B16DFFFA8276D3C,pc_sprint_cancels_reload_kbm
8B175ADECE31C4B1,p9_ang_rock_layered_01_boulder_lrg_02_a_lod0
8B178918F5BCA304,dyn_holster_c_01
8B17AB114CD5774D,s4_mp_custom_lm_dpapa28_base_prone_trans_2_ads
8B17AB7FB64714E6,death02_viscera_03_01_jnt
8B18340381F0CD05,BUNDLE_2080_DESCRIPTION
8B18FFB376271687,s4_acc_attach_watch_band_75_rokkr_small_pc
8B1A1433282B8C89,p7_zm_gen_apoth_corpt_engine_light_ball_lod0
8B1C1BDB0E97E98F,tag_sights_on_rear_attach
8B1D5367B9C02488,newspaper_sheet_07
8B1D5667B9C029A1,newspaper_sheet_04
8B1D5767B9C02B54,newspaper_sheet_03
8B1DAFEDF5C12CEC,dyn_14_hair_low_k_01
8B206DD3F48892E6,j_cosmetic_sleeve2_le
8B221E208D9EEED6,mixer_03_bath_fluid_01_jnt
8B222379851F83E5,reload_quick_alt_weapons_s4_ar_stango44
8B230A4026AA8850,STICKERS_LONGSHOT
8B23532FC52845C1,kill_play_paired_turret_anim
8B23717137C36B33,finisher_default
8B246C8AF2CE7D35,p9_foliage_tree_maple_01_winter_lod0
8B249C6CDFFD15AF,zom_intestine_chunk
8B24C916255F7AE4,longshuffle
8B25855767DCF57D,quote_die_like_a_dog
8B27ABCD154CA75E,stand_2_crouch_melee
8B2821C31487FB14,j_gun_re
8B284D3B08E01582,sdr_mp_veh_atango_seat_0_idle_fast_ri
8B28AD5630B9C30D,p7_rus_debris_paper_set_01_lod0
8B28F4F750E19188,p7_ban_sign_neon_stay_out_off_lod0
8B291D3974BBB819,cal_md_65mm_arisaka_tyankee100_up2_noimp_pack_zm
8B295C9B36F97280,s4_zm_body_pile_single_02
8B295D9B36F97433,s4_zm_body_pile_single_03
8B295F9B36F97799,s4_zm_body_pile_single_01
8B29629B36F97CB2,s4_zm_body_pile_single_04
8B2A1EE5043CA2D0,sdr_mp_me_stance_stand_2_crouch_trans
8B2AAD95FE173ACC,trans_2_nonads_freefall_weapons_any_lmg
8B2BBE006BD3995E,vm_mike97_grip_sk_sp_00_fab
8B2C9B8EFB615F17,p8_foliage_ivy_english_hanging_ledge_32_long_lod0
8B2D1EBC9D003F8A,j_bag_dyn_tip
8B2E23CDCBA997CB,juggernaut_lw
8B2E507B13208A75,cal_md_12ga_buck_mike97_up1_noimp_zm
8B2E7A8305518CF0,s4_zm_jpn_south_tribe_decor_nail_d
8B2E7C8305519056,s4_zm_jpn_south_tribe_decor_nail_f
8B2E7F830551956F,s4_zm_jpn_south_tribe_decor_nail_a
8B2E808305519722,s4_zm_jpn_south_tribe_decor_nail_b
8B2E8183055198D5,s4_zm_jpn_south_tribe_decor_nail_c
8B2EBB23EE266776,ps_wpn_ppapa41_plr_reload_magout_tac_ext
8B304D7BC71BD09D,emblems_s3_rokkrope_base_pc
8B30B2D61E7EB0C6,fire_crouch_nonads_weapons_s4_sm_tyankee100
8B31267F837DF62F,bsh_powder_bag_container_lid_01_lod0
8B3212163D96BE84,adjust_ads_stand_weapons_default
8B321366A6783525,j_notch_r
8B322566A67853BB,j_notch_l
8B32606AB88C244A,p8_fxp_fluid_fall_1_hirez
8B32B2059E698169,p9_usa_caiman_roof_circles_01_lod0
8B33FB8A82DF85AD,s4_mp_custom_sn_moscar32_scope_stand_reload_end
8B3604E445DFA587,PISTOL_BURST_BP_ESPECIAL_DISPLAYNAME
8B3714D8C37565E9,s4_mp_custom_la_palpha_base_crouch_trans_2_ads
8B3841072BFE9732,weap_m4_empty_fast_end_plr
8B38C97C4CA6CAE0,sdr_cqb_cover_crouch_walk_exitfull_9
8B38D77C4CA6E2AA,sdr_cqb_cover_crouch_walk_exitfull_7
8B3914EDBCE09411,paintjob_stickers_coldfront
8B391DB5849986B0,right1sprint
8B3A537BC7242F54,emblems_s3_rokkrope_base_sy
8B3A7CFFC9BD80A6,sdr_mp_strafe_sprint_me_knife_7
8B3A86FFC9BD91A4,sdr_mp_strafe_sprint_me_knife_9
8B3A87FFC9BD9357,sdr_mp_strafe_sprint_me_knife_8
8B3AAA08FCC3F325,adjust_ads_prone_weapons_s4_sn_kalpha98
8B3BE59E9A0DA760,sdr_cqb_pstl_strafe_trans_shuffle9_shuffle1
8B3C1BEB68AE559B,bb_drp_start
8B3CA24DB7876CE8,bundle_operator_1045_baker_urban_seal
8B3E581259011252,anim_dropallaiweapons
8B402EE2B7A3AAD8,shard_05_jnt
8B40D23A3F79170F,emblems_bowling_league_animated
8B40E2C45B63AC3D,callingcards_bps4_powers
8B419CBD7E1B5BD3,j_rat_frontleg_ankle_le_animate
8B41BA460CFBF46D,p7_jun_rock_cliff_hav_lod0
8B43CD83EDCB7C6C,sdr_mp_ges_kill_stand
8B44CEB2D431B7AF,shard_04_jnt
8B44DFB3764C1B12,s4_acc_attach_watch_band_75_rokkr_small_ms
8B456B753D2ABAE6,j_ri_lower_limb_1_1_animate
8B4802477236E674,dof_3.5_35_00_00
8B482A4432DD89E8,reargrip_grooved_padded_ar_chotel41
8B4A23D927AA13A9,callingcards_mech2_s5
8B4AAB05C52AC3D4,c_s4_mp_rus_polina_01_inctv
8B4AB4E448900C84,j_r_wing_feather_grp_l_wing_large_feather43_ri_secondary_coverts
8B4BE53BEAC52E0F,tag_body_tail_l_vertstabilizer_animate
8B4C9359D36AFE30,sneer
8B4D2304224DF192,sdr_com_exposed_crouch_pstl_run_exitfull_9
8B4D2404224DF345,sdr_com_exposed_crouch_pstl_run_exitfull_8
8B4D2504224DF4F8,sdr_com_exposed_crouch_pstl_run_exitfull_7
8B4D2604224DF6AB,sdr_com_exposed_crouch_pstl_run_exitfull_6
8B4D2804224DFA11,sdr_com_exposed_crouch_pstl_run_exitfull_4
8B4D2904224DFBC4,sdr_com_exposed_crouch_pstl_run_exitfull_3
8B4D2A04224DFD77,sdr_com_exposed_crouch_pstl_run_exitfull_2
8B4D2B04224DFF2A,sdr_com_exposed_crouch_pstl_run_exitfull_1
8B4DB4D22DCF86FF,s4_ger_container_ammo_metal_03_closed
8B4E072D7B2AFD6E,koth_located
8B4E405CA7496AF7,hur_horse_poop_pile_02_lod0
8B507000F6093EC3,irons_lrg_ptango41
8B51A7CFF5C113C4,tag_ctrl_sliding_door_right
8B51D037E0519F69,sdr_mp_strafe_shuffle_jump_land_3_alt_jugg
8B52C9DC6ABEDDCF,greece_poolside_lounger_01_lod0
8B52F14A46728B15,vrlscope
8B53A10184EA8A68,sdr_com_traverse_jog_mantle_down_sm_90r
8B548355BE8FE502,chr_player_critical_health_loop
8B5572EAC6DDD953,zm_lindia98
8B566A9DAB0822E0,tag_wing_left_outboard_c
8B566B9DAB082493,tag_wing_left_outboard_b
8B566C9DAB082646,tag_wing_left_outboard_a
8B570F7DF6B33063,stop_prone_r_akimbo
8B57C43658E3EE5E,mp_hacienda
8B582B27DB07263B,weap_akilo47_raise_grab_plr
8B597341DB97465B,reargrip_rubber_sh_lindia98
8B599C531655D758,reargrip_grooved_tactical_mr_aromeo99
8B59E6D205B47370,p8_food_cheese_wedge_brie_lod0
8B5B5F9E3246E353,p9_sm_gas_chainlink_fence_01_lod0
8B5BDDC8BCD3E2F6,ar_fastfire_bp_renegade_desc
8B5C6F9A99EB727F,quote_those_who_dare_to_fail_miserably
8B5D082669667C67,reargrip_hatched_support_sh_becho
8B5DD11EC2DAC149,lbravo_blend_in
8B60851018FA3D6B,prone_s4_silent_bomb_defuse
8B6100C30AF638E9,p7_pipe_metal_hp_4_brace_lrg_3_lod0
8B6174736825388F,tag_gear_rear_left_piston_upper_target
8B61AE320502CFA3,callingcards_t8_zm_prestige_phoenix
8B624E1F10F86862,tag_label
8B633BC74E267C29,mkg_hanging_vines_03
8B633DC74E267F8F,mkg_hanging_vines_05
8B642DA4FC652E91,reload_quick_empty_ads_alt_weapons_s4_sn_mptango41
8B6645C74E28C2FE,mkg_hanging_vines_19
8B6674030B38E6B7,war_round_end_near_winning_final
8B67174003197538,stk_cards_playing_single_008
8B67238D2AE5AC04,dirt_top
8B69CD1A5661208F,dyn_ammo_pouch_a
8B69CE1A56612242,dyn_ammo_pouch_b
8B69D01A566125A8,dyn_ammo_pouch_l
8B6A9240031C7C10,stk_cards_playing_single_013
8B6A9840031C8642,stk_cards_playing_single_015
8B6BB968C14FA8B0,sdr_com_exposed_stand_death02_midbody_sm_2
8B6BF0983FE2896F,p7_zm_der_pallet_wood_01_lod0
8B6CCF09652DAAD0,s4_mp_custom_sn_kalpha98_gl_crouch_moving_trans_2_ads
8B6CDDFC789DE4FA,sdr_mp_aims_pi_circle_90_ads@1
8B6D56FB868A12BB,sdr_com_traverse_walk_jump_over_drop_lg
8B6E0FA8DF66617B,tag_arm_rt_lower_string_01_null
8B6E176B4DF6DB99,tag_axle_right_inner_parent
8B6EEA343A5571C5,weapon_first_raise_crouch_moving_weapons_any_lmg
8B6F8CBBCB13CC87,p8_foliage_plant_coleus_hng_lod0
8B6FAD8B544AF396,reargrip_fabric_short_sh_bromeo5
8B70D05913B435E3,ik_ladder_wm
8B70F9F9E5E0CDBA,reload_quick_empty_prone_weapons_any_smg
8B7165251DB613C2,emblems_cdl_teamemblem_010_minn_1_ms_base
8B72385857A7EBCB,HIND_MPX_M80S_DESC
8B7239149C74B171,emblems_battlepass_season_2_animated
8B7243904DD39D17,strand_01_mid_a_jnt
8B724EC0313DB69C,tag_glass_right_rear_animate
8B731D3B091FAF6C,sdr_mp_veh_atango_seat_0_idle_fast_le
8B732A50F5DE6702,wm_ttango33_barrel_l_00
8B74B3C3D8229974,p8_afr_chair_folding_folded_lod0
8B75301E506A3C26,tag_minimal_stock_attach_animate
8B7569BC3CF05348,sdr_mp_strafe_crouch_fast_8_to_sprint_8_trans
8B757F780513BB0C,cloth_link
8B75A549C0E857D0,sniper_powersemi_t9
8B75A649C0E85983,sniper_powersemi_t8
8B75D6B2A169892B,fmags_dpapa27_zm
8B7682B9A8131159,weap_ar57_clipout_fast_empty_plr
8B76F0A51D7535CB,s4_mp_addoff_sm_mpapa40_base_mount_right
8B77557BC757E0D8,emblems_s3_rokkrope_base_ms
8B782997D1C7C842,sdr_mp_mkilo23_seat00_getin
8B79290DF6A74088,reload_empty_ads_weapons_s4_sh_mike97
8B7967988AACF669,crouch_aim_lm_strafe
8B79793D958B0525,t9_charm_ram_skull_desc
8B7A7FF9B672C9F8,ps_wpn_ttango33_plr_reload_magin_empty_ext
8B7AAA22E4A90B61,sdr_mp_prone_melee_hit_2_eq_emp
8B7B1C1D8E9D98BC,j_sleeve2_05_le
8B7C85DAC35507A4,back_becho20
8B7CD0E6FE6D3670,sdr_com_cover_left_stand_pstl_jog_arrival_r_8
8B7CD9E6FE6D45BB,sdr_com_cover_left_stand_pstl_jog_arrival_r_1
8B7CDAE6FE6D476E,sdr_com_cover_left_stand_pstl_jog_arrival_r_2
8B7CDBE6FE6D4921,sdr_com_cover_left_stand_pstl_jog_arrival_r_3
8B7CDCE6FE6D4AD4,sdr_com_cover_left_stand_pstl_jog_arrival_r_4
8B7CDEE6FE6D4E3A,sdr_com_cover_left_stand_pstl_jog_arrival_r_6
8B7CDFE6FE6D4FED,sdr_com_cover_left_stand_pstl_jog_arrival_r_7
8B7D17D6AE201F43,callingcards_zm_fieldresearcher_dangerclose_desc
8B7E9296C64ACC7F,death02_explode_chunk_04_jnt
8B7EBB3E88429200,p7_slu_dumpster_lod0
8B7F37CEDC5EB1AE,tag_scope_front_lid_animate
8B7F879DFB059261,aac_kitchen_knife_03_lod0
8B7F907D0D0F94B2,afr_ground_trash_06_lod0
8B7FCECF03E66A5C,reargrip_pine_support_slim_sm_guniform45
8B8087DC5BED4727,zm_callingcards_master_melee_wakizashi_zm_cc
8B80F5C314D3D926,j_gun_le
8B822C81461B636E,medal_wz_squad_wipe_duo
8B82798703805EFB,military_ammo_can_ui
8B83785178E0C520,tag_bipod
8B83FD18400CDFF9,950
8B841D4CCD66901A,gamedifficulty_veteran
8B84511831180C5F,zm_callingcards_zm_zombie_boot_camp_mastery_cc
8B85E9632A5382E8,tag_gas_tube
8B86941333707845,j_keys1_le
8B86DFA7C2CF38CE,state9_exit
8B878318400FF982,960
8B89CBEFE5AA15F8,weap_ar57_clipin_fast_plr
8B8B84CAFFA5ECD3,dof_3.5_50_400_400
8B8BC88AAE180D96,cal_sm_762mm_tokarev_bromeopg_down2_noimp_zm
8B8D32CA2AEB56FD,shutdown_damage
8B8D971734EB2BEC,sdr_cqb_exposed_prone_pstl_fast_arrival_r_8
8B8D981734EB2D9F,sdr_cqb_exposed_prone_pstl_fast_arrival_r_9
8B8D9B1734EB32B8,sdr_cqb_exposed_prone_pstl_fast_arrival_r_4
8B8D9D1734EB361E,sdr_cqb_exposed_prone_pstl_fast_arrival_r_6
8B8DA01734EB3B37,sdr_cqb_exposed_prone_pstl_fast_arrival_r_1
8B8DA11734EB3CEA,sdr_cqb_exposed_prone_pstl_fast_arrival_r_2
8B8DA21734EB3E9D,sdr_cqb_exposed_prone_pstl_fast_arrival_r_3
8B8E0F1840155314,900
8B8E2F2C514F74B7,s4_foliage_oak_tree_lrg_01b_vista
8B90369E1812AE35,grave_lid_chunk_10_jnt
8B9068445A9A7EFD,p8_zm_red_hanging_trinket_cluster_basket_02_lod0
8B909C13A75C27CB,s4_mp_custom_sn_moscar32_extmag_stand_reload_empty
8B9102DA0626240E,fire_struct_med_03
8B9104DA06262774,fire_struct_med_05
8B91282CA8BF1A3C,trans_2_nonads_crouch_weapons_any_pistol
8B919A33BD6381B6,s4_mp_execution_constanze_01_attacker_laststand
8B91F86D3FBBD7C0,gumball_activated_shiny_14_jnt
8B9395D66FE2D2FC,fire_stand_ads_weapons_s4_pi_malpha96
8B93A7DB9A23191F,p7_fir_ball_sports_baseball_lod0
8B9442D8CDDD6933,tag_knife_fx1
8B94D48E22485BE9,plastic_42_jnt
8B950C5887BFB4DC,s4_mp_custom_sm_mpapa40_base_prone_reload_empty
8B9533E74BE057BD,alt_mode_out
8B968DA833B34047,tag_teabag_line_01_animate
8B96BAC10D5B6AE5,sfg_start_hardcore
8B972067639DFD88,s4_acc_attach_face_108_large
8B97900F6350452A,BUNDLE_3015_TITLE
8B97A6DEA744825B,j_cape_rear3_ri
8B9A7D0F93C4959B,p7_debris_trash_snack_bag_07_lod0
8B9C0FF42D796DA0,dyn_bag_lf_1
8B9C12F42D7972B9,dyn_bag_lf_2
8B9CA513C3FD611B,silencer_heavy_malpha1916
8B9D0C1D8EBA63F2,j_sleeve2_05_ri
8B9DD1B52150AAEB,sdr_com_molotov_reactions_left_arm_sling
8BA08ABA7887673D,p9_nt6_ceiling_fan_01_lod0
8BA118132710F3A2,sdr_mp_crouch_moving_trans_2_nonads_sh_romeo870
8BA22BEFC3874123,sdr_com_cover_right_crouch_pstl_jog_exitfull_9
8BA233EFC3874EBB,sdr_com_cover_right_crouch_pstl_jog_exitfull_1
8BA234EFC387506E,sdr_com_cover_right_crouch_pstl_jog_exitfull_2
8BA238EFC387573A,sdr_com_cover_right_crouch_pstl_jog_exitfull_6
8BA239EFC38758ED,sdr_com_cover_right_crouch_pstl_jog_exitfull_7
8BA28272CA7FEFD3,reargrip_fabric_short_sm_owhiskey
8BA2D22B74788973,j_wristtwist1_le
8BA3481B74F89FF0,wristaccesory_t9_s3_digital_death_touch
8BA35327D2D55FAF,pf6595_auto65
8BA4E9CC529EDF27,smg_capacity_bp_pink
8BA5164920054C43,paintjob_stickers_vts_final_01_s5
8BA629FD4A6D9CEA,p7_zm_sha_statue_finial_lod0
8BA67F66E7FB7474,green_shirt_hanging_03
8BA68166E7FB77DA,green_shirt_hanging_01
8BA6B6737C0BFAC1,cod_account_sign_in_confirmation
8BA6FDAFB2283303,snprscope_medium_ger_kgolf40
8BA70D726731B69B,p9_rus_service_elevator_railing_trim_02_lod0
8BA74C021B4107BF,wm_m1golf_stock_rn_00
8BA750C51A3595CA,tag_fx_nav_light_rear_red
8BA765ED2028E319,tail_6_jnt
8BA7A0322D1C1CA5,BUNDLE_5012_TITLE
8BA81AD5D6C9F034,j_engine_01_le_pba_3
8BA81BD5D6C9F1E7,j_engine_01_le_pba_2
8BA81CD5D6C9F39A,j_engine_01_le_pba_1
8BA954CC41911C17,s4_acc_attach_face_73_large
8BA97BC4ABB4137B,tag_ctrl_sliding_door_left
8BA9B9BE0ED8E34C,gadget_supplypod_desc
8BAA654E83A06084,parts_wristwear_mp_watch_i_big_wm
8BAAC9EC66DC5CF0,SMG_BURST_BP_KWANZAA_DISPLAYNAME
8BAAEE24B1FF5B0C,cal_md_xmag_45_owhiskey_up1_pack_zm
8BAB50201D535F84,dyn_kettle_01
8BAB53201D53649D,dyn_kettle_02
8BAE6A52E3CCC55C,grenade_prepare_moving
8BAFBA449DB2E47E,egg_keeper_jnt
8BB040CEE19A976D,shoulderhelper0_jnt_dog
8BB1196A87E763A9,bottle_1
8BB430AD1215FA7C,tag_pin_ring_pull_animate
8BB5612D9950EABC,callingcards_sliceanddice_s5
8BB580FC313E90EE,p9_vnm_roof_bamboo_03_lod0
8BB6D6E6736FC514,s4_mp_fingers_lm_bromeo_gripstock_r
8BB6E4823D42A4B4,p7_slu_roof_sheet_metal_frame_narrow_lod0
8BB7022B7489840D,j_wristtwist1_ri
8BB75F826104C52E,MELEE_WAKIZASHI_BP_REBEL_DESCRIPTION
8BB7D1A5782EEBF4,reargrip_grooved_sniper_ar_asierra44
8BB8B194491733BF,reload_quick_ads_alt_weapons_s4_sn_gecho43
8BBA0968CD953848,weapon_lower_quick_crouch_moving_weapons_iw8_ball
8BBAF2FAAF0D946F,ps_wpn_ppapa41_plr_inspect_zmbgun_part_2
8BBAF3FAAF0D9622,ps_wpn_ppapa41_plr_inspect_zmbgun_part_1
8BBB051425601DA9,s4_mp_custom_sn_aromeo38_base_stand_ads_reload_empty
8BBBD76DF8F61877,vm_svictor40_grip_ta_00_grv
8BBBE46DF8F62E8E,vm_svictor40_grip_ta_00_gra
8BBC1F610F49C332,j_jacket_3_le_end
8BBC5CB0138FD4B7,gib_generic1_arm
8BBCF74583BA7D65,p7_suspension_bridge_cable_support_assembly_01b_lod0
8BBD61FDDEC87B58,tag_turret_motor
8BBDBA163D74DEFB,tag_landing_gear_door_left_rear_outer_animate
8BBF429E7D3D77C0,sdr_mp_stand_custom_chargedown_lm_dblmg_juggernaut
8BBF869367DFC606,adjust_ads_crouch_moving_weapons_s4_lm_malpha7
8BBF8FF3D7350A94,fire_stand_any_mounted_weapons_s4_sh_becho20
8BC1D30EF032DE67,tag_fx_cabin_light_01
8BC1D40EF032E01A,tag_fx_cabin_light_02
8BC244C4AA3B4FB1,ATTACH_T9_CHARM_BURGER_TOWN_DESC
8BC2DF1E5A10FD30,reload_weapons_s4_pi_ttango33
8BC34E7C7CC7B6F0,sdr_com_cover_right_crouch_reload02
8BC3517C7CC7BC09,sdr_com_cover_right_crouch_reload01
8BC4D49E097E38EA,ATTACH_T9_CHARM_ABOOT_DESC
8BC66B4B8023B23C,s4_zm_ger_door_metal_04_flat_painted_clean_mp_green_nophysics
8BC7916041624FBB,p7_hose_lab_sink_01_pile_lod0
8BC7E624806846A9,cob_pg_concrete_rubble_chunk_04_lod0
8BC8F95A55A1E25F,necktensel
8BC90F5A55A207C1,necktenser
8BC9A9C86A63FC7D,vm_bromeo35_grip_ta_00_pin
8BC9AFA7163EA86B,weapon_lower_quick_prone_weapons_any_smg
8BCA206FE8CCD219,prestige_iw3_4_large
8BCB077877AAA84A,ee_debris_tile_roof_hole_a_woodbeam_06_lod010v41bf800000
8BCBABCC30CF06A9,cal_xs_xmag_22lr_gecho43_down2_noimp_zm
8BCC12BB7EF6779B,tag_gastank_left
8BCC42E209D0D119,ps_mp_potm_generic_present_present_01
8BCCE3FA35A8289B,shotgun_semiauto_bp_supers
8BCE1134579F84E8,tag_wheel_04_animate
8BCE66A8FD3E40C9,reload_quick_empty_prone_alt_weapons_s4_ar_chotel15
8BCE859C470616F4,komodo_j_pinkytoe_le_2
8BCE889C47061C0D,komodo_j_pinkytoe_le_1
8BD0CB3D699911F9,tag_door_right_back
8BD0F5E460B9DA8E,ps_mp_execution_padmavati_laststand_bladepull
8BD3D95F2A10913F,s4_zm_jpn_corrugated_sheet_metal_88x48
8BD45ABB43AE0335,silencer_light_small_ppapa41
8BD6FD56BB09F8C9,adjust_ads_crouch_weapons_s4_sm_stango5
8BD70F0B52BCC16E,p9_corrugated_wide_wall_01_24h_72w_01
8BD73B1850A33671,p7_wes_fireplace_vintage_lod0
8BD7D60A5D818BCB,t9_charm_prison_shiv_desc
8BD8FB1DA7F7C757,tr_damagesemi_bp_batts
8BD9101840554041,9.5
8BD991C7395ED6BD,p7_zm_isl_map_32x32_lod0
8BDB77B81C10E6A1,pain_cover_left_stand_to_cover_left_stand_expb_anim
8BDC03C405A1D44E,s4_zm_jpn_roof_center_01_wood
8BDCD00FAF92DD61,dty_bomb_active_two
8BDD6198940AC775,sdr_com_cover_stand_long_death_mytr_grenade_death_l
8BDE14C036ABEC4D,dun_belongings_book_pile_01_dust
8BDFD28EA69CC361,targetdummy_static_01_lod0
8BE16DF703F30FCE,tag_leg_left_ankle_rotate_animate
8BE1DCC395E90FC0,t9_charm_tv_numbers
8BE2CD98D7FF191A,sgon_duga_building_03_wall_3windows_bottom_grouplod
8BE2F2BE79DEFE33,tag_shocker_mount_r_04_animate
8BE4906BF479FA90,s4_mp_addoff_lm_bromeo37_base_mount
8BE57698BBF22159,c_t9_grenade_pouch_01
8BE76D7937240A24,s4_mp_custom_ar_asierra44_extmag_prone_reload_empty
8BE78D42948E9D9D,fav_light_wz_assembly_mpx_bp_villain_desc
8BE9682046197362,3sprint
8BE9711E30BCBDF0,s4_camo_07i_zm
8BE9C8304AD30DEC,s4_mp_custom_sp_flima35_base_fire_weapon
8BEC375841B05B5B,p9_nt6_mannequin_female_hand_l_dirty_lod0
8BEC42443A21B0F2,AR_ACCURATE_BP_REAPERB_DISPLAYNAME
8BECB4FCBEEA4705,reargrip_fabric_marksman_mr_m1golf
8BED2A5D7ADA70FF,p9_rus_signage_street_tri_01_decal1
8BEDF0C9D25672E4,tag_bullet_deplete_swap_03_animate
8BEE48D50760E5A6,acog_strong_chotel41
8BEF0277145F1FE2,s4_ger_door_wooden_01_destp_frame_double
8BF088477E48EF33,Squint_02_L
8BF0A6477E49222D,Squint_02_R
8BF0C15C7008459B,ar_fasthandling_bp_tagger_sy
8BF158E02578CC14,p9_rock_faceted_01_pebble_patch_lrg_02_lod0
8BF240B868CACEAB,muzzle_brake_large_m1golf
8BF38C2A1A981451,sdr_mp_execution_056_victim_laststand
8BF3A9C28454E121,tag_barrel_rear_attach_animate
8BF3E1E032AE747B,loot_smg_spray_bp_betty_desc
8BF4F6B9BDFF6090,under_scope_part_11_low
8BF5967BD592B11F,p9_usa_ship_ticonderoga_port_a
8BF5977BD592B2D2,p9_usa_ship_ticonderoga_port_b
8BF59993CC3FA54F,reargrip_stippled_sm_aromeo43
8BF64A4C860C1196,zm_holo_reticle_6_r
8BF66F950E476EB5,ps_mp_potm_halima_weapon_foley_03
8BF6876633B84C4D,reload_empty_prone_weapons_s4_sn_mptango41
8BF782E1E5F33E7D,reload_prone_alt_weapons_s4_ar_valpha52
8BF788BC92BF32B3,umbrella_top_042_jnt
8BF9C0C49EB70A92,zm_callingcards_master_ar_british_zm_cc
8BFADB5C7010C64E,ar_fasthandling_bp_tagger_pc
8BFD40ACD811B563,aac_window_panes_square_56x20_01_lod0
8BFE61C8F65DB1FF,bs_technical_s03_pitch_melee
8BFE8676170C8045,lookset_cover_left_stand
8BFF1032CDEF0B75,s4_mp_custom_ar_valpha52_base_prone_reload
8BFF10340DE35663,p8_kit_ice_gutter_end_cap_lod0
8BFF285533977F32,voice_chat_enable
8BFF38638F05A562,offhand_crossbow_empty
8BFFB67DF227135C,wm_bromeo35_angled_102
8C025CD329CD6997,callingcards_lazar_animated
8C04F987BF856681,melee_crouch_weapons_s4_sm_wecho43
8C05617FA2F4EA68,p9_rus_ship_barrel_graphics_02_lod0
8C05823D407D6969,reload_quick_weapons_s4_sm_mpapa40
8C05A746C8F6DC13,callingcards_master_ar_british_mp
8C05FEE7919E78EF,p8_spa_beach_pillow_yellow_lod0
8C07C8D59067EDDB,p8_zm_powerup_fire_sale_lod0
8C083AEF85F1E632,sdr_mp_pain_stand_torso_bk_center_01
8C094B194AC83FF8,tag_base_mixmuzzle_02_attach
8C0A87B2774148F3,j_neck_elf
8C0B69B19783CF6C,foliage_lab_shrub_01_sml_cut_one_lod0
8C0BEE6642B72AE5,cal_xs_16ga_bird_becho_down1_pack_zm
8C0C965748893AF4,tag_dart_01_fx
8C0CC58259CC2688,foregrip_angled_thotel
8C0CD7D262128684,equipment_satellite_dish_01_sml_plate
8C0D07A33768B999,p8_zm_zod_ice_chunk_lrg_01_lod0
8C0EBA4322F7AA81,reargrip_leather_reinforced_sh_becho
8C0F08CB8A94CE72,ar_season6_t9_desc
8C10B7F36B35A001,atv_tire_right_low
8C116D48D5C2B5FC,reargrip_rubber_removed_ar_stango44
8C1195B277477F6B,j_neck_end
8C122FEC34556233,s4_rus_sandbag_lrg_02_snow
8C1243D0C3940B16,sdr_mp_execution_073_victim_stand
8C13E12929DED114,screws
8C154931A3624BAE,belt_latch_open
8C18FD968C6143EA,smg_heavy_bp_panda
8C1905E58108F648,j_paper_02_11_le
8C1A0306163DEEE1,mp_moscow_intro_cin
8C1A07EA74EF25DD,reload_quick_empty_weapons_s4_la_m1bravo
8C1A31C552B40337,tag_missile_02_fin_upper_right_animate
8C1CDBDAAB53E69B,cp_tarmac_sh040_price_face
8C1D67CE763255C1,zm_callingcards_master_melee_sai_zm_cc
8C1D9B8DCF21B134,jawleft
8C1DAD06AF94B8DF,j_grenade2_1_parent
8C1E851EFCAC96BC,j_smokegrenade_front1_le
8C1EF2A5FE12F2B4,tag_driveshaft_left_outer_target
8C1F467A1D69E5CC,j_spinelower_elf
8C1FDDE5810ED0FE,j_paper_02_11_ri
8C202C5CEEA4A5F4,emblems_gravedigger
8C205510D8D15B34,t9_charm_c4_clacker_desc
8C209CD71C34985F,mp_crouch_moving_melee_hit_04_me_fists
8C20CD159E427C3D,selftag
8C21084BC9F830FF,wm_stango44_barrel_xl_00
8C21D5DC87F147DE,reload_quick_prone_weapons_s4_ar_kgamma40
8C222BB1DD8A4B60,wm_asierra44_mag_00
8C224563523EC3AF,s4_mp_custom_sn_svictor40_extmag_stand_reload_empty
8C26B5486A26DAF0,stander_bodydecal02
8C26BAD892893A73,ropedrop_bone_08_jnt
8C26BB486A26E522,stander_bodydecal04
8C26BC486A26E6D5,stander_bodydecal05
8C27D1B3089B8779,reflex_lens_01_bromeo37
8C2967D22CDE6327,cli_lilypad_01
8C2968D22CDE64DA,cli_lilypad_02
8C2969D22CDE668D,cli_lilypad_03
8C2ADAA0B58E786B,xmags_fecho
8C2BBFFBB3C5F2E8,reargrip_taped_mr_gecho43
8C2BEA342C5828FF,reargrip_bakelite_marksman_mr_malpha1916
8C2E06B72C5186AA,s4_mp_addoff_ar_stango44_base_blindfire
8C2E486C9E1413AB,BUNDLE_1061_TITLE
8C2F247AC3A2D025,p9_fxp_zm_tesla_ball_lightning_bolt_02_lod0
8C2FB52DB598ACA0,p8_zm_esc_junk_pile_96_b_lod0
8C30F87E77BEEEC2,dof_4_277_050_050
8C3341DAE0A519E4,vm_wecho_mag_00
8C339A8D9F3821E6,BUNDLE_1017_TITLE
8C344972B82C2EA7,tag_blades
8C3514E3F21E0591,adjust_blindfire_blindfire_right_weapons_s4_ar_chotel15
8C354A99994901BE,p7_zm_nac_barrel_explosive_red_lod0
8C3583914FE34138,spine_1_animate
8C359FF462A342A0,stem_02_01_jnt
8C3AB6B332ECD541,callingcards_mw2_0010_schooled_desc
8C3B4B73917C59D4,s4_mp_custom_sh_lindia98_base_prone_trans_2_nonads
8C3B7F7B61988052,iw7_cp_zom_prone_run_traverse_over_40_down_128_01
8C3D09F37B896D00,prone_gesture030
8C3D0AF37B896EB3,prone_gesture031
8C3D0BF37B897066,prone_gesture032
8C3D0CF37B897219,prone_gesture033
8C3D0DF37B8973CC,prone_gesture034
8C3D0EF37B89757F,prone_gesture035
8C3D0FF37B897732,prone_gesture036
8C3D105E55A955FB,execution fire
8C3D10F37B8978E5,prone_gesture037
8C3D11F37B897A98,prone_gesture038
8C3D12F37B897C4B,prone_gesture039
8C3D44FF94568A47,bottle_fluid_fill_01_jnt
8C3F97236E6552A8,p9_usa_concrete_trim_straight_01_128_lod0
8C3FB2048795EF69,reb_stl_alert_flash_aim_8
8C3FB8048795F99B,reb_stl_alert_flash_aim_2
8C3FBC0487960067,reb_stl_alert_flash_aim_6
8C3FBD048796021A,reb_stl_alert_flash_aim_5
8C3FBE04879603CD,reb_stl_alert_flash_aim_4
8C4025D5F71B6CD9,j_foretoe_02_ri
8C408CF37B8C8170,prone_gesture023
8C408DF37B8C8323,prone_gesture022
8C408EF37B8C84D6,prone_gesture021
8C408FF37B8C8689,prone_gesture020
8C4090F37B8C883C,prone_gesture027
8C4091F37B8C89EF,prone_gesture026
8C4092F37B8C8BA2,prone_gesture025
8C4093F37B8C8D55,prone_gesture024
8C4096F37B8C926E,prone_gesture029
8C4097F37B8C9421,prone_gesture028
8C43D5BAD1FE756F,plastic_84_jnt
8C440FF37B8F95E0,prone_gesture016
8C4410F37B8F9793,prone_gesture017
8C4411F37B8F9946,prone_gesture014
8C4412F37B8F9AF9,prone_gesture015
8C4413F37B8F9CAC,prone_gesture012
8C4414F37B8F9E5F,prone_gesture013
8C4415F37B8FA012,prone_gesture010
8C4416F37B8FA1C5,prone_gesture011
8C4419B9A9F4D011,glob_stage_07_to_09_c_move_jnt
8C441DF37B8FADAA,prone_gesture018
8C441EF37B8FAF5D,prone_gesture019
8C44CC251CA9D03A,left8lfast
8C45A307F703AC4F,ar_accurate_bp_draid
8C45EA014640DABA,j_grenade2_ri
8C473DD5F721B44F,j_foretoe_02_le
8C4792F37B92AA50,prone_gesture009
8C4793F37B92AC03,prone_gesture008
8C479AF37B92B7E8,prone_gesture001
8C479BF37B92B99B,prone_gesture000
8C479CF37B92BB4E,prone_gesture003
8C479DF37B92BD01,prone_gesture002
8C479EF37B92BEB4,prone_gesture005
8C479FF37B92C067,prone_gesture004
8C47A0F37B92C21A,prone_gesture007
8C47A1F37B92C3CD,prone_gesture006
8C4824C9035026B3,sdr_mp_addoff_me_knife_ads
8C48444ECF978760,ps_mp_exec_thomas_01_stand_hit_03
8C48454ECF978913,ps_mp_exec_thomas_01_stand_hit_02
8C48464ECF978AC6,ps_mp_exec_thomas_01_stand_hit_01
8C4946AFBDDCDD0E,adjust_mount_right_weapons_s4_ar_balpha
8C497679F0BDD722,vm_asierra44_nydar_101
8C498B9C7BEC31B4,dyn_r_sidebag_02
8C498E9C7BEC36CD,dyn_r_sidebag_01
8C49DFEE4FF84F72,reload_quick_empty_prone_weapons_s4_sm_ppapa41
8C4BB21FC5A44651,jnt_post_l
8C4BBC1FC5A4574F,jnt_post_r
8C4BFB116AFF1DAD,j_metaindex_ri_1_elf
8C4C547C45D7B5A1,j_cannon_le_2_fx
8C4CD7CBBD072AC0,veh_t9_mil_snowmobile_mpx_direwolf
8C4DE12AC708DE6A,adjust_nonads_prone_weapons_s4_sh_mike97
8C4EB06FE1C1456F,signature_weapons
8C4F2B64C535B6AD,p9_zm_chalice_metal_gold_lod0
8C50844FF711C772,p8_zm_zod_pipe_set_conduit_01_lod0
8C513056F2297A07,emblems_numbers_reactive_animated
8C51481D4512BD80,ps_wfoly_plr_sn_kilo98_drop_quick_01
8C51D37422301E75,sprint_turn
8C52012A8BAE909D,trans_2_nonads_prone_weapons_s4_ar_hyankee44
8C5295909ABD6869,extra_time_control
8C52E443E98A9D44,offhand_sn_crossbow_empty
8C52FC7E54052DC4,tag_cv_jnt_lwr_rr_aim_parent
8C539AA2F7262B0E,vm_gecho43_grip_00_stp
8C53A5E721711A3C,reargrip_leather_skeletal_mr_kalpha98
8C53DE7BF2372C1D,tag_bullet_deplete_swap_00_animate
8C5404E9C77F05B6,s4_mp_custom_sm_ppapa41_base_stand_reload_empty
8C548EE67D96B8AA,dyn_binoculars1
8C54E7FFD032299C,sdr_com_exposed_run_exit_9
8C54E8FFD0322B4F,sdr_com_exposed_run_exit_8
8C54ECFFD032321B,sdr_com_exposed_run_exit_4
8C54EDFFD03233CE,sdr_com_exposed_run_exit_7
8C54EEFFD0323581,sdr_com_exposed_run_exit_6
8C54EFFFD0323734,sdr_com_exposed_run_exit_1
8C54F1FFD0323A9A,sdr_com_exposed_run_exit_3
8C54F2FFD0323C4D,sdr_com_exposed_run_exit_2
8C550EF37B9E0760,prone_gesture045
8C550FF37B9E0913,prone_gesture044
8C5510F37B9E0AC6,prone_gesture047
8C5511F37B9E0C79,prone_gesture046
8C5512F37B9E0E2C,prone_gesture041
8C5513F37B9E0FDF,prone_gesture040
8C5514F37B9E1192,prone_gesture043
8C5515F37B9E1345,prone_gesture042
8C551AF37B9E1BC4,prone_gesture049
8C551BF37B9E1D77,prone_gesture048
8C559C5F39185310,vm_stango5_grip_folding_00_fab
8C55CB5C705D56CB,ar_fasthandling_bp_tagger_ms
8C5621E33A106380,j_knife_backpack_le
8C566EA61DCCE2AA,j_middle_toe_le
8C56BE7FB1F7ED60,mp_league_25_03_large
8C590F96A571F7F6,reload_empty_alt_weapons_s4_sm_aromeo43
8C59CA0146514D64,j_grenade2_le
8C5C153864FBA795,vm_lindia98_grip_ri_00_pin
8C5E36074D25E465,ps_mp_mvphl_francis_foley_01
8C5E816140E9E98E,tag_dial_1_animate
8C601794749DE85E,tag_curtain_06g_animate
8C6073ABD4EB9005,t9_charm_league_c4_bomb
8C616DE6CBD78344,tag_supension_steering_hub_left
8C61A6E86A457AF3,p8_ice_soil_erosion_c_lod0
8C62D87B3E0727F2,j_door_animate
8C64ECF66997B50D,p9_sur_machine_computer_screen_inspect_on_a
8C6577FE69A4E95B,weapon_lower_stand_weapons_any_pistol
8C6654B457B2E895,sdr_mp_skydive_fast_low_trans_7
8C6655B457B2EA48,sdr_mp_skydive_fast_low_trans_8
8C6656B457B2EBFB,sdr_mp_skydive_fast_low_trans_9
8C66DB761A9B319F,tag_gun_extension1
8C66DC761A9B3352,tag_gun_extension2
8C66DD761A9B3505,tag_gun_extension3
8C6890858C003DF7,emblems_fa_ms_base
8C68AE85EAC1EF94,BUNDLE_1060_DESCRIPTION
8C69D01ED255D03D,chute_43_jnt
8C6AC0C68B497F26,crouch_turret
8C6B31DD3315164B,SMG_BURST_BP_MANEATER_DESCRIPTION
8C6BEFA2278DFF32,reload_empty_alt_weapons_s4_lm_mgolf42
8C6C6F2C2DF1ACCA,wm_thotel_grip_wrf_00_htc
8C6D1866ADA93E4E,j_clothi_4
8C6D1966ADA94001,j_clothi_5
8C6D1A66ADA941B4,j_clothi_2
8C6D1B66ADA94367,j_clothi_3
8C6D1C66ADA9451A,j_clothi_0
8C6D1D66ADA946CD,j_clothi_1
8C6D6A2918F0DAE4,operator_bundle_3015_rivas_scout_marksman
8C6E62664E89F9D0,tag_missile_left_attach
8C6F0B348295ABB3,tag_front_right_flame_2
8C6F0C348295AD66,tag_front_right_flame_1
8C70C4F42DBE60E4,s4_rus_medical_dissecting_knife_01_destp
8C70E59DBA98CF81,wrist_accessory
8C7209F1295D8555,s4_ger_window_curtain_01_2sided
8C72E8501EB90C62,t9_charm_hair_dryer_desc
8C7380F5BE80B9D3,sdr_mp_additive_ar_mike4_hybrid_toggle_west03
8C7382F5BE80BD39,sdr_mp_additive_ar_mike4_hybrid_toggle_west01
8C73B33FC44218E5,clk_wall_light_lod0
8C744755685AC70F,s4_mp_addoff_la_palpha60_base_prone_nonads
8C74B88F760BB15B,rocket_off
8C756B6B6C706D73,cal_sm_xmag_guniform45_down1_pack_zm
8C75B1B78A1CFFD3,p8_kit_col_row_11_railing_01_basic_white_wood_32_01_lod0
8C75D475258C3F8E,sdr_com_cover_right_stand_long_death_mytr_idle
8C7686CFFF8EFFE4,j_goggle_2
8C7689CFFF8F04FD,j_goggle_1
8C77E097766F9337,t9_charm_8_ball
8C78DAD2686BD806,sdr_mp_crouch_melee_hit_01_pi_golf21_akimbo
8C798C3AA91E5CC1,reargrip_hatched_tactical_light_mg_tyankee11
8C7AB891EC376B01,reload_quick_empty_ads_weapons_s4_lm_fromeo45
8C7B09DDCA991AB5,melee_crouch_weapons_s4_sm_owhiskey
8C7D60088A7CE20D,s4_zm_jpn_wood_post_02
8C7D7F52166498AF,Dependable
8C7E1BC3A70DA9A9,dr_jump_down_184
8C7F39C52E415F52,c_cin_t9_frontend_char_cust_player_idle_cam
8C7F4052B6C22976,scriptable_flak_tower_ger_switchboard_microphone_dyn
8C80B68D8B2B7C66,cob_farmhouse_roof_splinter_04
8C80B88D8B2B7FCC,cob_farmhouse_roof_splinter_02
8C80B98D8B2B817F,cob_farmhouse_roof_splinter_03
8C81ABDD2D983000,vm_chotel41_grip_tape_rn_htc
8C81EDBE43E7D010,crouch_offhand_akimbo
8C82425C9309995C,tag_elbow_stretch1_ri
8C83DE82AE8AD06A,jump_land_sprint_smg
8C8445D2A38F79FA,t9_charm_tacsnowman
8C84B3143E6D5D40,p7_ladder_metal_secured_64_lod0
8C85B625A3243D77,t9_charm_crystal_skull_desc
8C8686A61DF62F34,j_middle_toe_ri
8C8710538716F571,ps_mp_execution_roland_laststand_neckpunch
8C8731DE2D70AAD2,wire_26_jnt
8C891A5C930F7412,tag_elbow_stretch1_le
8C893423AB019071,crouch_moving_iw8_rocketlauncher1
8C8A1EAC1BC1E043,p9_zm_outbreak_artifact_omega_flag_inspect_lod0
8C8A249953B2DC8A,operator_bundle_4033_bulldozer_big_bad
8C8A77AABA2DC128,tag_cap_base_animated
8C8C581A77E559E4,sdr_mp_addoff_ks_binoculars_nonads@1
8C8C5A1A77E55D4A,sdr_mp_addoff_ks_binoculars_nonads@3
8C8C5B1A77E55EFD,sdr_mp_addoff_ks_binoculars_nonads@2
8C8CB71E96AEE3C3,dr_jump_down_184_run
8C8D2BD4842A18D9,wm_tyankee11_grip_sp_00_bkl
8C8D8FB29DEF8EB4,paintjob_prestige_t8_zm_06_large
8C8E160D34AA66C4,frame_mount
8C8EC2638F73F51E,t9_charm_turkey_leg_desc
8C8F7870DEEA9ED2,s4_mp_custom_lm_mgolf42_base_prone_pullout_first
8C90004DE8F94AA9,p8_zm_chaos_portal_01_chunk_03_cheap_lod0
8C909D980DD9BF2D,cover_crouch_headlook
8C910983B78215AD,reload_quick_alt_weapons_s4_sm_mpapa40
8C914ADBF67B07FF,crouch_default_launcher_ads
8C929424F8AC4ED7,AR_FASTHANDLING_BP_OPULENCE_DISPLAYNAME
8C9341EB2CF32B84,sdr_mp_lower_2_chest_ar_mike4_quick
8C93968BEBD85208,cal_xs_22lr_owhiskey_down1_pack_zm
8C9498788DE8E355,p8_foliage_weeds_tall_corner_32x16_90_lod0
8C94C771AC44D6C2,gear_armor
8C94FC734B2D050E,emblems_darkaether_s4_sheet
8C955C0B0515E55B,sdr_mp_strafe_trans_fast3_fast7
8C96B9FA91198DAA,pf643_auto6
8C97942587D5EC48,dyn_ghillie_r_01
8C98A2FE1EAD2E13,weap_g18_chamber_plr
8C991D13415A96AF,tag_fx_body_front
8C9930A996B37AA9,weapon_first_raise_prone_weapons_any_pistol
8C99BEEC112D8C06,s4_mp_custom_ar_fecho_base_stand_pullout_first
8C99DC5D7C804DA6,p7_suspension_bridge_cable_support_assembly_01a_lod0
8C9A90E84B9C7D10,cal_md_xxlmag_45_malpha96_down1_pack_zm
8C9AC356315E27A3,j_diamond_c3_ri_5_animate
8C9BA5F5830E28F9,smg_accurate_bp_zombied
8C9C0661D029E0CC,tag_wheel_spin_middle_right_02_up
8C9E3289B5CE4798,p8_aus_rock_pile_xlarge_01_lod0
8C9EEF7CDE53EA7F,pc_mutesound
8C9F54B7ACA520A0,pf549_auto610
8C9F55B7ACA52253,pf549_auto611
8C9F56B7ACA52406,pf549_auto612
8CA27ACB6C85B128,s4_zm_building_support_beam_05_resize
8CA2B186A05564AF,tag_bullet_deplete_sqtl_03_animate_left
8CA2E1B7ACA8460E,pf549_auto609
8CA2E2B7ACA847C1,pf549_auto608
8CA4ADD57C7B271B,s4_mp_addoff_ar_fecho_base_crouch_moving_nonads
8CA61835D88FE77E,wm_plry_ladder_rung_hand_drop_low
8CA635E2655F5E80,hur_mill_door_01b_lod0
8CA6D60695A73A39,p8_ice_rock_wall_03_crawl_hole_lod0
8CA7A669E628F817,p7_suspension_bridge_cable_support_02_lod0
8CA9D5491F078281,anim_pose = prone
8CAA7B36C874D303,mdl_label_cp_rus_amerika
8CABA3C90BA29E78,realod_ads_quick_check
8CAD577BBC875DFB,sgon_cp_rus_siege_perimeter_bldg_front_damaged_opt
8CAD88C840121AD5,mp_prone_custom_fire_sn_mike14_ads
8CAE70E2A8E646F1,woodbeam_12_lod0
8CAEA2133EA83E5C,kls_counteruav_used
8CAEF3C580507C4C,scope4x_reticle_9
8CAEF7C580508318,scope4x_reticle_5
8CAEF9C58050867E,scope4x_reticle_7
8CAEFBC5805089E4,scope4x_reticle_1
8CAEFDC580508D4A,scope4x_reticle_3
8CB04C6023869480,jog_mantle_down_lg_90l
8CB06A602386C77A,jog_mantle_down_lg_90r
8CB0F0586125C0A2,p9_rm_rai_mural_painting_01_lod0
8CB14B77354BFC9F,fmags_aromeo99
8CB1827065E021B0,reargrip_bakelite_padded_mr_gecho43
8CB235492656BEEF,ferro_le_7_animate
8CB2595B14BF77E2,s4_sn_moscar32_alt_mode_out_crouch_moving
8CB603D72B2D894B,callingcards_mw3_0002_joint_skulls
8CB62D1996317194,vehiclehorn_csquares
8CB64567D09FE2A2,moving_s4_la_palpha60
8CB6B6AE7A1639E4,umbrella_base_056_jnt
8CB6BB22051E8AB4,tag_joint_top
8CB786D9F8B6340D,p7_spl_ship_pirate_wheel_lod0
8CB8E887DB9E35B0,curtain2_low
8CB9E482A7667026,smg_heavy_bp_dinotoy
8CBA45807D9A5745,tag_body_window_hood_canvas6_le
8CBA484310898AAA,wm_luniform_grip_00_rub
8CBC9B2F7FD23F2F,reargrip_leather_short_sm_wecho43
8CBE21581069935E,pain_cover_left_stand_expb_anim
8CBFE359B7FF5F24,p9_core_cabinet_wall_rack_tools_01_lod0
8CC08DCE65174DBC,holo_01_offset_chotel41
8CC13C6CBBED093C,ar_accurate_bp_opulence
8CC182B313E89168,s4_sneak_walk_turn_7_proto
8CC1A6B8B7C39237,adjust_nonads_crouch_weapons_any_lmg
8CC1D64A8FB6E05C,j_foretoe_ri_1
8CC1D94A8FB6E575,j_foretoe_ri_2
8CC24D77355A7338,fmags_aromeo43
8CC26083231758FB,ar_accurate_bp_cdl_sy
8CC2EE96C5B7FAB6,s4_mp_strafe_8_death02_legs_xl_4
8CC326A92E96B3BC,j_tongue_01_ri
8CC4263581A99610,reflex4_reticle_3
8CC4283581A99976,reflex4_reticle_1
8CC42A3581A99CDC,reflex4_reticle_7
8CC42C3581A9A042,reflex4_reticle_5
8CC4303581A9A70E,reflex4_reticle_9
8CC65FB09E66140E,j_l_wing_large_feather27_le_primary
8CC6B7A1A2520F26,adjust_blindfire_blindfire_right_weapons_s4_sn_svictor40
8CC8637A0B9834E1,j_machette_le_01_dyn
8CC88A723B77B5BA,p7_light_chandelier_vintage_03_lod0
8CC9FEA92E9C8E72,j_tongue_01_le
8CCB0CBDC7760EC0,vm_mgolf42_stock_00
8CCB10545C8D4489,boss_smtobj_rage_kick_l_exit
8CCB12CFB239FBEC,vsbots_settings
8CCB59CDFEEA2612,cp_tarmac_sh100_kamarov_face
8CCC300F4ADF1F06,s4_mp_custom_sm_guniform45_base_stand_gun_butt_hit
8CCC7A83231FD9AE,ar_accurate_bp_cdl_pc
8CCD0BF219420A3A,pf6597_auto6
8CCFB34CC287CD0D,veh_t9_civ_ru_sedan_80s_mpx_shamrocked
8CCFD3812F7D3ED2,holo_00_bromeo5
8CD08EE6C419FB48,blendspace_alias_prone_to_crouch_backward_trans
8CD0DEE7F2765FEA,sniper_accurate_bp_donnie_desc
8CD1096BB0EFACC0,lids_top_lower_r
8CD1276BB0EFDFBA,lids_top_lower_l
8CD141070428CBE1,p7_mou_data_recorder_shard_05_lod0
8CD308BBB8ADC332,p9_railings_stairs_safety_barrier_edge_01_lod0
8CD478353D5B016F,j_rope_082_animate
8CD47AD619E8EBB1,callingcards_king3
8CD53EEC6EB89A8A,vm_balpha_barrel_xl_101
8CD678EC919C0FF5,zm_intel_season_stat_list
8CD7800AA0150C50,p9_zm_platinum_harvest_canister_crystal_01_lod0
8CD7F4604D276D8C,sdr_com_traverse_fast_jump_over_drop_lg
8CD9D63D1F053A79,j_wristtwist3_le
8CD9FAF0A4A22922,sdr_mp_mantle_on_weapon_up_far_low_a_akimbo
8CDA8A0A6571D834,chute_unhide
8CDAD59598B22D53,p7_fir_tool_chest_rolling_lrg_lod0
8CDB4416C4D3BF8F,s4_rus_ds_light_tripart_02_dmg
8CDC20B875331823,ironsdefault_fecho_v104
8CDC8CB5C6346B9F,t9_charm_jackolantern
8CDDA47444ABF73C,p8_kit_spa_old_07_window_02_frame_dark_wood_01_lod0
8CDDAE1F36365C87,sdr_mp_parachute_4_yank_left
8CDE64866079BAA1,s4_mp_custom_sn_aromeo38_extmag_stand_reload
8CDEBACED6AC5729,segmented_reload_end_freefall_weapons_s4_sh_bromeo5
8CDF1E2A00B51CD2,reargrip_granular_marksman_mg_tyankee11
8CDF9BD041A1F3EA,dyn_hoslter
8CDFBB526D789CF6,p8_flower_pot_01_dmg_lod0
8CE03CF6CE271BF6,r_motionBlurQuality
8CE07837682F362C,disable_collision
8CE15EC95D065BA6,iw8_fire_sn_mike14
8CE2010217A5E967,t9_charm_parachute_soldier
8CE3C9C04233908A,ps_mp_execution_generic_pistol_01_slice
8CE3D3E08D3CBBF9,mixer_01_bath_fluid_19_jnt
8CE41A9B46CF32D2,rarm_lower_r
8CE42A9B46CF4E02,rarm_lower_b
8CE42C9B46CF5168,rarm_lower_l
8CE484B89CE38FB1,s4_dog_traverse_canter_mantle_up_md_intro
8CE535470A9F9E1F,tag_trailer_door_side_left_front_d0
8CE599AF2D44EF81,p9_nt6_mannequin_male_body_dirty_02_lod0
8CE5FFCB680CB600,s4_mp_strafe_sprint_pi_akimbo_jump_land_fast_8
8CE600CB680CB7B3,s4_mp_strafe_sprint_pi_akimbo_jump_land_fast_9
8CE60ECB680CCF7D,s4_mp_strafe_sprint_pi_akimbo_jump_land_fast_7
8CE6E6B54AE0BF13,p7_crate_ammo_metal
8CE7D9549C733503,sdr_com_exposed_crouch_pain01_torso_lg_l_to_exp
8CE8401FA2D9D95F,p7_shr_candle_floor_01_lod0
8CE9501A38DE18C8,s4_mp_custom_sn_gecho43_base_prone_gun_butt_hit
8CEABD38A2B5CE48,t9_charm_saphdeity_desc
8CEB9F24D946492F,dyn_grenade_string
8CEBB9CCA85BC176,j_magx_lever_rotate_center
8CEC4DA30464EFEF,s4_mp_fatality_generic_glaive_01_attacker_thumbnail
8CECAA291360C93D,pc_voice_chat_activation_treshold
8CECCAD950D5F71E,asmflashlight
8CED6ECBCC91181C,adjust_nonads_stand_weapons_iw8_riotshield
8CED857CD7C22B71,med_grunge_decal_rollup
8CEE654B4DE1B436,p7_debris_wood_board_2pc_2x8x128_lt_lod0
8CEF0B6230FC04AC,p7_aqu_stairs_metal_01_64_lod0
8CEF19750F93C7F8,p8_cables_electrical_single_90_03_lod0
8CEF34E78C5336A6,prone_flarestick
8CEFE491DB8B4A2B,sdr_com_exposed_crouch_nvg_ads
8CF0501882E427D4,gumball_event_shiny_31_jnt
8CF08568E6BA7EBE,p8_office_bookshelf_wooden_double_curve_rt_lod0
8CF0AEA757555B5E,zm_dualoptic_reticle_12_r
8CF15EDE62725928,p7_slu_tool_chest_rolling_wheel_lod0
8CF1C8836D429AE8,sgon_cp_nam_firebase_bunker_02_vista
8CF1FA0A22965AE9,callingcards_gamestop
8CF3EA47B8507DD0,sdr_com_exposed_stand_zero_arrival_r_3
8CF3EB47B8507F83,sdr_com_exposed_stand_zero_arrival_r_2
8CF3EC47B8508136,sdr_com_exposed_stand_zero_arrival_r_1
8CF3EE47B850849C,sdr_com_exposed_stand_zero_arrival_r_7
8CF3EF47B850864F,sdr_com_exposed_stand_zero_arrival_r_6
8CF3F147B85089B5,sdr_com_exposed_stand_zero_arrival_r_4
8CF3F447B8508ECE,sdr_com_exposed_stand_zero_arrival_r_9
8CF3F547B8509081,sdr_com_exposed_stand_zero_arrival_r_8
8CF59AFEB89FEE0D,tag_slide_lock_animate
8CF78A9220313157,weap_dp12_reload_start_lift_fast_plr
8CF80EDDDF9B4B17,spawnbeacon_offline_enemy
8CF9DCC3E94F5A01,dof_4_117_000_000
8CF9E8B1C33DA259,tag_trunk_l
8CFA02B1C33DCE87,tag_trunk_r
8CFA1008F2581A42,boss_smtobj_rage_kick_c_exit
8CFB340CE9452056,gumball_time_base_01_jnt
8CFB6E70803630CB,traverse_stepover_tripwire
8CFC33637F50FC5E,s4_mp_custom_eq_jammer_crouch_moving_prepare
8CFD23A0F5607820,s4_acc_attach_face_75_rokkr_small_ms
8CFD4B4EC5064D13,s4_mp_addoff_ar_chotel41_base_prone_nonads
8CFDD27268743153,smg_accurate_bp_poison_desc
8CFE1F025D9F2D5D,p8_vista_ac_duct_sq_sml_s_lod0
8CFE66F1DDB5E8CE,adjust_mount_weapons_s4_sn_aromeo
8CFE783AFE6242FF,activecamoinfo
8CFEDD820EAF94DF,ar_british_bp_gilded
8D0072E6F05A1860,p9_dun_bowl_sml
8D02A7436646C100,sdr_com_cover_stand_jog_arrival_r_8r
8D02BFFA20AAB3C3,dyn_rt_shldr_01
8D02C5436646F3FA,sdr_com_cover_stand_jog_arrival_r_8l
8D0416A7F46F2C1C,fire_crouch_nonads_weapons_s4_sm_guniform45
8D05A4D5E7A23FF8,p7_zm_asc_fire_extinguisher_dmg_lod0
8D05E67CB5D0D960,mirror_reflector_r
8D06047CB5D10C5A,mirror_reflector_l
8D0663F10BDEB4E7,window_01_shard_16_jnt
8D07E808620FFD5D,body_metal
8D0804711CC25D46,sdr_com_exposed_crouch_pstl_gun_down
8D08E07CB4877D54,ai_s4_zm_zombie_juggernaut_sprint_arrival_1
8D08E3AF4230D76B,dyn_foliage_helmet_l
8D08E8AF4230DFEA,dyn_foliage_helmet_k
8D08F1AF4230EF35,dyn_foliage_helmet_r
8D09054724EF912E,tag_s4_sunroom_shutter_right
8D0959350928FD4D,p7_conduit_metal_1_straight_64_lod0
8D09AED31E4DE2E8,j_rope_111_animate
8D09E6D857BC994B,p8_col_vista_foliage_jungle_tree_med_02_lod0
8D0B11B3095C397E,reflex_lens_01_bromeopg
8D0B8CCDAB9E51D8,vm_tyankee100_barrel_fl_00
8D0B95C0BCBC5879,s4_mp_custom_la_palpha_base_prone_gun_butt_hit
8D0D0B713467D885,bottle_fluid_scale_02_07_jnt
8D0D7E276309502C,aim_la_juliet_strafe
8D0DB21C91F9F2CA,ndy_rock_set_med_01_lod0
8D0DBF2FE3D45785,sdr_com_cover_left_crouch_lmg_reload01
8D0E04897BB874BA,dyn_sling_anchor
8D0E519CB6757E6D,p7_dolly_lod0
8D0ECAD54681B726,tag_cargo_cable_animate
8D0F17FDD40B9705,p7_antenna_outpost_tower_lod0
8D0F6CE84C05D678,ps_wpn_lecho_plr_reload_close_empty
8D1079F20EE2B21D,sdr_mp_ges_thank_you_stand_me
8D1147F5B303142C,tag_handguard_mount
8D12297C14F97DDD,jump_up_56_over_40_walk
8D13F978CB431BC0,reb_smtobj_look_up_pain_6
8D13FB78CB431F26,reb_smtobj_look_up_pain_4
8D13FD78CB43228C,reb_smtobj_look_up_pain_2
8D140778CB43338A,reb_smtobj_look_up_pain_8
8D1429462165D05F,buildup_dirt_plaster_01_endpiece_right_32_lod010v50bf800000
8D1485A2AF88D1F9,fire_stand_any_mounted_weapons_s4_sh_lindia98
8D14E5F44CA7F8D9,p8_vent_ceiling_03_lod0
8D16368E4094E842,sdr_mp_execution_028_victim_stand
8D171200DCCB9B9E,tag_zombie_wrist
8D17444F1FDC6350,attachment_wm_sh_charlie725_v9_receiver
8D182301FC8D96D3,aim_sn_ads
8D1961BF9CD02AD7,j_dogtag_02_dyn
8D19E9F272C87DB9,tag_light_left_back_fx
8D1A875EBB92E59A,sdr_mp_parachute_3_yank_left
8D1C2F905434A432,wm_fecho_optics_102
8D1CDA645D4A6C6C,wm_moscar32_grip_sn_00_stp
8D1D8DDA02151A76,reargrip_stippled_marksman_sm_tyankee100
8D1E0F26CAE13353,dyn_fr_lf_headflap_02
8D1E1026CAE13506,dyn_fr_lf_headflap_01
8D1E84F1889C836E,j_kneepad_btmcorners_ri
8D1F670B10A7D7E2,p7_debris_concrete_rubble_sm_16_lod0
8D1FB441483C551E,p8_zm_whi_chemistry_kit_cables_02
8D209CF272CE1990,tag_light_left_back_d1
8D209EF272CE1CF6,tag_light_left_back_d3
8D209FF272CE1EA9,tag_light_left_back_d2
8D210ED6008587B0,store_category_list
8D217017A4327125,sdr_mp_execution_027_victim_laststand
8D22D8632F49F633,cal_sm_32_wecho_down1_pack_zm
8D241815DBE76B1B,s4_mp_addoff_la_mkilo11_base_crouch_nonads
8D24965A6550B069,p7_zm_asc_switch_electric_01_lod0
8D24C2DD3FCB4BFB,zd30t_wolf_death_end_farah_face
8D2589D4036B3495,sdr_mp_mobile_turret_deploy_nonads_crouch
8D25FC2F4A150086,ps_mp_mvphl_wade_impact_a_02
8D262FBF5395A383,ui_scene_cam_arena_lobby
8D2647C6242EFC7F,LMG_SLOWFIRE_BP_SAMURAI_DISPLAYNAME
8D26A5784756E642,vm_holo_offset_r_01
8D26A6784756E7F5,vm_holo_offset_r_00
8D27D7F3310D62CF,BUNDLE_1029_TITLE
8D27F989450913DC,weap_mp7_empty_end_plr
8D28192F1163EA36,tag_hood_left
8D281ABF5DFD2B5A,s4_mp_custom_ar_valpha52_base_stand_gun_butt_hit
8D2823E36F3B1C8D,p9_usa_ticonderoga_air_vent_brace_lod0
8D286A83236E1D2B,ar_accurate_bp_cdl_ms
8D29610A38A97C28,foliage_s2_cob_weeds_05_lod0_comb
8D29A61E78DA5DA2,tag_fx_wing_tip
8D2A87E57BC0B272,blendspace_alias_hipflip_forward_to_backward
8D2B31315472FD35,c_t9_usa_pl_deltaforce_dynamite_desc
8D2BACDA7D77F0E8,move_supersprint_forward_riotshield
8D2BD6525656AEF4,tag_wheel_center_front_right_1
8D2BD7525656B0A7,tag_wheel_center_front_right_0
8D2C802EAF498302,vm_kalpha98_grip_sk_00_bkl
8D2C8D6ADC2A1AB4,po_c_t9_fin_pl_wraith_white_queen_sandstorm_desc
8D2DCEA0A69E8EEA,p9_dun_oil_rig_building_pressure_gauge_sml_01_face_01_lod0
8D2E3465FCE4439D,reargrip_taped_short_sh_becho
8D2ED317D810C854,wpn_ak47_plr_empty_magin
8D3055E8A4CEEDF6,bundle_operator_1063_awa_punk
8D30E069C39A8E13,tag_cam_animate
8D31B725C2CEC555,ps_wpn_stango44_plr_fireselect_off
8D31FE3D1F4FF447,j_wristtwist3_ri
8D32669054552948,trans_2_ads_crouch_moving_weapons_s4_sn_moscar32
8D326F8147E030DE,sdr_com_exposed_crouch_pain01_head_md_b_to_exp
8D3284B46BDC6D02,crouch_gesture_gas_riotshield_light
8D328C93BFB4CABD,sdr_com_molotov_reactions_left_leg_sling
8D341E17682F376D,p9_ams_liquor_bottle_01_dmg_01
8D34AEE0B68376E2,STICKER_COLDFUSION_02
8D34BA895059A256,sdr_mp_strafe_crouch_trans_shuffle7_shuffle3
8D35AF75D54F3F46,s4_mp_custom_sm_aromeo43_base_prone_pullout_first
8D3696BDA6243B28,s4_acc_attach_face_83_small
8D375DB9CB51712A,emblems_r8g_1014_s5_animated
8D37ED4A22D9ACD5,BUNDLE_3021_TITLE
8D38A0A7CBF64BDC,p8_cos_duct_rect_sml_s_lod0
8D3D17D1C894BC0A,cob_pg_concrete_rubble_chunk_07_lod0
8D3DD839F2D591F9,j_ball_le_elf
8D3DDAACB68C2002,vzscope_medium_ptango41
8D3F5DD5C5A7B485,wm_becho20_grip_rs_00_stp
8D410C6B8221364B,callingcards_zm_surveyor_dragons
8D4191322EB01023,ee_foliage_bush_hedge_128x128
8D4244F9DECD3F90,sdr_mp_me_strafe_jog_stop_l_7_alt
8D425DFA63CF5EA7,wing_r_03_base
8D429FA8B05CC4AE,exposed_prone_reload
8D44A6D23699B859,sdr_mp_addoff_prone_la_juliet_nonads_noleft
8D44C822B623DD97,j_sleeve2_04_ri
8D4733F109B8A53B,sdr_com_traverse_fast_vault_over_md_90l_intro
8D489B06E6397639,zm_reflex2_reticle_18_r
8D49530E9E6210EA,reload_quick_prone_weapons_s4_lm_aalpha52
8D496F0890725DAB,p7_farm_hay_sack_upright_lod0
8D49B80753B67CFB,adjust_blindfire_blindfire_right_weapons_s4_lm_tyankee11
8D4B04B3333D74AB,alert_idle_fl
8D4B2D02F3623BF7,scriptable_s4_lag_clipboard_wpaper_01_destp
8D4BB5B7AF503F74,wm_tyankee11_grip_mk_00_htc
8D4C475CDF35DAFE,s4_rus_pile_floor_potato_01_rotten
8D4D99AB3FE78E36,s4_camo_04f_zm
8D503CDBF6573C3A,s4_acc_attach_face_16_small
8D50487BDBF5CD2B,sdr_com_traverse_fast_mantle_down_md_90r
8D50567BDBF5E4F5,sdr_com_traverse_fast_mantle_down_md_90l
8D5120031837AF1A,disable_ragdoll_anim_root
8D5268A75AFBCA2D,c_t9_usa_pl_navyseal_ringleader_desc
8D527979C8FCDB8C,tag_wheel_rear_pba
8D52BF0CDA23A50B,link_talisman_ui_small_jnt
8D5344CB8818A2DA,scriptable_s4_wine_bottle_01_destp
8D56B7B8DC53E724,ach_metal_twisted_01
8D56B9B8DC53EA8A,ach_metal_twisted_03
8D56BAB8DC53EC3D,ach_metal_twisted_02
8D583BA0F5AD4C95,s4_acc_attach_face_75_rokkr_small_pc
8D58E0DBAB6959E8,j_cheekrest_flag_2
8D58E1DBAB695B9B,j_cheekrest_flag_3
8D58E3DBAB695F01,j_cheekrest_flag_1
8D58E6DBAB69641A,j_cheekrest_flag_4
8D58E7DBAB6965CD,j_cheekrest_flag_5
8D59517C1BC3C5C7,p_gc_hat_flat_cap_lod0
8D59DF661EBC96D2,p9_zm_ndu_accelerator_wire_01
8D59E022B6366269,j_sleeve2_04_le
8D5A3F348F9A7457,zm_elo2_reticle_18_r
8D5B152357F87F5D,s4_camo_07h_zm
8D5B505EC8BF7940,mp_prone_gun_butt_hit_03_ar_kilo433_ubshtgn
8D5C19C0AE3A8AF8,po_c_t9_gen_pl_starter2_vargas_bunker_alt1_desc
8D5CE2AC094D5CC0,alert_idle_curious_fl
8D5D5F835B4BB2D5,0.890196 0.592157 0.545098 1.0
8D5D8BC1C42FFFE5,ps_wpn_ptango41_plr_reload_charge_empty
8D5DA41884200912,p7_slu_fuse_box_electric_pipe_03_lod0
8D5E7AC3CAC74B89,c_t9_rus_pl_spetsnaz_afghan_sniper_desc
8D5EA4434FBA10DF,p8_wz_skt_debris_paper_01_lod0
8D5FAD4A8DC946F3,j_string_9_animate
8D62A97DF193D9E0,piece_24
8D62AA7DF193DB93,piece_25
8D62AB7DF193DD46,piece_26
8D62AC7DF193DEF9,piece_27
8D62AD7DF193E0AC,piece_20
8D62AE7DF193E25F,piece_21
8D62AF7DF193E412,piece_22
8D62B07DF193E5C5,piece_23
8D62B57DF193EE44,piece_28
8D62BFD71371BB32,war_taking_neutral
8D62DC9B8232B5A7,energy_mine_desc
8D634CC444495E7D,ar_accurate_bp_cdl_ms_desc
8D63C59032C4DBE8,vm_mgolf42_receiver_102
8D63C69032C4DD9B,vm_mgolf42_receiver_103
8D63C89032C4E101,vm_mgolf42_receiver_101
8D6404863A2BD7F8,sdr_mp_pain_sub_stand_torso_bk_right_01
8D65BE4A75A38742,iw7_cp_zom_run_traverse_up_128_over_40_01
8D6770995A236B50,mag_mpapa40_zm
8D67B883561237A9,BUNDLE_4006_TITLE
8D68D9346B7A5E90,j_hip_ri_dog
8D69317DF1992CA6,piece_08
8D69327DF1992E59,piece_09
8D693A7DF1993BF1,piece_01
8D693C7DF1993F57,piece_07
8D694A4BF032C514,s4_mp_world_ges_boom_crouch_moving_me
8D69DA1AE15C719A,party_privacyStatus
8D69ED6E1C9AE652,j_parachute01_03_ri_animate
8D6B2960CEDC075E,reargrip_fabric_sm_mpapa40
8D6B835A11AF91D4,vm_voscar_grip_sk_00_pin
8D6C18D7A715FC98,move_forward_crouch_to_prone_transition_akimbo
8D6CB67DF19C447C,piece_19
8D6CB77DF19C462F,piece_18
8D6CBA7DF19C4B48,piece_15
8D6CBB7DF19C4CFB,piece_14
8D6CBC7DF19C4EAE,piece_17
8D6CBD7DF19C5061,piece_16
8D6CBE7DF19C5214,piece_11
8D6CBF7DF19C53C7,piece_10
8D6CC07DF19C557A,piece_13
8D6CC17DF19C572D,piece_12
8D6D6E77889F3977,cob_awning_storefront_x128_01_red_lod0
8D6D71164A1BC0BA,sdr_mp_addoff_prone_ar_mike4_nonads_noleft
8D6DEA2BB50CA1A5,ee_wall_wooden_support_07
8D6F3F2AC1909368,p7_fir_palette_ammo_wood_plank_lod0
8D6FC30E3E066C53,j_axe_parent
8D70C3B905EF7CF7,zbr_wood_beam_dmg_06
8D72537FD3FDE56A,tag_rudder_left_animate
8D737F6D85BC84D6,dyn_tie_05_umbrella
8D73C5BA853723C5,rt_vine_med2_04_jnt
8D741890125DFD1B,ps_wfoly_ar_mike4_gl_reload_01_npc
8D74C225CB6E1E59,hunter_mission_order
8D76AF6547AFF09A,tag_strap_lower_animated_le
8D7804D44D226D44,stats_deployable_cover_assist
8D79B7038181139A,j_viewlegs_skull2_ri
8D7A57A1E63F9B2A,offhand_turret
8D7CA91208D79D18,rkt_chalkboard_01_lod0
8D7CAD828F5980B1,state4_idle
8D7D12A76992676B,adjust_sprint_stand_weapons_any_pistol
8D7D1C67CD18C6E2,plastic_43_jnt
8D80B17A0E17BAE0,sdr_mp_pain_crouch_torso_bk_left_01
8D80D03AC0B8CB2A,tag_ext_mag_ammo_cover
8D81E1DEC1E0A14C,vm_aromeo38_grip_00_gra
8D81F0DEC1E0BAC9,vm_aromeo38_grip_00_grv
8D82508022F38481,reargrip_taped_heavy_ar_balpha
8D8372C5782D94E2,stp_wh_010_intro3p_yegor_parta_face
8D8388A7CF826929,callingcards_mp_league_eagle
8D839C00AF3D1502,pain_stand
8D84218603C13200,p7_jun_foliage_bush_01_lod1
8D846CF188F30DD8,j_kneepad_btmcorners_le
8D84BC3EF72EAE4C,adjust_ads_freefall_weapons_s4_sm_stango5
8D84F11B1AD3DE67,veh_ultimate_turret_wz
8D872C83F5FFCB08,fire_crouch_nonads_weapons_s4_sh_bromeo5
8D87E45D6C52404D,tag_claw_left
8D87F7C2D860CC48,mag_moscar
8D88ECE5D77584E0,trans_2_nonads_freefall_weapons_s4_ar_asierra44
8D8AF15393A09534,callingcards_planespinup4_018
8D8B8803CE550C0F,hm_grnd_red_cover_stand_aim_high_6_ar
8D8BDF31E2AE619E,s4_mp_custom_pi_ttango33_base_fire_weapon
8D8BE8FC3CE79E77,turn_prone
8D8C331CDDB4FAC5,vm_gecho43_grip_padded_00_tap
8D8D2A7E09C6445F,dyn_lf_pouch_01
8D8D9A699D0EFEDF,s4_mp_custom_ar_asierra44_base_crouch_moving_trans_2_ads
8D8E28034A800E4C,pistol_revolver_bp_bbear
8D8F3F78A2AFA5DF,p7_table_bar_modern_01_lod0
8D8FE835F0D44AFC,sdr_mp_raise_back_l_la_kgolf
8D906F4B6BDDCC0D,sdr_cqb_pstl_strafe_fast_7_alt_max
8D9157732C5B194C,tag_iron_sight_front
8D91A29ECDED6BF3,sdr_com_cover_right_stand_jog_arrival_r_8r
8D91C09ECDED9EED,sdr_com_cover_right_stand_jog_arrival_r_8l
8D91C74BAD59090B,p7_zm_ori_concrete_rubble_rebar_01_cracks_decal_lod0
8D9210DBD9830AE4,s4_mp_addoff_sm_stango5_base_mount
8D926560CE20962E,p7_foliage_plant_caper_wall_f_lod0
8D950F67F2EA177E,emblems_nvidia
8D964452FAAD669E,p9_dun_cargo_lift_01_door_01_lod0
8D9705E07206A02C,j_jets_left_back
8D97D7178315846F,ps_s4_mp_bodyfall_torso_concrete_dry_raw
8D9A479F7700ED55,aim_me
8D9BB371F8BC2454,lmg_light_bp_arcade_desc
8D9CC36CB2E58769,weapon_raise_quick_stand_weapons_any_lmg
8D9CC772E87479F2,reload_quick_ads_weapons_s4_sn_moscar32
8D9D279F7702ECCC,aim_la
8D9D2B9F7702F398,aim_lm
8D9DDD4E5257BD62,ai_s4_zm_zombie_juggernaut_strafe_walk_stop_l_foot_forward
8D9EF31AC2BEC05E,tag_hook_origin
8D9F2310DAE999D5,ps_mp_execution_elf_01_stand_stab
8D9F2C7F8D19A99D,p7_slu_fire_hydrant_lod0
8D9FDE9B71FEC0C5,tag_light_r
8D9FF09B71FEDF5B,tag_light_l
8DA094F485679B95,s4_mp_facial_daniel_land_1
8DA3128B072F47CE,ps_gesture_lights_off
8DA34D74ADEFF920,callingcards_coldfront
8DA3BB008D2CE1A7,callingcards_ghostship_s5_animated
8DA45DDE48FEF5DF,sdr_com_exposed_prone_death_explode_8_02
8DA45EDE48FEF792,sdr_com_exposed_prone_death_explode_8_01
8DA4DE816C2A8D5C,s4_zm_jpn_roof_center_01_exterior_02
8DA4DF816C2A8F0F,s4_zm_jpn_roof_center_01_exterior_03
8DA4E1816C2A9275,s4_zm_jpn_roof_center_01_exterior_01
8DA528D7EFCECB75,icicle_single_lod0
8DA563E0A1615B23,pack_hunter_sd_hvo
8DA679656B1DF117,teeth_lower_wide
8DA720A5E91860D0,paintjob_sticker_bubblegum_blaster_16
8DA7489F770B7964,aim_ar
8DA7C1E15459BA34,blendspace_alias_crouch_stop_backward_juggernaut
8DA86D2EB93DBA4C,upl_reset
8DA8FAFAAF04B97C,cob_mirror_bathroom_01
8DA9BF70194E5900,p6_ceramic_tiles_top_edge_256_lod0
8DA9FCCB181F498F,ornate_center_middle_wide_02
8DAA7B12F29EF030,emblems_03_youtried
8DAAA5E0E390A65B,s4_mp_execution_polina_01_attacker_stand_thumbnail
8DAAA7D858AD6806,sdr_mp_laststand_inplace_start_8
8DAAA8D858AD69B9,sdr_mp_laststand_inplace_start_9
8DAAADD858AD7238,sdr_mp_laststand_inplace_start_2
8DAAAED858AD73EB,sdr_mp_laststand_inplace_start_3
8DAAB0D858AD7751,sdr_mp_laststand_inplace_start_1
8DAAB1D858AD7904,sdr_mp_laststand_inplace_start_6
8DAAB2D858AD7AB7,sdr_mp_laststand_inplace_start_7
8DAAB3D858AD7C6A,sdr_mp_laststand_inplace_start_4
8DABC5AC070611E8,j_spinetop
8DABEC602AE050DC,pain_burning_cover_left_crouch_right_leg
8DAC7D7FCF594319,sdr_mp_exposed_crouch_death04_torso_med_2_center
8DAF3238477B21C0,p9_sur_machine_scaffold_kit_open_256_01_lod0
8DAFB47DB791996D,emblems_r8g_01_s5_animated
8DAFDEAB957838C2,start_sub
8DB2350478107C9F,komodo_j_index_le_2
8DB2360478107E52,komodo_j_index_le_1
8DB41A296E8AE921,leopard_tag_lip_crnr_le
8DB557557E3C293A,j_grenade_ri_01
8DB558E3119D0E90,j_mid_shoulder_le_trans
8DB617ED2A82321B,callingcards_zms2_hiddenreserves_desc
8DB6B5A1780F4DC3,j_knife_ri_end
8DB7036F6C3414CC,sdr_mp_strafe_crouch_fast_hipflip_forward_juggernaut_9
8DB7046F6C34167F,sdr_mp_strafe_crouch_fast_hipflip_forward_juggernaut_8
8DB7096F6C341EFE,sdr_mp_strafe_crouch_fast_hipflip_forward_juggernaut_7
8DB70A6F6C3420B1,sdr_mp_strafe_crouch_fast_hipflip_forward_juggernaut_6
8DB70D6F6C3425CA,sdr_mp_strafe_crouch_fast_hipflip_forward_juggernaut_3
8DB896015E3E3F59,wm_ttango33_stock_00
8DBA84C95619761E,p8_zm_nuk_rubble_piles_stones
8DBB6DD8F7A28FEA,trc_small_cage_light_lod0
8DBC06E1425547ED,r_ripmid0_jnt_dog
8DBC0B38C0AE911F,t9_charm_croc_head
8DBD6300DAD9ACF7,tag_aileron_ob_l
8DBD6900DAD9B729,tag_aileron_ob_r
8DBF16D4D36FE82D,newspaper2_43_jnt
8DC1528B476125C8,sdr_mp_pain_stand_torso_fr_center_02
8DC1558B47612AE1,sdr_mp_pain_stand_torso_fr_center_01
8DC3B98869A636AC,dyn_back_left_cape
8DC43C323CE3BFED,s4_mp_custom_eq_bomb_prone_putaway
8DC43F0761274AC2,hm_grnd_red_cover_stand_blindfire01_ar
8DC587733C6CC21E,wm_gecho43_grip_ri_00_gra
8DC59A733C6CE267,wm_gecho43_grip_ri_00_grv
8DC6186587688575,ps_wpn_becho_plr_reload_magin_empty_fast
8DC6A37AE1A1A81B,hooks
8DC6B5F6AA980B7A,p7_railing_metal_01_set_128_lod0
8DC6EB16AD2D3A8E,uk_house_door_exterior_01_36w_l
8DC806C9A9405610,melee_prone_weapons_s4_ar_chotel
8DC8428E8BFC9804,gumball_activated_shiny_10_jnt
8DC8F870BB7A5385,tag_inner_back_light_r_d0
8DC978C349FD2C62,sdr_com_melee_takedown03_attackerwins_attacker_8
8DCA5ACFE89B172B,ps_mp_execution_elf_01_stand_vox_stab
8DCB0FB2E3A3D175,s4_mp_execution_generic_axeshield_01_victim_prone
8DCB104211F1A478,lip_stretcher_l
8DCB1E4211F1BC42,lip_stretcher_r
8DCB6F11EC34C280,STICKER_MARQUEE_08
8DCB7011EC34C433,STICKER_MARQUEE_09
8DCB7911EC34D37E,STICKER_MARQUEE_02
8DCB7C11EC34D897,STICKER_MARQUEE_05
8DCB9BC10ECEE97B,p8_snow_water_clumps_lrg_02_lod0
8DCD7E8D8AB05A40,j_gas_tank
8DCE825C1FDDEF22,hod_intro_truck_farah_face
8DCEFB11EC37E63B,STICKER_MARQUEE_12
8DCF1C53A8AB87A2,sdr_com_exp_stand_death02_torso_med_2_center
8DCF38DF279F95FA,p9_sm_dep_makeup_booth_01_endcap_lod0
8DCF6D590925461A,sniper_quickscope_bp_mvs
8DD0BED0644576DD,ar_mobility_bp_sneaker
8DD20F795BBFB086,s4_mp_addoff_ar_bromeo35_base_stand_nonads_noleft
8DD44315C6C0BAF1,fastlockon
8DD5C1C39A951D50,war_losing_neutral
8DD612296EA7C1EF,leopard_tag_lip_crnr_ri
8DD68D151F9B57B6,tag_strap_07_animated
8DD7269F77346360,aim_sh
8DD72B9F77346BDF,aim_sm
8DD72C9F77346D92,aim_sn
8DD7D589500B3831,melee_cane_bp_class_desc
8DD97ADAC088D07C,pistol_revolver_bp_84
8DDCAC004A3ACC34,j_anim_button
8DDDC6B7DEC460F6,c_t9_usa_pl_cia_grit_desc
8DDDEDD3DA42226E,ps_wpn_malpha96_plr_reload_magin_tac_ext
8DDE8FF29CE53FF0,p9_fxp_fluid_chunk_snow_lod0
8DDEF4F84DEC6D1F,sr_spy_kit_cutters_01_lod0
8DDF6DE0E2F862BF,UprLipRaise_02_L
8DDF83E0E2F88821,UprLipRaise_02_R
8DE033E45110FE62,s4_mp_custom_ar_hyankee44_ult_stand_inspect
8DE1279F773CB998,aim_pi
8DE26BE487758FC0,init_stage2
8DE26CE487759173,init_stage3
8DE26DE487759326,init_stage0
8DE26EE4877594D9,init_stage1
8DE26FE48775968C,init_stage6
8DE270E48775983F,init_stage7
8DE271E4877599F2,init_stage4
8DE272E487759BA5,init_stage5
8DE2D6FBDF7D2F90,bone_390
8DE2D7FBDF7D3143,bone_391
8DE2D8FBDF7D32F6,bone_392
8DE2D9FBDF7D34A9,bone_393
8DE2DAFBDF7D365C,bone_394
8DE2DBFBDF7D380F,bone_395
8DE2DCFBDF7D39C2,bone_396
8DE2DDFBDF7D3B75,bone_397
8DE2DEFBDF7D3D28,bone_398
8DE2DFFBDF7D3EDB,bone_399
8DE3EA293ACA50D2,s4_mp_fingers_sm_tyankee100_base_l
8DE3FC293ACA6F68,s4_mp_fingers_sm_tyankee100_base_r
8DE483DF958E9C1A,callingcardsmaster_smg_heavy_mp_desc
8DE4931FC3055430,joint_1586
8DE4941FC30555E3,joint_1587
8DE4951FC3055796,joint_1584
8DE4961FC3055949,joint_1585
8DE4971FC3055AFC,joint_1582
8DE4981FC3055CAF,joint_1583
8DE4991FC3055E62,joint_1580
8DE49A1FC3056015,joint_1581
8DE4A11FC3056BFA,joint_1588
8DE4A21FC3056DAD,joint_1589
8DE5D8444F9F4B96,foliage_s2_marram_grass_01d_lod0
8DE5D9FBDF7F6A80,bone_383
8DE5DAFBDF7F6C33,bone_382
8DE5DBFBDF7F6DE6,bone_381
8DE5DCFBDF7F6F99,bone_380
8DE5DDFBDF7F714C,bone_387
8DE5DEFBDF7F72FF,bone_386
8DE5DFFBDF7F74B2,bone_385
8DE5E0FBDF7F7665,bone_384
8DE5E3FBDF7F7B7E,bone_389
8DE5E4FBDF7F7D31,bone_388
8DE8161FC30868A0,joint_1599
8DE8171FC3086A53,joint_1598
8DE81E1FC3087638,joint_1591
8DE81F1FC30877EB,joint_1590
8DE8201FC308799E,joint_1593
8DE8211FC3087B51,joint_1592
8DE8221FC3087D04,joint_1595
8DE8231FC3087EB7,joint_1594
8DE8241FC308806A,joint_1597
8DE8251FC308821D,joint_1596
8DE9993D03297F00,p8_cable_wire_bundle_bend_c_01_lod0
8DEAAFBFBE9D4225,mp_crouch_melee_hit_01_me_knife
8DEABA51A5819607,j_body_button_animate
8DEC7056F26A5804,ferro_le_6_animate
8DECBC99B4669506,lobby_tag_p8_zm_off_typewriter_vintage_01
8DECF9FDCC17FD22,bbStartVIP
8DED3DCAEDDF13F7,hus_church_altar_tablecloth_01_lod0
8DED6AC95D93C64F,fire_stand_mount_right_weapons_s4_la_walpha2
8DED6BED7ED80ADA,mp_prone_gesture022_me
8DED8AF5EA69A057,bolt_down
8DEDFA02A22D34A3,wm_gecho43_stock_00
8DEE551AAA3D940B,farmtools_wheelbarrow_01
8DEEAD5CBBDEDE54,p9_nam_village_road_02_lod0
8DEF22A740F33CDD,weap_1911_fast_lift_plr
8DEF3F267122B2BB,p7_foliage_plant_poker_small_noflower_lod0
8DEF8526FEF462DB,gumball_event_speckled_16_jnt
8DEFAE69F1CD26F8,prone_hipflip_skip2
8DEFFFE86C293F78,p8_wmd_barbed_wire_02_lod0
8DF0B8BF6D1D66AF,p8_wmd_pipes_small_stack_03_lod0
8DF1591C277D8542,j_ammoboxflap
8DF196C19D1527BC,ger_food_container_01_lod0
8DF1E6AE01DFFA0E,j_pistol_parent
8DF2F06AE97D68D5,tag_ground_contact_right_front
8DF37555AEB22734,emblems_ninetails_animated
8DF5644284F0D735,tag_green_off
8DF58BE5A7345B14,p8_concrete_sidewalk_ramp_02_lod0
8DF5BE9C458224DC,sdr_com_exposed_stand_pain01_rleg_md_r_to_exp
8DF68D8205CAF9CD,p7_corpse_civ_male_sitting_01_lod0
8DF6E3B4C6CF5A1D,tag_arm_b3_right_animate
8DF773F1578588C1,dof__3.5_50_200
8DF790820E29A6EC,tag_gear_right_rear_strut_lower_aim
8DF839EDBC99814B,tag_suspension_right_lower_rear_target
8DF8A0BF52AE6FFC,est_cy_053_interrogation_poi_pool_hostage_interact_face
8DF8F89A36C89474,p7_cai_hazard_cone_worn_lod0
8DF9151FC316DA20,joint_1528
8DF9161FC316DBD3,joint_1529
8DF91D1FC316E7B8,joint_1520
8DF91E1FC316E96B,joint_1521
8DF91F1FC316EB1E,joint_1522
8DF9201FC316ECD1,joint_1523
8DF9211FC316EE84,joint_1524
8DF9221FC316F037,joint_1525
8DF9231FC316F1EA,joint_1526
8DF9241FC316F39D,joint_1527
8DFB316994466F8D,p7_spl_pirate_wall_support_alt_lod0
8DFBE8BA523ADD40,foliage_s2_aus_pine_tree_fallen_trunk_side
8DFC3A5D452C7227,weap_mike4_reload_fast_magout_plr
8DFC9A1FC319F1F6,joint_1539
8DFC9B1FC319F3A9,joint_1538
8DFCA01FC319FC28,joint_1533
8DFCA11FC319FDDB,joint_1532
8DFCA21FC319FF8E,joint_1531
8DFCA31FC31A0141,joint_1530
8DFCA41FC31A02F4,joint_1537
8DFCA51FC31A04A7,joint_1536
8DFCA61FC31A065A,joint_1535
8DFCA71FC31A080D,joint_1534
8DFCE8B5E1D2A1DB,s4_gun_down_stand
8DFDC381A6BE86C3,exposed_moving_crouch_headlook
8DFDDEFBDF9404E0,bone_318
8DFDDFFBDF940693,bone_319
8DFDE6FBDF941278,bone_310
8DFDE7FBDF94142B,bone_311
8DFDE8FBDF9415DE,bone_312
8DFDE9FBDF941791,bone_313
8DFDEAFBDF941944,bone_314
8DFDEBFBDF941AF7,bone_315
8DFDECFBDF941CAA,bone_316
8DFDEDFBDF941E5D,bone_317
8DFE98DB00763235,fire_crouch_ads_moving_weapons_s4_ar_balpha
8DFF4CD1D3C2AF2D,reargrip_pine_support_mg_tyankee11
8DFFA11FC31C33B2,joint_1508
8DFFA21FC31C3565,joint_1509
8DFFA31FC31C3718,joint_1506
8DFFA41FC31C38CB,joint_1507
8DFFA51FC31C3A7E,joint_1504
8DFFA61FC31C3C31,joint_1505
8DFFA71FC31C3DE4,joint_1502
8DFFA81FC31C3F97,joint_1503
8DFFA91FC31C414A,joint_1500
8DFFAA1FC31C42FD,joint_1501
8E0163FBDF971CB6,bone_309
8E0164FBDF971E69,bone_308
8E0169FBDF9726E8,bone_303
8E016AFBDF97289B,bone_302
8E016BFBDF972A4E,bone_301
8E016CFBDF972C01,bone_300
8E016DFBDF972DB4,bone_307
8E016EFBDF972F67,bone_306
8E016FFBDF97311A,bone_305
8E0170FBDF9732CD,bone_304
8E023E0BCE93655E,cin_mp_tundra_intro_kgb
8E030E1FC31F22C0,joint_1511
8E030F1FC31F2473,joint_1510
8E03101FC31F2626,joint_1513
8E03111FC31F27D9,joint_1512
8E03121FC31F298C,joint_1515
8E03131FC31F2B3F,joint_1514
8E03141FC31F2CF2,joint_1517
8E03151FC31F2EA5,joint_1516
8E03161FC31F3058,joint_1519
8E03171FC31F320B,joint_1518
8E04648B3FD71909,gumball_rounds_swirl_06_jnt
8E046AFBDF995E72,bone_338
8E046BFBDF996025,bone_339
8E046CFBDF9961D8,bone_336
8E046DFBDF99638B,bone_337
8E046EFBDF99653E,bone_334
8E046FFBDF9966F1,bone_335
8E0470FBDF9968A4,bone_332
8E0471FBDF996A57,bone_333
8E0472FBDF996C0A,bone_330
8E0473FBDF996DBD,bone_331
8E06911FC3223730,joint_1564
8E06921FC32238E3,joint_1565
8E06931FC3223A96,joint_1566
8E06941FC3223C49,joint_1567
8E06951FC3223DFC,joint_1560
8E06961FC3223FAF,joint_1561
8E06971FC3224162,joint_1562
8E06981FC3224315,joint_1563
8E069D1FC3224B94,joint_1568
8E069E1FC3224D47,joint_1569
8E06F26BBACAD50A,wm_becho20_grip_sk_00_rub
8E07D7FBDF9C4D80,bone_321
8E07D8FBDF9C4F33,bone_320
8E07D9FBDF9C50E6,bone_323
8E07DAFBDF9C5299,bone_322
8E07DBFBDF9C544C,bone_325
8E07DCFBDF9C55FF,bone_324
8E07DDFBDF9C57B2,bone_327
8E07DEFBDF9C5965,bone_326
8E07DFFBDF9C5B18,bone_329
8E07E0FBDF9C5CCB,bone_328
8E08C7F7E7C01C02,p7_suspension_bridge_cable_ibeam_anchor_01a_lod0
8E08FD7163752C12,p7_fir_buildingstraight_garage_door_metal_01_lod0
8E094F4682DF6640,sdr_mp_strafe_shuffle_9
8E09504682DF67F3,sdr_mp_strafe_shuffle_8
8E09574682DF73D8,sdr_mp_strafe_shuffle_1
8E09594682DF773E,sdr_mp_strafe_shuffle_3
8E095A4682DF78F1,sdr_mp_strafe_shuffle_2
8E095C4682DF7C57,sdr_mp_strafe_shuffle_4
8E095D4682DF7E0A,sdr_mp_strafe_shuffle_7
8E095E4682DF7FBD,sdr_mp_strafe_shuffle_6
8E0A141FC3254BA0,joint_1577
8E0A151FC3254D53,joint_1576
8E0A161FC3254F06,joint_1575
8E0A171FC32550B9,joint_1574
8E0A181FC325526C,joint_1573
8E0A191FC325541F,joint_1572
8E0A1A1FC32555D2,joint_1571
8E0A1B1FC3255785,joint_1570
8E0A221FC325636A,joint_1579
8E0A231FC325651D,joint_1578
8E0B51C6D885462F,p9_core_cabinet_wall_tape_tactical
8E0B5AFBDF9F61F0,bone_354
8E0B5BFBDF9F63A3,bone_355
8E0B5CFBDF9F6556,bone_356
8E0B5DFBDF9F6709,bone_357
8E0B5EFBDF9F68BC,bone_350
8E0B5FFBDF9F6A6F,bone_351
8E0B60FBDF9F6C22,bone_352
8E0B61FBDF9F6DD5,bone_353
8E0B66FBDF9F7654,bone_358
8E0B67FBDF9F7807,bone_359
8E0BD960EDE33077,cal_lg_xxlmag_762x54mmr_fecho_up1
8E0C18FF604AAD7A,wm_aromeo38_grip_rm_00_pin
8E0C4796A0086450,sdr_com_cover_crouch_pstl_aim_aim_4
8E0C4896A0086603,sdr_com_cover_crouch_pstl_aim_aim_5
8E0C4996A00867B6,sdr_com_cover_crouch_pstl_aim_aim_6
8E0C4D96A0086E82,sdr_com_cover_crouch_pstl_aim_aim_2
8E0D09CAAA614E26,snow_particulates_indoor_01
8E0D0C966B4FFC09,j_flashbang1_le
8E0D991FC3286376,joint_1548
8E0D9A1FC3286529,joint_1549
8E0D9F1FC3286DA8,joint_1542
8E0DA01FC3286F5B,joint_1543
8E0DA11FC328710E,joint_1540
8E0DA21FC32872C1,joint_1541
8E0DA31FC3287474,joint_1546
8E0DA41FC3287627,joint_1547
8E0DA51FC32877DA,joint_1544
8E0DA61FC328798D,joint_1545
8E0EB343096E9A84,j_rope_083_animate
8E0EDDFBDFA27660,bone_347
8E0EDEFBDFA27813,bone_346
8E0EDFFBDFA279C6,bone_345
8E0EE0FBDFA27B79,bone_344
8E0EE1FBDFA27D2C,bone_343
8E0EE2FBDFA27EDF,bone_342
8E0EE3FBDFA28092,bone_341
8E0EE4FBDFA28245,bone_340
8E0EEBFBDFA28E2A,bone_349
8E0EECFBDFA28FDD,bone_348
8E0F39128DEFC842,j_root_attach_ri
8E1002867BBDEC50,exposed_crouch_throw_grenade
8E108F64909054E8,p8_kit_col_gen_01_roof_tiles_01_end_right_top_red_clay_0_02_lod0
8E109E1FC32AA1CC,joint_1559
8E109F1FC32AA37F,joint_1558
8E10A21FC32AA898,joint_1555
8E10A31FC32AAA4B,joint_1554
8E10A41FC32AABFE,joint_1557
8E10A51FC32AADB1,joint_1556
8E10A61FC32AAF64,joint_1551
8E10A71FC32AB117,joint_1550
8E10A81FC32AB2CA,joint_1553
8E10A91FC32AB47D,joint_1552
8E1262FBDFA58E36,bone_378
8E1263FBDFA58FE9,bone_379
8E1268FBDFA59868,bone_372
8E1269FBDFA59A1B,bone_373
8E126AFBDFA59BCE,bone_370
8E126BFBDFA59D81,bone_371
8E126CFBDFA59F34,bone_376
8E126DFBDFA5A0E7,bone_377
8E126EFBDFA5A29A,bone_374
8E126FFBDFA5A44D,bone_375
8E12A83EF9821B8B,p8_food_fruit_orange_cap_crate_lod0
8E12AB26BD45B5C5,p7_hazmat_suit_hanging_03_lod0
8E12E8CBA2954C9D,mkg_foliage_flower_chrysanthemum_01a_cluster_lod0
8E1315D3BDB2324D,weapon_raise_crouch_weapons_iw8_juggernaut
8E1383EBA07A3568,tag_stock_pull_animate
8E143CD93C853103,p9_sr_notes_02
8E143DD93C8532B6,p9_sr_notes_01
8E1567FBDFA7CC8C,bone_369
8E1568FBDFA7CE3F,bone_368
8E156BFBDFA7D358,bone_365
8E156CFBDFA7D50B,bone_364
8E156DFBDFA7D6BE,bone_367
8E156EFBDFA7D871,bone_366
8E156FFBDFA7DA24,bone_361
8E1570FBDFA7DBD7,bone_360
8E1571FBDFA7DD8A,bone_363
8E1572FBDFA7DF3D,bone_362
8E15C932A540832B,ATTACH_T9_CHARM_PITCHFORK
8E15D0169B1FD057,s4_acc_attach_watch_band_00_large_sony
8E15E72709FC7E4A,charm_old_computer
8E165E1EC50BAD10,death02_viscera_05_09_jnt
8E17D09C753D9126,reload_empty_prone_alt_weapons_s4_pi_luniform
8E17EFCDE463A098,umbrella_top_072_jnt
8E1872C56B33D510,reargrip_fabric_folding_sm_ppapa41
8E1907426C5C56EB,weapon_lower_quick_freefall_weapons_any_lmg
8E19873384288DD8,veh_t9_civ_ru_sedan_80s_mpx_zhunter_desc
8E19E207FC1621B1,callingcards_unshakable_desc
8E1A21948F030DFD,s4_mp_execution_constanze_01_victim_laststand
8E1A2FD1F7DFC0A5,trans_2_ads_prone_weapons_s4_pi_malpha96
8E1AF6A8C46F6766,rope_135_jnt
8E1B1B067588151D,reload_prone_alt_weapons_s4_sn_aromeo
8E1B857414748742,p9_cp_nic_rooftop_railing_128x48_lod0
8E1C093C33F9B326,p9_wz_golova_railroad_bridge_wood_bolt_lod0
8E1C991FDBC732DD,tag_wheel_front_steer
8E1CB7B7B7F8674B,vm_ttango33_griptape_00_gra
8E1CCCB7B7F88AFA,vm_ttango33_griptape_00_grv
8E1CE305ED545298,p7_zm_shi_wood_plank_rustic_128_02_lod0
8E1D39723FDAF315,reb_smtobj_look_high_pain_8
8E1D3B723FDAF67B,reb_smtobj_look_high_pain_6
8E1D3D723FDAF9E1,reb_smtobj_look_high_pain_4
8E1D3F723FDAFD47,reb_smtobj_look_high_pain_2
8E2003A7668EE3A2,weap_g18_clipin_empty_plr
8E209B578DB8A454,vm_bromeo5_grip_00_stp
8E22DB7DB7549183,hm_grnd_grn_stairs_bottom_arrival_r_2
8E23B0AA660880C3,s4_zm_barrier_railing_stone_stairway_single_damage_01
8E23B1AA66088276,s4_zm_barrier_railing_stone_stairway_single_damage_02
8E23B2AA66088429,s4_zm_barrier_railing_stone_stairway_single_damage_03
8E23B3AA660885DC,s4_zm_barrier_railing_stone_stairway_single_damage_04
8E23EFF548B46E8D,tag_handle_trigger_animate_le
8E24BA9419200465,jawopen
8E25B54CD27E8269,veh_t9_mil_boat_jetski_mpx_bp_survivor
8E2732E68B70AFD8,p9_foliage_tree_rubber_bark_seam_fix_lod0
8E27D095FF405DA6,par_plaster_filigree_01_lod0
8E28EF70BDBDA152,cal_sm_xmag_9mm_malpha96_down2_noimp_pack_zm
8E29FFC76DA7FFD3,sdr_cqb_exposed_crouch_walk_arrival_l_6
8E2A01C76DA80339,sdr_cqb_exposed_crouch_walk_arrival_l_4
8E2A02C76DA804EC,sdr_cqb_exposed_crouch_walk_arrival_l_3
8E2A03C76DA8069F,sdr_cqb_exposed_crouch_walk_arrival_l_2
8E2A04C76DA80852,sdr_cqb_exposed_crouch_walk_arrival_l_1
8E2A0CC76DA815EA,sdr_cqb_exposed_crouch_walk_arrival_l_9
8E2A0DC76DA8179D,sdr_cqb_exposed_crouch_walk_arrival_l_8
8E2A80516A9539B0,TR_LONGBURST_BP_GCHOICE_DISPLAYNAME
8E2AF91768954529,s4_mp_execution_generic_antlerdog_01_attacker_prone
8E2B9DAE88D22FE6,crouch_s4_la_palpha60
8E2BF0DE78FF33B0,p9_ger_kgb_ship_container_metal_01_decal_02_lod0
8E2C08DF66E6B760,tag_wall_07
8E2C09DF66E6B913,tag_wall_06
8E2C0ADF66E6BAC6,tag_wall_05
8E2C0BDF66E6BC79,tag_wall_04
8E2C0CDF66E6BE2C,tag_wall_03
8E2C0DDF66E6BFDF,tag_wall_02
8E2C0EDF66E6C192,tag_wall_01
8E2C16DF66E6CF2A,tag_wall_09
8E2C17DF66E6D0DD,tag_wall_08
8E2C9D3CD7525346,melee_stand_weapons_s4_ar_promeo45
8E2CA4742B1B8400,j_index_ri_1_elf
8E2D6B96B45FB969,wm_bromeo_grip_tape_00_pin
8E2DC6B3523EBD99,BUNDLE_2040_TITLE
8E2DD6430AC50353,tag_fx_tire_left_back
8E2E5FFA7AFE1724,p8_vista_ac_duct_sq_sml_64_lod0
8E2E8435DEA27208,sdr_mp_execution_043_attacker_stand
8E2F79414944B0DB,reargrip_rubber_mr_kalpha98
8E30755262AE40B5,storage_chicken_coop_01_door
8E30A278CCF7AB25,p8_pot_iron_hanging_01_lod0
8E3104359D2BD485,cal_sm_guniform45_down1_pack_zm
8E3258025BAD7ADB,vm_ppapa41_grip_hv_00_bkl
8E327C8C4D5D3697,weap_golf21_empty_magout_plr
8E332D66856BAF80,koth_start
8E33C78A790CADFE,p9_rm_zoo2_glass_shards_lod0
8E341B3EDD8D31B4,crouch_offhand_heartbeat_sensor_riotshield
8E34BB3300F0AE14,tag_arm_a2_left_animate
8E3504660392493A,dyn_l_chestpouch_01
8E37B6F7BCEF5F45,tag_wheel_front_aim
8E37B9FA7A611137,sdr_com_cover_crouch_rvar_look_move_down_fast
8E37E614BF1F8EC9,smed_2
8E37E814BF1F922F,smed_4
8E37EA14BF1F9595,smed_6
8E37EC14BF1F98FB,smed_8
8E388AC74C129491,mango_redorange_lod0
8E391541D5F1FFE6,physicscontents_playerclip
8E395D2FA76AA2B8,p7_jun_temple_lrg_ceiling_01_lod0
8E396482A1FB26B3,p9_rus_siege_wall_brick_arch_001
8E3A9AFD9BDD14D7,p8_mad_bag_plastic_full_potato_pile_geo_01
8E3B53248699DB04,callingcards_prestige_t7_backatyou_desc
8E3D0DB97D28E520,lookatpos_cover_left_crouch
8E3D7596D5E559D0,sdr_com_exposed_stand_death01_fall
8E3D9B406E5F18EA,reload_ads_alt_weapons_s4_sm_wecho43
8E3DC4760EC5116F,reload_quick_empty_alt_weapons_s4_sm_mpapa40
8E3F45C1E7FF903A,p7_sandbag_stack_32_middle_lod2
8E3FD613F328B1A4,rubber_marks_ar_stango44_v301
8E41EC19AAC07316,iw7_cp_zom_walk_traverse_up_56_01
8E42F256F38B064B,s4_zm_jpn_door_comm_hinge
8E43E731C9ED5DBE,p8_vsq_campfire_01_lod0
8E45DD058D268B8A,p8_nt4_lights_off_sign_lod0
8E462075C343CC82,s4_mp_addoff_sp_flima35_base_crouch_nonads
8E4712D87E8B2544,vm_sm_thotel_vert_rope_00
8E4791177D79BF82,j_nose_c03_ri
8E48B5737B036409,s4_camo_03h_zm
8E48BDEDDE48136D,ss_cuav_enemy_online_mult
8E49AB760CE80B22,BUNDLE_3028_DESCRIPTION
8E4A1189C7AEFB23,tag_curtain_05e_animate
8E4A364AD7B93195,veh_t9_mil_boat_tactical_raft_mpx_jungle_ops_desc
8E4AD2F5AFBEFCEB,p7_mou_snow_clump_06_lod0
8E4C8FD2FF6A0E92,ai_s4_zm_zombie_juggernaut_strafe_walk_loop_4bckwrd
8E4CBDBE1624C69A,p8_cables_electrical_quad_64_lod0
8E4CDAD82573E2CE,callingcards_t8_mp_prestige_barbarian
8E4D006C8B7B3C67,loot_ar_fasthandling_bp_bbear_desc
8E4D91FF11FE80FD,wm_stango5_irons_l_00
8E4DD966E19A2E2A,p9_zm_ndu_accelerator_wire_05_lod0
8E4E21C7838E7219,c_t9_cub_pl_dgi_warlord_desc
8E4E5AA0881EF87F,holo_01_bromeo37_malpha96
8E4E6EC0A7341B13,reload_alt_weapons_s4_sn_m1golf
8E4E9C443955F015,reb_stl_patrol_stairs_forward_flashlight_up
8E4EDE3A64E34969,reargrip_bakelite_short_slow_sm_ppapa41
8E4FBCE5DB867756,j_barrel_s_fluted_carry_handle
8E4FCD853F48F5A0,hellhound_j_toe_le
8E4FE00D27FB36C0,p7_zm_ctl_debris_wood_plank_old_64_lod0
8E513C6EBFF4CC80,crouch_aim_ar_ads
8E515E0912495E3D,ferro_le_5_animate
8E531526F42C7EDE,BUNDLE_2056_TITLE
8E53A2A295151207,weapon_raise_quick_stand_weapons_iw8_lm_dblmg
8E54AA335A77C6B3,mkg_wind_chime_glass_hanging_02_lod0
8E54D88EDE7D62F4,p9_zm_gold_metal_stairs_railings_top
8E55897B7048FC0D,hook_base_jnt
8E5591291FD3FAA0,reload_weapons_s4_lm_mgolf42
8E55A0B31E6ED595,surftype_plaster
8E55D657934E93FB,cal_md_65mm_arisaka_tyankee100_up2_noimp_zm
8E5616358F48242D,bs_atango_s02_pitch_melee
8E56D9DEF3974F2F,blueprint_bundle_6033_groza_runaway_train
8E5784F34C380C15,p9_window_blind_mid_16_open_btm_lod0
8E58A0C1FFCEFCAF,p9_rock_rough_01_boulder_med_01_lod0
8E58FC715F404F9B,shard_31_jnt
8E5952F1CD3F6FA9,jeep_seat_3_blend_in
8E5A09128E2F622C,j_root_attach_le
8E5A223B572F5068,lab_end_010_finale_intro_plr_3p_face
8E5AD6BA35E1661B,j_lt_tooth_01
8E5AD7BA35E167CE,j_lt_tooth_02
8E5AD8BA35E16981,j_lt_tooth_03
8E5AD9BA35E16B34,j_lt_tooth_04
8E5ADABA35E16CE7,j_lt_tooth_05
8E5ADBBA35E16E9A,j_lt_tooth_06
8E5B290EA35154E7,p7_fir_shelf_wall_bracket_lod0
8E5BEE54FA514874,scriptable_s4_rus_pile_floor_lettuce_01
8E5C5C7B5A45209F,p9_zm_platinum_zipline_body_light_green_lod0
8E5CBA06F86EA8CD,s4_mp_doorframe_template_destp_single
8E5D068058E00E06,bsh_electrical_box_02_lod0
8E5D096DC142D620,extraTime
8E5E07182C9F3E7C,reload_alt_weapons_s4_sh_becho20
8E5EAB7E9217D277,p7_rus_debris_paper_set_03_lod0
8E6066495C572DA7,s4_mp_addoff_me_katana_base_mantle
8E609F8FB9828384,p9_cp_sidemission_tundra_cluster
8E60A88B09A096C2,veh_t9_civ_us_station_wagon_vista
8E61841DC4E485E6,j_rope_le_end
8E61D19867D362A0,dof_4.0_40_0_0
8E632D66EE61B21B,p7_slu_foliage_shrubs_02_lod3
8E6389025ADE63DD,3500
8E63A7B31E7B1ED6,surftype_plastic
8E65328DEAA0C081,tag_door_handle_left_animate
8E6584FF1212FCC7,wm_stango5_irons_l_99
8E65B8D0BDD7DC8D,dyn_coatfront
8E671482681FEE04,fx_fog
8E6721CC742B725C,s4_mp_addoff_lm_malpha7_base_crouch_ads
8E68C09390981839,p8_vista_ac_duct_sq_sml_vert_90_lod0
8E69F0A42B00B851,c_t9_rus_pl_kgb_infantry_desc
8E6A11350263D0B7,s4_camo_07j_zm
8E6A2F20B73FACB2,body_paint
8E6A8DCFA06A922E,50.0
8E6DF9627B91D513,s4_mp_strafe_sprint_bayonet_fast_7
8E6E06627B91EB2A,s4_mp_strafe_sprint_bayonet_fast_8
8E6E07627B91ECDD,s4_mp_strafe_sprint_bayonet_fast_9
8E6E171939A86818,vm_balpha_grip_tape_hv_00_lea
8E6E8725F179CEFF,j_thenar_web_thumb_driver_orient_ri
8E6E9CF9CA7D9205,paintjob_stickers_squadwipe
8E6EB32FD2071D57,j_jacket_side1_ri_parent1
8E6F3B03BD2B2F37,ai_s4_zm_zombie_base_walk_au_v21_pain_chest_f
8E6F4C93F6A1557A,quote_mankind_must_put_an_end_to_ar
8E7037B7861FA05F,leg_le_3_1_upper_over_anim
8E70B2C564381609,mixer_02_bath_fluid_12_jnt
8E70CE83CFD1E46D,p8_foliage_hanging_vine_clump_small_lod0
8E728A38C097E4FE,tag_pin_ring
8E73A0F5294DA0BD,j_rope_080_animate
8E76474117A4695E,callingcards_numbers_anime_reactive_animated
8E764EC002F36DA6,s4_zm_ger_body_mound_01_snow
8E774D66FDF23687,t9_charm_bpanda_desc
8E780C3A454C8A75,supply_stash_ammo_2_jnt
8E7B246589926E57,reargrip_granular_sniper_mr_m1golf
8E7E3E3C4D2882E2,s4_acc_attach_face_67_large
8E802306FF52ED60,back_kgolf40
8E80992C295D2FF9,j_lid_lip
8E8150EC4BD8DB1C,chute_cord_01_jnt
8E81C8A81FF829A5,sdr_mp_prone_custom_empty_reload_pi_decho_akimbo
8E83A01A737FC030,p9_rus_food_price_tag_cucumber_01_lod0
8E83D4B9FDBC9A2C,decor_gunsmith_sandbag_folded
8E8433771CB6EC4F,s4_fra_stone_wall_shrt_01
8E84DC5CB4282091,turn_in_place_out_laststand_passthrough
8E86F1BA55B8D35D,door_l_glass
8E87216C9A9ABF98,j_bag_dyn
8E87A26EB692A965,zm_blue
8E87EE90548A579C,jog_jump_up_drop
8E8804972DB68112,vm_voscar_grip_00_gra
8E880F972DB693C3,vm_voscar_grip_00_grv
8E89B912E27CAF14,tag_arm2
8E89BA12E27CB0C7,tag_arm3
8E89BC12E27CB42D,tag_arm1
8E89F56177B21AB4,bsh_ship_fire_hose_01_lod0
8E8A1B98B13A5459,wm_mgolf42_barrel_l_102
8E8A3C90203D21C9,j_cosmetic_gut1
8E8A9901124DAA77,s4_acc_attach_watch_band_05_02_small
8E8CC02357B1CEB0,weap_1911_reload_end_plr
8E8CF5853F7CE7B6,hellhound_j_toe_ri
8E8FDC28A99579A2,smg_burst_bp_maneater
8E8FF6E79D245C54,pistol_burst_bp_firestorm
8E91E3A787683741,mag_drum
8E9261177DB9596C,j_nose_c03_le
8E93DE0F8ADAA7E5,pc_crouch_hold
8E9572AD8252513E,wm_sh_lindia98_brake_wc_xs_00
8E96A87726E16529,sdr_mp_veh_hindia_seat_4_scrub_neutral
8E9721301BFC4917,zm_callingcards_master_smg_cqb_zm_cc_desc
8E97C8192FA3D9BD,emblems_cdl_teamemblem_010_la_g_1_sy_base
8E97D475E550C839,quote_mr_grenade_is_not_our_friend
8E985AEECA6A8166,White
8E98AA84C6BF1A25,operator_bundle_3013_bulldozer_wasteland_survivor_alt
8E98C40954447FEB,blueprint_bundle_6029_fara_antarctica
8E98CC903465DA08,j_switch_turn
8E98FEB8A779DA41,p8_col_storage_chem_lab_cabinet_tall_door_lt_lod0
8E9A5CECA8215B28,rope_bone_50
8E9A5DECA8215CDB,rope_bone_51
8E9A5EECA8215E8E,rope_bone_52
8E9A5FECA8216041,rope_bone_53
8E9B0065A04DF671,zom_core_sprint_pain_left
8E9BC11EF8717870,shuffle_foot_r_forward_8_to_6
8E9BC31EF8717BD6,shuffle_foot_r_forward_8_to_4
8E9BC51EF8717F3C,shuffle_foot_r_forward_8_to_2
8E9CD33D276310E0,engine_animate_jnt
8E9D4F63336EFB56,rt_vine_clump5_10_jnt
8E9D59ECA8238BE6,rope_bone_49
8E9D5AECA8238D99,rope_bone_48
8E9D5FECA8239618,rope_bone_43
8E9D60ECA82397CB,rope_bone_42
8E9D61ECA823997E,rope_bone_41
8E9D62ECA8239B31,rope_bone_40
8E9D63ECA8239CE4,rope_bone_47
8E9D64ECA8239E97,rope_bone_46
8E9D65ECA823A04A,rope_bone_45
8E9D66ECA823A1FD,rope_bone_44
8E9D77AF0FE74E88,p7_foliage_coral_sea_table_02
8E9D78AF0FE7503B,p7_foliage_coral_sea_table_03
8E9D7AAF0FE753A1,p7_foliage_coral_sea_table_01
8E9E61759FF3DE7F,s4_mp_custom_ar_dg2_base_prone_reload
8E9EB07104B792CB,s4_zm_rus_theater_door_02_left
8E9F0ECF4EF8A358,callingcards_mp_bootcamp_gunfighter
8E9F90E1AA584637,s4_acc_attach_watch_band_04_01_large
8EA056CEA89B1270,bottle1_leave
8EA1698C47CAF215,j_steering_wheel
8EA1886B8034ABFE,p8_col_stone_fort_corner_01_128_lod0
8EA1D1DF526C7332,ps_wpn_promeo45_plr_reload_charge_empty_dblext
8EA2064F81F4499D,vm_lindia98_grip_short_stow_00_lea
8EA32F413EE99566,veh_t9_mil_us_motorcycle_offroad_mpx_hellrider_desc
8EA33140B71DCBCE,p8_cas_plaque_flag_22x36_hanging_lod0
8EA33632EF7A28AB,bakelite_supsli_malpha7_v301
8EA365CEAB95C73F,bullet9_jnt
8EA3BD172944A32A,p7_zm_zod_gutter_leader_head_02_lod0
8EA4D27A5F4E4092,adjust_nonads_prone_weapons_s4_pi_malpha96
8EA55FD76CE603D5,sdr_cqb_cover_crouch_walk_exit_9
8EA561D76CE6073B,sdr_cqb_cover_crouch_walk_exit_7
8EA67DA56D8D93E4,dof_4.5_50_050_050
8EA686E5CFA7AE2C,glass_broken_debris_pile_06_lod1
8EA70E41670A3B9F,reargrip_fabric_marksman_mr_malpha1916
8EA7D0ECA82CAAA0,rope_bone_14
8EA7D1ECA82CAC53,rope_bone_15
8EA7D2ECA82CAE06,rope_bone_16
8EA7D3ECA82CAFB9,rope_bone_17
8EA7D4ECA82CB16C,rope_bone_10
8EA7D5ECA82CB31F,rope_bone_11
8EA7D6ECA82CB4D2,rope_bone_12
8EA7D7ECA82CB685,rope_bone_13
8EA7DCECA82CBF04,rope_bone_18
8EA7DDECA82CC0B7,rope_bone_19
8EA8C2AB557CA5D7,par_window_shutters_03b_lft_white_lod0
8EAB4CC578664848,s4_mp_addoff_sh_lindia98_base_mount_left
8EAB53ECA82FBF10,rope_bone_07
8EAB54ECA82FC0C3,rope_bone_06
8EAB55ECA82FC276,rope_bone_05
8EAB56ECA82FC429,rope_bone_04
8EAB57ECA82FC5DC,rope_bone_03
8EAB58ECA82FC78F,rope_bone_02
8EAB59ECA82FC942,rope_bone_01
8EAB61ECA82FD6DA,rope_bone_09
8EAB62ECA82FD88D,rope_bone_08
8EAC7F9E7081CAF0,charroom_fx_worldmap
8EAD62D2DEEB8C84,p9_ship_dwn_duct_rect_sml_32_lod0
8EAD90D9DE0EC45A,guard_balpha_v204
8EAE58ECA831FD66,rope_bone_38
8EAE59ECA831FF19,rope_bone_39
8EAE5EECA8320798,rope_bone_32
8EAE5FECA832094B,rope_bone_33
8EAE60ECA8320AFE,rope_bone_30
8EAE61ECA8320CB1,rope_bone_31
8EAE62ECA8320E64,rope_bone_36
8EAE63ECA8321017,rope_bone_37
8EAE64ECA83211CA,rope_bone_34
8EAE65ECA832137D,rope_bone_35
8EAECFBBCE661859,p7_painting_chinese_10_lod0
8EAEE84A30FB82DC,j_palm_side_pad_le
8EAF3ED061D753AA,scriptable_s4_par_kitchen_cuttingboard_01
8EAFB8C7B85DDEAD,stk_factory_hoist_pulley_02
8EB0ACD562006AC1,tag_airbrake_rear_lower_right_animate
8EB0E28CD8BA2A1F,iw7_cp_zom_walk_traverse_over_40_down_56_01
8EB0E54CF8BC0F8B,sdr_com_exp_stand_death02_lleg_med_2
8EB0EB4CF8BC19BD,sdr_com_exp_stand_death02_lleg_med_4
8EB12D15B73148C9,geo_mirror_right_spawn
8EB1DDECA835153C,rope_bone_29
8EB1DEECA83516EF,rope_bone_28
8EB1E1ECA8351C08,rope_bone_25
8EB1E2ECA8351DBB,rope_bone_24
8EB1E3ECA8351F6E,rope_bone_27
8EB1E4ECA8352121,rope_bone_26
8EB1E5ECA83522D4,rope_bone_21
8EB1E6ECA8352487,rope_bone_20
8EB1E7ECA835263A,rope_bone_23
8EB1E8ECA83527ED,rope_bone_22
8EB1FD57861174DD,j_mask_head_b_joint_base
8EB24715120076DD,p7_refrigerator_mini_01_lod0
8EB30BF7951C5304,disable_third_person_spectating
8EB351A7324FEB54,bsh_ship_deck_detail_11_lod0
8EB40C8F44D0CA13,s4_ar_stango44_blindfire_all
8EB4760AA8A344AC,wm_mike97_grip_ta_00_fab
8EB605DC67789E36,cull method
8EB683BDE879AA16,stock_tactical_stango44
8EB71FD9929432E5,ar_fastfire_bp_zombied
8EB84DDA935F24FC,sdr_cqb_cover_right_crouch_pstl_walk_exit_9
8EB853DA935F2F2E,sdr_cqb_cover_right_crouch_pstl_walk_exit_7
8EB854DA935F30E1,sdr_cqb_cover_right_crouch_pstl_walk_exit_6
8EB858DA935F37AD,sdr_cqb_cover_right_crouch_pstl_walk_exit_2
8EB96EA0639D7D2C,p7_zm_shi_net_fishing_02_pile_lod0
8EB98F25F1B9C811,j_thenar_web_thumb_driver_orient_le
8EB9996EA962BB84,option_sound_sound
8EBA527A3EB3BCE4,s4_mp_addoff_ar_chotel41_base_mount
8EBA6E6731A28550,mag_bromeopg
8EBAA82DAD0A8BD2,p8_kit_col_gen_01_roof_tiles_01_end_right_bottom_red_clay_0_02_lod0
8EBAC80BA523B9F4,p7_planters_taperedcylinder_small_lod0
8EBDBD3715DF1507,combat_arrival
8EBDDB257DE9C3A4,cover_left_crouch_final
8EBDF2B8EF477389,reargrip_stippled_removed_ar_stango44
8EBECED7C863A88A,SHOTGUN_SEMIAUTO_BP_VALYA_DISPLAYNAME
8EBF6ADD5BA836B0,category_codcaster_cameras_aerial_camera
8EBFB9D0871D1F54,pain_stand_end
8EC06AFDC5661264,p8_zm_esc_note_cypher_book_1_lod0
8EC17F490C413E39,bottle_fluid_scale_03_13_jnt
8EC368BEA5609BC3,sdr_mp_strafe_trans_fast7_fast3
8EC3D157B37BAFC4,p9_ech_graphics_number_06_lod0
8EC41FB76E061399,c_t9_usa_pl_cia_big_joke3_desc
8EC605CE18734A09,s4_mp_addoff_sh_mike97_base_mount_right
8EC6A4BEDC68C1A2,callingcards_s5_mardigras
8EC711778805B195,fire_prone_ads_weapons_s4_ar_asierra44
8EC7CB4AF0A5ED34,ar_standard_bp_tagger_desc
8EC822CB1E1ACB71,sdr_mp_exposed_crouch_death01_torso_lg_8_center
8EC9A87BCE08C462,cal_xs_22lr_voscar_down2
8ECA327846881D2D,rope_170_jnt
8ECB5894A02E0B0D,emblems_80s_album_06
8ECC2D0B49CFF99E,carrierArmor
8ECC9E48F27B7978,loot_sniper_quickscope_mk2
8ECE4BFB6799A990,parts_wristwear_mp_watch_d_big_wm_1_2
8ECE4CFB6799AB43,parts_wristwear_mp_watch_d_big_wm_1_3
8ECE6926866AB6F8,s4_mp_addoff_sm_aromeo43_base_stand_nonads
8ECE7B339B949406,trans_2_ads_stand_weapons_iw8_lm_dblmg
8ECEEE56A506EC94,reload_empty_ads_weapons_s4_lm_aalpha52
8ECFBE535460E6E6,snprscope_medium_jpn_offset_stango44
8ED0D84A31184E12,j_palm_side_pad_ri
8ED11F4E71157C19,death02_viscera_02_03_jnt
8ED14267B0AC9600,ai_s4_zm_zombie_base_stn_idle_react_6_v01
8ED14467B0AC9966,ai_s4_zm_zombie_base_stn_idle_react_6_v03
8ED14567B0AC9B19,ai_s4_zm_zombie_base_stn_idle_react_6_v02
8ED14667B0AC9CCC,ai_s4_zm_zombie_base_stn_idle_react_6_v05
8ED14767B0AC9E7F,ai_s4_zm_zombie_base_stn_idle_react_6_v04
8ED21B8CBD4D9FC0,vm_bromeo5_barrel_xs_rof_00
8ED3CA2DF4EB0161,s4_mp_execution_wellington_01_victim_stand
8ED3E39C2D0B0C89,ach_sandbag_cover_02_lod0
8ED47FF973D87DF3,sdr_com_trans_exp4_pstl_to_cover_right_crouch
8ED4872554371DE8,rope_01_18_jnt
8ED5277B89C7EEE9,crawling_mantle_over_72_walk
8ED7D6D018090E73,dof_2.8_90_200_200
8ED832E887D3505A,tag_arm_left
8ED84995A84F4FCD,tag_cymbol_right_animate
8ED889325B27595C,p7_jun_building_river_hut_03
8ED88A325B275B0F,p7_jun_building_river_hut_02
8ED88B325B275CC2,p7_jun_building_river_hut_01
8ED8F7CD97C2B824,callingcards_bps4_zeyna
8ED928E223C79149,camera_mp_gunsmith_preview_small_laser
8EDA1308BF17461E,vm_wecho_mag_c_00
8EDAD98132074F98,callingcards_master_melee_etool_mp
8EDB1523E7418FEB,tng_windmill_blade_chunk_lp
8EDC8F532817797B,sdr_mp_crouch_throw_moving_eq_molotov
8EDCE39C4F369B4F,sdr_mp_empty_additive_fire@1
8EDDDAF36735CA40,aimset_strafe
8EDE33CE7F0638F9,rope_152_jnt
8EDEBB52D5635803,p8_zm_man_dinnerware_glass_pitcher_01_lod0
8EDEE2DD40E1A5ED,trigheavy_mike1911
8EDFBD3B626BE7E5,p7_mou_data_recorder_cover_dmg_lod0
8EDFFFE4ACD23BC7,sdr_mp_mantle_over_weapon_up_far_medium_high_c_akimbo
8EE1584D895F0702,p9_dun_sand_dune_01_lod0
8EE1F1AE8820B7F2,reload_quick_ads_alt_weapons_s4_sm_stango5
8EE3D80A683B54B2,scriptable_vfx_frontend_mp_lobby_loadout
8EE47412AF52F7E7,tag_limb_bot_root_animate
8EE4CBB556C9A4AB,EMBLEMS_15
8EE4D184BE6590A6,t9_charm_cuddly_bird
8EE52F88BEC89AC1,dof_4_81_010_010
8EE601EBBF233B30,sdr_mp_strafe_crouch_walk_hipflip_backward_3
8EE602EBBF233CE3,sdr_mp_strafe_crouch_walk_hipflip_backward_2
8EE603EBBF233E96,sdr_mp_strafe_crouch_walk_hipflip_backward_1
8EE605EBBF2341FC,sdr_mp_strafe_crouch_walk_hipflip_backward_7
8EE608EBBF234715,sdr_mp_strafe_crouch_walk_hipflip_backward_4
8EE6CC12A984B262,stk_spotlight_01_top_lod0
8EE71D778BA4A3E2,sdr_mp_strafe_crouch_trans_shuffle2_shuffle8
8EE8324916AC8376,j_jacket_flap_le_end
8EE8999EE1446B03,sdr_mp_strafe_crouch_fast_7_to_prone_fast_7_trans_akimbo
8EE90FC47EA17EFB,capDecay
8EE9F957FFBA1A02,wm_mpapa40_grip_00_lea
8EEA85D4E03BD4D1,tips_multiplayer_tdm_bb
8EEBBFB556CFAEF5,EMBLEMS_35
8EED11BF7AFDB92B,p7_pipes_metal_water_handle_lod0
8EEDE692F829907E,s4_zm_vehicle_ger_trans_opel_blitz_open_static_01
8EEEAB5188BCE065,p7_slu_container_gas_lod0
8EEEC0B556D1E67F,EMBLEMS_20
8EF06544476F056B,p8_usa_submarine_interior_box_small_lod0
8EF06E755F7A56F7,p7_wes_glasses_vintage_closed_lod0
8EF1DAF53CEBC8F0,talent_tracker
8EF1E15D977E5798,j_belt_buckle_animate
8EF2844A58145225,window_03_shard_05_jnt
8EF487DDFC32C1EF,j_shoulder_le_tr
8EF4C844FFF3751D,zm_callingcardsmaster_shotgun_fullauto_zm_cc_desc
8EF595EA9695285D,sdr_mp_ges_stim_me
8EF5A1FD1D57BC42,trans_2_ads_prone_weapons_s4_sn_aromeo
8EF5CF18F52C4EAE,c_t9_gen_pl_starter3_stone_bollocks_sy_desc
8EF6EEC5FFCB4ABF,j_r_wing_feather_grp_l_wing_large_feather27_ri_primary
8EF84D6BF1BD0C19,stop_backward_r_alias
8EF857F2A304A08D,p9_corrugated_wide_wall_01_72h_72w_01
8EF93323FC782388,tag_club
8EF9E485D3CED6E0,sdr_com_cover_right_stand_death02_legs_md_4
8EFAAFADB8895198,p7_inf_rock_boulder_large_01_lod0
8EFB6D3D485A7C3F,adjust_ads_freefall_weapons_s4_me_leiomano
8EFD2DA863F6D480,ai_s4_zm_zombie_base_walk_dth_f_chest_lt_06
8EFD2EA863F6D633,ai_s4_zm_zombie_base_walk_dth_f_chest_lt_07
8EFD2FA863F6D7E6,ai_s4_zm_zombie_base_walk_dth_f_chest_lt_04
8EFD3017D09D0BBC,tag_char_vis_light_red_01
8EFD30A863F6D999,ai_s4_zm_zombie_base_walk_dth_f_chest_lt_05
8EFD31A863F6DB4C,ai_s4_zm_zombie_base_walk_dth_f_chest_lt_02
8EFD32A863F6DCFF,ai_s4_zm_zombie_base_walk_dth_f_chest_lt_03
8EFD3317D09D10D5,tag_char_vis_light_red_02
8EFD34A863F6E065,ai_s4_zm_zombie_base_walk_dth_f_chest_lt_01
8EFD3BA863F6EC4A,ai_s4_zm_zombie_base_walk_dth_f_chest_lt_08
8EFD3C7AE4A972A8,adjust_blindfire_blindfire_top_weapons_s4_la_walpha2
8EFD3CA863F6EDFD,ai_s4_zm_zombie_base_walk_dth_f_chest_lt_09
8EFED0E063E51821,p9_zm_outbreak_artifact_elemental_poster_lod0
8EFF774F152D66EA,sdr_com_exposed_stand_pain01_rarm_lg_r
8EFF794F152D6A50,sdr_com_exposed_stand_pain01_rarm_lg_l
8EFF834F152D7B4E,sdr_com_exposed_stand_pain01_rarm_lg_f
8EFF874F152D821A,sdr_com_exposed_stand_pain01_rarm_lg_b
8F003FAAFA4FA7D6,sdr_cqb_fast_aim_9
8F0040AAFA4FA989,sdr_cqb_fast_aim_8
8F0045AAFA4FB208,sdr_cqb_fast_aim_3
8F0046AAFA4FB3BB,sdr_cqb_fast_aim_2
8F0047AAFA4FB56E,sdr_cqb_fast_aim_1
8F0049AAFA4FB8D4,sdr_cqb_fast_aim_7
8F004AAAFA4FBA87,sdr_cqb_fast_aim_6
8F004CAAFA4FBDED,sdr_cqb_fast_aim_4
8F00A39D31ABE893,torch_straight_tyankee100
8F00B8A863F9F688,ai_s4_zm_zombie_base_walk_dth_f_chest_lt_11
8F00B9A863F9F83B,ai_s4_zm_zombie_base_walk_dth_f_chest_lt_10
8F00BAA863F9F9EE,ai_s4_zm_zombie_base_walk_dth_f_chest_lt_13
8F00BBA863F9FBA1,ai_s4_zm_zombie_base_walk_dth_f_chest_lt_12
8F00BCA863F9FD54,ai_s4_zm_zombie_base_walk_dth_f_chest_lt_15
8F00BDA863F9FF07,ai_s4_zm_zombie_base_walk_dth_f_chest_lt_14
8F013727C0B93D1A,p7_jun_brick_clean_03_lod0
8F01B16AF28C7557,s4_mp_custom_sn_moscar32_scope_stand_ads_reload_start
8F0238194ECC0DC7,sdr_mp_prone_throw_eq_mike67
8F02E720D41B7E92,p7_zm_ctl_bed_ornate_frame_top_lod0
8F04B227C4E412EC,p9_usa_luggage_02_lrg_lod0
8F0514AE68E64CEA,tag_gear_rear_left_null
8F06082BDB0EC753,charroom_fx_tango
8F0640848DE80A18,rechamber_stand_nonads_weapons_any_smg
8F07CE98C47686A8,stop looping sound
8F097C318801A688,ps_wpn_ptango41_plr_reload_magout_empty
8F09814D847411C1,p9_mal_baseboard_trim_4_01_lod0
8F09949748CC2236,vm_stango44_stock_sk_101
8F09979748CC274F,vm_stango44_stock_sk_106
8F0B27FA1A7ECA0E,tag_shock_back_right_3_upper_aim
8F0C3E6326A716BD,ceiling_panel2
8F0DFA2C8604287F,back_luniform08
8F0FAC8EDED1545D,stk_car_wiper_blade_01_lod0
8F10F984D0913798,p8_jnt_railing_01_64_lod0
8F11062EFDF5338B,hm_grnd_org_cover_crouch_reload01_ar
8F118C120F9889D1,taped_hvy_kalpha98_v301
8F118E9FF68C0531,p9_sr_evidence_perseus_dot_matrix_printout_01a_lod0
8F11DD12C1B1644D,vm_asierra44_irons_s_00
8F12190A46D815A8,emblems_vts_03
8F121A0A46D8175B,emblems_vts_02
8F121B0A46D8190E,emblems_vts_01
8F12200A46D8218D,emblems_vts_04
8F13506E895EE3DF,j_l_wing_large_feather71_le_secondary
8F13DC64181F87B1,s4_mp_fingers_lm_tyankee11_gripstock_r
8F17045102B50FE7,s4_mp_custom_me_fists_base_prone_inspect
8F173BC674558D25,sdr_mp_execution_045_victim_stand
8F17EFE1B70377BD,s4_acc_attach_face_75_subliners_small_sony
8F18E95D3EC17BB0,p7_zur_root_branch_07_lod0
8F19428E2F92114F,injured_blood_settings
8F1A18E1BAD2549E,p9_chi_bollard_steel_01
8F1A3173DBF7A8BB,wm_stango5_grip_00_stp
8F1A3A4D28F98D9C,s4_exposed_idle_headlook
8F1E6D7D8CB17858,straight_128_low
8F204D1E48C4E009,reflex_monocle_00_svictor40
8F20E4C78E71600C,cover_right_look_to_hide
8F219ECD873E1C2F,reflex_mini_00_mike97
8F224225267A6B20,right8rshuffle
8F24328B5E56897F,tag_ammo_gun_lock_back
8F244BAAABEC48C6,sdr_com_traverse_jog_jump_up_drop_intro
8F24E2848FC90E56,p7_light_pole_modular_exterior_32_lod0
8F2623D1C783584F,p7_debris_cardboard_flat_07_lod0
8F2685E4BB3E900C,wm_svictor40_grip_00_htc
8F26F6EA63339C38,hyflex_stacked_mini_00
8F2730123B27C61F,rechamber_crouch_nonads_weapons_iw8_ar_mike4
8F291FAAA5890573,sdr_mp_strafe_fast_jump_takeoff_3_alt_jugg
8F2947297E190023,tag_axle_left_inner_aim
8F29ECAD5E0B3606,p9_usa_rock_mossy_02_lod1
8F2A7B5572126D9C,s4_mp_custom_sn_aromeo38_gl_crouch_moving_in@1
8F2B02EDEF913054,grave_lid_chunk_40_jnt
8F2BE73C1A860F7F,wm_kalpha98_barrel_xl_103
8F2BF853CFEE644A,rt_gate02_bck_8_jnt
8F2ED20F6762AC92,tag_zipper_base
8F2F84E95955B99C,cal_xs_fmag_22lr_voscar_down2_noimp_pack_zm
8F313A817B7F1776,reload_quick_empty_weapons_s4_pi_ttango33
8F3151F66AB1B2A6,sdr_com_melee_takedown01_defwins_early_attacker_8
8F3157F66AB1BCD8,sdr_com_melee_takedown01_defwins_early_attacker_2
8F315BF66AB1C3A4,sdr_com_melee_takedown01_defwins_early_attacker_6
8F315DF66AB1C70A,sdr_com_melee_takedown01_defwins_early_attacker_4
8F32E73D1E593520,sdr_com_cover_left_crouch_look_to_hide
8F330D2A76DBC1F4,adjust_nonads_crouch_moving_weapons_s4_sp_flima35
8F3348B6D7762C9A,s4_mp_custom_sn_aromeo38_scope_prone_reload_start
8F344A2090DB40C6,ATTACH_T9_CHARM_BOMB_EGGS
8F3469FEEDD7285C,wm_chotel41_barrel_lw_00
8F34B42175878665,reargrip_bakelite_mg_bromeo37
8F353436DA9714C8,dyn_hair_strand_1_end
8F3664309B72B2B2,dof_3.3_46_050_050
8F37240187E60B03,ps_mp_execution_generic_lights_prone_grab_01
8F3817862752515F,holo_02_aromeo43
8F381B871EF5B272,c_t9_usa_pl_adler_bloodhound_glitz_desc
8F38CE1091E27633,ferro_ri_12_animate
8F3A331A1304A4BB,first_party_account_type
8F3AC588690AA536,rt_vine_lrg1_10_jnt
8F3C252230AF0098,j_r_wing_feather_grp_l_wing_large_feather47_ri_secondary_coverts
8F3C43A3A4118036,s4_zm_ger_electrical_conduit_1_body_bend_elbow
8F3C46601774BC81,callingcards_zm_exterminator_overwatch
8F3C46F588352EE5,emblems_russiansteel
8F3C6B1A22651098,mixer_03_bath_fluid_18_jnt
8F3C8A0DD9F0AE4B,sticks_stones_mode_start_hardcore
8F3D97BA90EEC705,drums_jnt
8F3E0F32139851E6,p7_zm_sta_robot_forearm_01_pipe_lod0
8F3EBE639553D4AA,hm_grnd_red_prone_burst_06_ar@3
8F3EE4FC723A3424,reload_quick_ads_alt_weapons_s4_sn_m1golf
8F3F61529ABB8A92,reb_smtobj_knock_off_enter
8F40A38830A31F66,p8_wmd_truss_metal_roof_1way_01_lod0
8F4191F8BB42169A,reargrip_leather_skeletal_mg_dpapa27
8F42147C6B5C2399,gumball_event_swirl_10_jnt
8F4408617C917933,blendspace_alias_jump_inair_backward_melee
8F4587FB3707671B,editcustomgames_settings_game_categories
8F47CC609E7D0536,adjust_nonads_crouch_moving_weapons_s4_pi_ttango33
8F49BDCBDEDACC69,seat_grime
8F49C7511C58BE79,callingcards_bruiser
8F4A33965C86AF9C,PISTOL_SEMIAUTO_BP_FINECHINA_DESCRIPTION
8F4C94936BCAC72A,wm_bromeo_mag_c_down_00
8F4D01C7987A1B82,sdr_com_cover_stand_aim_to_hide
8F4D2208AD202AC3,neck_bend_jnt
8F4DCC40071A6430,sdr_com_exposed_stand_pain01_rarm_md_l_to_exp
8F4ECE86DCB00587,jump_breakout
8F4FEC81BAE4704E,p9_dun_village_kit_rubble_small_04_lod0
8F504281598833F1,vm_kalpha98_irons_l_00
8F511652B84458E0,sdr_mp_stand_gun_butt_hit_02_ar_asierra12_ubshtgn
8F54565DEE23E64B,reflex_nydar_00_mgolf42
8F54E6D0140B25B5,jawleft_lipstogether
8F55379A2208462C,silencer_light_kalpha98
8F557FE08361A9EC,dun_luggage_01_open_lod0
8F560C7061382D8E,tag_tire_spare
8F562CA21EF1D867,quote_victories_that_are_easy_are_cheap
8F57FF675720B989,sharedplayer
8F58076FBFE75A13,ps_mp_execution_shigenori_prone_gunhit
8F5895D3364FBF88,tag_seat_pilot_attach
8F5981423C2F5A53,s4_mp_addoff_ar_hyankee44_base_stand_ads
8F5A0E8F4085794B,wm_thotel_grip_reargrip_00_tap
8F5E59B6F8969C56,sdr_com_exposed_crouch_death01_midbody_lg_8
8F5E5FB6F896A688,sdr_com_exposed_crouch_death01_midbody_lg_2
8F5E63B6F896AD54,sdr_com_exposed_crouch_death01_midbody_lg_6
8F5E65B6F896B0BA,sdr_com_exposed_crouch_death01_midbody_lg_4
8F5F19DB4911F65F,melee_start_upper
8F605AB153BDCEFE,p8_zm_off_office_papers_01_lod0
8F60B4ABE80A86AA,s4_mp_addoff_lm_malpha7_base_blindfire
8F6140EFFDA5A43F,sdr_com_cover_left_stand_pain01_leg_lg_r
8F614CEFFDA5B8A3,sdr_com_cover_left_stand_pain01_leg_lg_f
8F6150EFFDA5BF6F,sdr_com_cover_left_stand_pain01_leg_lg_b
8F6156EFFDA5C9A1,sdr_com_cover_left_stand_pain01_leg_lg_l
8F62509E64CA1017,vm_wristwear_41_band
8F628EFBFF58E981,piece_03_ds
8F62FB02506C8855,s4_zm_jpn_foliage_tree_mangrove_02_rough
8F6311FDD7F43766,wristaccessory_t9_s2_analog_dark_aether_desc
8F633540FF3D60BD,callingcards_top10_desc
8F635D1FB4E2F8B6,p9_rus_planter_stair_wall_01_sml_lod0
8F63BED6AEE7D233,p8_zm_red_treasure_mask_gold_lod0
8F641D862777967C,holo_02_aromeo99
8F644E8B1BEAB3AE,callingcards_reduse_reuse_and_recycle
8F646935D7C5F416,sdr_com_melee_takedown01_attackerwins_attacker_2
8F646B35D7C5F77C,sdr_com_melee_takedown01_attackerwins_attacker_4
8F646D35D7C5FAE2,sdr_com_melee_takedown01_attackerwins_attacker_6
8F646F35D7C5FE48,sdr_com_melee_takedown01_attackerwins_attacker_8
8F64812653CDC90C,j_le_lower_limb_1_1_animate
8F650790EE6CCB5B,wire_29_jnt
8F66BA09AEA228BE,gumball_event_shiny_33_jnt
8F68EE5EAC2498CE,j_index_ri_5
8F6A2B4F7D8D4471,tag_glass_left_back_d
8F6A60E3BE29D390,paintjob_stickers_r82_10
8F6A62E3BE29D6F6,paintjob_stickers_r82_12
8F6A6B273DF6F789,callingcards_om_explosive_whisperer
8F6AEB842A9AD9C4,wm_fecho_irons_s_00
8F6BE88AF06AC08A,p9_usa_kgb_fuselage_comm_curtain_01_lod0
8F6BECBDC24589E2,right_crouch_default
8F6BFEA94B159405,p8_zm_man_crafting_screwdriver_b_lod0
8F6CD814D8525137,ATTACH_T9_CHARM_BATTERING
8F6DF7CA9D310520,p7_mou_data_recorder_lod0
8F6FAFF873FC3459,adjust_blindfire_blindfire_left_weapons_any_ar
8F6FB353B00B02CA,j_metamid_ri_1_umbrella
8F7192279AADAFBA,sml_can_lod0
8F71D8B340D76733,p8_zm_esc_construction_steel_ibeam_bundle_lod0
8F735D096AAE900E,s4_stand_run_loop_headlook
8F7471E3BE3244F8,paintjob_stickers_r82_21
8F7476E3BE324D77,paintjob_stickers_r82_24
8F74EDC8304C203D,iw8_cell_phone_copy
8F755CB381BD9705,AR_MERCENARY_BP_CHARDEN_DESCRIPTION
8F75D7C021F978D9,p8_kit_zt8_thi_01_door_10_left_painted_wood_01_broken_upper_lod0
8F75E8F080A40778,p9_zm_ndu_intel_documents_m_inspect_02_lod0
8F76F004987E4AB5,sdr_traversal_trip_wire_forward
8F778068BE05D530,reload_quick_empty_ads_alt_weapons_s4_pi_malpha96
8F785AE5E48E1D17,reshc_start
8F797D0D2129BB57,j_contents1
8F7A4EB97D9FD990,assets_final_0_5
8F7A51B97D9FDEA9,assets_final_0_6
8F7A54B97D9FE3C2,assets_final_0_3
8F7A5609A3304BC1,sdr_mp_exposed_stand_death03_torso_med_2_right
8F7C1B30CEB25108,tag_baseball_bat_animate
8F7C344D3A55C95C,cal_lg_fmag_792mm_mauser_stango44_up1_pack_zm
8F7D3EE268885271,weapon_lower_crouch_weapons_iw8_ball
8F7D4581D5B8017D,hm_grnd_melee02_defender_wins_att
8F7DFAFA417AA47E,weapon_first_raise_crouch_moving_weapons_s4_la_m1bravo
8F7FC39367C35F75,mp_prone_custom_reload_empty_sm_mpapa5
8F7FD2715E58997A,trans_2_nonads_crouch_weapons_s4_ar_kgamma40
8F81863C2219011E,p7_slu_gate_fence_segment_short_end_lod0
8F823C7F5CF71FB8,tag_ring_animate_le
8F82D0F23D165622,reargrip_fabric_folding_sh_mike97
8F82D3AE57393623,s4_mp_custom_eq_deployable_cover_stand_throw
8F83B0CE0E39AA7C,p7_slu_awning_sheetmetal_sml_lod0
8F84E57163FBACD9,smg_capacity_bp_fishtank
8F859662E7B242EA,s4_mp_addoff_la_palpha_base_crouch_ads
8F8651A7B151D56F,fire_stand_mount_left_weapons_s4_sn_kalpha98
8F866948909350FB,sdr_mp_pain_sub_stand_head_bk_02
8F866A48909352AE,sdr_mp_pain_sub_stand_head_bk_01
8F86FA6AC9C45222,s4_acc_attach_face_85_small
8F87DB16A70C46BE,emblems_soccer
8F889E522A845113,p9_mal_food_cookie_01
8F889F522A8452C6,p9_mal_food_cookie_02
8F88A0522A845479,p9_mal_food_cookie_03
8F88A1522A84562C,p9_mal_food_cookie_04
8F88A2522A8457DF,p9_mal_food_cookie_05
8F88A3522A845992,p9_mal_food_cookie_06
8F8982B63D033B5D,sdr_mp_execution_057_attacker_prone
8F8B8DE948A3B2B5,adjust_nonads_crouch_akimbo_weapons_default
8F8BEE981599F4E1,non_melee_breakout
8F8C0A1F2C0A3634,p7_rug_cloth_persian_64x128_01_lod1
8F8C0B1F2C0A37E7,p7_rug_cloth_persian_64x128_01_lod0
8F8D02D46C4E64AF,ger_tank_tigerii_01_static_lod210v000010bf800000
8F8D7F0A1D89CD7B,p9_rus_preserver_ring_hook_lod0
8F8E9B167C48989C,bullet_556_link_ejected
8F8F575432DC2776,p9_zm_gold_cipher_g1_lod0
8F8F8E2AD8BBFEFD,nv_scope_00_offset_promeo45
8F906F7D97FE4968,equipped_scorestreaks
8F9142D521B49F20,cal_xs_22lr_owhiskey_down1_zm
8F91A24F029FDC5E,waiting_system_overlay_options
8F925A8654D52DFE,p9_lath_wood_damaged_01_lod0
8F9375DCF64F7D3F,p9_nam_fr_col_tarp_hanging_02_lod0
8F93800ED78E1068,umbrella_base_016_jnt
8F95918FC8246F8A,slide_ks_greenbeam
8F966A9CFC631AEA,p8_zm_zod_fire_equipment_hose_reel_01_lod0
8F9684C07FBBCF74,paintjob_stickers_diamond_lmgs_mp
8F972E67325DF227,mag_bromeo37
8F9782597D0E2D59,s4_mp_execution_greenbay_01_victim_stand
8F98801080449BEB,prone_killstreak_greenbeam
8F98EF7EC276BD4E,zm_pistol_burst_bp_primal_sy_bp_desc
8F9B5E561A8CF553,j_cable01_06_animate
8F9C9134D936EFD3,adjust_ads_crouch_weapons_s4_sm_ppapa41
8FA0B3DBE30C00EC,veh_t9_civ_ru_sedan_80s_mpx_hotrod_desc
8FA13823669E7FF1,p8_arm_fuel_robotic_01_cable_lt_lod0
8FA1833F9641C516,inspect_stand_ultra_weapons_s4_ar_voscar
8FA30B710DEE26E2,callingcards_close_the_gap_s6_desc
8FA5D6B3EF6BE4B4,fe_operator_unlock_rodion_01_face
8FA855EB3233F8C8,leopard_j_toe_ri
8FA8B78D0DC204B6,stl_crate_set_04
8FA8E30D2CE92A0C,comp_large_gecho43
8FA8F689446BC76C,sdr_mp_me_strafe_jog_hipflip_forward_8
8FA8F789446BC91F,sdr_mp_me_strafe_jog_hipflip_forward_9
8FA8FC89446BD19E,sdr_mp_me_strafe_jog_hipflip_forward_6
8FA8FD89446BD351,sdr_mp_me_strafe_jog_hipflip_forward_7
8FA90189446BDA1D,sdr_mp_me_strafe_jog_hipflip_forward_3
8FA980B47A37F6FF,p7_faucet_kitchen_stainless_modern_01_lod0
8FAA012B4453E457,iw8_acc_attach_face_digital_q_female
8FAA95A2E1817686,cal_md_762x39mm_svictor40_down1_noimp_pack_zm
8FAAC5FEFDB6FBE4,base_food_egg_grade_aa_01_lod0
8FAB267ED9B4883A,callingcards_weapons_89_desc
8FAC1FEDB67E176A,tag_gear_rear_left_dring_upper_aim
8FAE8B30A0711990,sdr_mp_mantle_on_back_weapon_up_far_low_a
8FAE8C2D3AF9209F,ee_rock_structural_wall_stone_a_07_brown
8FAE8E30A0711EA9,sdr_mp_mantle_on_back_weapon_up_far_low_b
8FAE9631E743DCFF,s4_acc_attach_face_73_small
8FAF78563CEE5A98,p7_hedgehog_metal_lod0
8FB061AA707FF9A0,midbody_md_8
8FB06BAA70800A9E,midbody_md_2
8FB06DAA70800E04,midbody_md_4
8FB06FAA7080116A,midbody_md_6
8FB178074268D101,trans_2_nonads_crouch_weapons_s4_ar_chotel
8FB1AD8D8AEF4A54,gumball_time_speckled_03_jnt
8FB1D2DF9A033F14,usa_cooking_cooler_01_lod0
8FB29DAB9E0B1BB3,s4_mp_custom_ar_valpha52_base_prone_reload_empty
8FB2F4C7813D42F9,sdr_mp_laststand_air_melee_hit_01
8FB4616235DBDBEA,wm_chotel41_grip_tape_fs_bkl
8FB48E6ADBB0983A,polysurface83333
8FB51C0539F036B1,vm_stango5_grip_hv_00_tap
8FB61564CC63CA16,reload_quick_empty_ads_weapons_s4_sn_m1golf
8FB682EEBE962AD8,p8_kit_ice_gen_01_roof_01_14d_corner_outside_bottom_light_metal_0_01_lod0
8FB7721D54E1546B,j_jacket_side1_end_le
8FB8A7AC03A7BCFC,BUNDLE_4005_TITLE
8FB9AF4F27BC4ABA,sdr_com_exposed_crouch_pain02_shrt_torso_md_2
8FBA742B08FD346A,p7_debris_wood_plywood_4x4_flat_lod0
8FBB6E073A91D790,ps_exec_gear_mvmt_kick
8FBB88D9B51BB030,sdr_com_trans_exposed_crouch_to_cover_left_stand03_6
8FBB8AD9B51BB396,sdr_com_trans_exposed_crouch_to_cover_left_stand03_4
8FBB8CD9B51BB6FC,sdr_com_trans_exposed_crouch_to_cover_left_stand03_2
8FBB96D9B51BC7FA,sdr_com_trans_exposed_crouch_to_cover_left_stand03_8
8FBBAF2489A5F278,vm_ppapa41_grip_rs_00_htc
8FBBF2AD92F3C7E8,j_lip_upper_ri
8FBC2A78939EA122,j_axe_le_end
8FBE188703FCEA8F,p7_debris_concrete_rubble_med_02_lod0
8FBE9471F095841D,emblems_quartermaster
8FBF4075F134BB0A,wm_aromeo38_bipod_00
8FBF5685F7644C37,p8_ice_gas_console_vent_01_lod0
8FC00E8B1216E2F9,adjust_blindfire_blindfire_right_weapons_s4_lm_fromeo45
8FC1A06ACD6FE68B,jog_8_xl_left
8FC3EFEF21E33FAD,p7_spl_curtain_tied_right36x72_lod0
8FC59F2193F59499,sdr_com_exposed_long_death_r_death
8FC67D1EEF5B7D1E,propellor_front_lod0
8FC835B5CBF06842,s4_rus_po_table
8FC8491C9EFCA639,hunter_extract_start_enemy
8FC941B1FFA93309,foliage_s2_ivy_cob_farmhouse_01_b5_lod0
8FC97CE01099E441,p7_dock_wood_rustic_board_single_wide_lod0
8FCA45EB3250C3FE,leopard_j_toe_le
8FCBA78B2676D22B,ammo_underpacked_range_lindia98
8FCC795EDCC18F43,vm_wecho_grip_00_rub
8FCCFE136473808A,p7_barrel_metal_55gal_lid_lod0
8FCD2B3833D0D770,ps_mp_exec_mateo_01_stand_foley_01
8FCD2D3833D0DAD6,ps_mp_exec_mateo_01_stand_foley_03
8FCDA5B5282F210A,scriptable_s4_fra_balcony_gun_nest_01_destp
8FCDD6333A28565D,j_shoulder_le_dog
8FCE0FED93BBDB8E,hm_grnd_org_cover_crouch_right_to_hide_ar
8FCF1359ABEB3A05,c_t9_gen_pl_starter3_stone_seige_clear_desc
8FD02F65D6244EB1,roof_tile_23_jnt
8FD1EC844DDF6356,mp_fingers_la_gromeo_r_safe
8FD2DA6516679D18,lmg_accurate_bp_ssovel
8FD341D24753AC11,p7_eth_decor_01_statue_elephant_lod0
8FD43347FD19444D,p7_zm_power_up_insta_kill_lod0
8FD4E83367F83DD0,p9_sr_evidence_op_red_circus_vadim_doc_01a_lod0
8FD5BBA049A5AD68,irons_lrg_mpapa40
8FD606BEA48AD835,stepover
8FD6BDAB188E0EC6,j_gun_side_le_end
8FD7B138C868AFD8,adjust_ads_prone_weapons_s4_sn_gecho43
8FD8E8D7392C037D,sdr_mp_exposed_stand_death02_torso_med_2_left
8FD942D43E1223C7,ps_wpn_promeo45_plr_reload_magout_empty
8FD96083BF8801C8,reargrip_grooved_skeletal_ar_asierra44
8FDA278881C39733,wm_dpapa28_grip_00_lea
8FDB4EC48A271E17,p7_jun_cookware_pot_sml_lod0
8FDC156DE6C2772B,p9_rus_hanging_soveit_flag_wind_lod0
8FDD239AD55CF373,tag_fx_nav_spot_light_right
8FDD4632E6D2FB51,fmags_ttango33
8FDDA142208F1236,callingcards_zm_exterminator_master_animated
8FDDE2AD9310931E,j_lip_upper_le
8FDF3916E8FF63CE,plastic_69_jnt
8FDF97FE39E4DDB2,vm_becho20_grip_00_tap
8FE04D1AB039015C,start_backward_hipflip_pass
8FE138D1D4E60F12,p8_col_vent_hood_kitchen_lod0
8FE16A5F4F67C501,ps_wfoly_plr_sm_mpapa5_drop_01
8FE1855F143EEE30,pf72_auto1270
8FE1A9A4267CCAC4,weapon_lower_quick_crouch_moving_weapons_s4_la_palpha
8FE26C3ABC353E2D,right1walk
8FE2A25690FF02E4,vm_bromeo35_grip_sk_00_grv
8FE2B15690FF1C61,vm_bromeo35_grip_sk_00_gra
8FE35B83407D0128,p7_zm_asc_electric_box_01_lod0
8FE4A26065117A65,t9_charm_aztec_god
8FE5095F14420453,pf72_auto1262
8FE5135F14421551,pf72_auto1268
8FE554584772A424,wm_wecho_barrel_101
8FE556584772A78A,wm_wecho_barrel_103
8FE557584772A93D,wm_wecho_barrel_102
8FE5B223FF5DA075,p8_nt4_wall_clock_hand_min_lod0
8FE647653ABE1B06,rt_bars_06_jnt
8FE7342148CA8FE0,zipper_jnt
8FE80F2A32E8402D,wristaccessory_t9_s2_analog_black_silver_desc
8FE88CD6490AA6F6,ai_s4_zm_zombie_base_run_au_v22_pain_chest_f
8FE8915F14452142,pf72_auto1250
8FE8995F14452EDA,pf72_auto1258
8FE94056AAAAA3D7,tag_clamp_03_gas
8FE97632EE955F03,p9_rus_upturned_bricks_02_lod0
8FEADD53DAE6B7E4,gadget_supplypod
8FEC023E9840CD07,base_jnt
8FEC5E16F0E80405,pc_nvidia_dlss
8FEE383D6C30DAF6,reargrip_leather_tactical_sh_mike97
8FEE7555C98B9BCA,p8_ice_soil_erosion_b_lod0
8FEEBBBBCC4D4280,sdr_mp_strafe_crouch_shuffle_stop_juggernaut_2
8FEEBEBBCC4D4799,sdr_mp_strafe_crouch_shuffle_stop_juggernaut_1
8FEEBFBBCC4D494C,sdr_mp_strafe_crouch_shuffle_stop_juggernaut_6
8FEEC0BBCC4D4AFF,sdr_mp_strafe_crouch_shuffle_stop_juggernaut_7
8FEEC1BBCC4D4CB2,sdr_mp_strafe_crouch_shuffle_stop_juggernaut_4
8FEEC5BBCC4D537E,sdr_mp_strafe_crouch_shuffle_stop_juggernaut_8
8FEEC6BBCC4D5531,sdr_mp_strafe_crouch_shuffle_stop_juggernaut_9
8FEED2C53A4F3FB1,death_last_stand_torso
8FEF1A5F144A75BB,pf72_auto1235
8FEF1C5F144A7921,pf72_auto1237
8FEF6541D73DB401,vm_mgolf42_stock_sk_101
8FF09984E42326D2,p8_zm_man_dining_candle_holder_02_lod0
8FF0F1F18C66EA3D,p9_usa_address_number_1_lod0
8FF15EE42CEDFBBB,p9_rus_amk_beam_angle_a
8FF161F0E7FC90CC,trans_2_ads_crouch_moving_weapons_s4_sm_wecho43
8FF2091E0E424280,tag_clip_crane_animate
8FF20F1E9778BFC8,wm_stango44_barrel_l_003
8FF288A83D964FF0,s4_mp_custom_eq_bomb_defuse_prone_pullout
8FF2C235D3B985BB,s4_rus_door_destructible_01_destp_p
8FF2C60E1A9E6515,j_police_baton
8FF30941497F5CD5,bottle_fluid_base_jnt
8FF32CEAA7151496,weapon_raise_crouch_moving_weapons_s4_me_pushdagger
8FF4295060C13673,smg_capacity_bp_fishtank_desc
8FF4B82CC9C7B623,iw8_acc_attach_face_digital_e_big
8FF59E872A92500D,vm_becho20_irons_s_00
8FF5BBC870A09563,p7_jun_bridge_01c_lod0
8FF7260FD1A89C9F,newspaper2_30_jnt
8FF7C5868B3A0E30,fire_stand_ads_weapons_s4_lm_malpha7
8FF876B693DA58CB,vm_ttango33_trigger_lt_00
8FF8CED525574D1E,p7_zm_shi_net_fishing_02_floor_lod0
8FF8EFD9BA639AB5,tag_chair_r_back_phx
8FF9E708ECC3ADAE,stop_forward_l_riotshield
8FFB567FF18703FA,snprscope_light_jpn_offset_kgolf40
8FFE5063C5871616,belt_align
8FFE9F2B52D35004,reload_quick_prone_weapons_any_smg
8FFFB76539B0C545,trans_2_ads_stand_weapons_s4_sn_kalpha98
8FFFFBF030112EE9,c_t9_rus_pl_stitch_prisoner_desc
F850C05FA9FA7FF8,reload_large
