hash,name
00032CAFEC0768EE,lui_mc_numGamesFinishedInLobby
000F42BB5214E48C,scr_trial_teamcount
005ABC094B527CCE,scr_tjugg_crankedBombTimer
0060AF5D4880E448,cg_hudDamageIconWidth
00626563B2A3403C,ai_threatSight
0071A79B7F176D19,scr_cyber_roundswitch
0072481337668271,party_inactiveHeartbeatPeriod
007E1A8D31DF491E,scr_arena_codcasterenabled
008487D135C3E60E,superSprintMinActivationChargePercent
009950FFA82CA69A,ai_forceEnableEntIndex
009DB76611C361EE,net_relay_nat_fallback_enabled
00A4C911C03E516A,player_current_floor
00A98B8F2DE797A8,lui_refreshRate_Telemetry_FPS
00C331238756E245,online_matchmaking_cached_token
00D11A223D1F7F5D,scr_hvt_roundlimit
010262967D6AFC04,sv_virtual_archive_page_mode
0109029DFA0174A6,scr_gun_teamcount
011460ADEFD68C16,aim_boundsOffsetScale
011689F751986262,r_tgVendorDefaults
01260682C956745F,r_gpuCullClusterDepthMipBias
0142ABD33689CC61,glass_crack_pattern_scale
014BCEF53CA63EBF,scr_brm_timelimit
016DAE9A12EEE1AD,fastCrouchMovement_speedScale
016FA83DE28B07FF,daily_challenge_difficulty_labels_enabled
017DA700219A80BD,r_umbraShadows
019B4B2CA2D9027B,superSprint_enhancedRechargeScale
01A10336629D3EB2,fs_game
01B1A58112E24CB4,cg_worldStreamingLoadingTimeout
01CA0F2C2FA0E5F5,player_ladderBobCycleDurationADS
01CE9C0CB072B026,cg_corpseFade_inDistanceStart_ragdoll
01D85AF254B31C4A,scr_cruise_detach_height
01E8C7204C49B1ED,lui_ingame_AAR_new_scoreboard_enabled
01E9E56694EDF41D,cg_hudDamageIconTime
01EE869BC31932B2,com_viewAnimCameraTranslationScale
01F3CC6C7B3E6312,sentry_placement_feet_trace_dist_z
01FBE39D77FB2C5B,player_itemAutoUseRadius
02007B13708E9F56,profileMenuOption_volume
020BA20853BD6997,player_zeroGravDisableWalk
02118B61AC92FF38,enable_leaderboard_playercards
021D823029B7CA47,party_minplayers
02296554FCE426F5,r_reflectionProbeOctahedron
0241AC9A2E0D0F6C,sv_cmdMaxCumulThinkError
0247105525D8E476,compassDynamicSelectorSizeEnabled
024EF50F274365D0,cg_javelinKillCamPassDist
025330D3EEBA5B04,handheldCameraImpulseFootstepRotPersistenceScale
02800A116BAE7B1C,cg_hudGrenadeIconInScope
02A38A346700D275,waypointPlayerOffsetProne
02AAE6781C7A7A5E,NVG_OFF_BloomBlendOutDurationMS
02AAED8E632BDD42,con_gameMsgWindow2FadeInTime
02AEA95998B7795F,r_monitor
02B05489FB678678,scr_br_playerrespawndelay
02B674155340737E,sm_firstForceCacheSModelPartition
02DEB77972D7E3B0,con_typewriterColorBase
02E79D445DBB9534,cg_hudGrenadeIconMaxRangeFrag
02E956F237F503B2,scr_team_respawntime
02EB75F2FC2B7DEA,scr_cruise_impact_boost_dist
030B7D549D95D6AB,fd_helicopter_audio_min_rpm_to_allow_effort
030DE1C7A7D3DC38,lui_marquee_stencil_padding_top
0310632C2CA64881,mount_enable
031B7B72B09BF58A,r_st_lod_transition_scaler_low
033B070E1CC929E1,scr_ctf_teamsize
033D99A635AFDB0C,player_slope_downBobAmplitudeScale
0342F755FAA3304A,online_platform_session_call_throttle_time
034458B32FAC5243,r_flushUnifiedGeoBuffers
034BB042309DC58A,compassObjectiveWidthMedium
035015787029E464,handheldCameraImpulseLandingEnabled
03579ADD9011B798,cg_nameplateSettingOverride
035962740C0BA727,cg_skydive_parachute_cut_fov_blend_in_time
035E942742776937,scr_player_lastStandWeapon
036E4D9AB6C9F300,gamerprofile_armorPlateApplyAll_optionsAvailable
036EB441A42D716F,online_store_v2_autoscroll_timer
03764E11E2207AD1,scr_snatch_playerrespawndelay
0387749DE860F18B,voice_output_scaler
038AE71B71487312,r_smaaFilmicStrength
039D6BEAB7A3EA9B,stream_decompressErrorMode
03A7ACBDB5242551,ai_busyEventDistGunShotTeam
03C61955B9DA03C6,scr_tdef_explodeonexpire
03DEB26FA927B90C,ai_maxGrenadeThrowSpeed
03F49E151CBCC168,cg_TeamColor_Allies
0405EE32445676EA,r_umbraDynamicDpvsSMP
0412963F74EEEAC6,online_chat_send_message_throttle_count
04515951A8AAF211,scr_war_codcasterenabled
04600AD80705B5D3,online_blackbox_send_snapshot_bw_data
04614593B84F7C1F,shieldImpactBulletShakeDuration
04690B90C1AABA5B,r_eyeSensorDilationSpeed
046B7546D7D82820,r_blacklevelDisable
047EDFA2767CED4C,online_challenge_rest_request_enabled
047F81E211A0EFD9,scr_snatch_waverespawndelay
0488A449CC2F3F0F,spaceJumpVignetteUnlinkWithTagOriginAngles
048AC89A0BC5B3AC,scr_siege_squadsize
04C2E8D1FFBFD902,online_store_enforce_product_availability
04C61DBF7FD900FC,scr_koth_teamsize
04F25C1AFA284662,cg_hudLighting_fadeSharpness
0538B53E2AEB6942,physics_extraplayerserverbodies
0545E0C417A16887,scr_dom_roundlimit
057F3880116DE659,spaceJumpAllowAILandings
0585C13A226B0488,lui_crossplay_warning_displayed_once
058F6A931275AA5D,r_tgCompileSplitBarriers
05A581B0466341C7,scriptable_runtime_parts_per_player
05ADCE6F6AB232E0,cl_preload_sp_yield_minimum_time
05BE958922B2B17E,scr_brm_roundlimit
05BF9C8DB3B1E747,scr_koth_roundlimit
05C76CD8436CBBA4,r_st_lod_transition_scaler_high
05C8DB8DE6468753,scr_snatch_allowkillstreaks
05CE565B29B24520,scr_rugby_juggHealth
05D7CA309E3BEBC7,aim_autoAimRangeScale
05EC73A3150C874D,online_store_just_for_you_dedicated_items
061257BA34F7C305,r_sceneResolutionMultiplierTarget
062B15FF47D91275,scr_player_healthregentime
0633E15AD2B99855,physics_amdMultiThreading_enabled
06353CC744A99895,gamebattle_get_match_history_max_calls
06417E33E33549EA,compassObjectiveIconWidth
0641A34F729B31F6,extinctionBonus_period
0659BA0FD61ED48A,lui_battleRoyale_tutorial_end_choice
06650589A2A89B57,r_volumetricsAttenuationClamp
066564A46B14C554,snd_hitmarker_alias
066FA3AB28D630A2,server_profile_log_enabled
06762D11FFCBE185,partychat_check_team_creation_freq_ms
067BB250E561A2B1,r_depthScanThickness
0682EFBF70EC5B62,com_maxStreamedClientsMp
068FA4448CCD43CF,compassObjectiveHeightHeadIcon
06AEEBBF711CB8FC,com_maxStreamedClientsCp
06CF33BA8B9A83E6,sm_sunAllow
06DE4AE9A1B53519,g_coverWall_deathFxChanceToPlay
06E0BA8EB337DB5C,NVG_ScriptBlind_Hold
06E331CC3F7299FB,scr_ctf_waverespawndelay
06E7F1DEA8C676AD,handheldCameraImpulseFootstepModifierJog
06FF05F65A284D5F,killswitch_reset_cinematic_status_size
0712A3A9B10A326A,sv_snapshot_delay_nodelta
0714489BD0F30B76,scr_ctf_capturecondition
071AA47CD302874B,player_globalAccelScale
0726FB8EA4EDB8D7,cl_transientWorldSwitchDelayZoomLOD0Max
07303DB277069B14,execution_enabled
0737F6157B008C40,online_standalone_umbrella_token_refresh_s
0738374AE69A0817,r_sunflare_fadein
0744330A746726F0,lui_gc_use_new_frontend_collect
0749E98EA513D8F9,cl_transientWorldSwitchDelayZoomLOD0Min
074DA17757963532,player_slope_lateralSpeedScale
075AE8EAB532F597,mantle_enableDirectionAssist
0762B152D06B294B,lui_codtv_enabled
0775A3DA45EB7A6F,aim_lockon_slide_scale
07782522B1E0212F,r_tessellationEyeScale
0780BA9A0E380207,cg_friendlyNameFadeOut
079059BB5F0E2D15,scr_hvt_crankedBombTimer
079AACB7C2410A7B,ai_coverSearchInterval
07A8C3A6FE6C7949,vehHelicopterStrafeDeadzone
07A9F48454563285,ui_regen_faster_end_milliseconds
07B40541D9C572BA,scr_grind_timelimit
07B6AB34F420AAF3,lui_armory_enabled
07BF60FAE0DC73DF,oer_sendErrorDataRequestId
07C2D402A164C677,online_store_just_for_you_blacklist_warzone
07CC2101C5E5E447,bg_grenadeRestThreshold
07EF06483B54F972,stream_combinedMapDistanceSqThresholdScaler
07F2B8D28D2201F9,cl_adjust_time_print
080CF927538EE6E3,mantle_over_48_spline_start_to_ledge_point_bias
0814F1D5EFAA052B,bg_viewBobAmplitudeSprinting
08241721404D3387,online_regulations_backoff_time_ms
0833B40C300D999C,mantle_on_48_spline_start_to_ledge_point_bias
0833C4D99D290107,cl_transient_mp_yield_far_priority
0834BDA336BE3F86,r_showXModelRemoteConsole
088233C1AD63DF25,r_dof_physical_fstop
0887D1FE658912D8,scr_bmo_plunderextract_objicon_inworld
088E100B1832F3A9,con_forcedSubtitleEnableOverrideValues
0895BD2AA8B013A8,scr_trial_roundswitch
08BD4585C77E2050,cg_fovScale
08C327CFE5906F2A,scr_death_scene_time
08C603C9CCF501A9,r_vrsDX12ShadingRateTypeOpaqueDrawLists
08CCE181C669F95B,bg_weaponBobAmplitudeRoll
08D0F89EF3006396,party_maxPrivatePartyPlayers
08F8EBD37CBF4402,ai_glancePlayerDist
08FD9B51511D2C94,cg_buttonHintMinScale
09012B36EA0DDDA7,ui_halftime
090856D06E582EC1,skydive_enable_legs_parachute
091E693725A9A354,pmoveanim_debug
093FE8D69413A1E3,scr_br_useAmmoRestockLocs
094DA84E1F727FE4,stream_readMaxInFlight
0956509D6DA82386,cl_paused
095D3EC602E3415D,r_umbraMinShadowObjectContribution
096F2C38D84D614F,r_st_combined_bias_high
0978238CA54C814E,bg_shock_soundModEndDelay
09790726E9A60C42,ai_spawn
09A7DBCB5ECFE52C,r_smp_workercmds_on_frontend
09A9C4D7485D3BBC,scr_frontline_trap_checks
09B7B199715DD4FC,cl_transientWorldZoomCutoffLoad
09BFF8B2FD710E7F,killswitch_character_rotation
09F0352460AF7E2A,lui_system_restart_required
09F90D7FB8A7DFE6,lui_marquee_stencil_padding_bottom
09F91F937FDCBFF9,scr_hq_randomlocationorder
0A014C0370CE04AF,online_auth_ticket_expiration_offset_s
0A0D80A1A36C0884,online_invite_join_should_validate_controller_index_for_atomic_join_fence
0A2459F1D91BAFF4,r_scopeBufferSizeDivisorX
0A245AF1D91BB227,r_scopeBufferSizeDivisorY
0A2DA151EF87AD93,r_offloadPrimaryLights
0A3B867A12305911,online_challenge_upload_enabled
0A5EA74888B45400,sv_snapshot_throttleBackupCount
0A608566925F9573,jump_slowdownEnable
0A80995E8756A7AA,scr_sd_dogtags
0A8613EB1E8B12DA,waypointOffscreenPointerHeight
0AA998741A701A89,r_ugbUsageRatioStartBiasLodDistanceThreshold
0AB256F982AE32E8,bg_grenadeFrictionHigh
0AD45E87EB440349,fx_lights_intensity_scale
0AE6DFEEFEA70540,scr_trial_pointsperdeath
0AEA1D33D8091B55,cl_adjust_time_interval_method
0AFB74B49EA8B79A,glass_shattered_scale
0B04835DA37E65BA,cg_drawBreathHint
0B3E9759D2278805,g_anim_mp_prone_max_slope
0B40078E14006372,r_vignetteTweakSize
0B42E6A661F39785,db_deltaModelFixupEnable
0B590363CB932CCA,partychat_max_retry_join_attempts
0B64F463906E87EC,vehHelicopterTiltSpeed
0B6D51572490C9D6,dcacheThrottleKBytesPerSec
0B7BE8392737FEE0,cl_transientWorldLoadXYLOD1FalloffPlaneEnabled
0B7C96E35B86ADBE,con_gameMsgWindow3LineCount
0B8DC05126FD5736,playerCullDistHip
0B9B0D18D60AEF62,com_maxStreamedBodiesCp
0BB2E06993CD4BDC,cg_lui_scope_reticles
0BC70918D63B4CFC,com_maxStreamedBodiesMp
0BCB4E6EA7558DB3,scr_grnd_teamsize
0BD7CEA2874660C9,cl_transient_mp_yield_mid_velocity
0BEE04E455C13920,r_clear
0BEFD9E9B0C1D476,scramblerJamDistMedium
0C035D13EDC5BEA8,minimapPlayerCirclePingRadius
0C18F0FF0E34A61B,killswitch_aar_cp_points
0C2251CD41BD4F59,g_useDirectLookOuterAngle
0C6148C9ABAA1558,online_platform_session_max_calls_within_throttle_time
0C73F1B1F881C864,r_st_clutterLodBias
0C7BAFA7D85E9270,lui_enable_option_new_layout
0C7EB573AFDE1B0F,scr_infect_survivorscorepertick
0C9770BC1035FB6C,r_corpse_lighting_hack
0CA984A865792777,bg_compassShowEnemies
0CB4017361D22E55,scr_infect_infectstreakbonus
0CB82B332EA1C94D,r_specularColorScale
0CEEE5F78FEC9962,stream_syncMPTRWorld_trPortion_maxTimeSeconds
0D379510025490BD,snd_voicefutz
0D4A4F461CB524F0,bg_sprintInTimeScale
0D4D5E7D6B080E48,stream_syncMPTRWorld_maxTimeSeconds
0D5C4C22A5E012F6,scr_dom_capturetype
0D6211F12546C4FD,frontEndScenePreload
0D8247A7BDFDD5BC,r_evictPrimaryLightCache
0D8A3360F435A6EF,r_adapter_vendor_id
0DA0E13981824B29,killswitch_announcers
0DA38AEF137B7436,killswitch_enforce_slide_fire_time_enabled
0DA7701E93A21D8A,scr_war_timelimit
0DA9ECEB2C463051,r_mdaoBoneInfluenceRadiusScale
0DB30C4D3BA5F88D,ui_changeteam_menu_open
0DD627F9AF5ECF06,ai_busyEventDistPain
0DE0DB5ABFF07839,vehHelicopterMaxYawAccel
0DE7822A80353F86,aim_lockon_thrustjump_scale
0DFB112DC0993F67,ladderEnableWeapon
0E0730891EC9DDDB,lui_ingame_AAR_enabled
0E0C2F5689E49E74,fx_alphaThreshold
0E3186D451EDA39F,ui_bolt_hitmarkers_to_entity
0E33EC9C36900A62,ccs_onCorruptionConfig
0E3674A1AB33F2C7,r_materialLodMin
0E537AC5DA89B92C,fd_helicopter_start_spooled
0E59823F7FF5D66C,r_preloadPipelineStates
0E6A4B1EA93D516F,killswitch_cp_leaderboards
0E6C788290EFD737,sv_ballisticsMaxSimStepsPerServerFrame
0E6F3B2A85E3AD16,cl_transientWorldLoadZLOD0AdjustStartDist
0E78B70F15994E35,scr_snatch_timelimit
0E8FC35B7817DF78,fd_helicopter_audio_main_low_rpm_volume_max
0E92973965E530D4,gamebattle_allow_noshowreports
0E9A6C67B75DD818,scr_always_snowfight
0EA00D8327537EB2,pt_migrationBandwidthBonusThreshold
0EB2B95B783E1132,fd_helicopter_audio_main_low_rpm_volume_min
0EBFAFCF1774515C,ladderEnableStrafe
0ED22D46636F3C85,bg_viewBobAmplitudeProne
0ED5EC195D7ED4F9,bg_viewBobAmplitudeDucked
0ED648F89582CA16,tracer_muzzleOffsetViewmodel
0EF635512FF6CE39,ai_eventDistGunShot
0F017AB780E1652B,online_qos_backoff_fail_delay
0F305B555A3129FB,compassTacmapFilterObjective
0F3F46A20876D123,lui_battlepass_tier_sale_price
0F55CAD7BED17A8E,pt_migrationUploadWeight
0F6CB827092A0172,r_tgCompileBatchCompute
0F74CBA46715D6C3,scr_br_goalenabletimer
0F7AFD9AD496CFA9,fovLerpPreset5_durationMs
0F83E46E25B26BCD,scr_rugby_juggSpeed
0F8704B0A6BC1987,loc_translate
0FA65C50495A1A2A,slide_min_sprint_time_ms
0FD170960B9E6912,killswitch_dxr_disabled
0FDB9C3E2BB2423D,allow_local_host_pause
1018B2E874585F77,r_sunsprite_size_override
102EB1361CE71C09,cg_friendlyNameplateSnapToEdge
1038716556994BEE,disable_energy_bullet_ricochet
103B2885A66AF7A9,r_dof_physical_hipFocusSpeed
10417E7013FD98DC,online_battlepass_xp_playlists
104DB9210FAA6C71,ui_timelimit
105769D3C53DDBBA,cg_hud_outline_colors_10
10576AD3C53DDDED,cg_hud_outline_colors_11
106897E275DEA991,compassObjectiveWidth
108BB3C55632B4DE,r_ssrPositionCorrection
109098AA0B25C3C4,dedi_qos_use_ping_servers
10971A3B0CB3AACC,lui_root_dlog_enabled
109A66FB8F2C1EDD,ai_teamDeathListenRadius
10A965068AB99E2B,fnf_build_number
10C28BB5D64C8C6D,xblive_privatematch
10C376284F4786B4,stream_smoothingFactorMovingFullSpeed
10CC09FC2C879DE1,bg_pathFollowerMaxVertSpeed
10F3B8FDF3D0337D,scr_hvt_captureValue
1101CF780214F66D,handheldCameraImpulseLandingModifierMedium
110833979B7C628A,turret_enableLegacyManualTurretTracking
1109F5B6DD29A6E6,scr_game_enableMinimap
11152C0475758EC6,killswitch_weapon_kick_scale_multiplicative_enabled
111B4CCBA20F3C5F,mantle_sprint_min_speed
113316A5469BE76A,discord_enabled
113C50DEA14159A1,ai_threatSightFakeThreat
1143042BE940B30F,in_mouse
1149E8CA3359E357,pt_searchConnectAttempts
1157AA0CF508DB1C,scr_grnd_zoneactivationdelay
117817B462185161,cg_enemyNameplateAngle
11AAE8EEAA331969,scr_arena_arenaloadouts
11B3B021FF8C7876,ai_busyEventDistBullet
11BC8860259A5316,scr_dd_teamcount
11D7A033BA24B77C,cg_TeamColor_Free
11F77C32382C40FE,r_vrsMaskTransparentDrawListsEnabled
11FACE1394961A09,gamerprofile_bb_analytics
11FC5CF36D318D8B,scriptable_runtime_parts_per_agent
11FE99B2A11E3D64,cg_autoSwitchToHeavyWeapon
121852CC02C080B2,scr_arena_winCondition
12464B6B11F27A2E,slide_lateJumpGraceMs
124B71C5EC451BDC,scr_sd_numlives
12642476F70EE1D6,lui_classic_specops_rewards_enabled
12733625458743EE,ui_hitloc_5
1273372545874621,ui_hitloc_4
1273382545874854,ui_hitloc_3
1273392545874A87,ui_hitloc_2
12733A2545874CBA,ui_hitloc_1
12733B2545874EED,ui_hitloc_0
127428706534FBF6,cpu_speed_12players
128083A9AB7AEAA6,cg_footstepsSprint
1287770F68272094,r_vrsDX12ShadingRatePostProcessingType
128C45701F7DF3C3,slide_under_geo_trace_radius
12962AAD3C42B090,spaceJumpCoverTraceRadius
1297736FDA375917,scr_hvt_scorelimit
129AB6AEFD3D05FD,physicsFX_enableCallbacks
12AA3649894E0494,gamerprofile_invertPitchKBM
12BDF68C444CFD15,dcacheSimulateNoHDD
12C24D53C1C4C040,perk_longerTeleportMultiplier
135084F0D22F3C80,scr_hvt_pointsperkill
1368C4F8C0D8391D,handheldCameraImpulseSlideDecayMs
1368FCB6F785E064,physicsvehicle_useAlternateModel
136C2F501A180F1D,r_decalVolumesAsync
137610BBCBDB52D9,pt_useMigrationWeights
137FC4FC1DBDEDF0,mantle_spline_ledge_to_end_point_height
1395DAA3041511D2,scr_war_pointsperdeath
13B41E648A646022,scr_grnd_zonelifetime
13BCB0BEBEF4DD81,com_loadingSavegame
13CF0F816820414B,pt_stillConnectingWaitTime
13E4493A2FCA2E9E,lui_has_seen_korean_rating
1404E3BEEC9C4982,compassObjectiveDetailDist
141511F77E1F4049,shieldImpactExplosionThreshold
141A155224EACD2E,compassObjectiveWidthHeadIcon
141BE2DEBB8DBCE5,cg_playerLightSampleSize
143C150F3515E41B,lui_welcome_message_displayed_once
144DBB9AA243FB3B,sony_realtime_multiplayer_br_pump_disabled_flags
1471FC0807064A3C,cg_corpseFade_outDistanceStart_scriptmodel
147995DF2470F1D4,voice_maxVoicePacketsPerSecForServer
147B785B8D64B1DD,daily_login_bonus_enabled
149618B2AF1DCF91,r_volumetricsDensityTemporalFactor
149C248C4FDA07BC,sentry_placement_trace_radius
14A4E0533B9F8B5E,cg_enableSkinningSkelRecordTransferAkimboFix
14BE38C4A55AB0B5,ragdoll_loosenConstraintsDuringAnimation
14BFF575972C5A45,scr_tdef_ballActivationDelay
14D6FDCCF56DBBB3,physics_RadiusForceHitLimit
14DD71BC843E56E6,gamerprofile_snd_voiceVolume
14EC11EA8BB0F3DA,mantle_on_time_max
14F79FA1C12A044A,vehHelicopterJitterJerkyness
150F1BEA8BD75190,mantle_on_time_min
150F23BA567E88A6,scr_hq_zonelifetime
1514E5CDC38F193B,vehHelicopterTiltMomentum
1520732D73F5C045,tracer_explosiveOverride
15358BF3F2B8BA57,r_clearColor
1547DAE7FFD52578,ai_busyEventDistNewEnemy
155ED9AFD83EB598,perk_graverobber_enabled
156F3B2FC5A48B2D,r_dof_physical_viewModelFstop
156FA83BCF39E748,cg_subtitleMinTime
15772641B4FB61AD,r_flareDrawThresholdEV
159093C9819D0F04,oer_fatal_category
159DC2496AC10AFB,ui_challenge_2_ref
15A01447B51A268F,scr_player_lastStandReviveTimer
15AF23E89F368200,g_gametype
15C86366147BB3A3,bg_shock_soundLoopFadeTime
15CE9C78AD411507,scr_dom_allowmercy
15D0271131509660,com_disableSaving
15E78BB6CB78D830,friendlyNameFontColor
15EB0AB47779B68A,cg_headIconMinScreenRadius
15F8C69D22FD9681,r_reflectionProbeLightingEnabled
161C4B304E2D891D,party_matchedPlayerCount
1622139E6B7BA4A1,slide_player_trace_offset
162EA5D69B3D62C3,player_useVerticalDist
16497D2002AD6619,using_mlg
1658C498B157919F,m_side
16725C9FA22E9306,online_cloud_reverse_sync
16739B0B2F3AD379,r_compressedSunShadowClipPlanes
1676E9DBFEB4F943,ai_busyEventDistProjImpact
16794EA762D77262,ragdoll_poseController_defaultBlendDuration
167C3EA199F2670F,enable_recordRecentActivity
169BC390B93AC019,online_join_info_request_timeout_time
16A36D06B9AF2EA2,online_skill_upload_retry_delay
16D1B9AF7BB6ACE4,handheldCameraImpulseLandingTransPersistenceScale
16D891BB4E97319C,handheldCameraImpulseLandingModifierLow
16DB2271DF40EB5F,mount_ai_top_victim_accuracy
16E05F3BA76624E2,cg_netStatsLatencyVariationHigh
16E2C9E168271D12,bg_minimizedPromptFadeInDistanceMult
16F520B2D3B58694,mapvote_logging
1709F3EF2C1A4472,vehHelicopterMaxPitch
17301586E4AAD7DA,aim_lockon_deflection
1740CF9654F46CF6,mantle_spline_ledge_to_end_point_bias
1742BC39B40BE2E4,online_matchmaking_no_dedi_search
174C3FE0BAB94FDA,should_show_post_game_survey
1751E3A73E4D4A85,sv_archive_smooth_transform_angles
1752C2B0431D768B,client_latency_profile_log_enabled
1753A8CC925E9129,scr_cyber_playerrespawndelay
1754DB7B11223985,killswitch_butt_collision_asm_predicted_velocity_correction_enabled
175C0DC4BA0AAABC,vehLegacyHeliRotorsDamage
176333A05BDC9186,lui_lootCard_mediumInteractDistance
1789239855850370,movingPlatformUseNewPenetrationSolver
178BDED1E576DE2D,ui_weapon_prestige_levels
178E8986004AD2D5,mayhem_debugNotetracks
1795AAA3BC2F6D26,mantle_over_32_spline_start_to_ledge_point_height
179E59463257843C,survey_enabled
17A3A0EA71E8D93D,lui_custom_game_rules_enabled
17A3E922224D4DC9,abilities_active
17E77F42F20E95A4,sv_checkMinPlayers
17F916F774911945,cl_adjust_time_max_window
180E4A4C370A04FC,r_heapReleaseCooldownSec
180EFFB979D2BDE0,stream_hintDynamicXModelsMeshes
18183E1477AEABA3,online_invite_hsm_should_show_error_code_in_toast
182E567E9CC444B0,physics_disableSpammyWarnings
183FC331F835FC76,scr_br_teamcount
186645BEAF274477,sprintLeap_forwardVelocityScale
186741940D56BB6F,compassBigMapVehicleScalePartial
188BB8FD48FA1B55,glass_fall_gravity
18995D20F5950679,ai_debugEntIndex
18C7F1C0AF166C1F,scr_ctf_roundswitch
18D431F964C1D4E5,cg_hudLighting_blood_additiveLumOffset
18D43F04E2FAA445,r_st_displacementDistance
18D714A327308A98,frontEndUseLoadFastfiles
18DC87DAF2855462,riotshield_improvedexplosionprotection_enabled
18F8B2A095109799,cg_netStatsExtrapolationLow
18FB58E2AFDBA359,ragdoll_animNodeWeight
1905E2DD3B00D3AE,r_decalVolumesCullSize
193F0F89395611AA,ai_dangerReactGoalRadius
19423C33ECE0B22D,battlenet_user_set_status
195A1326583AC97E,mantle_draw_hint
19634D355441287C,sm_sunStageBounds
199E6B02BF6ED3CB,r_lockPvs
199F59CE6C2F7FE6,ai_eventDistGlassDestroyed
19CD4F8E465D94DA,sv_useLowLodEntityEvents
19D245949CCF26F1,cg_fov1
19D5FE87BF7FA24F,com_recommendedSet
19DD1E8712C21526,online_platform_session_max_wait_time_before_sending_error_ms
19FB739EFC74E79F,scr_koth_squadsize
1A06A26E9F285385,cg_hudLighting_basic_additiveOffset
1A098CAE97AB5DB4,drawServerBandwidthPos
1A49A058409E2FF7,gamerprofile_airVehicleMouseSensitivityMultiplier
1A4B22861962DDC2,scr_player_lastStandInvulnTime
1A719C115A9A0ACE,snd_volume_mute
1A75A6C97300F84A,scr_cyber_squadsize
1A81EDD57BA1D004,r_reflectionProbeRenderTargetSize
1A889C4F6F58C18D,lui_seasons_enabled
1A92E5592EE1FB3B,bg_gunBobTransInTime
1AAA282769DCAA8E,sm_lightScore_eyeProjectDist
1AB5C5321C3CEEA5,r_smaaTransMask
1AC4C2010A705A15,killswitch_CP_TacOpsMap_interactions
1AD1FEA7DFA1F60A,online_zombie_weapon_xpscale
1AF4627DACF920A8,r_ignoreBadDisplayDriver
1AFB3ECE6045F59D,r_smp_workers_count
1B0B70B5CA1E60E2,slide_cameraPitchOffset
1B0E5E4C1238F380,mount_tuning_shapecast_cylinder_forward_distance_min
1B13C3C9F9A0670B,scr_sd_silentplant
1B1FCE4476B21606,gamerprofile_snd_effectsVolume
1B3A6CC0ABA4C7DF,ragdoll_constraintTightenTime
1B6515626B5FF6F8,r_reactiveMotionPlayerPushAmplitude
1B918A43E3E458E4,bg_doorUseAccelTime
1BB09E5367042445,g_turretAllowDeferDamageToParentVehicle
1BB23B8509864039,fd_camera_default_chase_verticalOffset
1BBAD971EF4B3C64,scr_snatch_flagcapturetime
1BBBA28DDCF432C3,scr_hvt_winlimit
1BBE70ED949A570A,ui_buildLocation
1BDC6FA02E62D7F6,requireOpenNat
1BDE3CC576ABB481,scaledOrbitKbmControlsEnabled
1BE248CFE268542A,online_store_sales_items_warzone
1BF7187F485ED7D7,r_mbWorldEnable
1C0BE4E2717BA9F8,glass_linear_vel
1C18409807B36A6F,scr_dom_flagneutralization
1C1907FC947AD9EC,fd_helicopter_hide_static_blade_index
1C3991583FADF835,scr_arena_allowkillstreaks
1C654EDBA47CFB7F,sv_cmdBufferOffset
1C65C44A97279C4F,cameraShakeRemoteHelo_Freqs
1CA38FDF4C740E71,testCPRaidSecurityScreen
1CCA6621B9FE8309,cg_drawGun
1CD1DCCAA63F1BB7,cl_transientWorldLoadZLOD0AdjustEndZ
1CDC9B2694F003D5,pc_latest_build_version
1CE0C54C9C21FBC2,scr_dom_playerrespawndelay
1CE75A564E6B26B2,gamebattle_fake_mlg_down
1CE9C5116005B62A,ui_inhostmigration
1CEAA14357371EB5,r_lightIntensityAutoScale
1CEE81A5B9C2F0F3,scr_br_winlimit
1D1A2A06129572EB,stream_freezeState
1D2B5B0DF87930A4,gate_mp_access
1D305D385193B1FC,post_game_survey_forced
1D36D053FA00BED3,perk_melee_resist_finisher_adjust
1D3DACA3FC78A811,r_hdrFilmGrainStrengthScale
1D40361EECF4EB4A,ui_autodetectGamepad
1D49E732B6C8B6AB,lui_aar_commendations_enabled
1D56E80B88EB8AA3,online_matchmaking_use_map_weights
1D67021B138FAC62,r_gpuCullTriOcclusionUmbra
1D880B82C2082319,cg_javelinKillCamPassTime
1DA92E2ADCC4DEE0,ui_overtime
1DB43DF8BCBE5318,ai_busyEventDistGrenadePing
1DBEED26A77A3964,r_blacklevel
1DE7175FB511AC66,ai_showRegion
1DE7A9509602EA18,perk_trackerPro_maxDistance
1DE807A31C23594B,cg_drawZoomHint
1DF6AE28C7B2A008,lui_ingame_AAR_progressbar_enabled
1DFB7F4A6545FC5E,r_umbraQueryParts
1E1035D9FDD01469,bg_bulletHitImpactSoundSpeed
1E119FDEB3D308D4,ui_showDLCMaps
1E29952A39624E70,r_denyMinizing
1E425A7EAED646D8,r_dof_physical_focusDistance
1E4813E7EB681A87,mount_effect_side_shake_amp
1E4906320C3488B2,sv_cmdThrottleWindow
1E4D003C00644142,compassObjectiveIconHeightHeadIcon
1E527FC440D4A0C9,stream_freqDomainMetricBiasEnable
1E5F0692D616B536,cursorHintControlLockExitTimeout
1E6E93F781C4C5CD,player_zeroGravBoostScalar
1E804B5F5603E681,r_decalVolumesStatic
1E974A00CF671CB9,cg_enemyNameplateDistance
1EA47D16C39D39D7,waypointOffscreenCornerRadius
1EAA48876348969F,gamerprofile_voiceChatEnabled
1EEA313D3252F127,should_check_sony_realtime_multiplayer_br_killswitch_flags
1EF853B0C9B10C68,scr_hq_zoneactivationdelay
1F33E9C09BFD9987,scr_tdef_delayplayer
1F3EACF6EBAF387C,bg_enableHoldWeapNextToToggleNVG
1F44DB40911B164F,killswitch_bullet_penetration_fix
1F4C52B9DF04EEC5,potg_debug_archive
1F56BDE0C09E839A,scr_gun_timelimit
1F673D90A1625880,compassCircleOutlineThickness
1F7E0D39289C0396,vehUGVPitchTrack
1F8E646DAE9DD0C7,party_join_failure_dlog_mode
1F918455340DEF2F,current_season
1F996ACFBD36A4E2,enableGamepadSingleTapSuperSprint
1F9B76C6C5EED91D,online_challenge_fence_enabled
1F9BA2C1834330EA,r_mbRadialOverrideStrength
1FBCA560F7882CE6,mk2_bonus
1FBD34EC18D57782,r_reactiveMotionActorVelocityMax
1FE043CA748125EB,lui_matchSummaryAvailable
1FEF0815859A4B79,ui_ac130
1FFB9943781215B3,actionSlotsHide
20031F2E10863AC9,aim_lockon_max_pitch_speed_down
2012B8ECDB8A65DB,sm_cachedSunShadowLODBias
202A6DA85BB3EFC1,cl_voice_allow_jip_talking
203A1F7F6B4D81E2,bg_ladder_enabled
204387DA78A90218,force_match_chat_creation_fix
20450987CE7B1DDE,scr_cyber_scorelimit
206986A9DD6EAE1A,pump_livecode_in_sp_psowait_enabled
206CCB799B4F8497,stringtable_debug
208C2FB57E753FCA,scr_infect_weaponinfectprimary
209B5061419AD449,shieldImpactMissileShakeDuration
209D78AA6A400426,ladderJumpDefaultUpDesire
20BAE50718405307,scr_player_postgameexfilweapon
20C6AA95071EA85D,r_mbRadialOverrideRadius
20D58265DF4279CE,perk_blastshieldscale_hc
20E3EFD754A3D5F2,fx_cull_elem_draw
20E87F5465CB9C75,compassObjectiveIconWidthLarge
20F202E600215318,friend_xuid_resolve_backoff_ms
20F22ECEB433C9A9,r_usePrebuiltSpotShadow
20FEDFD4E1A10E16,bg_doorUseSpeed
20FF8FBA134F2E18,bot_DifficultyDefault
210420A7DC973E8C,online_mp_xpscale
210E1BC1F9FF940C,perk_melee_resist_factor
2129B58E09389E53,r_sunflare_max_alpha
212BF70DB5CE0D79,sv_snapshot_silence_threshold_send
2133D4A264432F91,cg_hudMapPlayerWidth
213559A511B18139,mount_enable_side
2138D0FCB1FF2A7D,scr_gun_roundlimit
21423D70A6D5F5D3,mantle_over_24_spline_start_to_ledge_point_height
2142AE5FE15D92EC,lui_gc_step_size
2159F86A152106B3,scr_validate_print
2167D23A24CCE8E2,scriptable_runtime_instance_per_player
21708EE64937F75E,player_limitedMovementLeftStickInputScale
2185E870FBD94C67,cl_menu_framerate_limit
218743A8F0CBF6FA,scr_hvt_timelimit
21932CCCCBB613E6,shieldImpactExplosionLowShakeDuration
21A7C038940C8006,battlenet_gifting_enable
21DBC863D9272416,mount_tuning_shapecast_eye_cylinder_forward_distance_min
21ECC7C64B23749D,command_prediction_enabled
21F88CE65D908558,pc_build_version_check_enabled
21F9162B4A30E6F1,cg_hudLighting_basic_ambientOffset
21F93B8334F7009B,compassVehicleUseMapMask
220DA0FDFEFE31B3,ui_upsell_flow_fix
221F60D5FB97AB68,scr_gun_playerrespawndelay
22208683120B19B3,waypointPlayerOffsetStand
223A4ACCD10064C5,bg_shieldHitEncodeHeightWorld
223EFE96DE6BCDE4,movementAnimProto_TransitionToTransitionBlendTime
22402C11A1CB8E0C,glass_edge_angle
224421BD15A18481,perk_extendedMagsPistolAmmo
22498FE9A3264A69,pt_migrationUploadBad
224D0C0BAA0E10B3,killswitch_mount_eye_shapecast_clamp_enabled
225AEE26B9201A42,ai_debugCoverEntityNum
2269B5BA8D615F0D,calloutmarkerping_enableLongRangeEnemyPing
226CCF961FBF37D1,scr_arm_codcasterenabled
227C1ACEB3B44486,patchManifestUpdateRetryAttempts
22865C6D5D0C5E51,r_preloadShadersFrontendSkip
228742898F569F16,player_stairs_bobAmplitudeMinimum_crouch
22C2BF3235A45046,killswitch_melee_use_detail_world_for_vehicles
22D823F63D92012D,scr_arm_roundlimit
22D96488DA65B428,ui_promotion
22FE5F02124F815A,NVG_ON_BloomBlendOutDurationMS
2317D66C4C545E76,minimapPlayerCirclePingDuration
2322A6F71C984A1A,fd_helicopter_audio_turbine_low_rpm_volume_max
233132FB32CD91CF,cg_corpseFade_outDistanceStart_ragdoll
2345B0F71CBEA7D0,fd_helicopter_audio_turbine_low_rpm_volume_min
2367D6E8794F36E3,client_latency_summary_enabled
2367D8BB7E2797EA,fx_marks_limit_stacking_distance
2370260A64175654,systemlink_host
239398F57DF26DE7,sv_killcam_length_max
23B0A40D3EC6D2F2,accountreg_rename_profanity_check
23C55D3769C6F1F1,lui_wz_trials_access
23E70DFCA38F4148,online_matchmaking_ignore_partition_value
23FE09D60E43DE73,perk_faster_target_mark_rate
2403495F738D935A,ccs_single_restart_enabled
2408510BAF970806,cl_has_enrolled_in_keybindings_experiment
240EEBAB605F8748,fx_enable
241B0BBE79750555,r_gpuCullTriRigidModels
241B31E7B77233BC,r_globalSecondarySelfVisScale
241E808EBAB6B790,scr_sd_defusetime
241F99B0CE23DD71,con_gameMsgWindow2FadeOutTime
2433EEB2430F9B76,compassPlayerNumberTextXOffset
244A2CB627CC7A45,scr_koth_zoneactivationdelay
246A9AD3E824B501,fd_helicopter_audio_tail_effort_rpm_pitch_min
246C1213F690D5F1,fd_helicopter_audio_tail_low_rpm_pitch_max
2476E51C007720CE,online_matchmaking_cached_player_info
248D8CD3E84ADDEF,fd_helicopter_audio_tail_effort_rpm_pitch_max
248F0413F6B6FEDF,fd_helicopter_audio_tail_low_rpm_pitch_min
248F2E25058923A5,lui_default_operator_customization_enabled
249330BC8D045730,scr_ctf_pickuptime
24B1A7B6D9629B76,compassObjectiveIconHeightMedium
24C3E2F9D46A25B4,cg_chatTime
24C62E3715BF86E8,execution_hint_enabled
24E1CE57096E11FB,scr_ctf_winrule
251109943DB36529,ui_ac130usetime
251D5362581E501A,r_sdfShadowPenumbra
251E38C265256353,scriptable_light_radiusscale
252A066912589136,mount_tuning_visibility_query_lateral_traces
253E88F5BF422C61,player_altAcceleration
256FA0E9D6CD7811,online_analytics_streamer_should_be_enabled_based_on_package
256FBC036E24B617,scr_tdef_scorepertick
2570320B7015B225,com_codcasterEnabled
257D9849B3DC6C66,cg_pose_entityFixup
2595F6A131D5A9A8,r_gpuCullClusterMinThreshold
2599955F6ECD0B56,r_smpCompute
25A5F1B4491FFCB4,handheldCameraImpulseFootstepDecayMs
25C232476AC45735,bot_SystemStatus
25C25F9DE060041A,cg_skydive_parachute_cut_fov_blend_out_time
25C41E6CFADC52DC,r_mbRadialOverridePosition
25CF524B43F95B43,fx_lighting_shScale
25DEF345CF80E543,ui_upsellEnabled
25E87E16C11934B6,r_mbRadialOverrideAngleAttenuation
25FF92404980E4B3,gamerprofile_snd_mixPreset
260A722C3AC8755D,friend_xuid_resolve_success_delay_ms
260D294766C3331D,online_challenge_min_get_state_time
261A284B8816246D,scr_war_roundlimit
261D608D3BFA5796,perk_fastregenrate
262633EAC5E8C229,com_gamestart_min_transition_time_cp
263CB77A53F15FB3,scr_war_winlimit
264F59942C8F0199,ui_killswitch_field_upgrade_hud
265F2FD1AAE06897,r_decalVolumesStreamDistanceBiasNotLoaded
266447EAC62D91E7,com_gamestart_min_transition_time_mp
2666F3410149F223,voice_mic_reclevel
266B5257C51AD1DB,spaceJumpSpringCamMaxAngle
2679CC79BEFB46C0,online_qos_backoff_factor
2688A49A40CFB94B,lui_operator_bundle_magma_priority
268AE7D9F5D2C2ED,NVG_OFF_Instant_BloomEndOffsetMS
268F048516EFD081,cg_hudChatPosition
2693F7594699D058,voice_mic_aggressiveOutTime
26A52BC1CB05BE43,bg_doorCrashBadState
26A5C53BF022E9D8,compassCUAVDrawOuterCircle
26AE2DFA6B21B8A6,animscript_debug_legs
26EA4FE930EBA141,con_gameMsgWindow1MsgTime
26EB268FFBF90E30,superSprintRechargeScale
26FC624E5FC1DAE5,spaceJumpCoverTraceOffset
26FCFB42DACEDF6F,vehCam_angles
2702D81E659520D3,scr_infect_weaponinitialsecondary
270D1F99DADF21A2,scr_ctf_numlives
271C1F5464A84FFD,com_exit_pause_connection_interrupted_delay
271ED3B03E3AADF3,cl_adjust_time_max_buffer
2723C1125EDB080C,r_zPlanes
2732E37C989AE8A9,scr_br_numendgame
275712C2FC4A599C,compassRadarLineThickness
2767487F1DDF6F09,r_frustumLightProxyMargin
276BDF640409987E,scr_brm_allowsupers
27804E527DF02B22,bullet_penetration_damage
27A548B3F9C5AFE0,r_sunflare_max_angle
27ACF11CA0745291,bg_shock_lookControl
27C3009947F8D026,scr_arena_flagcapturetime
27CEF7AE0EEA8806,r_compressedSunShadowFiltering
27D6071226F246FB,gamerprofile_snd_musicVolume
27EA6006E30EF034,cg_hudShieldDamageIconTime
27F6EDD12F4A9DAE,cg_weaponstreaming_enableworldscriptableloot
280BD2E3AABD7CF2,cg_worldStreamingKeepAliveTimeout
282530E4EBFB050C,cg_hearVictimEnabled
284BFF713458C19C,scr_player_disableMount
285143FFC3B1C377,mount_top_pitch_overpitch_clamp
285F5715D036BA9D,endgame_called
287E18A62464DAE3,lui_mode_select_enabled
288B684352ABBC0E,cg_playerLightSampleFilter
2892E97BB5D8902E,perk_weapReloadMultiplier
28A1D28EFD54BA83,wallRun_cameraRotateTimeMs
28BA16B17700C0E6,online_invite_hsm_should_report_failure_cleanup_info
28C10BC0AFB74520,compassSoundPingFadeTime
28CEA730C37A80F7,fx_marks_all
28CF36EDD3DC7BA7,glass_max_pieces_per_frame
28D3269ECDA3A281,daily_churn_login_reward_description
28E8992CD2390C7C,sv_snapshot_throttle_nobaseline
28EC0BEE2A5E7546,scr_tjugg_codcasterenabled
28EFB1F9E29C88A6,ccs_expectedPatchVersion
28F4D6F5A27E7A08,ai_suppression_decrement
29010006EE7CCE91,aim_aimAssistRangeScale
29082943B0CCD2CE,laserMaxInterpolationTime
290DD4EB3B1671FC,ui_play_credits
2923B72F89B5FACF,useLegacyPCLadderControls
292ABB0D8C01D780,r_dof_physical_viewModelFocusDistance
2945247129503206,player_stairs_downSpeedScale
29466905A020A851,playerCharacterCollisionProneStuckFix
295106748C998086,cg_drawDamageFlash
296310A7B1C4190F,killswitch_loadout_draft
296347CDA302E6EE,r_mbRadialOverridePositionActive
297FFEAE3A9E9231,systemlink
298603C7B51C8755,voice_mic_aggressiveInTime
299BCBB6E182A738,gamerprofile_openMicThreshold
29A776193E3C54E0,compassObjectiveHeight
29B77B74BC884A4D,perk_quickDrawSpeedScaleSniperSP
29C4631F5ADB85CF,killswitch_melee_only_weapon_no_reload_enabled
29C78608DA99DF55,partymigrate_pingtest_active
29D798D8BAA02CAC,r_mbRadialOverrideChromaticAberration
29DABADC6FCF40D4,ui_passiveAbility_name
29DC29855423D0CD,scr_grind_megabanklimit
29E3167EB40F11D8,sv_cmdmincommandtimeclientcutoff
29E85105293D5883,lui_lootCard_shortInteractDistance
29E8514873E27668,useScriptWeaponAndViewOffsets
29FD0631E7BB014B,killswitch_mouse_jitter_fix
2A031D1E6464BDA2,scr_localeID
2A110FA94BA9504B,targetAssist_targetMissiles
2A164D07D72A126A,compassRotation
2A177FDA8FE2659B,online_matchmaking_request_new_token_from_remote_users_on_fail
2A190B02937ABBE9,cg_defaultWindDir
2A1ABCDF76FD32F3,NVG_ON_BloomEndOffsetMS
2A1B5AFA22259C3E,r_displayMappingSdrMaxLum
2A2A182348DA7327,online_battle_xpscale
2A2B9436EA20FD94,ai_threatSightFakeY
2A2B9536EA20FFC7,ai_threatSightFakeX
2A2B9736EA21042D,ai_threatSightFakeZ
2A49744102FC86E3,retail_dev
2A4BCDAABCCFC194,r_volumetricsParticleNoise
2A574757638DC340,r_flareOcclusionScale
2A6155BAFB3DB71C,cl_transientWorldZoomCutoffVisibility
2A81F2490549D85A,online_store_featured_timer
2AB9EF0322351926,r_lightIntensityScopeScreen
2AC886BE832F954D,player_slope_sprint_lateralBobFrequencyScale
2ADD9CC9E0C920A1,ui_opensummary
2AF120E587391ECC,player_stairs_sprint_lateralBobFrequencyScale
2AF9A1EE8BAEC2C0,r_cinematic
2B07AC54B70A2A6A,heartbeatSensorTabletIconSize
2B12AE20FBB6212F,stream_distanceImageNeededForTransientZone
2B1676F3880C55AE,cl_transientWorldMemoryMaxMB
2B1803890094DC16,r_smaaDynamicSubpixelPattern
2B1E1F520C46BE6D,drawEntityCountSize
2B2E90F69EBE12F4,online_bb_console_logging
2B3C78801901A8F5,r_depthScanScopeStencil
2B4FB65C1EA33A86,playercard_cache_upload_retry_step
2B54C904C769E525,scr_rugby_pointsperkill
2B5CCD0F2FB44C71,fx_cull_fovInner
2B5E3434F8B4AE58,drawKillcamDataSize
2BAFCD4F5EFAA686,ui_changeclass_menu_open
2BBE94924262CE7B,r_lensProfileOverrideUVScale
2BCE86475D572E1C,r_radiometricScale
2BD943975D58D163,r_secondaryDiffuseScale
2BE81702A1EA0BB2,r_sunshadow_preCacheEnabled
2BEBA4D3270C97F4,g_drawGrenadeHints
2BF1F1577AEDA1B6,cg_thirdPersonCarDefaultPolar
2C099D3D09BDA230,playerProneViewheightAdjust
2C37BE1ED7EA73D4,scr_dom_spectatemodeallowed
2C797C000B0D322E,player_buttonHintFOV
2C934F652434D3AA,perk_medicReviveSpeedRatio
2C96D1EA8E42789E,scr_bmo_extract_heli_invulnerable
2C98EBD0B6C9B1E8,ai_eventDistGunShotTeam
2CA67C21C6B3BD66,ui_killswitch_mp_weapon_icon
2CDD52F519348A51,cg_updateweaponmovementworker
2D0B4BBCBA2EFA0D,scr_br_crateDropTimer
2D1A85F7C0C72159,cg_useTopDownMapData
2D27907E08ED9008,r_st_displacementPixelCoverage
2D3A305E71B5D8B5,scr_siege_precappoints
2D3CE35159A5F009,scr_sd_roundswitch
2D3FD19498C3F057,bg_bulletHitImpactLagCompensation
2D4BFFE1B666A3E9,fd_helicopter_fbw_mode_config
2D52E4C4821A5E92,calloutmarkerping_longRangeEnemyPing
2D5984C880B5CFA4,playerLastStandCollisionTestSteps
2D5C0D6C5E2041C9,scr_br_radarendgame
2D8C2397F579F83A,vehCam_pitchClamp
2D98DA6C08354D10,band_24players
2DA83FF4E5440D9B,profileMenuOption_presetMix
2DB09DE34729D06F,compassObjectiveMinAlpha
2DD0B1BEFC8956A2,r_smaaQuincunx
2DD8B3E44C46242E,analytics_log_type
2DDDD240BC584E76,cg_netStatsTimerCloseMenus
2E12905A139AA445,ui_showMinimap
2E26F48B11F563BE,g_wegame_platform
2E274AC82BBE2667,com_userCmdConstantMsec
2E2FF4D5B47E89DE,r_longFrameBackoff
2E35400614080571,lui_battleRoyale_lobby_solo_playlist
2E44D746AF5106C7,scr_game_inGameLoot
2E4A844A7D8A3482,g_defaultUsePriority
2E4C6CF54F3573E3,sys_watchdogThreadRemote
2E4CC753B3EE4D86,sv_netfieldHighLoDDistSq
2E5271C49CE04920,scr_hq_zonetimeout
2E5638893EDB9776,fovLerpPreset6_durationMs
2E5CF0EC9B27DC28,compassHideClippedNonSquad
2E648476CEA761C9,online_br_breadcrumbing_frequency
2E71BCE06D9FD495,ui_hud_showobjicons
2E749A3E3F8F6085,scr_game_killstreakdelay
2E76CE02C77FBAD7,partymigrate_broadcast_interval
2EB19066791825FD,scr_sd_timelimit
2EB2A11B54BBA5DE,ladderCrouchSlideSpeed
2EC32BB8C587EF15,r_ugbDistanceScalerAmortizer
2EE39981452E9751,r_umbraMinObjectContribution
2F0CE5BA2AD95C53,wallRun_rollDeg
2F2A925AB4548F84,scr_plunderHeliUseAmount
2F4B57838872BD53,cg_killcamOffsetBlendSpeed
2F5D0CB801F524CC,lui_ingame_play_again_enabled
2F701B843D121F08,online_store_v1_autoscroll_timer
2F81E060E8D0DB85,scr_game_radarHidePings
2F8BCF6C561285FD,r_gpuTimers
2F9DBABCD9CEA53E,r_ssaoLowFrequencyBlendParams0
2FE6E9667D6AC0E0,player_throwbackFOV
2FF2C0DD5E1D848F,gamebattle_debug_draw
2FFFBD6BFD3B7F68,fs_copyfiles
300CA51661900E28,cg_hudRicochetDamageIconTime
3013363C83B5EFEE,scr_grnd_squadsize
303BD5F8B46EE2DB,cg_turretKillCamBackDist
304105C5E082DD6D,cg_netStatsTimeQueued
30524302E2DC1B7A,scr_brm_infilC130
3053681B72DEC1B3,fd_helicopter_altitude_speedLimiter
305F4C48D3CA5712,sentry_placement_feet_offset
30786178AD7C0A1C,r_vertexDeformForceCullSunShadows
3084F3E8CB9172DD,mantle_over_40_spline_start_to_ledge_point_height
30A30B2D5080F83D,ui_br_variant
30A5F5C9DC048D57,net_local_addr_update_enabled
30B2FA4E8A76493A,r_displayMappingHdrSource
30BA4947195CCA3E,spaceJumpTimerLand
30BF44A6132027F7,scr_rugby_roundswitch
30C25D6CFDF0A5BC,scr_tdef_roundlimit
30CE33E7510F9808,scr_grnd_usehqrules
30E0020116BB237D,online_store_sales_items
310D3A0A2BE69660,perk_mark_equipment_duration
310EBB1AB8AE5245,scr_dm_timelimit
31127D711DDF0006,jogFireBlendTime
3116FFD2A4CB2634,scr_infect_supersurvivortwo
312716A1E25168BB,heartbeatSensorTabletRange
31329D2C2CB9F181,playerCharacterCollisionSoftGlanceStrength
31465380DA32A66B,cl_transientWorldSwitchDelayLOD0MinDistance
314A6049D749057D,r_eyeSensorContractionSpeed
3167A73F66075ECA,scr_br_timelimit
31790FBA75D13EF5,cl_connectTimeout
31877D9A68C3D57B,perk_parabolicAngle
319BEC0DAAD2AA8D,player_stairs_sprint_downBobFrequencyScale
31A3A15C0AD49ECC,player_stairs_downBobFrequencyScale
31AE440A3993DC04,sv_min_reconnect_time
31AFC8517C00F632,ragdoll_explode_upbias
31AFE3854384DFF3,lui_party_widget_max_emblems
31D4CFE8643AA97E,killswitch_net_health_icons
31F00482A37E5396,scr_grind_roundswitch
31F0BE8FAD6EC7E7,mount_pullback_time_ms
31F4BA3043652E28,r_scope_relief_sway_cameradelta
31FA312C3EAA3B0B,sm_sunDynamics
31FCD6EE22C67A16,scr_rugby_juggTeamSpeed
322BC0647CCDD443,ai_retreatProximity
3230AC1C02AFA9BD,scr_rugby_helperMax
32359D87E7706C73,cg_javelinKillCamPitchDownBlendFinish
32592A738692C15C,cameraShakeRemoteMissile_Angles
32651DB9C638F84F,handheldCameraImpulseLandingDecayType
327ABC31783F5C8E,scr_infect_numlives
3280D39FCACE329C,gamerprofile_snd_voiceChatDeviceType
32863FF95B38045B,scr_infect_teamcount
329201848D8A13C4,cl_transientWorldLoadXYMultiplierZoomLOD
32936D79834555A3,bg_viewBobTransTime
32B66CD3C583AEDA,sv_cmdMaxBufferWindow
32C173710CBAD321,band_18players
32C2F7DEA0408D79,sm_spotSModelTargetLOD
32DC884F5FE26A44,r_displayMappingHdrGamma
32F7DA3B1C9A50E7,aci
33085D0358A0726F,fx_models_shadows_thermal
330B7BFE19492791,cl_transient_mp_delayLoads_enabled
33240C0D9C5BE0DE,cl_transientCollision_MemoryBudgetFrontendLowMem
332CC51760E6EC27,online_auth_skip_auth
332CEFFD31A0865A,cl_noprint
335A9C8C9CFF6E6C,leagueplay_match_cancelling_timeout
337FC65EE6EDA9E2,bg_doorPeekSpeed
3394FD1055ECB489,partymigrate_makeHostTimeout
33A270FA91ADAD87,profileMenuOption_netInternalIPHide
33A790765D46A51D,scr_grind_roundlimit
33AEA38F2B76346D,ai_movementHotDefaultSpeed
33B60D1CBC55F7EE,cg_fovMin
33B93D6D7386921E,ui_challenge_5_ref
33BEFF6A84B579DE,bg_shock_movement
33CB39B4764BAA8C,mantle_over_56_spline_start_to_ledge_point_height
33D9BB039D50B838,scr_cyber_multibomb
33F57AC2121DF7CB,r_vsyncWindowTop
340A1323626AC812,mount_top_max_distance_besides_edge
34169DCCD147700E,cg_hudObjectiveTextScale
34321CC3B6A454D4,offhandDetonateDoubleClickEnable
343E2FAA8DD6BCAE,turret_adsTime
34405599312DA4A8,pc_suspend_pso_workers_for_fixup_enabled
34565E436B87B4C9,cg_corpseFade_inDistanceStart_scriptmodel
3467774880EFA057,scr_game_disableAnnouncer
3471C89D89A8B0A3,r_decalVolumesObjSpaceModel
349C9DC650709086,fovUseTimeBasedBlends
34A1FB93EC67D03B,turretDebugYawDeltas
34BACBAD25CF26F0,player_stairs_bobAmplitudeMinimum_stand
34D8596109DFFD9A,ragdoll_apply_velocity_falloff_rate
34FDBEF2B1D8B9BC,killswitch_execution_prop_showhide_vfx_enabled
34FE0653B36A15B5,gamebattle_playlist_id
3502A355EAF93164,live_displayLogOnErrorReason
350BF4FFED866D21,lui_splitscreenupscaling
350F0216115136FE,com_codcasterHighClientCount
351364C4A55BA591,perk_nonScavenger_scavenge_time
352257719C9E53BC,useTagFlashSilenced
3587164D3E016164,battlenet_checkout_enable
3595D16B161FF5D4,stream_distanceBiasNormalMapFoliageCardImposter
3599EDBE7BA76461,compassBRCirclePulseMinAlpha
35A503C3A2D2B6B7,compassFullMapVehicleScale
35B978622226B1D5,perk_extendedMagsSniperAmmo
35C2F0E6D24F6CF1,r_volumetricsGamma
35C9E4F53BF8A094,sv_netfieldHighLoDMissilesEnable
35D62B4BF44482CC,scr_dom_capturedecay
35DE300881A27121,r_skinnedLodBiasDecay
35E5EA25E6A47763,scr_koth_usehqrules
35ECA9FF556D4F66,r_depthScanScrollParams
35F62EC439F30B82,scr_brm_crateDropTimer
36018412DCF611C5,fd_helicopter_start_no_input_before_spoolup
362BC42107A92C62,ragdoll_poseController_weight
364A53E75B0C2BBE,snd_voiceChatDeviceType
3653C64282DE1D70,ai_iw7
3659EC67D39B6D7E,g_dropUpSpeedRand
3664187C3D7B45EC,scr_arena_scorelimit
3667EDD8C116E75D,compassSelectorSizeBase
36713295573723BF,scr_siege_playerrespawndelay
367D6AD792A749A0,vehHelicopterTiltFromFwdAndYaw_VelAtMaxTilt
368EC311F16EAB17,command_burst_window_method
368F648A1D2455A9,cl_anglespeedkey
3693DC4874DA9AAB,jitter_mod_protection_enabled
3694FECB7341215B,cg_hudLighting_blood_diffuseLumOffset
36A286056D367E30,scr_live_lobby
36A6F43BAF30A3AB,ai_debugBoundingOverwatch
36C60104634AC560,compassObjectiveWidthLarge
36CD816B1AE552CB,r_universalTonemapUseAcesRrt
36D05B2119B183BE,compassportableradarowneronly
36D9649B33100EC0,master_dismemberment_setting
36EC59E31566C295,ui_maxclients
372658CCD8B8846B,r_precomputedSkyIlluminationRadialDistance
3758CDF66D438C29,ai_friendlyFireBlockDuration
377AB12E341DC2DC,bg_alienBulletExplRadius
3791532E85D2FC80,player_slope_sprint_lateralBobAmplitudeScale
37B070C35B750C09,online_matchmaking_allow_joins_before_lobby
37B442EB51AE51EE,loot_seed
37C723AD559F685B,online_matchmaking_start_gameparty_after_disband
37D25481495B83FD,handheldCameraImpulseFootstepTransAmplitudeScale
37D2B74E773D2941,r_skinnedLodBias
37DA612B146AA5A1,scr_player_lastStandHealth
37E3E799AC3A95E7,daily_churn_login_title_text
37F634B106E93D6F,scr_frontend_scorelimit
380979045ED0B00F,pt_htbtmaxperframe
381603C1A0FDDC46,ui_missingMapName
3836FE5EDC24C9EA,r_dof_physical_hipSharpCocDiameter
383E20F957ECDCB6,xanim_ik_antislide_enable
38429D115A278692,cg_weapons_workers_enable
385604D9D71F6C71,r_frustumLightProxyUseMeshCheck
38795444412529FD,mantle_over_24_spline_start_to_ledge_point_bias
389094C34DE8F79A,profileMenuOption_licensedMusicVolume
38966DC8E61FC32E,lui_map_select_enabled
389BD23ACC45E7D2,cg_hudLighting_basic_specLumOffset
38B57CD8ECF552E1,online_matchmaking_disband_on_update_failure
38CA16B4DBF569F5,r_volumetricsDisableHack
38D13979FE787D0A,cl_transientWorldSwitchDelayZoomLOD1Max
38DF82E1CF467DAD,ai_animscript
38E73217ABCCA0D5,lui_hide_prompt_magma_blade
38F42379FE9E9460,cl_transientWorldSwitchDelayZoomLOD1Min
391661B97F6AA10E,cg_entityWorkers_missilesEnabled
391B69146CBC622F,r_dof_physical_maxCocDiameter
393C70550E18D816,compassTacMapMouseZoomSpeedFactor
3941F5605AF6272B,r_mbEnable
395D34C5BAEAE920,lui_parallax_anim_sway_rate
396827564D340539,killswitch_original_playlist
3988EEF3BC809A98,r_mbRadialOverrideDistortion
398FD26309276A50,voice_maxVoicePacketsPerSec
3991478F0F911EB0,scr_ctf_showenemycarrier
399B3AAC4AB1DCA7,cg_turretRemoteKillCamUpDist
399C6019E65BD038,killswitch_viewheight_assert_fix_enabled
39C9D2E0027BCEC3,scr_trial_crankedBombTimer
39CDDF6849193E25,compassHideVehicles
39EC9A298C4D4FDD,scr_conf_winlimit
3A2BE620F88B8DFA,profileMenuOption_vertsensitivity
3A548A26B02762DD,cl_preload_sp_yield_start_priority
3A57EA4EDB37C077,r_useShadowGeomOpt
3A5A6348F521AE7D,scr_infect_teamsize
3A75B319ECD6345A,r_gpuCullTriSkinnedModels
3A82C61F842548A3,skydive_freefall_velocity
3A8AA77022D1C319,compassTacMapZoomMaxLevel
3AA09C1C9EF3144E,partymigrate_preferConsoleOverPC
3AAAE631CA805E04,painVisionLerpInRate
3AB27FB4C0721152,melee_stagger_shock_duration
3AC8594CA5ABAFD3,r_st_combined_bias_low
3ADEEBE7FCFC9B08,ui_use_per_bullet_hitmarkers
3AE4D75F3953A7A3,con_typewriterColorGlowUpdated
3AEECEE18BE07D15,ui_onlineRequired
3B0DDA2E1CB54394,r_displayMappingSdrMinLum
3B16CB0A5039AFA9,scr_tdef_roundswitch
3B251E8EEB9875AB,cg_invalidCmdHintDuration
3B2D85733B2EE3A7,ui_ac130_use_time
3B2E6F1122D1AB64,scr_rugby_winlimit
3B3393F996AF4AC1,lui_minimap_options_enabled
3B57875377472AB4,con_gameMsgWindow0FadeInTime
3B58DEBEA5E50640,scr_siege_rushtimeramount
3B5DFCFCB9CEDB4E,perk_parabolicRadius
3B6D4B88F44D21BC,heli_barrelSlowdown
3B7EA14C9E2C4E9F,online_challenge_cache_flush_time
3B926076C2152F02,scr_frontline_disable_ratio_check
3B9D44CBFFAFA29C,cl_transientWorldZoomFovYPadding
3BA2965C5923BFBD,scr_sd_promode
3BB4C277FCC2E3E7,compassEnableFOVScaledCone
3BBBFC21A2147167,sprint_allowReload
3BBEB093AA8EB116,player_slope_upBobFrequencyScale
3BCC7A404575EFAA,player_use_vehicle_speed
3BD3F808FA8F59C6,scr_arena_flagneutralization
3C01342F08FA6256,bg_gravity
3C1F4C21565DE163,scr_br_infilC130
3C210EDD023E28EA,ai_eventDistProjPing
3C26ABDFE364A9D4,lui_ingame_play_again_choice
3C33D761738006D4,sv_entitiesPartitioningNearbyRangeY
3C33D86173800907,sv_entitiesPartitioningNearbyRangeX
3C50B4EB01D0F543,perk_sprintRecoveryMultiplierActual
3C54237A9F94CB58,online_terminal_for_everyone
3C58AF07173CF8F8,bg_torsoSwingSpeedCameraIndependentMovement
3C5EAB6F5AE0466D,dobj_assert_on_free_submitted
3C61295EC2C4315F,fs_ignoreLocalized
3C7832882E7F841F,scr_game_allow3rdspectate
3C78839AAF8D77CA,scr_rugby_numlives
3C79EC2413449AED,net_upnp_enabled
3C7B1FDEF981C44A,scr_hq_squadsize
3C7EF12E63958E9D,sprintStrafeSpeedAngle
3C8D24C8A0625800,r_lightSensorMode
3CA03F5F00CE2B9B,r_dof_tweak
3CB6E8B0C863C986,vehHelicopterDecelerationSide
3D0ED93F9C04634F,bg_bulletExplRadius
3D1FC2F639DBB01B,r_lensProfileOverrideMode
3D3459C937617957,ai_glancePlayerCooldown
3D3AEE96A2EDEE51,scr_cruise_detach_dist
3D4FFF476C7FD953,scr_brm_magcount
3D680E7E834A20CC,scr_cyber_roundlimit
3D8962C24C8EC092,jump_height
3D96F7C0FB054218,cg_netStatsPacketsDropped
3D9F1E01A8CFBCCF,scr_br_brloadouts
3DA84FFADDF4FF3A,bg_TeamName_Axis
3DAA745C39326583,cg_defaultWindAmplitudeScale
3DB918FD1BC1221A,bg_wheelsonReverseSteering
3DBEF858E8180E29,riotshield_explosionprotection_downdist
3DC148863FF745DE,scr_game_allowperks
3DC80E869585E637,mount_effect_top_shake_amp
3DCBD8A33F8919F1,scr_eom_combat
3DD24177F439B2FC,fd_helicopter_audio_pitch_throttle_decrease
3DD921C0ADBFE660,scr_br_circleDamageMultiplier
3DE2A17635564D5A,demonwareConsideredConnectedTime
3DF30E072B315A5B,glass_shard_maxsize
3DFC501672CFA32E,perk_ads_mark_target_highlight_time
3DFFB45BF4E2CC76,ui_extraBigFont
3E13991F477E4469,r_shadowTileResolution
3E2132C185018C8B,mantle_on_32_spline_start_to_ledge_point_bias
3E4DB6C43396E324,bg_pathFollowerAirTimeToBlock
3E55EE05B4FE1A2A,scr_grind_promode
3E5ACCA767C6896C,ragdoll_ejectionFullBodyTryPeriod
3E5AF4E82498AD6A,scr_dd_timelimit
3E6607DA76FB92A4,bg_missileAutoboltExplosionsToVehicles
3E77A20EEC7F6C7F,compassObjectiveHeightMedium
3E7E139077ED8DD3,scr_dmz_win_cost
3E7ED40845F6784E,turret_draw_locations
3E842DAE9C5401C1,compassPrototypeElevation
3E8866CFF32A0175,hud_enable
3E91159C39295738,spaceJumpVignetteType
3E9EB5DDEB21A73E,mount_side_max_height
3EA251B2E7F3783A,player_spaceViewHeight
3EAD3F9F0E9E8151,scr_cruise_intro_anim
3EC6011C6F87130D,ragdoll_ejectionFullBodyTryLength
3ED5A3009485089F,mount_hint_enable
3EFFD1AD8A409BE5,sv_clientNetPerf_UsrCmdBurstMinTime
3F080A781E6BB812,scr_snatch_squadsize
3F2F3744B89E7B56,bg_torsoSwingSpeed
3F315A46EAA6BC6C,perk_defuse_equipment_time
3F3DA3EA03A31F4E,fd_helicopter_audio_main_low_rpm_pitch_max
3F557F3557EA1DE1,r_shieldEffectHitTimeMS
3F5B5EB6211F7286,r_sunIntensityHeatOverride
3F5E67761246A500,blackbox_dumpSystemMemoryFootprint
3F60B5EA03C98E9C,fd_helicopter_audio_main_low_rpm_pitch_min
3F7F987EDC36B03A,scr_war_promode
3F967625265735AC,r_universalTonemapAcesRedModifier
3FB102010C63195A,com_cinematicGPUDecoding
3FB3503B50A4D277,telemetry_directActive
3FC29271597A0306,lui_minimizedPromptPulseAlphaScale
3FC66EFDE96B51BF,targetAssist_shieldMaxAngle
3FC8DD37CD9A08EE,r_aspectRatio
3FE2E3DA2C289EA7,cl_transient_mp_yield_medium_priority
3FF31E00712FD7E6,cg_cullBulletAngle
3FF38E2F80519D0C,scr_hq_usehqrules
40182E34414E3C59,m_forward
402089F9112227C5,leagueplay_prematch_cancelling_timeout
40242C93FDCF9A22,party_client_task_timeout
4026BF145681BC68,mantle_on_timescale_min
4033239532A6A075,r_texFilterMipBias
403C1ABE421D99BF,pt_privateGameStartTimerLength
4049B51456A7EE22,mantle_on_timescale_max
405A466EE34B50BD,r_sunShadowParams
405DF443F3DB2A99,fd_helicopter_allow_autostarter
406745819DE3E415,r_dof_physical_adsMaxFstop
4067984A64F52146,r_tgCompileAliasedAllocs
406C213C604B1D75,scr_game_suicidepointloss
4070AAFFE377CE8D,patchmanifestversionoverride
4073E535A0DF7334,cg_cullBullets
40793A7AAB26F067,patchManifestUpdateCheckMinutes
407C75DB9FB859E4,animscript_supersprint_enable
409E46634C6E0F8A,killswitch_streak_variants
40A9580D517E70B9,waypointOffscreenRoundedCorners
40C83A3261199EC8,gamerprofile_microphoneVolume
40CC18803D066006,player_stairs_lateralBobAmplitudeScale
40DC5F16EF17C5D3,sys_cpuName
40E71372B263BD24,online_weaponxp_playlists
40F01DE20E0C5F03,fx_marks_smodels
4109F4F05B2B0B0A,cg_enableLaserWorkers
410A65055FE98EF9,vehHelicopterBoundsRadius
414E71CF0ACA212C,scr_disableFieldUpgrades
415274677663F96F,mantle_force_over_always_use_crouch_view_height
4157F9790A036669,cg_netStatsPingHigh
41635D545638464B,aim_lockon_wallrun_scale
416892E22185EDFA,online_store_promoted_items_warzone
41A7FE21D81177A1,g_useDirectLookOuterDistance
41AE3DD6C9F7348A,cg_subtitleWidthWidescreen
41CA217CBF873DE6,heartbeatSensorTabletNextPingTime
41CD27B526A99B20,online_matchmaking_use_extended_team_differential
41CD51169B05D8EE,scr_cyber_showenemycarrier
41F25C791E305774,scr_game_disablespawncamera
4205EAA132C253D4,lui_trials_enabled
421CE79C47CAB34D,cg_turretRemoteKillCamBackDist
421D1E5B700CDAA8,r_dof_filter_backgroundReconstruction
4220BCD965242BEF,online_matchmaking_host_doc_keep_alive_max_s
42232BFBCCA13EC8,scr_sd_multibomb
424AF9D20FEBE0DA,r_dof_physical_minFocusDistance
4254F3D124368B7F,scr_arm_objScalar
425C5FA8F9038C1A,antilagArchiveCap
426C83C26A28AAB6,battlenet_presence_away_time
42A5441F40DBD938,actorDropItemMaxAngularVelocity
42BB86B92E0B831F,cl_transmission_error_enabled
42BD8EAAA4D2E5C1,lui_magma_squad_fill_enabled
42D2F8406FBF4874,cl_adjust_time_fast_cutoff
42D831BC38B53773,db_logLoadTimes
42E23E92BD5087C8,compassTacMapVehicleScale
42F53372EBAACFDA,scr_gun_halftime
42F8C8ACBD534C82,animscript_debug_torso
4301DD450EAFE132,handheldCameraImpulseSlideEnabled
43049BB050928F48,scr_buddyboost_enabled
4308CF7EE899CAB7,cg_netStatsTimeReceived
4311E8DA08E6F415,cl_transientWorldZoomLoadFovCutoff
431C03F5C6005EA0,fx_mark_profile
432A8E2D2FF30B5C,scr_game_casualScoreStreaks
4331AD5FE91840F7,fx_lighting_lowres_ambient
4357225BBF2D26C1,online_platform_session_should_remove_user_on_signout
4379E2010D536E9F,cg_mlg_gamebattles_enabled
437B86AC3FFE111D,fastfilePauseSupport
43AA940971250F54,bg_vehVelDamping
43B055408BC37842,scr_arena_spawnflag
43C15797085C156E,fd_helicopter_audio_main_effort_rpm_pitch_max
43C3B30F7132ADB3,r_st_allowLayerMask
43D47702686C1AB9,lui_battleRoyale_practice_mode_available
43E1EFD07F7AFF13,r_vsyncwindowBottom
43E46997088284BC,fd_helicopter_audio_main_effort_rpm_pitch_min
4420F026758EE4C5,cg_minCullBulletDist
4426AAA3D10C2F0A,scr_grnd_scorelimit
444ABB9693F1EF9E,waypointIconWidth
445062DF97CC7B07,cl_preload_sp_yield_for_streamer
44591082ECB7BBAC,dlog_perf_output
445C830716BC7A48,r_smp_workercmds_on_render
445C885476F518B1,scr_gun_squadsize
446B40F58B8902FB,scr_arena_blastshieldclamp
446C4BA366179AE0,r_rtt_dirtycheck
4484F5C9BF9FC8E4,g_fixedDeathCameraMinGravForFallChecks
449A9DA4CE329693,com_errorMessage
449B0A3F4172D683,con_gameMsgWindow3MsgTime
44A5B8D43D840652,cg_hudLighting_basic_specOffset
44B7EC70967F8C6B,ai_threatSightFacingScaleDot
44BDF4BA0A7C53BE,cg_hudLighting_basic_ambientLumScale
44C6CA6EC7E8D37B,vehHelicopterFreeLookReleaseSpeed
44C936387C6F4A7C,online_store_weapon_timer
45297798FBBC4FF2,ccs_sendActionReport
4539C5D803A9AB3A,partymigrate_cpuBonusThreshold
453E77B188DE90CC,fd_helicopter_turbine_mode
4549BED3F0B7B0CB,ai_busyEventDistSilencedShot
4569C761FF17A1AD,lui_battlepass_tier_upsell_enabled
457A5B0B385617B0,sv_cmdStartSurplus
4593BE639B85E649,cg_worldStreamingLoadedTimeout
45A0DA8CE5CD52FC,cg_brass
45A21D635D6B5F8B,voice_packetDecodePrebufferCount
45BA6DFF8ECBA1EB,party_partyPlayerCountNum
45D28610C3B32A7F,r_spotLightEntityShadows
45E41FF27DB5A69F,wallRun_jumpGraceTimeMs
45EFBF15DF522BF0,ui_ac130_coord2_posz
45EFC115DF523056,ui_ac130_coord2_posx
45EFC215DF523289,ui_ac130_coord2_posy
45FB0ABE2A2BE448,cg_javelinKillCamUpDist
45FFBC1F5D45143E,killswitch_igr_pso_preload
461975BC27309861,ui_activeAbility_name
46347E6AA0D17B2C,bg_softLandingMaxHeight
463D3AE52B0FBE31,waypointIconHeight
465CC5EC2F116F66,playerButtCollisionTestRadius
4667A46BB64B6843,mantle_over_time_max
466A28CC036AA47A,r_vrsDX12ShadingRateOpaqueDrawListsEnabled
466DE9F4422888D4,r_forceHDRCapable
466E2B8890EEE5BF,profileMenuOption_mousevertsensitivity
468A9A6BB67199FD,mantle_over_time_min
4694E7E3D4DF3E47,handheldCameraImpulseImpactTransPersistenceScale
4699088F1D19ED47,player_zeroGravWorldUp
46AD35CF8FB8D767,r_vrsMaskOpaqueDrawListsEnabled
46D8B1B37313174B,party_updateAssignedTeamInLocalAndSystemLink
46E64DA56EEDD1FC,mantle_min_speed
46F179E8FAB20E88,r_mode
470624E5A721ED01,mount_ai_side_victim_accuracy
4708588260324B3A,fovLerpPreset6_targetFov
4712FB965520D3D7,con_gameMsgWindow1ScrollTime
471F3B84BE78A3A9,scr_koth_zonecapturetime
47460D918887C2E8,ai_busyEventDistGunShot
474B3C3475030924,scr_snatch_roundlimit
475A39C7B26C30E0,heartbeatSensorEMPIconSize
476B9DA003F88735,cg_maxReflexSightDrift
4773BF37274230AC,player_breath_snd_delay
47920E97DB448BC4,scr_tjugg_dogtags
479AB28F2A947C0B,scr_player_maxhealth
47BFAF6950FFB03C,compassFriendlyHeight
47C1BB14B46FBBC9,r_reactiveMotionPlayerRadius
47E752F9A90A1ECE,lui_skip_boot_flow
47ECB4C03556B060,voice_agc
47F0BFD1DC40EC9C,gpad_dpadDebounceTime
4812763E196C352A,bg_shock_screenBlurBlendFadeTime
483672522C58CAD9,bg_doorBashSpeed
484ECFB264D4A1C7,fd_helicopter_hide_blur_blade_index
4857DD4DD3AA5E52,voice_transmitInterval
48610182987BC035,compassTacmapMiniIconZoomPOI
4862D18F6555A78B,playerLastStandCollisionTestIntervalRatio
48661306F5FD6036,scr_team_kickteamkillers
486D60DBD959940E,r_sunglare_fadein
486D803D8B3847E0,discard_playerstats_on_suspend
48708FD57C2BCC56,ui_cpmission
48903746E8023E16,post_game_survey_chance_percentage
489BADEB0A633D5F,online_platform_sessions_manager_enabled
48BA174AF8B81812,bg_bulletsUseMaxDamageMinRange
48E8CB162D0804F5,scr_tdef_possessionresettimer
48FDFB7CF90FF4EC,scr_player_lastStandReviveHealth
491B89D713D4E625,scr_sd_planttime
4920EFAB4E2F8304,r_umbraAllowGameVisibilityOffset
49214AF9B03E959D,mantle_on_56_spline_start_to_ledge_point_bias
492638B2616682C3,cg_turretKillCamFov
49291C50041BF4BE,killswitch_left_hand_throw_gesture_stuck_fix_enabled
4931DFA0006CF3B6,oer_bb_send_limit
4936FDB8C54962FF,cg_hudLighting_basic_ambientLumOffset
4946DEB509E3B26B,bg_pathFollowerFriction
495C7DCB91B6750E,CDL_restriction_enabled
4961DC50AF718C79,scr_infect_superinfect
4972B4DB59CDF484,ai_eventDistSilencedShot
4983732A503CDE9D,scr_dom_scorelimit
498DF02D4DD24882,spaceJumpGrappleLandPitchDown
49B1EA1482D0F906,server_snap_details_log_enabled
49C204C68AE69B0B,player_meleeFinisherEnabled
49D307836F66B57E,scr_arena_equipmentmsprotect
49DB6A80627C6659,scr_grind_banktime
49DC02549A667127,ui_allow_classchange
49DE528E0287E8C1,scr_tdef_possessionresetcondition
4A0516B1B1A9EE2F,lui_worldMap_enabled
4A0A7EC3B15E3C18,mantle_on_24_spline_start_to_ledge_point_height
4A28E2FF088D8AFF,fx_cull_elem_spawn
4A50ACD9651A93EE,com_maxStreamedBodiesForLargePlayerCounts
4A5B17F7FA916DC8,scr_grind_waverespawndelay
4A6D20DD77FE3B24,r_SkinnedCacheCorpseThreshold
4A7B430BE28A96FB,r_shimmerEffectTimeOff
4A7F907B38BFC971,ui_hardcore
4A84854BE6D89B6A,com_cinematicHDRIntensityScale
4A943B87BA089A58,lui_wz_practice_loot_display_id
4A9E48568387DEA2,lui_pc_build_version_check_popup_shown
4AA0E825A52FFADD,stream_readSeekOrderMaxSizeKB_Generic
4AA98D7BDB61496D,cg_ignoreSubtitle
4AAB04E4668D6998,partymigrate_pingtest_filterThreshold
4AB4963BB71B7B13,perk_blastshieldclamphp
4AC3DC4B074178FE,bg_shock_sound
4AC5C4F9D8B52122,compassExpandedMaxRangeBR
4AC85DF18773327D,scr_arena_loadoutchangeround
4ACDD01BD696CA6B,r_vrsMaskPixelThreshold
4AF859B8A383A3A5,sv_minPingClamp
4B088A5C9CF8DFB5,bg_technicalControlVCone
4B0A2C4704542686,scr_arm_teamsize
4B1B05F139DB0FB4,lui_refreshRate_Telemetry_GPUTime
4B1BAE700F2ADD89,waypointSplitscreenScale
4B2A2135A085BB8A,r_vrsMaskPostProcessingEnabled
4B2CEB9434DCD7F2,sentry_placement_trace_dist
4B34154548CC7058,fd_helicopter_show_blade_index
4B3D40A0A7848EE8,g_spectateCycleTimeout
4B40EE53848A1308,r_lodScale
4B41EF8A70EF3882,scr_siege_numlives
4B4F3B2FA6FD080E,r_eyeSensor
4B5663A781F9F824,dobj_assert_on_free_submitted_dump
4B734CA92CA58DF2,online_should_handle_matchmaker_join_lobby_while_invite_joining_in_starting_state
4B79232251F0B4CE,scr_splash_kill_buffer
4B7B138FE84EDC24,heartbeatSensorAlphaFalloff
4B8C3096FABEFC4F,online_logging_timeseries_onoff
4B9127ED8EDCCDE0,scriptable_runtime_instance_per_agent
4B9531497EDC4554,scr_game_superPointsMod
4BAD415F25A27F7E,r_flareOcclusionMin
4BB9EDC11700A8A4,bg_viewKickRandom
4BD4017754C13B88,voice_test_tone
4BEDD83A7DE50146,lb_maxrows
4BF39ECC21B4A76E,sv_max_reconnect_time
4BF4C94FC824BA99,r_mbViewModelEnable
4C214B658FD8DD91,cl_demo_uploadfb
4C3BEC1914D5EF51,gamerprofile_gpadEnabled
4C3F694CB44A2C57,NVG_ScriptBlind_InterruptOffset
4C41653BB501106A,sm_spotAllow
4C42D240041854B2,cl_preload_sp_yield_end_priority
4C469068B0B444AE,ui_showInfo
4C5C44C283713C9E,NVG_Instant_EnableSound
4C5CC1531C3A8664,ui_challenge_3_ref
4C794EE934D0F637,online_matchmaking_host_doc_update_interval_ms
4C7C77047B0D65FF,physics_HavokPhysicsLicense
4C7FF02EE4F244A5,ai_eventDistBullet
4C8A774E0F20223B,cl_extrap_tracking_start_time
4C97D6F9F5CB35DB,sm_sunMoving
4C9AF844CE94FDA2,lui_battleRoyale_tutorial_lobby_need_continue
4CA8F5AA582A95B6,print_on_userid_map_fail
4CAB47F94A3B13B8,online_pub_var_refetch_on_mismatch
4CB5AEEF8AA9A0D6,r_adapter
4CD5B2A73D4663B2,vehCam_pitchTurnRate
4CDD3D1E6C709199,mount_bb_analytics
4CE4017D28CB1E35,win_xboxGameBarDetectionEnabled
4CE719E92FAE384E,r_depthScanDistance
4CFC9482596F3784,bg_shock_soundLoop
4D06D8A8799401B8,protocol
4D2CE492319FE668,glass_fall_delay
4D460AE0E8F5D30E,scr_tdef_carrierbonusscore
4D70817DDB94D223,bg_underbarrelWeaponEnabled
4D71618B0D95A5C7,cl_transient_sp_delayRelease_enabled
4D7BA0585DC7C806,compassPlayerNumberCircleRadius
4D86D264134DEA95,ai_busyEventDistProjPing
4D9B471A4E872E9D,cg_thirdPersonCarCollRadius
4DA3C0B3904C0586,r_eyeSensorLuminanceScale
4DBEB9F6446CB347,lui_battlepass_tier_purchase_enabled
4DE04BB1FCE3CAA3,cg_playersmp_CoarseCullSystem_Enable
4DE09517A891EB2C,r_flareOcclusionExtinctionBias
4DEA0D96525BF844,scr_cyber_persbombtimer
4E0C90365ED3E5CF,r_reactiveMotionEffectorStrengthScale
4E1602878A07B2EA,ui_bigFont
4E235602EAE7BF92,scr_infect_survivorscoretime
4E40AD15AF03117F,sm_spotShadowCulling
4E431EE2EFAF0C89,telemetry_purchaseConfirm
4E5082BAEC8F8B1C,cg_netStatsLatencyVariationLowDedi
4E54B6504D6399C0,handheldCameraImpulseImpactDecayMs
4E6EF2BAC268EC94,gamerprofile_voiceChatVolume
4E6FB763C142D018,r_dof_physical_filmDiagonal
4E9AB8C76756925D,onlinegame
4EA3EE92F82609D0,scr_infect_winlimit
4EA8DBCB14DFBE8F,r_vrsDX12CombinerTypePass2
4EA8DCCB14DFC0C2,r_vrsDX12CombinerTypePass1
4EAE9204F47E1818,cg_hudLighting_blood_specLumOffset
4EC64F9637ACD2AC,r_dof_filter_fireflySuppression
4EE71E82C77301E6,ai_linkWeightTime
4F15726112942C3B,r_eyeSensorMaxSpeed
4F21545A904AD25D,scr_grnd_playerrespawndelay
4F26C1B12350E1EE,scr_dmz_teamPlunder
4F341D90F5BB23E0,scr_bmo_extract_plunder_instant
4F3751403BCCB0D7,scr_grind_scorelimit
4F3E2B19A1B61DA4,slide_view_bounceAngles
4F439445161A1FB8,compassTacmapFilterVehicle
4F4474755F0D896D,scr_brm_teamsize
4F661707686AACB8,glass_fx_chance
4F85210DA67BA26C,ladderJumpRightScale
4F8CBB531196184C,cg_skydive_parachute_cut_fov_delta
4FAA8419AB0D055D,bg_pushPlayerOffVehicleSpeed
4FAC105D3AAA9BF5,cg_worldStreamingMaxImageQuality
4FAE9A9935681AFD,cg_weapHitCullRadius
4FCA272C54B4DD3D,shieldImpactMissileShakeScale
4FE9849075A6FC24,r_tessellationCutoffDistance
4FEEE51CC9145086,fs_basepath_output
500A0705FA1EEB6F,compassBigMapVehicleScaleFull
500ED6408188F4F6,snd_occlusionmode
501E163D4784F082,sys_gpuDriver
50513BD632AD1A0A,player_stairs_upBobAmplitudeScale
505FAAFCB07DF29E,lui_store_enabled
5066199577FBEED0,g_dropWeaponHeight
508D1A57B74D3686,com_maxStreamedViewWeaponsCp
50904F8BD9386618,vehHelicopterRightStickDeadzone
50952657B7553C98,com_maxStreamedViewWeaponsMp
50B0412C2B441A21,ragdoll_poseController_distance
50B057009CB883FE,scr_support_box_proj_hide_duration
50BE44AB7C45D391,transient_auto_pause
50C5E559526FC8DC,cg_hudLighting_blood_ambientLumScale
50DB872A4259D99B,mantle_over_40_spline_start_to_ledge_point_bias
50F88A351EE1CD06,pt_gameStartTimerLength
5101132AAC5ED425,lobby_team_select
51033FFE6403304D,r_gpuCullTriClusterSModels
511702A3B54EF7A6,online_qos_backoff_success_delay
511EE38AEF1FCCF0,scr_defcon
5133F78382386744,scr_trial_teamsize
51348C27DBC2510D,handheldCameraImpulseSlideRotPersistenceScale
513FD1753E1D7846,objectiveTextOffsetY
5171200C6CFCA1D9,crm_max_message_count
5174FFE36098D5E7,waypointScreenCenterFadeHipMin
517A8494ECCEB32B,vehBoatControls
5180D2CC419693DB,online_clans_enabled
51897BD372F13DFA,online_qos_allow_in_private_match_lobby
51B3E7DDFECD6D72,bg_enable_stowed_weapons
51CB273D81C99630,r_secondarySpecularScale
51F2BD07790D5FF8,scr_koth_promode
520F8282A4E98C14,scramblerJamDistLarge
5210E6D0C89A7A26,scr_player_lastStandWeaponDelay
5216838520A00843,com_useAdsFovUserScale
5221C49D87D730D7,bg_wheelsonControls
52349E640AECF960,partymigrate_preferSameHost
5239572797644447,dedi_qos_buildname_override
5239F730193588AD,lui_battleRoyale_lobby_quad_playlist
523B68E29C2C2928,scr_gun_waverespawndelay
524C9122F92B2017,ragdoll_ejectionVelocityTarget
5254E0714012F424,aim_resist_view_threshold
5259F63BC7847D80,ai_teamDeathRetreatDistance
5290E243D8624EBA,team_consistency_fix
529D0E333EB3BAA2,lui_private_tournament_enabled
52DEAC03647CF62F,r_eyeSensorUnrest
52EF858E3255F330,bg_pathFollowerTimeAfterColl
52F9A8B19D6C7B4A,session_join_min_time
52FB4969BCCEC54C,sm_sunViewmodelHack
530131AF7067B3BD,online_matchmaking_show_dc_qos_failed_warning
530BFB44DA3CBECC,scr_tjugg_juggHealth
530C84BF5822EF3F,ui_weaponmaplargeruntimesize
53172C816D5117B3,sentry_placement_debug
531CB1AEC1587DB8,online_favorite_friends_enabled
531CD4A95E0D7B1A,online_privatematch_cross_play
532E714C1A0946F7,sys_quitMigrateTime
5349D753DBD9EFCE,r_umbraAccurateOcclusionThreshold
536A95A48677BFDD,cg_enableSkinningSkelRecordTransferFix
537260A672D8D7C2,scr_player_lastStandSuicideTimer
53732040069516B8,fd_helicopter_show_blur_blade_index
537771591793B9B4,scr_dom_timelimit
538449C53AE3EDB1,scr_grind_megabankbonus
538E98B8C6E2EE2C,daily_challenge_popup_upsell_enabled
53904C189EC15A90,cg_hudLighting_blood_diffuseScale
53981C03F5E2201C,db_keyServer1
53981E03F5E22482,db_keyServer3
53981F03F5E226B5,db_keyServer2
53A057E249E4026F,scr_br_allowsupers
53B25EED387B90AA,cg_thirdPersonCarCycleButtons
53B44F1E5C98DD51,cg_javelinKillCamDownDist
53B5BF776C725255,NVG_DisableAreaLight
53C0EE9A0D544930,mount_top_min_height
53CCEFF92CB99818,sv_cmdExtrapAngles
53D2801F31C05C0D,purgeDCache
53F9926EAB402853,partymigrate_pingtest_retry
540DF250D4AA43AB,ui_smallFont
5412FBE4BF899C37,scr_infect_weaponinitialprimary
542F692011A98035,scr_cyber_planttime
5430973AC41E53C4,online_should_check_platforms_can_play_gametype_for_party_join
5431D235CED2366F,bg_kickScalesReturn
544BAA6A0AE8EF6B,useparentlink
54509AE859102095,scr_grnd_roundswitch
5465BB1EDDD34B21,r_eyeSensorDelay
546F41645D24E5A8,waypointOffscreenPadTop
547D2125498AD975,scr_brm_allowkillstreaks
54B6A7812CCC8B3D,r_st_clutterTintSampleLevel
54BB096FCF34D9BF,cl_out_of_focus_framerate_limit
54C424E5BA9D7D74,handheldCameraImpulseDamageTransAmplitudeScale
54EF533D939AA656,heli_barrelMaxVelocity
54F0E57F48A40EBF,sv_cmdMaxBufferTime
54F8517C4704D11D,lui_game_setup_enabled
54F8BDE9191BBEB3,cg_crosshairAlpha
550752B465E41B15,player_spaceEnabled
550941572FE869E1,lui_battlepass_op_ch_rewards_enabled
5509DCD44EAA98B9,dw_presence_put_delay
55358EA8E4D259CE,voice_loopback
5536C7E10099B991,r_reactiveMotionActorRadius
553ABB32E209373C,aim_slowdown_wallrunjump_scale
55408059AAFB0E3E,cg_mapLocationSelectionCursorSpeedMouse
5557B7B855639DE4,compassEnableClippedScale
55590A653BBCB06B,lui_mc_playerFirstGame
555B3A407CDD47C1,xblive_privatematch_solo
557CAB9E43791D7F,online_zombie_party_weapon_xpscale
558B4702D02F7CAC,profileMenuOption_effectsVolume
5595B272CBF0547C,cursorHintControlLockSnapVelocity
55B527EF32E90742,bg_shock_lookControl_maxyawspeed
55B6D4A74F46A604,perk_quickswap_primary_item_swap_enabled
55BFC2D89BBEC3D3,killswitch_melee_shield_sfx_fix_enabled
55D158A57AACE3B0,ui_ability_end_milliseconds
55D7D51B3577E8D9,vehCam_pitchTurnRate3P
55E70B64D1FF6C5F,r_tgCompileMergedBarriers
55F1809D34F7B4D6,scr_infect_tacticalsurvivor
55F519A8B3A7FDAA,online_matchmaking_cross_play
55FD0AB055E61467,r_reactiveMotionVelocityTailScale
55FD8013B855C9DC,lui_mc_rejoinedCurrentMissionTeam
56112FD04BCA9A1B,NVG_ON_Instant_BloomBlendInDurationMS
56335C6DE887913B,stream_distanceCulledImagesDeprioBiasRampFrames
5635AFFB9EECDB96,objectiveFadeTooFar
563E531A79DD00D2,handheldCameraImpulseImpactRotAmplitudeScale
56435427311BAB8F,cg_crosshairEnemyColorEnabled
5645AED24918647E,crm_enabled
564664F255C59A90,playerCharacterCollisionMantleVehicleWallFix
566A96FF547675D5,glass_fringe_maxcoverage
5684AFA71B75F6C7,player_slope_sprint_downBobAmplitudeScale
568F044900C6210B,r_sunglare_max_lighten
56BE23681D9F83A6,r_sceneSurfsLodBiasStep
56DA9CCABC146AA1,slide_angle
56DC778D4C50C901,scr_sd_resetProgress
56E0C9E15809767A,cg_fov
56EB3EF02368D953,lui_enable_upsell_aar_menu
56ECA0455E8606B4,waypointDebugDraw
57184376F8E07806,sm_dynlightAllSModels
571B2941F3ABD48E,active_chat_type
572BD9C670D9851B,online_license
574FEE4782A1DBCE,profileMenuOption_controllerSpeakerEnabled
5750668B12FFAA37,scr_game_practiceRound
575B077017E30AF1,scr_trial_winlimit
575F1B9E643158E3,r_st_lodDistanceScale
575F80B3A19CB211,online_platform_sessions_manager_create_game_lobby_only_if_match_ready_enabled
576BC88298DFB647,r_depthScanEffectEnable
579351E851A0921F,sm_spotDynamics
579F4929FAB8A387,scr_game_spectatetype
57B150F353FD95C5,r_tgCompileExtendResourceLifetimes
57D7DB77580B7867,mantle_enable
57DBBA7FBE1C9018,scr_br_waverespawndelay
57E3C5280F4151F9,r_heapFreeHeapsJob
57F7D5771719DC21,ai_busyEventDistGlassDestroyed
580980004274B38B,mlg_gamebattles_enable_xp
5815F26C1FFDCF7C,bg_missileJavClimbCeilingDirect
581AB6C189FF4176,scr_snatch_brloadouts
581ECA570A8DB6C9,dwlogin_create_anonymous_account
5820997E1781986F,scr_grnd_allowkillstreaks
58278F3912469187,telemetry_matchStart
58467A98B3243ACC,text_chat_enabled
5848907FF811BA35,r_elevatedPriority
5856A3613EC58D6E,con_gameMsgWindow0Filter
5861BD3EC098C2B7,scr_ctf_promode
5866B15459C7DDC2,scr_dm_squadsize
589DFE395E153269,NVG_ScriptBlindWeighted_BlendInDelay
589F0639585F24BE,r_texFilter
589FBA52B15A1C20,pt_migrationQuitsBad
58D5B13D3F79C288,scr_tjugg_ppkonjugg
58D72B69706D55D8,com_lan_lobby_enabled
58DF9C58F4962FB9,r_umbraShadowCasters
591AE7744C74EA67,scr_arm_scorelimit
591EF9D09921C024,scr_snatch_numlives
59267B7C2DEFC390,scr_explbulletmod
5927169CA142D9AB,scr_arena_teamcount
593492D13768234B,scr_dd_bombtimer
593A74693E924860,scr_arena_winlimit
5946BC57D9103881,compassBRCircleTimeToMinPulse
59552AF0BCFCA3D3,cl_maxpackets
5979B12464756569,dedicated_dhclient
597AD1B377FD0D00,cl_showServerCommands
5998BA8DD580BDC7,ai_eventDistFootstep
59A411F190062DD5,veh_boneTargetTrackLocalScale
59A7642F222BE423,mount_tuning_shapecast_cylinder_additional_height
59AB9EA1B4ED8518,scr_infect_squadsize
59B25395D60B2C90,NVG_ScriptBlind_BlendOut
59B5EC2D1F7E4841,active_mission_state
59CA4A67DF17336D,stream_smoothingFactorNotMoving
59FEDE2FF3CED9CE,r_sunsprite_shader
5A1ACCD598C6531E,gamerprofile_updateAimAssistwithFOV_optionsAvailable
5A1FE3445E0A8458,cl_transientWorldLoadZLOD0AdjustStartZ
5A2826E03EC7C025,fd_helicopter_audio_tail_low_rpm_volume_max
5A4B30E03EEE1DDB,fd_helicopter_audio_tail_low_rpm_volume_min
5A591DE1557912D1,r_fog
5A65F57FEBFD3F32,scriptable_runtime_instance_base
5A68BCBF7E23F2F0,r_outdoorFeather
5A79D3570D33D2F0,missileRemoteSteerYawRate
5A850DC53E482D33,online_store_config_warzone
5ABF29223CC8B1B5,cg_viewVehicleInfluence
5AE854BEFAEB2F33,scr_siege_sharedrushtimer
5AEF18141012C90B,sv_archive_smooth_transform_origin
5B03234F2AA73377,gamerprofile_snd_voicefutz
5B3189DA3A9C3538,player_MGUseFOV
5B386F8CA0D0B70C,text_chat_gamepad_enabled
5B3AF3A92272CA60,r_resourceReleaseQuota
5B4945255C6B6305,scr_infect_lethalsurvivor
5B6108AF6E52404F,killswitch_missing_collision_predicted_pose_enabled
5B675136CC3E593D,r_lgvMaxProbes
5B6BA030F01D50DA,r_umbraShadowAccurateOcclusionThreshold
5B6C2D04FB01F441,scr_dm_playerrespawndelay
5B959644A1D42B05,cg_fixedDeathCamInterpTimeMs
5BB47079B082B6EE,scr_cruise_impact_type
5BBA0807A369C8D6,pt_memberTimeout
5BBDC7AD884B49DB,scr_arm_flagcapturetime
5BD67D8DC6FBA927,ui_enable_dynamic_attachment_icons
5BDBAE1BF63A1CC8,g_spectateOrderFixActive
5C1622CC8DD2152A,db_discErrorVerbose
5C192F966082F46C,fd_helicopter_audio_tail_operating_rpm_pitch_max
5C1BA2123ED16E6A,bg_softLandingMinHeight
5C1CA79070C58DDD,online_challenge_ae_client_flush_time
5C242C06C8CB65FF,scr_ctf_teamcount
5C342328318DB44D,scr_war_dogtags
5C3A684F258E7906,slide_subsequentSlideScale
5C3ACCAACD57EAE8,r_sceneSurfsLODThreshold
5C3C3D9660A95AEE,fd_helicopter_audio_tail_operating_rpm_pitch_min
5C3FA5DCE8EF2B18,scr_tjugg_winlimit
5C526617CE72046D,ladderEnableEnhanced
5C5340D264AA0C4E,scr_cyber_pickuptime
5C5A5E95F4252927,bg_pathFollowerPauseAfterBlocked
5C5B017E68BDB4AE,killswitch_impact_vfx_corpse_fixup_enabled
5C6C2C6042DA744A,vehHelicopterTiltFromDeceleration
5C740829E7329D3C,cg_enableAdsAlignOffset
5C7EE582D1F6962B,lui_wz_tutorial_loot_display_id
5C8676DB60910A8B,handheldCameraImpulseFootstepModifierSprint
5C8BDF13C83FEFC6,r_smaaGradientAdjust
5C8BE1CD9592CBD8,blocklist_retry_threshold
5C9F432D5861F14B,cg_fx_slide_enable
5CB67917D45F57A9,ragdoll_poseController_enable
5CB85B9F5CF5BDC1,r_intelGPU
5CBEF8E20BA0BE37,skydive_weapon_raise_height
5CC2FB82D8DA51D1,bg_vindiaCamHorizOffsetPP
5CC30582D8DA67CF,bg_vindiaCamHorizOffsetPN
5CD0EA2D2239893F,player_MGUseRadius
5CD6D32694F09C77,scr_game_roundRetainStreakProg
5D07ED1C75CEB93A,fd_helicopter_swash_driver
5D0CB82D20766408,cl_keybinding_experiment_enabled
5D193FC211979254,fx_marks_limit_stacking_freeold
5D1F230F5F9009FF,cl_voice_squad_only_in_lobby
5D203FE572111B21,r_materialLod0SizeThresholdOverride
5D22C90E3D838541,gpad_menu_scroll_delay_first
5D7D2E7ECC41EC1F,r_clearColor2
5D86053ADBEB22C1,lui_cod_points_enabled
5D8A45B02BADE1E8,online_mp_missionteam_xpscale
5D96D102BCE17C1C,gamebattle_schedule_refresh_interval
5D9A13507A2A6DAB,bg_vehKillcamTraceShort
5DA3D7FE5C28890C,online_archive_streamer_force
5DAB789185AFC8BA,r_drawPassTrans
5DAE7E17660ED7F9,vehicleMoverBlockCharacterPickup
5DB84BCC850EC308,execution_distance
5DD4608C14FA4905,lui_refreshRate_Telemetry_GPUTemperature
5DE4358D41A6AF70,scr_war_pointsperkill
5DE982AAC7613DE7,cl_transientWorldSwitchDelayLOD1Max
5E0C90AAC787A469,cl_transientWorldSwitchDelayLOD1Min
5E0E703357416838,compassMLGPlayerNumberFontHeight
5E114ABA66876298,con_typewriterPrintSpeed
5E1409F2ED063826,vehHelicopterMaxAccelVertical
5E26903C161540B5,fd_camera_cockpit_chase_verticalOffset
5E41D305E722B922,r_hudOutlineColorInScope
5E46C36C71E71BBC,ai_enabled
5E4D5834F7367869,cg_hudLighting_blood_ambientLumOffset
5E622D3013CC3BB0,pmove_moveWalkableOnly
5E6C97A438CE7741,r_tessellationFactor
5E73BAA4E91CB9F2,bg_softLandingMaxDamage
5E7DE866E03682B6,scr_br_infilConvoy
5E930B141C61E776,killswitch_execution_prop_streaming_enabled
5E9573546E572FA3,compassVehicleHideEnemyDistance
5E9B62608EDD8314,superSprintSpeedScale
5EA41E86CB3866B6,perk_blastshieldscale
5EAC7CBB75C5DF22,scr_hvt_pointsperdeath
5EBB8E4C9F7AD441,scr_grnd_teamcount
5EBFC5EDA2C52C3A,player_slope_sprint_downBobFrequencyScale
5ECFFDA3F25F1008,xblive_loggedin
5ED65A4A0A0F62D1,scr_tdef_idleresettime
5EF9B2145F8F065D,LUI_WorkerCmdGC
5F040CEE28E75B6B,cg_drawWVisDebug
5F13F593E7073E5F,r_evictPrimaryLightStaleCache
5F1947D8595FA861,mantle_ladder_timescale_min
5F2F83121338DCD0,pc_build_version_check_enabled_in_dev_environment
5F32ED4DC1C14A6D,handheldCameraImpulseLandingRotAmplitudeScale
5F36111E846A6C05,fovLerpPreset6_scalesWithUserFov
5F3D39D85988044F,mantle_ladder_timescale_max
5F401A5163B8C0ED,r_colorimetrySdrUI
5F486C4F8044538A,vehCam_yawClamp3P
5F5882480850652C,daily_challenge_hardened_xp
5F64D063FA0BF786,scr_war_roundswitch
5F7E8C259BFFCF12,cg_chatHeight
5F82034F2A516BE3,bg_trial_mission_id
5F8706EA6776271D,scr_player_suicidespawndelay
5F8C1D9797B37381,scr_hvt_codcasterenabled
5F99A86A0AC497D2,battlenet_presence_send_rate_ms
5FABBF5308A8B0CC,ui_override_halftime
5FB218E4E14D5E62,online_store_operator
5FE654231F96ED5C,stream_readAheadMaxDistanceRange
5FEDC351C04BB529,scr_hq_playerrespawndelay
5FF0C08FA61DE962,NVG_OFF_Instant_BloomEnable
5FFC97A90D4B2AF3,shieldImpactBulletShakeScale
600DD1CF6E08D0C9,hud_drawHUD
601060D64E737803,cl_transientWorldHintPredictedStreamPositions
601997387EBEB4EB,scr_brm_teamcount
601A81DD0704D18B,bg_wheelsonKickBackForce
603CA65E4B37194E,online_matchmaking_host_doc_keep_alive_s
60402FB69A95181A,ai_glanceStairsLookDist
605CFFAD6813944E,mount_tuning_query_distance
606767D938D99DAE,player_itemUseRadius
606CDE907B8A8A36,cl_adjust_time_fixed_ideal_time
607AB245832677B6,r_sunflare_min_angle
607BC1BD2FF32E9D,r_defaultBigMapFrontendWaitWorkerCmdsOnlyOfType
607ED76621CED1AE,lui_pc_build_version_check_should_show_popup
607F8039C00E4030,scr_arm_pointsperkill
60A1A1F5467ABC34,scr_dm_roundlimit
60B2FF72987CABC6,scr_trial_pointsperkill
60B437AA335457E5,heartbeatSensorEMPRange
60BD0FEEE0E76A1D,bg_vehDmgToPlayersCurve
60BE47C8A7F465C0,player_stairs_sprint_downBobAmplitudeScale
60C1FAD4F3AE6D7E,lui_weapons_tab_enabled
60C46D8BEFB32F70,stream_cameraCutDetectionDeltaPosThreshold
60E94616E8C18378,voice_proximity_team
60EAB8BE42222A57,cl_pregame
60FD9D0B3DBFCF7D,r_sunglare_min_angle
61004B6CE0F20026,playerCharacterCollisionVehicleAngleWallFix
6104E2785A265D82,bg_viewIdleMoveZeroGrav
61088476EC13AD81,cl_transientWorldSwitchDelayLOD0MaxDistance
6127B545AC08BE58,fd_helicopter_audio_turbine_low_rpm_pitch_max
614AAB45AC2EF012,fd_helicopter_audio_turbine_low_rpm_pitch_min
614CAF7D754E56D6,NVG_ScriptBlindWeighted_BlendOutDelay
617486C803F8EE5A,online_challenge_quest_auto_activate
6189B717B6DCA9BD,server_max_bandwidth_profiles_per_frame
61980EB70B39CA0C,r_vrsDX12ShadingRateTypeTransparentDrawLists
619C9E4D6E81D2A4,scr_cyber_radarpingtime
61A63611613627C7,cg_drawpaused
61BAAF68D1E1C9E0,scr_gun_allowperks
61DA8F68D97949DE,mantle_check_height_side_back
61E26AB86A8A31DD,NVG_OFF_ExposureEndOffsetMS
61E8238542DDD7E2,battlenet_presence_away_update_rate_ms
61F5A6794E8E9971,cl_transientWorldSwitchDelayZoomLOD1MaxDistance
6200E1AD16033780,cl_transientWorldMemoryMinMB
620AAC8D3F54698A,dvarwritechangestolog
6223FBB0559F14D4,fd_helicopter_altitude_limiter_range
622881A77B547B45,r_gpuCopyPerFrameCommandsBudget
622AC915D71323D8,vehCam_yawTurnRate3P
6238CBAFF3CB416C,online_invite_search_duration_timeout_ms
6261E2B4BD2220A5,r_gpuCullTriOcclusion
6262121E3FDC8FA0,cl_transientWorldSwitchDelayLOD1MaxDistance
62623C6CE5427052,movementAnimProto
62756CE81C63387F,scr_ctf_idleresettime
627B9FF26F3164E7,stream_superTerrainHeightScaling
628C0CB305C8A901,scr_sd_waverespawndelay
62917419A3ABE7FC,perk_fastSnipeScale
6293B4BAAAE7FFC4,gamebattle_schedule_max_refresh_attempts
62B06BA4074E978C,con_gameMsgWindow2Filter
62B2553B95497026,scr_infect_supersurvivor
62B42EE8658820E0,r_scope_relief_sway_framedelta
62D23D05739FE772,r_tgPermutationIndex
62DCC8EAAA99B2AB,pt_reservedAnonymousSlotTime
62F8B44C794F35E5,compassObjectiveIconWidthHeadIcon
630A514BB8A3DB30,deathCameraFailsafe
630EFD0AEA6654D7,r_reactiveMotionPlayerPushFrequency
63133ACBB8C644FA,smoothCameraEnabled
631DB9DB52329AEA,ui_tactical
6325D0D09E7E5310,online_mp_clientmatchdata_enabled
632F5AA9DE6EC96D,r_vrsDX12ShadingRatePostProcessingEnabled
635A8E0B2DB1CC80,ui_hitloc_damage_3
635A8F0B2DB1CEB3,ui_hitloc_damage_2
635A900B2DB1D0E6,ui_hitloc_damage_1
635A910B2DB1D319,ui_hitloc_damage_0
635A940B2DB1D9B2,ui_hitloc_damage_5
635A950B2DB1DBE5,ui_hitloc_damage_4
6361C98415BC6718,lui_objective_stopSnapDistance
6366935559746722,command_extrapolation_enabled
6369C469D6C52A5D,g_knockback
639222AC3FF10080,scr_hq_zoneselectiondelay
639C1C4A8C5656B3,cl_preload_sp_yield_timeout
63A4BE37534C46CF,r_tonemapScopeFocus
63DA392DF9B6712D,jitter_mod_rechamber_protection_enabled
63E069C1D03D1E49,cl_transientWorldFallingHintEnabled
63F4E45B20137491,cg_thirdPersonCarBlurStrength
63F53076BA158BDC,r_transShadowEnable
63F69D9CF315C442,transients_verbose
63F83386F0E3609F,partychat_assign_timeout_ms
63FE5EF97091A357,playerButtCollisionBlendTimeSec
6407DB01B8877DE1,pt_pregameStartTimerLength
640C1A384D06D9F5,NVG_OFF_BloomBlendInDurationMS
6415346C08778CC9,partytweak_kickoldhostsplitscreenclient
6420F0BE0E7CE3DC,online_store_config
6423DC550860DFDE,r_tessellationHeightAuto
6452ED5E4D8FD964,player_slope_upSpeedScale
6470AE8AD7E01E94,bg_attachHeadAsLastModel
6481CC950671B680,scr_dom_roundswitch
64A25CE162C6A3D2,scrAgent_ragdollImpulseZ
64ACD6BC3C4D894D,perk_lightWeightViewBobScale
64ACE6B2E7F4CB92,scr_tdef_winlimit
64B34F80E7FB8D1B,cg_hudLighting_basic_diffuseOffset
64B5BA414A36852D,g_speed
64BCAE5B22B30178,heartbeatSensorEMPSweepDuration
64DA42F8A73C1EB9,scr_tdef_playerrespawndelay
64EF420A4722CD01,timescale
64F10029C272623E,cg_weapOverrideDefaultModelMat
64FC68C974A4BFAB,r_remoteScreenUpdateSleep
64FF4FD953653346,lui_objective_fadeEnd
6505491D8523E1EA,cl_transient_mp_streamer_interrupt_enabled
6509F372440175F2,ai_threatSightDisplaySpikePoint
650D970F9B10BEA5,scr_war_crankedBombTimer
650F04015589522B,killswitch_prevent_mantle_while_linked_enabled
651BCF640A506C0E,stream_primerRequestStreamerToYield
651F78CA8E363F0B,bg_showWeaponAndAttachment
65251C9690E960B1,sv_killcam_exit_delta_from_last_game_snap
652BCB24EA56F264,killswitch_rechamber_fix_enabled
652D22333EC8FAE6,gamerprofile_hudBoundsHorizontal
655495B34DE1BDAD,online_party_reduce_print_spam
655C19A75344D4E5,stream_distanceCulledImagesDeprioBeginBR
65628AEF45AA9402,oer_fatal_errorbits
6565097C9ED347BB,player_itemUseFOV
656A8993B0658BA6,intro
656D03D1B0C69EED,cl_motdString
657C0AF7C9F2EDF9,blocklist_xuid_batch_time
65889B22CA734076,lui_magma_enabled
65A449C13305090F,perk_footstepVolumeAlly
65A8BD9E4960AE1B,r_whiteBalanceIlluminant
65B93F6399370594,r_hudOUtlineHaloLumScale
65BD9A28A50BB15C,telemetry_sessionStart
65C1334E4EF7C4D5,sm_spotShadowScore0Min
65D660663EA34517,scr_siege_promode
65E93D4F31F75413,cg_errordecay
65F1BA1E40B76388,r_sun_fx_position
660663B8C46AA71B,stream_yieldDuringTransientFastfileRead
6613A6C0C9D4BEF9,online_analytics_streamer_upload_failure_backoff_count_max
661658374FB6482A,win_printMessages
662B3AB51FFDED99,playerCharacterCollisionVehicleHeadWallFix
662BE1AA5E4BADE4,r_zfar
662BEAF4402AE59E,fx_lighting_params
662DC1D2780AEF1A,handheldCameraImpulseSlideTransPersistenceScale
6636151105DEBD2F,sm_fastSunShadow
665360981D1E5D17,voice_proximity_radius
6661C3CEA709C764,cg_skydive_super_dive_fov_delta
666741AE22375081,scr_super_expendable
668A6BC46B0740C5,scr_snatch_teamcount
66A2D0AF33418B89,scr_dom_objscalar
66A409D6A93D9DF2,sm_roundRobinPrioritySpotShadows
66B4641563AC0529,online_check_online_data_fence_before_showing_signin_error
66BB9AA105463465,scr_frontend_roundlimit
66C1E4A3C8A58B37,r_adapter_device_id
66C7C2F23497E17E,lui_operators_tab_enabled
66D0FA902F18CEF2,lui_enable_upsell_operator_select
66D61D90ED3D6119,bg_fallDamageMaxHeight
66FCA6702EA24DDF,online_matchdata_enabled
67002091F348E34D,loot_table_name
6710626BEF3B9312,r_hudOutlineOccludedInteriorColor
6719A9E1E4F93785,compassCUAVRadius
67336B54F2D7D5DE,handheldCameraImpulseDamageEnabled
6738E5BBCCB87C10,enable_combat_record
6740E11989E6CC5F,execution_blend_duration
67519681F349A279,r_identifyOldMaterial
676EF6DC5F70F0F5,con_typewriterDecayStartTime
6771DDECBF6CC4A7,r_temporalSamplingEnable
677625F979EC3394,objectiveFadeTimeWaitOn
6778FDDFB14196BF,ai_accuracy_attackerCountMax
6792E14650A31FD7,fixedtime
6798E5DB4AE739AA,dcache_checksumConfig
67BDE4535DFCBCEC,compassObjectiveMaxRange
67C311495046D0BB,cg_gun_motion_enable_fov_compensation
67CBCD48472FAE74,scr_plunderHeliCountdown
67D23ED8DC16FD8B,scr_koth_firstzoneactivationdelay
67DB60C98053F1AB,ai_retreatMaxOvernumberAmount
67E151F8682BBBD6,r_vignetteVisionSetLerpDuration
68050018798139D1,particle_physics_allowedPenetrationDepth
680DFB6E869551BF,compassBRCirclePulseEaseType
681C365132D26759,online_storage_task_interval
682A35E510172AE4,aim_wallrunjump_duration
683BB0DCD044474C,sentry_placement_trace_pitch
6869D1DADD35740E,auto_sprint_enabled
686E3D9E99311F14,r_maxEmblemPaints
68859ADF2737AFDB,cl_transientWorldLoadXYLOD1BoostInAirBRMethodEnabled
68966D9C5DF54E44,con_gameMsgWindow3FadeOutTime
6896F40FBB5D0504,mlg_gamebattles_sony_tournament_apis
68BC176C1B55264A,r_whiteBalanceColorTempK
68E261C7FC94AD0D,r_st_sm_lod
68E5F4A934F3B9FF,scr_brm_gulag
68EC4B49784F6E69,stream_readFavorSeekOrder
690AA50F5BD8E9A7,online_qos_backoff_stop_at_max_attempts
691615F5D8A1FC78,perk_explosiveArmorMultiplier
692B0D605AFE3348,ai_busyEventDistDeath
69413C1811B70911,scr_hvt_squadsize
6953C7226815560C,r_volumetricDepth
6970605A5DFA800E,scr_sd_practiceRound
6995173FC3C98314,bg_bradleyReverseTorqueFactor
69AD59D4FD0C46A8,glass_simple_duration
69BE9EDB5093B8EB,online_party_validate_service_level_with_matchmaker
69E3BDABEBA3600E,checkReleaseDLC
69FAB6B7E399647A,accessToSubscriberContent
6A1B3220604EC44C,cg_bloodLimitMsec
6A1CED411E7B3F4F,pmove_snap_world_up
6A2059ECE6AAFAFD,scr_grind_bankDisableTime
6A38EF657D6E5E28,bg_bradleyViewRelative
6A5A5D8C46E7F628,spaceJumpGrappleTimerCancel
6A790C20D21BA29F,sv_mp_peer_remote_client_snapshot_msec_default
6A9C0CA8447A8EEB,compassTacMapZoomSpeedFactor
6AA7B9C464445EDE,command_extrapolation_spectate
6ABDDFBDFF7839EE,melee_stagger_aftershock_duration
6AD7BEDA90E3B031,r_reflectionProbeUsePrebin
6AEB497F8BD6349D,sm_lightScore_spotProjectFrac
6AFE86B622DF0EA9,lui_gc_allocated_time
6B00CA89FB4A25B5,cg_netStatsExtrapolationHigh
6B05020883BBB7E4,com_cinematicEndInWhite
6B24718DEBBB3135,laserAdsFraction
6B27B487AE83693E,ladderMagnetismEnhancedSpeed
6B28D47326EBB5E2,loading_sre_fatal
6B2C03C7D2C59B9A,lui_ingame_AAR_scoreboard_enabled
6B364613A28FCD2B,cg_mlg_gamebattles_XB3_enabled
6B5248EBBB597A2B,objectiveFadeTooClose
6B554280BE9FBBEF,player_stairs_upSpeedScale
6B638E5787893069,ai_glanceLongDuration
6B6CE354A47A3D20,online_store_featured
6B6DEE36E3D6E96D,cg_hudLighting_blood_diffuseOffset
6B87504FF491B356,perk_target_marked_longer_rate
6B88206A8EB040E5,missileRemoteSpeedDown
6B979504ED364EB4,scr_snatch_radarendgame
6BA9B07D2F5ED8B7,handheldCameraImpulseFootstepEnabled
6BC4C83C107B4F4D,r_tgCompileDumpInfo
6BC834DF4BF43970,fall_damage_fix_min_surface_dot
6BCFF6C2903C90E1,bg_swingSpeed
6BDF9C5FDF3F5A78,dedi_relay_max_backoff_delay
6BE1CA2F996E74E2,cg_fpsCounter
6BEFE2B8B619E8EA,mantle_fixMantleIntoCollision
6BF482691C0C3A4C,mount_top_enter_pitch_delta
6C01AAECDFEF36AE,fd_helicopter_blade_impact_effect
6C08BE203CBC9A1D,calloutmarkerping_maxdangerpings
6C1D850B97AAD713,sv_snap_priority
6C2187B9B1D2FF3B,r_volumetricsUseCUMask
6C2393C9925503B0,handheldCameraImpulseSlideTransAmplitudeScale
6C24FA5F647379BA,r_dof_enable
6C282480E4401919,scr_hq_roundswitch
6C29A3158A7C6F88,online_matchmaking_use_lobby_affinity
6C2DFB917EDE0DD7,scr_infect_weaponsurvivorsecondary
6C311816265A2142,com_codcasterHighClientSupport
6C3AC26F2E3A95D4,r_adaptiveSubdiv
6C3B030B995A9C0A,NVG_OFF_BloomStartOffsetMS
6C4082C2735A072E,compassExpandedMaxRange
6C427E37113DE179,player_ladderBobCycleDuration
6C4921A3177C4F06,scr_br_teamsize
6C4AB88AA3C4BC1E,useRelativeTeamColors
6C59B9A31C430DE1,gpad_button_lstick_deflect_max
6C655608C163198C,cg_requireCollisionForPrediction
6C75AEB7F2902E58,cg_hudLighting_blood_additiveLumScale
6C78ED07E6D63B45,pt_backoutOnClientPresence
6C8F5946A1247E70,camera_thirdPerson
6CD0100045DA7EAA,mantle_over_56_spline_start_to_ledge_point_bias
6CDAB3F432634034,superSprintEnable
6CFCDFD9F60F90A6,telemetry_active
6D0DCDBA5F28F0D8,cg_revPriority_distanceMax
6D16F02578D0EE10,ui_mapname
6D19A21D8D406E3D,scr_tdef_spawndelay
6D1C277C7ADA11B3,daily_challenge_upsell_enabled
6D57FCD65FE38F29,cg_hudLighting_basic_specScale
6D5E566BB61405D3,r_smp_workercmds_on_server
6D65E72F528A531E,cg_skydive_rmb_radius_max
6D6978F4BDB37F7F,compassTickertapeStretch
6D6D904E1C5BEFEB,online_matchmaking_only_join_existing_lobbies
6D81C57370186DD3,r_umbraDistance
6D87A1249A2BCE2E,scr_infect_codcasterenabled
6D88D92F52B07C0C,cg_skydive_rmb_radius_min
6D985E7C549C7A7A,scr_arm_pointsperkskill
6DA06B5DFA21E60B,scr_grnd_delayplayer
6DB2935C8DEEE322,moving_platform_improved_aim_new
6DC10E5CCEE9F0C7,fd_helicopter_start_autotakeoff
6DC810FB6DE373AD,mount_side_clamp_pitch_soft
6DD4E2F77A2A7BE8,scrAgent_ragdollMaxImpulse
6DD71EA0A4812CEB,giving_mission_reward
6DDCFA3DF63E35D4,dw_presence_put_rate
6E011EA3B4F40B41,fd_helicopter_audio_turbine_operating_rpm_pitch_max
6E0A38AFC12BF0C1,compassBRCircleMinPulseDuration
6E1066FDFEAFAF28,crm_fetch_min_delay
6E12F333ADF788D5,handheldCameraImpulseSlideAttackMs
6E2430A3B51A7A8F,fd_helicopter_audio_turbine_operating_rpm_pitch_min
6E2E0E6DBB2FC1D7,cl_transient_mp_yield_timeout_at_min_velocity
6E401D420F786DB6,player_swimVerticalFriction
6E5DA66FB1258276,partyChatDisallowed
6E629299286D3BA8,scr_arena_squadsize
6E68418BC7A9E5E1,agent_jumpWallSpeed
6E6BA91D77A465FE,pt_migrationThreshold
6E6F3DB166CBD983,pt_migrationPingWeight
6E7FBFD274A954AE,scr_player_respawndelay
6E80A3A1C4B87E77,scr_conf_codcasterenabled
6E8341E759463904,ui_player_purple_eggs
6EA7C82300CD80BC,bg_shock_screenFlashShotFadeTime
6EC5A0A27680FEBD,scr_arm_flagNeutralization
6ECEE1E720D2308C,physics_enableCharacterSoftBody
6EE75FC411B162F3,cg_prematch_playerVisbilityRequiresCharacterModels
6EF86391430E9F85,ccs_purgeCacheRequestId
6F0437DA5FBC46BC,online_reconcile_lui_notifications_enabled
6F11CF2220650E0E,stream_distanceImageNeeded
6F123A9E9D8FDD85,r_lightMap
6F3AD3E7792022A7,ai_retreatCoverBaseVal
6F3FC3ED9B94B29C,sys_gpu
6F43A635BA6CEDFE,handheldCameraImpulseLandingTransAmplitudeScale
6F8F3A68AA52FA2A,sm_sunEnable
6F9340CE8D832220,playerButtCollisionClientBroadphaseExtraRadius
6F9AF7B3DEF719C9,lui_battlepass_tier_sale_end_time
6F9EEC1D4AF392E2,killswitch_dxr_ultra_enabled
6FA330D8C5A6211A,aim_slowdown_region_height
6FA61AAA20005E9E,dlog_sampling_seed
6FA897490FE331A5,cg_mlg_gamebattles_PSN_enabled
6FA8E3C682D5831A,r_adaptiveSubdivBaseFactor
6FAF037EE9126A1B,accountreg_autocreate_timeout
6FB07C29CDDCCC90,win_mouseUsesRawInput
6FCF212E44EB6146,player_throwbackOuterRadius
6FDDF16EDBFB4279,player_throwbackInnerRadius
6FFCAC04370655E7,online_mp_party_xpscale
7067538884231F5E,cg_customizationStreaming_highPriorityCorpses
707004C5A98A03FB,fx_marks
7077B08D1D5E51E4,ladderMagnetismSpeed
70797F2A31754420,scr_fultonCountdown
707C716D7FE6AAB1,player_zeroGravAutoLevel
709484276ACE67C7,r_reactiveMotionClutter
709ED0D223228793,db_resetYieldCountDownAfterYielding
70A99E732987D98E,scr_tdef_scorelimit
70A9A6BA66F9DDAC,cameraShakeRemoteMissile_SpeedRange
70AD0E5D3B2A9BBD,sv_snapshot_delay_connecting
70C9C1E70BD2C6D2,playerCharacterCollisionShieldOffset
70FD0880310186F8,lui_parallax_view_sway_rate
7115DDFD6B6567F2,scr_cruise_impact_dist
7126D3C541B57C7E,r_VFXOmniLightFalloff
71424628DF0AF197,compassObjectivePlayerNumberTextXOffset
715A426C2A269BC6,cg_foliagebulletsnd_alias
716AB5049C6A627E,scr_brm_numlives
718327A45AAF6B49,r_videoMemoryScale
7189A10B5C7C35C4,lui_showCoreChallengesToBRPlayers
7196458842A81D02,calloutmarkerping_trace_solid_distance
719BA77BE50757DC,ui_ac130_25mm_ammo
71AE12E56DBBCD03,scr_tjugg_teamcount
71BCE0ECE575FBAF,scr_hq_suicidespawndelay
71CB9C7E81E275C9,lui_minimizedPromptPulsePeriod
71CBCC39D99D527B,sv_recordPingHistogram
71E485D239E3F48F,slide_enable_tweak_left_right
71F550DCC54D8D48,scr_hvt_playerrespawndelay
71FBCA8327B4613F,anim_aim_debug
72025568070E6077,vehCam_zOffsetMode
7219E7ED143A2A3F,lui_splitscreen_enabled
722735429B8FEFFB,scr_grnd_droptime
7234A3F7F78867D3,ai_debugPlayerLOS
72382F863CDE8D36,scr_infect_weaponinfectsecondary
7245CD22AC3DE60A,NVG_ScriptBlindWeighted_BlendInDuration
7267DA5AF2373544,r_gpuCullTriDepthMipBias
726E06CA9BAAE549,wallRun_minHeightOffGround
729F5AA6EB35C6DA,cg_cinematic_subtitles
72AC0652CAD3CEF4,cl_transientWorldLoadZLOD0AdjustMaxAddition
72C670443BE5903A,compassTacmapFilterObjectiveIfActive
72D1EAD5F369E909,com_userCmdEnableConstantTime
72DCD03D5C686847,should_check_for_intermission_to_pump_sony_realtime_multiplayer
72E27BC75E38EDCE,ui_reaper_ammocount
72E872E8757A922F,cg_displayPSOLoadDuration
72ECA53C7D4956E4,cg_javelinKillCamFov
72FB2E93B8DB529E,cg_hudLighting_basic_specExponent
7300A18D5831E53C,player_zeroGravForceDir
7306782A1D3AEB48,ai_eventDistProjImpact
730FD360878CA6F7,profileMenuOption_netRegionHide
731A53DE9BBBC1DE,scr_hq_scorelimit
731BA074EE419522,online_communication_telemetry_enabled
7323DC78BE9AA8A8,compassHideClippedFriendlies
732B981704D20031,player_slope_downBobFrequencyScale
73355CC119BBDE7F,perk_faster_field_upgrade_rate
73416C234618A9AF,cg_dualViewScopeFOV
7363BCA58F52659D,mount_enable_top
7367B0596C9551C8,online_should_block_invite_joins_if_searching_invite_join_disabled_playlists
7368CCA1E6EDC687,vehHelicopterSoftCollisions
7387CB9724B68856,scr_validate_assert
738D21012DEC56D0,scr_sd_allowsupers
73A31679C03D02ED,scr_cyber_teamcount
73A9875920E67A02,ai_eventDistFootstepWalk
73AB2CE004509715,bg_viewKickMin
73BB0B0849C2BD67,cpu_speed_lotsplayers
73BCFD0BB68534F8,con_typewriterDecayDuration
73BF73F613391DEB,scr_sd_allowkillstreaks
73CAA9EAEDD4B50D,perk_hack_equipment_success_time
73CF16E00478E16B,bg_viewKickMax
73E83B39632FC66C,cg_skydive_parachute_cut_cam_shake_fake_speed
73E880644C926046,fs_basepath
73EC48660E807912,vehHelicopterTiltFromFwdAndYaw
73F6EB73F426B20A,sys_lockThreads
740419D829C61D4B,online_should_kick_joiner_before_lobby_if_not_party_host
7429B3B3A1F8ED22,cg_crosshairSpectateHide
745C4F406DAF9E95,compassPlayerNumberObjectiveCircleRadius
747EAB9F9F63F9F2,execution_antilag_victim
7482AF3A686697B5,stream_distanceCulledImagesDeprioBias
748C5C569F740190,online_invite_hsm_should_activate_initial_client_if_not_active
7499770EC4ACBCE9,cg_rootMotionLerpTime
74BA049FF49EF25A,sv_rewindFilterUnsentPositions
74BFE54864C9E03E,friendlyCallsignFontSize
74C320CCA1F7F3D1,r_ssrFadeInStrength
74D5CEC863BB1B4E,scriptable_sv_weapon_pickup_check_enabled
74E27E8DF3D55867,cg_drawCrosshair
74E585A7224DE5AE,objectiveFadeTimeWaitOff
74E9E97364CAB638,scr_dd_waverespawndelay
74F34613EF7590EF,sm_sunDistantShadows
74FC7A68C71E3338,scr_hq_additivescoring
75119D05D3E1FEA2,cg_waterSheeting_radius
7534CD4EA5767C6E,dynEnt_spatialMaxOccluderEnts
7544A3D1F438C00B,sv_testValue
754C74F1F7AF98D1,cg_airstrikeKillCamFov
7557DC8F4ADE26E1,sp_disconnected_from_live_grace_period_ms
755C35C5F090CD8E,sys_watchdogThreadEnabled
7567D64EABBE9A7B,lui_force_online_menus
757315DDD429394C,cg_drawFriendlyHUDGrenades
75778421DC9B41FC,movementAnimProto_QuickTransOutSprint
7582855C0772DC6F,slide_cameraRotateTimeMS
75847DB1BEC63E94,r_depthScanColor
759990A36E96E979,daily_challenge_regular_xp
75E4F84388599EB6,CDL_playlist_enabled
75EEEE513FA18366,scr_game_magcount
7622A6240A82EFEC,force_offline_menus
762D359CC8A51F89,online_anticheat_should_com_error_if_mp_or_cp_banned
76306D000919CD6B,cg_skydive_parachute_cut_cam_shake_blend_out_speed
76434396C223316B,handheldCameraImpulseFootstepTransPersistenceScale
76445379F47EDDB2,hudBounds_adjusted_vertical
7644CC22C5E3B50F,r_sunglare_max_angle
765DF0B6BBA5F95B,scr_brm_playerrespawndelay
76847958D67972EF,g_mapname
7691E63833C665A5,stream_readSeekOrderMaxSizeKB_Mesh
76ABB9267B325E49,stream_primerMaxInFlight
76D04BE7AEBF61CD,missileRemoteSpeedTargetRange
76E5F6137735D134,scr_dm_numlives
76E9BFAFB51D23DF,cl_adjust_time_throttle_type
76EEAD05A632C150,com_fovUserScale
77053B75A32EA979,scr_siege_winbytwomaxrounds
7705649E29D09DB5,fd_helicopter_audio_tail_effort_rpm_volume_min
770C74964FF82D43,aim_lockon_strength_mult
7714AF39B1E12F2C,scr_brm_scorelimit
77284E9E29F6B50B,fd_helicopter_audio_tail_effort_rpm_volume_max
7735E03FDEFD1227,r_lightIntensityAutoScaleMin
7737FF6A5C4E591A,r_displayMappingSdrUseBlacklevel
7740FF080F35695E,r_adapter_subsystem_id
7753CBBA6A1FC373,r_dof_physical_adsMinFstop
7758CE3FDF233249,r_lightIntensityAutoScaleMax
7775B46829581870,slide_min_continue_velocity
777DC0A9861676FD,r_VFXOmniLightFalloffEnable
778432677CBF9EB3,antilagZeroG
77920852AF5CD4EA,cg_hudLighting_blood_diffuseLumScale
77990B442F9F487E,mlg_gamebattles_match
77AC1C209BC8CF98,com_maxStreamedModelsForLargePlayerCountEnabled
77B5D9FB04FFD164,con_gameMsgWindow0ScrollTime
77B827B256E2361D,cg_drawTurretCrosshair
77BCF522F9044D5D,scr_koth_scorelimit
77BCF963FCFCF26E,scr_sd_scorelimit
77BD8509F9ADA796,g_useDirectLookInnerDistance
77D48B16C892F6CE,scr_frontline_min_spawns
77E53EC576DFDFA2,enable_weekly_challenges_tab
77E7520D144D35ED,online_archive_streamer_percentage
78164D5DB56D19A0,scr_brm_winlimit
782478FA938E9B06,bg_viewBobMax
782A1BCF8DF6D95D,bg_wheelsonAngleCutOff
782ADF2F5D0E1044,player_useLegacyFootstepParsing
7841CDC0422EF99D,r_tonemapFocus
7848EE6AAAEF6823,NVG_ScriptBlind_BlendIn
786A53842BA99AA0,handheldCameraImpulseImpactRotPersistenceScale
787DFE14C5D81144,bg_shieldHitEncodeWidthWorld
78863072F6E978EB,perk_marksmanNameAngleScale
788A167226041C41,vehCam_pitchClamp3P
78A7B254E9EBC0AE,slide_friction_duration_ms
78C724756F9C1392,cl_voice_mute
78C7AB03B33421FC,stream_primerReleaseHeapDelayMS
78CC56ED4CE854F1,bg_atangoReverseAccelFactor
78EADC485488A1A7,scr_tjugg_timelimit
790A7F167EFC7CD3,r_tonemapLocalWeights
790D30D77A0B3167,tracer_firstPersonMaxWidth
7910996DFD3E65E8,loot_table_filter
7914D2AFB284221E,fx_visMinTraceDist
7929A001710DC835,ai_eventDistGrenadePing
7967D7D7139048E9,lui_parallax_linear_velocity_to_angle_rate
79789C50B95FBDCF,netstats_dummy_tracker_data
798117B0789DFCB7,hudElemPausedBrightness
798C7991B5A9A7EC,r_vsync
799FE141B3796FF7,scr_snatch_teamsize
79A74717C4043423,cg_drawFriendlyNamesAlways
79DE8D24EC838F07,player_stairs_footstep_sound_minratio
7A03A11930DEE5C3,cl_skipFNFVersionCheck
7A3AFD43AD9FE4B6,handheldCameraImpulseLandingModifierHigh
7A43AC58AD289AAC,online_blackbox_send_bootguid_in_connect
7A885923693A2E76,bg_shock_soundFadeInTime
7A88B73FE88621FA,online_matchmaking_min_slots_scale_percent
7AA4305207FCC0DF,killswitch_prevent_zero_bounds_extrapolation_enabled
7ABC93F6EB34F2C1,aim_thrustjump_duration
7AE7B5804B7A2834,half_psoworkers_during_cinematics
7AF1AC80A8A2E31A,scr_dd_promode
7B073B672838B749,ui_player_green_eggs
7B2F8FEEFD64AF5D,ladderCrouchSlideAccel
7B48C4DFDB08D2B8,slide_use_sprint_meter
7B5260B9CB7E9772,gamebattle_get_match_history_interval
7B5A9E8BFDC5601A,scr_cyber_dogtags
7B68A2E4E54507E4,gpad_menu_scroll_delay_rest_start
7B8936EDCCBA4422,con_gameMsgWindow0SplitscreenScale
7B8AA31B7201E9DA,gamerprofile_viewMouseHorzSensitivity
7BA3E6819DAC61C4,cg_killcamEntityLookAtOffset
7BA78B2FD60ADFD8,player_vehicleSeatViewHeightLerpFixEnabled
7BB7662906168823,con_bindableGrave
7BBDBA9209015500,scr_rugby_scorelimit
7BC25307A42AE742,scr_ctf_returntime
7BDD9ADEE11E575C,scr_ctf_winlimit
7C0B416FB132CCAD,player_zeroGravWorldUpRate
7C1D9197499E1BF4,r_lightGridDebugPosLocked
7C2FEB3362FFCE0A,g_speculativeWeaponLoadDistance
7C374B74EC58E828,online_patching_fetch_prerelease
7C3DCC5E92CF7979,player_sprintUnlimited
7C4594809F16AEF3,frontEndPrioritizeLevelLoadImages
7C4B4406D21A955E,compassEditSettingsEnabled
7C51CA848209733D,cg_ladderCameraAnimWeight
7C55A22902B88594,NVG_OFF_Instant_BloomBlendOutDurationMS
7C82194A2639243B,player_view_pitch_down
7C9B9AF716EF3C26,g_deadChat
7CAA227BE369D061,scramblerJamDistLittle
7CB9400DC02387E6,scr_hvt_maxTargets
7CBDF74F8628238D,isCompassCPRaidSecurityScreen
7CCD73D9FC0DE90B,r_usePCAMDShaders
7CD039CC33EC5612,r_colorTable
7CD9BB06F6BC7CEB,player_proneSpeedScale
7CF4D493FEB8287F,superSprintHeightOffset
7D02D26A4B973C6A,sv_ballisticsMaxLatencyMs
7D096A725FE933D2,glass_fringe_maxsize
7D14A049578F30A7,db_loadSleepTime
7D241032854F06E0,cg_hudMapPlayerHeight
7D2493EC102ADA01,player_slope_minAngle
7D38574D1365E778,lui_playlist_splitscreen_restrict_check_player_count
7D50C579398DC866,spaceJumpCoverTraceDist
7D8243AEEFB401AA,bg_grenadeFrictionThresh
7D86C21E8A4C3886,sm_spotUpdateLimitDynLight
7D9FD19D1E631C06,r_shimmerEffectExteriorLineStrength
7DD23F77E91D6870,bg_shock_mount
7DE759ABE96789B7,scr_tjugg_waverespawndelay
7DED976BCE993B09,con_typewriterColorGlowFailed
7E03C239E358C7B8,player_swimVerticalAcceleration
7E0F8C8A10D12964,cl_playerstatechecksums_enabled
7E15BD9B23ECE8BC,ui_serverDevmapFrameDuration
7E190A8219CF0DF1,r_sun_from_dvars
7E37C7E977EE809C,mount_top_clamp_pitch_up
7E3BDA3435DB2B9C,scr_sd_roundlimit
7E3FFBB7F86CA1EF,compassMLGPlayerNumberTextWidth
7E4AC4C5694FD880,mantle_over_forward_trace_capsule_height
7E4E50D48ECC6215,overtimeTimeLimit
7E519FAAA910509E,net_require_demonware
7E534F30B90DC77F,playerButtCollisionOffset
7E7040C11FECEEA4,r_depthScanOutlineColor
7E84DBF9A1FE02C0,ui_buildSize
7E96763B86DDA6D0,g_useCheapScriptedMoversForLargeMap
7EA307572E657DFE,r_smp_backend
7EB47CF61371D3E1,perk_extendedMagsBeamAmmo
7EBC3D933D9BD0BA,scr_war_pointsperkskill
7EBE4E99E7DF1AE2,daily_churn_login_forced
7EC6EA33798D4057,scr_bmo_eom_ot_timer
7EE6F641B2F5AB8F,bg_compassportableradarradius
7EF6519734E8E9F1,scr_validate_record
7EFD069D51A41BF5,spaceJumpTimerTakeoff
7F0E7C45C54E595D,gpad_menu_scroll_delay_rest_end
7F182F404E891E82,scr_koth_delayplayer
7F3CCB78CFCB2272,perk_ads_mark_target_hold_time_req
7F3D707218415BC8,scr_rugby_juggTimeoutOn
7F484EEFEFCD853E,g_dropHorzSpeedRand
7F5385A7721003C6,r_hudOutlineWidth
7F689C7499B1E6A7,scr_war_scorelimit
7F7CD2905161A398,slide_to_sprint_friction_time_scale
7F8D75CE6009C193,sony_realtime_multiplayer_br_pump_disabled_flags_for_telemetry
7FAB3D849F39563F,cl_adjust_time_throttle_surplus
7FB79A47A76F7F5C,online_cloud_upload_throttle
7FB79AABC4C72DD4,heartbeatSensorEMPNextPingTime
7FE132A55720F44F,antilagAutoIncludeMovers
7FE22C3B51E6F7E6,default_gametype_cp
7FEB383B51F130F8,default_gametype_mp
7FF3DBF5DB49502C,spaceJumpCurveTimeCombat
800561BF133F56F4,glass_fall_ratio
800ABBA9B353E62D,scr_cyber_timelimit
800C750DD2C1AAF3,scr_rugby_timelimit
8014083E03F25282,scr_dd_resetProgress
802BADD521501DD9,FoFIconMaxSize
807B3083055C42A8,accountreg_create_profanity_check
807FCC0E750186D3,sv_cmdPredictAngles
808A2486F2CE6588,vehCam_mode
808B4A8A77E25BBD,scr_trial_allowsupers
809E1AD214751DDD,compassTacmapMiniIconZoomVehicle
80A263F766AC7C0A,ai_aimCleanMissEnabled
80A60078EEF7A580,scr_cyber_allowsupers
80ABA6EAF60EC374,lui_force_interactive_prompt_screen_snap_offset_y
80ABA7EAF60EC5A7,lui_force_interactive_prompt_screen_snap_offset_x
80C77000969E9743,objectiveFadeTimeGoingOn
80DD36E323C1243B,scr_ctf_timelimit
80E899BF6EED717A,bg_shieldHitEncodeHeightVM
80F0388910AF0CE1,scr_dd_squadsize
80F41F5126792076,online_archive_streamer_enabled
80FFD809AA06A36D,compassZoomSpeedFactor
8105D36AA37CDE09,anim_debugSpeeds
8125FD2FAF2ABD30,r_st_clutterFlattenPercentage
8133B8D206592727,r_skipPvs
813A4E6406FCB77F,scr_arena_timelimit
813E77CCED01D89B,r_snapshotEffectAlphaIntensity
814162E173F2A5D7,ladderVaultOffset
81577DC0D67DEF3E,r_atlasAnimFPS
815CAD625AB0DCAB,mantle_draw_hint_while_airborne
815D1E11D1905CC2,cg_targetBaseFov
8164CFA4D58EA8E5,weap_thermodebuffmod
817F4F42B643FD08,scr_hvt_waverespawndelay
8182935584FDB3B7,calloutmarkerping_buybackEnabled
818612A4CB0083BB,cg_drawFPSLabels
818A4300C39650B9,scr_tjugg_ppkasjugg
818C250EF1C23F89,lui_codcaster_enabled
81949CC0157974C5,perk_sprintRecoveryMultiplierVisual
8196134204F82511,playerProneViewheightAdjust_worldStreamingMap
81A28F5CD4D35A6A,r_lgvSamplingSafeZone
81B0AEF7B3F1FEB2,scr_rugby_roundlimit
81B5BAE5C207C065,scr_trial_scorelimit
81BAC87AEEA9614A,shieldImpactExplosionHighShakeScale
81CAB44E9A360313,NVG_ScriptBlindWeighted_BlendOutDuration
81E34ED363E2FC40,lui_refreshRate_Telemetry_CPUTime
81ED8DDC9F27A082,sv_rejoinTimeout
8207FFC92F5C7A4D,mantle_check_height_side_back_air
8217F8397FCE2EB0,online_matchmaking_user_dc_required_gate
821FE0A064FB3295,scr_brm_infilHeli
823B225DCDE4D4BD,sv_snapshotworkersdefermessagebuildforclientcount
82415D970404A914,compassObjectiveIconHeightLarge
824D64C49AE6C6FF,sv_clientNetPerf_UsrCmdDroppedMinCount
82529814632CF175,scr_fultonUseTime
82551E2131FAD8B3,sys_configSum
825E5F537F0594BF,scr_trial_roundlimit
826000FC374404DA,mantle_on_48_spline_start_to_ledge_point_height
82795F0E786CDAC7,tutorial_and_new_season_upsell_enabled
8285A8C7391AA599,online_playerxp_playlists
82A1482AC41CA28E,cl_transient_mp_yield_timeout_zoom
82D6BD069B975CB6,laserHipFraction
82E27A89C4D356A6,compassPlayerHeight
82ED1E2F27CDE8E9,sv_useExtraCompress
82F08B1686C0AC61,handheldCameraImpulseImpactTransAmplitudeScale
82FD82CA70AA51CA,scr_dm_winlimit
82FDF4DE343821A1,tracer_thermalWidthMult
83267139A3E1D75B,voice_mic_scaler
832A6A159A9E14E3,scr_bmo_extract_heli_health
8333C53C3D40CDF4,aim_slowdown_wallrun_scale
83368C29A8587CFB,com_maxStreamedWeaponsMp
833A9F3226565639,net_local_addr_update_expiry
834DF60F1B655FD8,dlog_metrics
83628829A888DA95,com_maxStreamedWeaponsCp
8363B37D264925D9,battlenet_friend_sort_throttle_ms
83655FB424EC9C99,online_mp_private_matches_are_invite_only
8374DD89335F7629,scr_brm_brmloadouts
83981C27B677055C,ui_ac130_coord3_posy
83981D27B677078F,ui_ac130_coord3_posx
83981F27B6770BF5,ui_ac130_coord3_posz
83BB2AEDB44420F5,scripted_melee_height
83EC160B8F48B993,compassTacmapFilterZoomMission
83F17380467F173B,r_dof_filter_preset
83FA9C8B1EA05CB0,sprintLeap_height
83FE42AA88A14A35,fx_marks_dynents
840103360781952A,bg_ground_thrown_off_min_anims
840359A9BB0F6938,r_mbVelocityFpsCompensation
8415A8AE0089F7D0,hearbeatSensorUseCurrentOrientation
8420197EE9A64C2F,r_sunglare_fadeout
842FAD633040D292,r_smp_hyperthread_multiplier
84312ABFB8B502A0,perk_points_per_sec
843ABF481BAEE411,compassTacmapFilterZoomVehicle
844116B9DA950727,dynEnt_spatialMaxEntsHighPrio
8447EB1AF5119E52,r_cachedSunShadowMaxTilesPerFrame
845AD3B379BBE824,scr_br_magcount
847A630B72A7C8FE,com_smoothFrames
847D6FD357884312,cl_yawspeed
84826293E882AC02,riotshield_fixstowedmodelinit
8485FD13D43E42F9,sv_zombietime
849EF9FD26DD99B0,r_volumetrics
84A08E32DAA07776,sv_rewindPoseArchive
84B743DF274C7CCE,sv_cmdThrottleType
84D111C4332436DA,bg_bounceIntensityMedium
84D6A6D188F41526,scr_dd_teamsize
84F80BCFC731DD8D,scr_brm_startingWeapon
8507495F67C9B975,handheldCameraImpulseDamageDecayType
851C0B30C80CA422,cg_skydive_super_dive_fov_blend_out_time
8537969B4241392F,scr_arena_waverespawndelay
853DC65BF3501EC2,cg_hudLighting_basic_additiveLumScale
85461DA235B882FD,bg_enableADSWeapNextToToggleVariableZoom
8548AFE115B9D808,scr_tispawndelay
854C0E1EF04B5620,bg_cinematicAspectRatio
854C13F0DF9853E8,scr_game_ffpunishlimit
855914B2876D1B27,online_lan_cross_play
85597F6E444AD681,ui_numteams
856A4DF78C76FC8F,sv_forceNetfieldLoD
8575865E317F0AF9,scr_tjugg_pointsperkill
85B5551C0266AEEF,r_volumetricsScatterTemporalFactor
85BDDF53106700AD,glass_angular_vel
85BE13F45463D6E7,slide_to_sprint_stick_ratio
85CBDB60ACC6CEC0,cg_netStatsLatencyVariationLow
85E0D42E84B80FF1,ai_glanceGenericCooldown
85FABD0F41A52519,scr_rugby_teamsize
86073551B081CA64,r_lodOutStaticRamp
861DAC1FE7F8DE60,profileMenuOption_voiceVolume
862BD26F60740853,perk_marksmanNameDistanceScale
864870D16B188B2E,bg_compassEnableVisibleVehiclesMask
866D5599066374CD,online_cloud_files_sync
8672C2DF988995B1,r_mbRadialMinAllowedBlurDistance
867B21B592289C77,enable_loot_error_popups
8689A48E0EA64BFF,vehHelicopterMaxRoll
869D6EDB428F573C,gamebattle_account_refresh_interval
869E72A585F0EEAC,mlg_gamebattles_inputLock
869EF55E5CE9E8C9,r_lgvEvalMode
86A9E10AD9D7DFAE,r_mdaoOccluderCullDistance
86AACA567E909201,scr_war_squadsize
86D1625003927BFD,cg_netStatsExtrapolationLowDedi
86F1B17541386774,lui_enable_pc_achievement
87090B0DA1C093AA,scr_br_startingWeapon
870DC777315705E3,scr_sixth_sense_use_eyes_on
87124D5A2F072242,mlg_game_pause_server_delay
871BF64418F05AAF,r_spotLightShadowsPolygonOffset
871FD15781EEC230,spaceJumpSpringCamActive
87218C1CE144DE8E,r_whiteBalanceGreenMagentaShift
872E29313BC41081,r_depthScanOutlineThickness
873694503A417CFB,player_slope_upBobAmplitudeScale
87374F0B3892278F,profileMenuOption_hdrGamma
879A75B436FF6221,waypointOffscreenPadRight
879C8F32C1AE7F41,sv_transmission_error_enabled
87B370B4129B171B,scriptable_sv_accurate_vehicle
87B618EBD30A46DF,strict_nat_warning_viewed
87CAE659E8CD5B62,scr_grind_bankrate
880131AA86278AFE,online_invite_hsm_should_cancel_on_handle_party_join_aborts
8805B9FA0B0F283C,scr_player_lastStandTimer
880BC12D25F7A444,ai_eventDistExplosion
88215B78A122E21A,mantle_edge_search_near_plane_offset
88250824CF50E7C4,turret_adsEnabled
884494BE9D130452,waypointOffscreenDistanceThresholdAlpha
884A85E52BD6F1A5,compassBRCirclePulseDuration
88514E8E6E8A452D,scr_dd_dogtags
887291F130933EC7,objectiveFontSize
88862394B7D0FA49,sys_smp_allowed
88891559F51B5E74,slide_clearance_check_dist
888DCC1914CACD22,frontEndPrioritizeLevelLoadTransients
889CB61D58A4248A,sv_snapshot_size_estimate_br
88BB9E1D58C641A3,sv_snapshot_size_estimate_mp
88BC64BA1C43859B,scr_trial_codcasterenabled
88C5A596C2E728A9,drawKillcamData
88D06624940C1A88,scr_player_forcerespawn
88D0A827185BD965,compassFriendlyWidth
88DDED03DD3FC705,scr_infect_allowkillstreaks
88ED60239219046A,perk_weapReloadMultiplierEmptyOnLowAmmo
893157BF6B5E78CF,scr_infect_timelimit
89435DE0F40E3201,blackboxBandwidthLimited
8944E276B444B910,r_ssrFadeInDuration
89465C9E5FD57277,scr_player_lastStand
8952EBC6E081F789,r_hudOutlineEnable
895364D52FDBF57A,cg_friendlyNameplateDistance
8971CBFF8776FBCA,scr_ctf_roundlimit
8973D005817DD994,bg_viewKickScaleNonADS
897AD593E8E259DC,cg_drawCrosshairWhileSprinting
89822C1BCFEA6F12,scr_br_gulag
898524D9C85116C4,agent_jumpWallGravity
898B4009AEBCB1A5,bg_shock_lookControl_maxpitchspeed
898C7E6310943AEC,cameraShakeRemoteHelo_Angles
8994C70BCE46B610,pulsing_upsell_enabled
89991E6FAE1C192B,bg_sprintLoopTimeScale
89A7483CC161B22B,killswitch_player_event_fix
89A8B3BE87F5897C,bg_transients_infil_maxloadingtime
89AAD462F55A0B25,ui_customGameModeSlot
89AF232806B57940,scr_disableScoreSplash
89CB40EDE8807023,scr_game_disableBattleChatter
89CE259DE7DE2301,online_playagain_lobby_timeout
89D89F3195D7C0D4,com_playerProfile
89E243A89218A894,lui_survival_lobby_enabled
89E8EB26B188FB50,r_mbRadialOverrideFocusDir
89EBD0C3B80D9158,bg_weaponBobAmplitudeStanding
89EDABB418B4192E,waypointDistScaleRangeMax
89EDEEC05E78D383,ai_friendlySuppressionDist
8A04282798A79F60,com_filter_output
8A080E5753995A0E,scr_player_disableSuperSprint
8A0BC31CFBD53081,compassRoleIconScale
8A10BDB418DA887C,waypointDistScaleRangeMin
8A1D33BF46839235,compassShowFireBrMaxDistSq
8A36CAA2EC104CA3,bg_weaponIdleMoveZeroGrav
8A5C3F449FAB4181,r_volumetricsAmbientTemporalFactor
8A7CA84735AF38FC,scr_grind_bankDisable
8AB4075A4C7EBAEE,compassPlayerJerseyNumberTextXOffset
8AC2999C08603047,r_fullscreenPreference
8AD93CF3FF34555B,scr_tjugg_promode
8AE20EC7606BC229,max_xp_per_match
8AEA31E33C2F72DD,scr_rugby_juggTimeout
8AEB9ADBBB66228B,dlog_use_malloc
8AF00B7AC9582ACD,mantle_on_32_spline_start_to_ledge_point_height
8AFBBB391D85D649,calloutmarkerping_maxscriptablepings
8AFC6B5FA3B40E06,cg_hearVictimTime
8B0AC5B2258ACE27,cl_timeout
8B43AB9802333C4E,NVG_ON_Instant_BloomEnable
8B666BED1AA4EAF0,cg_hudMapBorderWidth
8B6BE1074D14322D,scr_cyber_promode
8B6DCB5332171807,player_stairs_upBobFrequencyScale
8B8293622375BC2E,online_zombies_xpscale
8BAAA38B3802B19D,cg_fixedDeathCamTraceFailedInterpTimeMs
8BC48E4CDDD27587,r_dof_filter_bokehEdgeSharpness
8BDB7C94838696F7,killswitch_last_stand_wm_restless_legs_enabled
8BE113E5C17EE5C1,scr_siege_teamsize
8C0EB71DA22C0305,fd_camera_look_rudder_factor
8C127F2541B57955,scr_grnd_randomlocationorder
8C13A1146FCEF0F3,sv_connectTimeout
8C1B95AEAA7AB14C,perk_extendedMagsRifleAmmo
8C27879E101D5AE5,sm_spotUpdateMoreDynObj
8C2BC79394C83E6B,scripted_melee_range
8C2C695D3C52C270,scr_eom_slowmo
8C396AA931BAD829,bribe_crates_enabled
8C766097720AECB8,ladderJumpBackVelocity
8C8D8BAB6F872C30,r_lgvViewModelSamplingOffset
8C9D4A7663112489,dismemberment_corpse_mutilation_timeout_ms
8CA2724277FDD045,player_slope_downSpeedScale
8CB0B8023116294F,spaceJumpGrappleLandPitchMover
8CBADBA6CA13AE98,scr_dd_playerrespawndelay
8CD0A35A9E945CB9,scr_trophy_proj_hide_duration
8CDB992B4D1CF326,playerCharacterCollisionProneStuckFallFix
8CF37451C6FB3CEF,sv_cmdDeficitOffset
8D14902467F2FACF,lui_codcaster_resume_countdown
8D361890DBCA8383,r_texFilterMipMode
8D38F72317374751,anim_disableSpeedScaledTransitions
8D39FE89DE5FE4AF,vehDroneDebugDrawPath
8D566585080AD456,ui_ability_recharging
8D70FC3225ED42F6,scr_grind_teamsize
8DA26ACF6A003FAE,cg_hudLighting_blood_ambientScale
8DB2B1EAD78D927F,viewmodelGesturesResetForKillcam
8DB49950A91B344D,slide_outSpeedScale
8DC5F8125A094ABD,player_slope_lateralBobAmplitudeScale
8DC984B217C695D9,lui_refreshRate_Telemetry_Latency
8DD03E24EFCFBB0C,cg_skydive_rmb_freefall_weight_min
8DDF43576FA3E19E,cl_use_experimental_default_keybindings
8DE1B5C5E1576EAF,bg_bradleyExpSteering
8DF4BBA5E11569D2,spaceJumpGrappleAccelTime
8E03F15F44C22D8A,waypointOffscreenPointerDistance
8E05E6AA7BF53804,aim_lockon_strength_pitch_mult
8E29CECC0F37AE2A,r_dof_physical_enable
8E356D04714E7F2C,ui_danger_team
8E38F85635052D4B,ai_debugAccuracy
8E41F0E9D8722D99,r_vrsEnabled
8E42B9B437CDE5C0,vehAudio_spawnVolumeTime
8E5AA390026A8391,veh_nonPhysicsSteerScale
8E607D88015F2ABC,bg_crouchToProneSpread
8E6A106C8DCFB97C,r_daltonizeUIIntensity
8E93CEDB657BBD9F,ccs_hashCheckMode
8E9BB45982DB7DAD,scr_br_roundlimit
8EA1F97C2570F538,scr_snatch_numendgame
8ECBCC722FB92D9B,scr_siege_timelimit
8ED9787D81E0BD2C,sv_cmdStartDeficit
8EF8213412BA6CFB,profileMenuOption_HUDBoundsVert
8EFEF5A699344D96,r_depthScanOverlayColor
8F37E07AEA6D40A2,r_ssrMode
8F3BF7FC6D317142,compassPlayerObjectiveHolderOverallSize
8F3E9834690DB9F8,r_brCircleOutlineEnabled
8F46058961D49F6F,playerCharacterCollisionVehicleJumpWallFix
8F4D8F27518C59E4,ui_prestige_levels
8F559C23D8D035C9,r_frustumLightUseZBinning
8F67DBCE7602B309,loot_table_zones
8F8DA46FEB5AE57F,lui_intel_enabled
8F981C9B035A2853,scr_arena_roundswitch
8F9E8850495D557D,online_platform_sessions_manager_game_lobby_enabled
8FACBF886350EAAA,voice_mic_mute
8FC8E95EC0A05B49,execution_camera_fallback_bias
8FCD61EA82837924,scr_hq_firstzoneactivationdelay
8FD5E9F4341181A9,frontEndSceneEnabled
8FDA7A8C4FC5F6CD,profileMenuOption_lootCardDetail
8FEB2AF64F5F5A71,scr_cyber_waverespawndelay
8FFA3CAC31C9BAFD,corpseImpactEffectsEnabled
9004296EBAB21CEA,pt_migrationRAMPenalty
900803D97748442C,vehCam_angles3P
9012AD965E6F92AD,bg_crouchToProneSpreadEnabled
901540FFD1EAEE78,vehHelicopterDecelerationUp
902E74661774DC0E,sp_shader_warming_notifications
903310A653E522A3,cg_javelinKillCamCloseZDist
903D58D5508AC4CC,scr_hq_roundlimit
903DD55EB1913172,analytics_spawn_event_log_count
904E5B53E9F59A01,r_vrsMaskEnabled
904F4662A54996D7,scr_objectivetext
9055144350690E82,r_depthScanOverlayEffect
9075528C931D95A9,lui_pc_build_version_check_can_show_popup
9077FA9C7881C137,fs_basegame
90795F9499754833,lui_dlc_installs_enabled
908CF9BDC750103C,bg_enableClientNetPerf
909E5B026B50AB5D,bg_vehBrakingEngineMult
90A793881D9CDC7E,ai_movementDefaultSpeed
90BB7D357C128AAA,party_timer
90BE8233E7C0FF3C,scr_siege_winlimit
90C6C70C57301528,mming_allow_br_solo_squad
90C84E1633E2B7FE,bg_shock_soundAudioZone
90CDF9A0E36041D3,scr_brm_circleDamageMultiplier
90DB8742427EBB77,scr_tjugg_pointsheadshotbonus
90DCD7FD226A65A0,r_ssaoDistanceFade
90DF45EB5980DAC4,scr_grnd_additivescoring
90E5657EB74387DD,missileRemoteFOV
90ED8FFB5F3DA8B4,badhost_maxDoISuckFrames
90FD999EF2439622,cg_crosshairEnemyColor
9106F34BDEAF0A0D,r_ui_scale_scene_range
910EEE88E5388CF7,online_xb1_session_join
91154B372CFCFF92,r_artUseTweaks
912B1D08466A956B,scr_br_spawnprotectiontimer
919A253DFB77C12C,vehHelicopterMaxAccel
91B81B0D3E841057,r_preloadShadersFrontendAllow
91F7B294035D8462,online_matchmaking_send_party_clients_playlist_filters
92117D95A32A4F05,r_scope_relief_sway_screendelta
922DD5CC5138C1ED,vehAudio_idleDistanceScale
9231F263DE08BFC6,com_maxStreamedViewArmsMp
923AFE63DE12F8D8,com_maxStreamedViewArmsCp
923CE85C6FD11A5F,r_SkinnedCacheLODThreshold
9242C4272E4A90B7,lui_parallax_max_linear_velocity_influence
9243B0E383EB7FCC,dlog_curl_verbose
9288BC02B1ACFC98,scr_arena_blastshieldmod
92983E7ED452A4C2,bg_shock_lookControl_mousesensitivityscale
929CEBA4EE5247C4,bg_piggybackArmorOnNVG
92BB009BB794A7BD,cl_transient_mp_yield_max_velocity
92C5C280C4873404,win_noKeyHook
92DC7ABC117726A7,sv_cmdMaxExtrapTime
92E079BC5815219A,pt_migrationPingBad
92F51A08C47C5A80,r_nearPlaneFadeDistance
92FCF8F29D128C10,r_mdaoDrawOccluders
93074B35680659E6,perk_quickDrawSpeedScaleSP
930EBA8028BA9158,perk_footstepVolumePlayer
93144FB0957A2B9C,online_clans_invite_decline_throttle_ms
931E06E107A35919,sm_spotDistCull
9334C8FEB78FDF3B,r_reactiveMotionPlayerHeightAdjust
933A208B0B2BEDAF,movementAnimProto_DownFromSuperSprintCycleBlendScale
933D3F3597446059,con_gameMsgWindow1Filter
93413C988317DA68,killswitch_weapon_based_dof_disable
935295FFAFEDEA42,scr_supers_killswitch
9384B2BEF03631DB,perk_see_killstreak_distance
939C711ACA6E3BA6,ps4_playwithoutnp_enabled
93AE54028F3E5B31,r_delayAddSceneModels
93C976FBF8DEF443,r_dof_filter_sharpen
93D2854B14588A90,variable_rate_shading_enabled
93E3BB6AD183D322,online_season_ends_epoch_time
93EAB287C62A1C3C,daily_challenge_popup_enabled
93FDCBDAC42B0757,scr_bmo_matchstart_extractsitedelay
9400F904B98D1C61,db_errorOnMissingTechsetZones
9419B26D409E90BB,bg_viewKickScale
94311DD7AFF7219E,vehHelicopterTiltFromVelocity
94339AC79FCEDCF9,handheldCameraImpulseDamageAttackMs
94454362D187D262,cl_anonymization_useSimpleNames
9453362E2CC7B39A,scr_dom_numflagsscoreonkill
9461DE5A849C4E71,cg_drawLUIObjectives
94759873FA9E44C8,scramblerJamSinCurve
9480C7F2EA3BFC35,vehHelicopterScaleMovement
9488C1B4024AF05A,glass_damageToWeaken
948E715C8DADD356,r_tessellationOverride
94963C8BB5F85616,scr_infil_interactive
94B5B105A2DB32AF,scr_arena_pointsperflag
94D036E37E68D5C0,vehHelicopterTiltFromControllerAxes
94D1DA38BE4893E7,r_mbVelocityScale
94F64A979E79B220,ui_userid_resolve_throttle_ms
94F936F09F09EFD7,waypointOffscreenPointerWidth
95018FA1A3EA0605,aim_automelee_range_crouched
95165B65187164E4,com_maxStreamedAgentsCp
95315F65188FC9BA,com_maxStreamedAgentsMp
953862BF807E623E,scr_arena_roundlimit
9543FEBDD4D19FFD,scr_hvt_dogtags
954BB6A3C686AA63,scriptable_runtime_parts_base_count
954EBE1C8B9DF018,lui_br_tutorial_restart_enabled
955B29DD3372FB15,fd_helicopter_fbw_enhancer
956A2235503BC524,lui_operator_bundle_kronos_priority
958BF097379CF498,sys_watchdogThreadTimeout
959053DFE08604A5,online_quartermaster_instrumentation_enabled
95A88F8F46BDCEED,scr_hq_teamcount
95B951251DCB203C,cameraShakeRemoteHelo_SpeedRange
95C4A980FA43EEFF,cg_hudDamageIconHeight
95CD92AF5FBA265D,heartbeatSensorEMPMaxDrawRange
95DA00B690D7CE3F,lui_wz_bm_tutorial_loot_display_id
96115B8B1FCC7378,sv_snapshot_size_huge
96163CDCF0F1E794,online_matchmaking_use_jip
962F5860AF1AE67D,net_graveyard_expiry
963AE11F0BC7D685,r_heapFreeHeapsJobTimeBudgetMs
9642DAB23B6A6AEB,stream_primerMaxInFlightForTransients
965330B1CDF7522A,sv_clientNetPerf_UsrCmdReceivedMinTime
965A686ED99D04E2,online_matchmaking_ignore_team_check
96A1AC45EFEA7582,r_scopedNVGFade
96A756EA7B741DE4,mount_anim_sync_out
96BEEAF2F7E7D265,g_fixedDeathCameraTraceHeight
96C39A050C54E1C0,cg_crosshairVerticalOffset
96D6C63DF7EABD01,oer_diag_errorbits
96E27990ABF87BD5,cg_drawCrosshairNames
96E9EB8599E2E3A8,ai_debugVolume
96F238D2B5B9F327,ui_cranked
96F9ED1635A7FE3E,ai_debugOverlay
9703BBAD925B5035,cg_animLODScale
970E8A460478205F,scr_siege_teamcount
973F123ACFE1C01C,cl_transient_sp_yield_for_streamer
97446D73F7B4942F,NVG_OFF_BloomEndOffsetMS
974B02C64BA9AC91,handheldCameraImpulseSlideDecayType
974FE3D2A2110F15,fx_lightmap_max_level
9776D5566D7B8BA6,scr_dom_waverespawndelay
979434FD99BA13BB,cl_transientWorldSwitchDelayZoomLOD1MinDistance
97B1B20841263379,scr_koth_winlimit
97D22A2E04C84AB5,sv_timeout
97FE1538768BADCF,m_yaw
980DE4D8FF4F8198,cl_lessprint
9814949DF283BD66,scr_brm_flagcapturetime
98245BC6C8714894,sys_watchdogGPUTimeout
98528FD476B091B3,handheldCameraImpulseImpactEnabled
98557DFBB1D42088,mming_minplayers_to_lobby
987145B8960A6637,voice_mic_threshold_loud
9872A10D3DC2A0DB,snd_invalid_stream_buffer_validation_enable
9879C900BFFFD182,scr_hvt_pointsheadshotbonus
98824CCB183CA9C4,cg_hudLighting_blood_specOffset
9887F97931EA5FC9,cl_ingame_framerate_limit
9899F58984254E82,ai_threatSightDisplay
98A4FF892EDE5995,ai_debugEngagementDist
98B0356357DBA14D,vehCam_radius
98B41119AE217F8B,shieldBlastDamageProtection_30
98C067872AC355AB,scr_conf_squadsize
98C18319AE308EC6,shieldBlastDamageProtection_60
98DEC2F12727C86A,scr_trial_playerrespawndelay
98EB71A2B9599CB8,spaceJumpLandGestureTimeOffset
99036A11B14C718E,cg_showmiss
99074DA0897A886D,r_materialLodOverride
99133EBAF902879A,slide_clearance_check_radius
991D051C8D3C70B5,online_matchmaking_allow_lobby_merging
991F600E96AAE5FA,waypointOffscreenScaleLength
992126E9C9F01E2D,scr_hq_promode
992E8BB1F63BF356,ui_username_resolve_throttle_ms
9939AAF7B216C458,slide_allow_prone_min_slide_ms
99532FB41BC6A6A2,con_gameMsgWindow2ScrollTime
9967D21BE9C7ED1E,dcache_genericConfig
99777BA1A2B065A4,fx_gpu_deferred_fog
99A25750A09647E9,ui_ability_timer
99C4DF1CEACDB6EE,telemetry_loot
99CCB8F5D486F945,scr_tdef_carrierbonustime
99D4FEF0C65DD17B,vehHelicopterInvertUpDown
99FA7FBC393C31A2,veh_boneTargetTrackResetLerpRate
9A15C95DE24CD0F3,bg_pathFollowerDistToGoalToBlock
9A185885B757719B,ragdoll_ejectionVelocityTargetRoot
9A2E119F37D3E2A8,g_earthquakeEnable
9A5B9B37228CDA97,execution_heightdiff
9A5F6A21EB1CD7FD,bg_shieldHitEncodeWidthVM
9A667FD4129F8AB0,cg_skydive_rmb_track_speed
9A7949E79E684A52,scr_trial_enableMinimap
9AA3E5244E2E913B,compass_buyback_circle_moving_radius_pct
9AA7EF784ECC80A6,sm_spotEnable
9AA89DB4F11D1BCB,com_maxStreamedHeadsForLargePlayerCounts
9AADB98F09FCC9C0,r_umbraExclusive
9AB2B70F03BFC781,profileMenuOption_mouseflightvertsensitivity
9AB7EC5DC19602F8,cl_transientWorldZoomLOD0Dist
9ABEBB379CB50960,scr_conf_teamcount
9ABF9B7A313AC596,perk_sprintMultiplier
9ADA89E699A2D7EC,execution_angle_victimback
9AE3C82DC7F9ED98,player_vehicleUseFOV
9AEB44487F1BF2FA,scr_sd_squadsize
9B14953CC5F8DAF5,enable_analytics_spawn_log
9B2C6AB29DD79CE4,gamerprofile_snd_volume
9B2CD3DAEA5CE164,con_gameMsgWindow0MsgTime
9B42CFB9EEF535E6,partymigrate_pingtest_timeout
9B5CCE3E0AC9718A,cg_foliagesnd_alias
9B720E6914A26272,glass_trace_interval
9B8163DC24359200,r_vignetteTweakOffset
9B817341CDFAF18E,scr_conf_playerrespawndelay
9B85D37B7FE3375C,r_sceneResolutionMultiplier
9B8ECB518182F74D,g_friendlyfireDist
9BA060F5AAFDD9A6,r_asyncCompute
9BB2B0329DAD3DB4,sv_clientNetPerf_UsrCmdQueuedMinTime
9BBDA22BDF02C2DD,scr_game_onlyheadshots
9BDB63D103096C4A,ragdoll_initialLinSpeedCap
9BF1917CA6BD6B54,bg_cinematicAboveUI
9C0E0375AE7B70D3,hostileNameFontColor
9C0E1BBDD528F92C,killswitch_melee_prone_improvements_enabled
9C18C8D893381416,heartbeatSensorTabletSweepDuration
9C2697495D1CEB92,bg_scopedNVGSyncAdsFraction
9C290057B044A857,online_recent_players_ui_enabled
9C3009C0F7BAAB5F,mis_cheat
9C31D1C6C6A9DD1F,player_vehicleUseRadius
9C34F657C4899BDB,camera_allow3rdspectate
9C367D6EF20D3726,pt_migrationNotInstalledWeight
9C46627EB2C05A85,profileMenuOption_HUDBoundsHorz
9C4C2CD8A2A28964,lui_scorestreaks_enabled
9C5D34BB51D00423,scr_conf_numlives
9C7F391A97C79CEB,fd_helicopter_fbw_status
9C84346661808A9F,vid_height
9CB4B9C1304A3583,bg_allowNVGWhileADS
9D0111E014400E93,r_decalVolumesForceBaseMip
9D01FF793B8B9E26,killswitch_simultaneous_deaths
9D094ADF72F97F9D,scr_tdef_timelimit
9D35E750F0E20616,scr_dm_scorelimit
9D4859881399A6EC,fall_damage_fix_min_fall_speed
9D5FF3F312C09330,fs_homepath
9D8D277AA37A8BE0,bg_hybridScopeCheckAllAttachmentsForVisionSet
9D9C51824A148FDE,stream_useGPUHeapsAwareness
9DBC18A804BB7DDF,scr_ctf_playerrespawndelay
9DBD7B8C48B391EC,online_store_shuffle_recommendations
9DC9CF8C0B0412B0,cg_adjustClientImpactSound
9DCCCD36947B0C79,cl_transient_mp_yield_priority_timeout
9DDE2C0C02FD6455,cg_skydive_rmb_strength_max
9DF68D31BD0616D9,r_autodetectedTargetResolution
9E01160C03237BAB,cg_skydive_rmb_strength_min
9E1753D21FD99041,player_slopestairs_blend_max_movespeed
9E17D381A955FBDA,gate_cp_access
9E1FFE3398E08D0B,ai_enableRetreat
9E23AB47C8AD5BE9,scr_grnd_timelimit
9E2C5FCB8FDD8A66,scr_dd_roundswitch
9E2D3F5A3565A35B,scr_cyber_allowkillstreaks
9E4CD518DBA83CA0,spaceJumpTimerTakeoffUseAnimTime
9E5DD442563EFFBC,pt_reservedCommittedSlotTime
9E7B7E8518B1B5DA,player_laststandcrawlspeedscale
9E7B98EFFA40856D,cl_transientWorldMemoryFreeMulBRLobby
9E81B4D971AA54BD,telemetry_prestige
9E858408459FD5BE,scr_game_deathRetainStreaks
9E990500408069A6,cg_killcamOffsetBlendDelayTime
9EB77BC93124E11E,vehCam_radius3P
9EBDBEC262632F3B,adsReloadSprintCancelMaxFraction
9EDA14255120302A,scr_game_objOnNavBar
9EDACF295DE4A88B,vehHelicopterPitchOffset
9F08B2FB845FB39E,bg_doorPeekAngle
9F0AA9AEAC397C43,bg_trial_reward_tier
9F10570F2640046C,r_gpuCullOcclusion
9F219597DA660481,player_zeroGravAutoLevelDeadZone
9F2AF73730A4652F,scr_war_allowsupers
9F971ED5A0D7AF11,scr_koth_zonelifetime
9FBADB7EB2B6992E,scr_trial_waverespawndelay
9FC9F2EC9F9892FA,online_store_just_for_you_dedicated_items_warzone
9FE113B415C4AC68,vid_width
9FEBB01FBD1E3962,r_st_combined_force
A0061C04BB57DBED,lui_loot_seasons_filter_enabled
A0077422E8B1296F,online_regulations_enabled
A0088995E549A22B,pt_migrationCPUWeight
A0186B4C4F8DE899,stream_treeDistanceMinClamp
A060422731D492D0,scr_game_roundRetainStreaks
A06082342B2454C3,r_slopDelayReduction
A066CBD3CD965B94,mission_team_contracts_enabled
A074FBE0DC5D17EA,playercard_cache_upload_max_retry_time
A075E3EE767CF035,bg_cinematicCanPause
A075F8E42AF697EE,ui_player_yellow_eggs
A086653170C79175,bg_viewBobAmplitudeStanding
A09499CE614B05C5,cg_heliKillCamFov
A09964D2D3D4984F,waypointOffscreenScaleSmallest
A0A7E0A00472499B,gpad_button_rstick_deflect_max
A0B18441977F013B,scr_thirdperson
A0B1A12E7E8F571E,enable_cod_account
A0BE1ED36498C9DF,scr_dom_squadsize
A0C25904AD0BB110,cg_velocityBasedBlur_Enable
A0E9DF9A98051CB4,tracer_minimumTravelViewmodel
A0F64AFBE8CD6FA8,scr_shipment_spawnmove_enable
A0FAA26376DAA814,dlog_sampling_modulus
A10A1838C9D603CD,r_cmdbuf_worker
A11F1356DB1A6619,sv_netfieldHighLoDScriptablesEnable
A1233C8A010FA010,playercard_cache_validity_life
A13FCB23BE5F74CE,fd_helicopter_audio_tail_operating_rpm_volume_max
A162DD23BE85E41C,fd_helicopter_audio_tail_operating_rpm_volume_min
A1667D39B045A878,ui_challenge_7_ref
A16CE89A84591599,scr_sd_playerrespawndelay
A17076A9D69DCF46,r_longWorkFrames
A17F6B6345893A8E,online_matchmaking_delay_start_while_may_connect
A183F2E3541C4532,r_sunblind_fadein
A1961030EB4B5B9C,battle_pass_tab_position
A1BB5D401C3DF890,fx_lights_radius_scale
A1D39275A1444664,cl_anonymization_genericGameMessages
A1E7A5B58E368515,ai_showSuppression
A1EADAFDFE32F1F1,r_picmip
A1FF3C3587C5927C,mantle_prevention_jump_height_delta
A2060FC5254A73EB,r_skinnedLodBiasStep
A21034BF39D4B22D,scr_hq_timelimit
A213ACF291BFBED7,fs_debug
A21CAE06DA3625FC,useAngleAdjustedSpeeds
A21DD264ACCFE89C,net_relay_direct_fallback_enabled
A224C2DF7720369F,thermalBlurFactorScope
A22A83171D10D917,online_matchmaking_gamestarted_updates_hostdocs
A23FE6373CABFFB2,spaceJumpFlatNormalCheck
A26BD059338CFC66,online_matchmaking_allow_game_override_lobby_affinity
A2B8ECE3B96BE82B,r_decalVolumes
A2EE4408D81D9F92,scr_dd_planttime
A30C33EFC8281EB1,ui_gametype
A30EC2729EBAD654,g_useHitLocationFix
A31DFA9E481324D1,scr_grnd_promode
A32AE4ACC524D82B,scr_conf_roundlimit
A33BAFA01DE33079,glass_damageToDestroy
A341FB4CEEE5DE17,cl_mouseAdsUseMonitorDistance
A3555E6A2EA61D4D,vehCam_speedInfluence
A35669FC8A6B1875,bg_turretoverheatreset
A3597E0299B4DA2D,lui_vehicle_customization_enabled
A36235B4AABE764C,lui_bot_setup_enabled
A379A3D05034E5B4,r_lightGridTempSmoothingFactor
A37BC1FB34111FDF,scr_trial_dogtags
A37E4DA4CAC39766,cg_playerMovementNotetrackSounds
A388435EE3E74159,compassShowFire
A3962EB35D9404AF,scr_cyber_teamsize
A3D5F16C8254F275,player_buttonHintShortRadius
A3D811032F701209,mlg_game_paused_heartbeat_period
A3E6C171863D1E2C,online_standalone_umbrella_retry_time_ms
A3EDD2469DB24DC0,ui_saved_mapname
A407F4ADAB0CDAF7,perk_extendedMagsSMGAmmo
A421619A2188367D,r_reflectionProbeCompressionMaxMipLevels
A45BBE891A27736B,cl_transientWorldZoomLOD1Dist
A47B50B6F44BB438,scr_war_playerrespawndelay
A493D19D78897F55,online_archive_streamer_compress
A49B1553D1F407CD,upload_stats_base_interval
A49F956A9AEE908D,ai_busyEventDistExplosion
A4BD187A6333CAD9,online_challenge_daily_reset_time
A4E628015921AE35,ai_threatSightDisplaySpikeValue
A4EDAB84551BD3CA,band_4players
A4F9C97019A38CF0,cl_transientWorldLoadXYLOD1BoostInAirBRDistance
A4FA2098CB3ABD1E,vehCam_speedInfluence3P
A4FD8C1CA7E5ECDB,bg_shock_viewKickFadeTime
A50595E476F59DED,con_gameMsgWindow0LineCount
A5150E78E88FBAD7,lui_tween_parent_root_check
A51C2660AEBCA1C7,scr_grind_megabankbonusks
A5205B1B97692662,ui_overwrite_prev_per_bullet_hitmarkers
A52ADFCBF53C08AF,scr_hq_teamsize
A556FDD46CA1D446,r_materialPSOCacheDisable
A55B4E4719E7811C,pt_connectTimeout
A56657739F3FD65D,scr_war_numlives
A56A8E9530D6B84B,slide_required_airAngle
A577BF41ED2F395E,cg_netStatsLatencyVariationHighDedi
A581704564EF6D45,depthSortViewmodel
A587640796AF36DB,player_slope_maxAngle
A589479163060DB5,scr_dm_promode
A58E5057A30F6191,mount_top_clamp_pitch_up_soft
A5A389AD8707C3D7,heli_barrelRotation
A5CC1F61008D141E,compassObjectiveIconBackgroundScalar
A5E613B5B59D862F,spaceJumpSpringCamStrength
A5EA9D5BF557CA51,r_st_clutterLodScale
A5EDD98555A47928,potg_debug_print
A617C30F756D43FF,ui_ac130_105mm_ammo
A63F69DB3FDFEB74,mantle_on_40_spline_start_to_ledge_point_bias
A640D72A622B53BE,r_hudOutlineOccludedOutlineColor
A65DEC75782A1C88,cg_weapHitCullEnable
A66A0A2C45B9D27E,cg_hudSplitscreenCompassElementScale
A66D50F17ADAFA26,party_check_mm_on_member_join
A67BA41F277672EE,ui_killswitch_field_upgrade_mp_frontend
A688C736BB0CC42B,mantle_view_yawcap
A6913035D335D072,online_pub_var_fetch_always
A692DBC74E97E47A,scr_br_promode
A6BD0A7F6CE39DFD,player_itemAutoUseDelaySeconds
A6C1EC6BCB43D4DE,sprintViewHeightLerpSpeed
A6D09FBF7D9B49DE,calloutmarkerping_sightTraceContentsFix
A6EAB37486CE3D7B,perk_see_equipment_distance
A6F7A16595EAC2C1,slide_viewInterpType
A6F81A5C9FA708AB,cg_skydive_land_fov_blend_out_time
A6FAEFE6CB4D786D,movementAnimProtoDefaultIdle
A70659D8198C34A2,thermalBlurFactorNoScope
A70E425F9B0CFA67,compassZoomMaxLevel
A72C72C936B7B5B9,perk_footstepVolumeSelectiveHearingMin
A746D0B939961F1A,r_allowHDR
A75C29CBFFE8CFE8,scr_brm_squadsize
A772310AEA1302F7,cl_adjust_time_throttle_window
A7734D36A618D94D,r_gpuCulling
A78702F59D22DA9E,voice_mic_threshold
A796F13C4C3B9F94,ui_player_perks
A79852F95473C106,scr_snatch_scorelimit
A7A7CE70F98C2774,cg_bloodLimit
A7AAE8FC93FFBAB7,glass_physics_maxdist
A7B4C41903E6FF34,cg_autoSkipSplashScreen
A7D4BAF30B8CA9D3,online_matchmaking_max_retries_exceeding_team_differential
A7EF0A078816D6C0,matchmaking_game_type
A7F92EDAC6CFCD42,cg_weaponVisInterval
A7FDD30EB25ADA74,nightVisionDisableEffects
A834D93DB2A69A06,player_swimWaterCurrent
A8424D95BF0678B6,m_vehMouseSteerSensitivity
A852EB28DFF16E73,killswitch_ladder_akimbo_cresting_fix_enabled
A85E94BD158C7CD1,force_offline_enabled
A88252B5B299D76A,fd_camera_boat_chase_verticalOffset
A8A631B645886441,player_slope_sprint_upBobFrequencyScale
A8A8DF1810B32AC6,band_8players
A8AC94B863564196,scr_dm_scoreontargetplayer
A8B49C8B3A22EE58,scr_snatch_allowsupers
A8B87CFD44A7BED6,r_subdiv
A8C2B605F222BCC4,killswitch_PSO_Load_health_icons
A8C7E2E501F7016A,ui_class_menu_open
A8EE138A3CC629C6,lui_mp_private_match_enabled
A8F3C83D410AAB29,scr_dm_waverespawndelay
A9003CBF94492AE5,killswitch_mover_push_agent_crash_fix
A92A10EA6D74B2A6,scr_infect_giveTKOnTISpawn
A93070AFFBB9FE0D,scr_game_forceuav
A94B1DB3D602D9C7,cg_hudDamageIconOffset
A953999923E05C56,cl_transientWorldSwitchDelayZoomLOD0MinDistance
A9550F39988AF303,con_gameMsgWindow1FadeInTime
A96CB7FC26021464,scr_koth_randomlocationorder
A96FC647A067AD08,sentry_placement_trace_min_normal
A993B31A799E1897,g_dropForwardSpeed
A9AC24FE08AF66B4,r_fallbackProbeDebug
A9BCF8BCB2921432,aim_resist_yaw_enabled
A9CCB68C753CF0A0,scr_arena_killcamType
A9FCE3000B7A5FA9,r_drawSun
A9FD9EC518FEDB11,r_sunblind_min_angle
AA0E3EBE2AE7E33E,slide_deadzoneTweak
AA2C127150033987,scr_trial_squadsize
AA7C14D156A7D62C,party_minLobbyTime
AA8151CEDC94B6B8,hudBounds_adjusted_horizontal
AA9A0C53E19562C7,r_colorGradingAnalyticalEnable
AAA68A87D79FA0B6,online_matchmaking_is_league_play
AAB66313E6D87C29,scr_trial_useAmmoRestockLocs
AAD590793414A81D,cg_playerNameplatesFastPosition
AADDD44EB57877D3,cg_hudLighting_blood_specLumScale
AAE2DEC5564F6B25,online_store_tier_skip_gift_timer
AAEB586EBB45B3B2,waypointScreenCenterFadeAdsMin
AB0AA0598327A7A9,cg_hudLighting_basic_specLumScale
AB2AB87CF32EB0F1,calloutmarkerping_maxentitypings
AB3A490AA023CB5D,scr_tdef_promode
AB3EE2FC24DCE1B2,cl_transientWorldMemoryFreeMulMP
AB4D5EC8CCD1AABD,killswitch_last_stand_air_movetype_enabled
AB52B8FC135D768A,bg_gunBobTransOutTime
AB5A36302E57583A,scripted_melee_width
AB5B343FC3786BBA,bg_vehRagdoll
AB5BF9D46D636DCC,compass
AB673C14CEFCF4BF,scr_sd_teamsize
AB6A5CCC0DEB0543,com_userCmdEnableSmoothTime
AB6ADEFC250D3F4C,cl_transientWorldMemoryFreeMulCP
AB6FE2FC251370EF,cl_transientWorldMemoryFreeMulBR
AB722F696FAE3B19,force_lui_tween_meta_backup
AB84008E2442B3DA,cl_transientWorldSwitchDelayLOD0Max
AB98F5D25FFEA6A6,fd_camera_mode
ABA70A8E24691190,cl_transientWorldSwitchDelayLOD0Min
ABA873F23D73D46B,r_sunblind_fadeout
ABB26DCD09B667D4,sm_roundRobinPrioritySpotShadowsMax
ABB511CB818D7F09,cg_deadHearTeamLiving
ABD1A2B64B192AA5,cl_modifiedDebugPlacement
AC16CCC974C868F6,party_minVoteTime
AC26B4474862720B,cl_preload_sp_stream_minimum_time
AC5B75F65EC98EAD,spaceJumpDeathAngularVelocity
AC66757A6C24EAA3,scr_conf_dogtags
AC6A2B2DC4E73FEC,cg_waterSheeting_distortionScaleFactor
AC6B4D92A40E2404,slide_delayTime
AC7C51F9055714AF,cl_transientWorldStreamLookAheadTime
AC814819DEAE2D73,r_dynamicSpotLightLimit
AC859013551B0377,gpad_use_deadzone_option_value
AC881E1E277BCEEE,bg_vehicleTopSpeed
AC8B36B6DE189FA2,bg_shock_viewKickRadius
AC906356879F8902,online_qos_max_bandwidth
AC93FC9B6ABEFE1B,NVG_ADSVisionEnableToggle
AC992D237F15010C,cg_hudLighting_blood_specExponent
ACAA17BF188890BB,lui_enable_clear_breadcrumbs
ACAF6C02CE12CB10,r_volumetricsWaveLimit
ACBA7BA43B6C5BE3,scr_gun_winlimit
ACC4E8C5E47DFD47,party_maxTeamDiff
ACD46FAEEBCDD922,glass_meleeDamage
ACD75CAB90AFE152,killswitch_ads_footstep_creep
ACDED9DBD574BF5C,party_maxSquadSize
ACE591DC053BCC75,bg_viewBobAmplitudeDuckedAds
ACF57C223DF6AB1E,cg_everyoneHearsEveryone
ACFB159725A12678,r_st_streamLeadFactor
AD057E8508978BD7,cl_transientWorldZoomLOD1FixedDist
AD14DEDD32829032,lui_weekly_challenge_epoch_offset
AD3C2A405CF02C7A,cl_transient_sp_yield_start_priority
AD3D9214641705AF,partymigrate_uploadtest_minThreshold
AD453B5719F0DD0A,r_skinnedSubdivLodBias
AD46217D6BA56116,handheldCameraImpulseFootstepAttackMs
AD67579137C951A9,loc_language
AD6828F72533B547,voice_proximity_enemy
AD78AE4B09274415,lui_trial_ending
ADBF3C9C82686879,scr_game_allowsupers
ADC952A81A58947B,killswitch_view_legs_misprediction_fix_enabled
ADCD6B95F6EB8004,r_dof_physical_hipFstop
ADE7FED4855EE830,r_gpuCullTriClusterSkinnedModels
ADF6420A09291483,force_toggle_ads_enabled
AE024BA41A57F58C,ragdoll_debugInitialPose
AE0491446F675AF6,NVG_ON_BloomStartOffsetMS
AE126B167405781F,scr_selectfire_enabled
AE38F5787F91B7C4,battlenet_igr_weapon_xp_multiplier
AE429078416A51FC,con_forcedSubtitleTextStyle
AE4D085CF0A182B8,online_analytics_streamer_enabled
AE670B98CE62A5D3,r_gpuCullTriMinThreshold
AE6C292DF72B822F,dw_presence_get_rate
AE8E1B388512C5A3,cl_transientWorldStreamLookAheadEnabled
AEB12FF600A81EF8,fd_helicopter_start_spoolup_speed
AEC199E2355B2411,r_dof_physical_hipEnable
AEC23A8657698CF9,enableSprintViewHeight
AED3B0E3BFD5386C,ui_fx_lightmap_max_level
AEE4BBCD1E47148D,cg_netStatsPingHighDedi
AEE5905E1FDA69A2,bg_ballisticsDoClientImpactFx
AEEB29787A347822,cl_transientWorldLoadXYLOD1FalloffBeginBRPlane
AEEDED5B75AA1A1F,con_gameMsgWindow3SplitscreenScale
AEEF49E2592CA261,bg_pathFollowerMinLookaheadDist
AF092E31BC9A610E,missileMacross
AF0A48DFACADB12B,perk_extraBreath
AF0C44A7937CDE84,ai_debugGunBlocked
AF1D2E8C1B019506,cl_adsSensitivityMultiplier
AF27E3F08F6743BE,ui_player_blue_eggs
AF383F37C3A10748,g_hardcore
AF5099E12D591504,playercard_cache_party_fetch_attempt_delay
AF54F0A9F52008C1,dw_userlist_retry_throttle
AF5DB44957878504,screenshots_active
AF63B9F4694E9D10,scr_grnd_numlives
AF6B2D203E318635,crm_max_patch_note_count
AF7A533B1A43FF4A,party_client_disconnect_dlog_mode
AF8661C87B4F5873,deathCameraFailsafeOffset
AF9947DECA3168F1,execution_angle_attackerview
AFB77E2E273E0A65,mantle_over_48_spline_start_to_ledge_point_height
AFC04ED0D1765590,dw_presence_get_delay
AFC3F0EADEE72701,r_lensProfileOverrideFocalLength
AFCE208C737B69FA,private_matchmaking_enabled
AFCE68078E0DF916,scr_player_numlives
AFE0C10E071C9387,r_reactiveMotionPlayerPushDecay
AFF02F61167D1D87,g_password
B001D6C552EE6F00,g_useWithinUseRangePriorityDelta
B0213318215B0D59,con_gameMsgWindow3FadeInTime
B02F6C21E9CA1582,jogBlendTime
B03269A5AA412F13,aim_lockon_wallrunjump_scale
B04718B09968870A,perk_extendedMagsMGAmmo
B063A37750994538,r_umbra
B08A2995365AA4E6,online_matchmaking_updatehostdocs_check
B0A165351DD9AE3C,bg_bulletExplDmgFactor
B0ADA35EAC0561D4,r_tessellationLodBias
B0AE8D7BCDD64925,perk_blastshieldclamphp_hc
B0BE75A3EEA8A988,scr_trial_pointsheadshotbonus
B0C8E468D49E486B,vehHelicopterLookaheadTime
B0D6AB018005109F,online_matchmaking_ignore_team_differential
B0E01BA1BFE641DF,handheldCameraImpulseDamageRotAmplitudeScale
B0EAC2634BB9F546,friend_xuid_resolve_kill_fail
B0F0835333CCF21E,handheldCameraImpulseFootstepRotAmplitudeScale
B0F19DCC8B3C0A52,lui_error_on_out_of_elements
B0FA18554B523AD0,cl_transientWorldSwitchDelayZoomLOD0MaxDistance
B0FC5A9F8C889EF5,gamerprofile_blackLevel
B0FD0A9CCA905569,package_type
B0FD958911DDC97D,bg_doorEnableEnhanced
B11188D119715846,scr_arm_roundswitch
B11541FD8F2BB866,scr_koth_waverespawndelay
B1252C35ED6C2413,r_balanceOpaqueLists
B130FBFDF15CF6E8,scr_ctf_scorelimit
B13ACD9F8AB8CD40,online_clans_happy_hour_set_threshold
B188B60B1C61CF5F,r_preloadShadersFrontendShared
B18F3E35FF40CF7B,ai_debugGrenadeHintArc
B1B28B95A06CB413,stream_farAwayHeightmapsStreamingDistance
B1D01889AC60080A,scr_gun_promode
B1EA72C939360E74,frontEndPrioritizeLevelLoadExpectStreamingVisibility
B1FA316C92B05BC7,player_stairs_sprint_upBobAmplitudeScale
B2002DB999BF4B3F,bg_vehAtvNoiseAnim
B20318404CFC4571,pt_migrationQuitsWeight
B204D9960008824D,online_store_promoted_items
B205C61638520AFB,scr_arena_tacticaltimemod
B210BEDC140ECBFC,ai_busyEventDistFootstepSprint
B22E67857ACEC518,fd_helicopter_audio_main_effort_rpm_volume_max
B231F863E8949C28,ai_retreatCoverMaxVal
B2525D857AF729D2,fd_helicopter_audio_main_effort_rpm_volume_min
B267A61247065F22,r_dof_physical_accurateFov
B274702E58DA50A1,perk_fastregenwaitms
B281B795C4FEAAD7,con_gameMsgWindow0FadeOutTime
B2B45E2E904C13D9,ui_purchased_title
B2DBB7E0B4C4A862,scr_grind_bankcapture
B305DD4684D63336,scr_war_teamcount
B3135DDE8FC20A3D,r_smaaDynamicSubpixelPatternDistance
B3196C209162A74C,r_volumetricsParticleIter
B33E778B6DFEE24E,scr_infect_enableping
B346DAD8C82FD4B0,g_dropUpSpeedBase
B34F19D0BBEDD118,r_vrsMaskMotionBlurEnabled
B3599019E6CF20E2,playerCharacterCollisionMantleWindowFix
B36AD14B8164E7B3,cg_gameBoldMessageWidth
B383B9AEF0ACDF6C,cg_subtitleWidthStandard
B3A63DC4134CD4FC,scr_tdef_numlives
B3AC7DEDD61AB5BE,drawEntityCountPos
B3AD7D5D99BB234F,gamerprofile_mouseMonitorDistanceCoef
B3C3DC50526A4C63,r_amdGPU
B3CA72193665A2CA,invite_hsm_permissions_check_retries_max_count
B3D6F9F8D56C0850,cg_playerLightSampleShapeSize
B3E24E4E28698499,lui_battle_pass_enabled
B403CABB1673EEB5,xp_dec_dc
B40AF170C579B942,cl_connectionAttempts
B40D083C40533E12,fx_cull_fovOuter
B41F17B3B7450143,tracer_explosiveColor1
B41F18B3B7450376,tracer_explosiveColor2
B41F19B3B74505A9,tracer_explosiveColor3
B41F1AB3B74507DC,tracer_explosiveColor4
B41F1BB3B7450A0F,tracer_explosiveColor5
B4239AB90C6EFCD1,scr_grind_squadsize
B424EFA67D9C9110,bg_doorPeekAccelTime
B4289B3F4B271A18,player_slope_lateralBobFrequencyScale
B43491E0ECCD0382,daily_challenge_popup_forced
B436D80AC4124EE1,cg_playerFovScale
B450FA627404BE09,cl_transientCollision_MemoryBudgetFrontend
B4515DF32DF78B0F,bg_tromeoReverseAccelFactor
B45D88A25513259A,profileMenuOption_mouseflightinversion
B485E70378BEA8F0,gamerprofile_hudBoundsVertical
B494AC237369870F,LUI_MemErrorsFatal
B49DA630F9EB2F41,r_nvidiaMinDriverRevReq
B4A3E5317C28A4E7,mk2_extra_bonus
B4C5C10CBC848D56,player_zeroGravAcceleration
B4DB92999EDC4255,r_vrsDX12ShadingRateTransparentDrawListsEnabled
B4DCE39E5F187728,online_store_just_for_you_blacklist
B4E80ACB6229D144,fd_helicopter_audio_volume_throttle_increase
B4EA11A56B3DB121,killswitch_CDL_restriction_ingame
B4F3D6EEC014D686,lui_force_interactive_prompt_screen_snap
B4FCF64C2C24A905,spaceJumpDebug
B50461C98722083B,scr_dom_flagsrequiredtoscore
B509F002427B8012,sv_archive_frame_size_mp
B509FC5A3918BA54,agent_jumpGravity
B51ECFA05A5B29FD,xanim_debug
B534476E33FCE28D,ui_serverFrameDuration
B53AF00242B20F4F,sv_archive_frame_size_br
B53E5E5289672613,dynEnt_spatialMaxEntsLowPrio
B548B8D4034105D0,r_sunshadowmap_cmdbuf_worker
B54BFCF1001A96AF,scr_tjugg_juggswitchtime
B55933A9FE3FF9DD,r_st_clutterStreamDistance
B563DBCF57AD2E5D,bg_shock_soundLoopSilent
B5721151DE5F5352,cg_deadChatWithTeam
B57B27EBC94C33EE,online_crossplay_friends_enabled
B5A68AF6CD678BB5,r_preloadShadersWorkersOverride
B5B2A0F5D45C7614,player_zeroGravFriction
B5B6685A51A51BCE,stream_zNearDistanceInMP
B5B6906EC877C91E,cg_hudMapFriendlyHeight
B5BA1BCD76E618ED,cg_deadChatWithDead
B5C27290A6979563,scr_arm_useAmmoRestockLocs
B5EEFA789BF43A69,lui_showPerkIconsForDynamicWeapons
B5FC9E305A349531,agent_jumpSpeed
B6183B63AACF23C4,r_shimmerEffectColorAnimIntensity
B623FCCCCF92985E,vehCam_freeLook
B625B0686FFAF261,mount_controls_project_input_desires
B62804D667AA76C4,r_shimmerEffectInteriorFillIntensityFar
B63B0AE7AB4896CA,r_blur
B65C70F77BE02BF0,r_preloadShadersResetPSOStoreBetweenGameModes
B67275B53B38FB96,cg_playerLightSamplePos
B68654BF0A5ACAC1,cg_weapAllowDefaultModelAttachments
B6A80071EDC4CF54,scr_trial_allowkillstreaks
B6ABF031512A133C,sv_mp_LAN_remote_client_snapshot_msec_default
B6ACD28FC5ED1C5A,mount_top_max_height
B6E021D31E6B57AE,cg_skydive_parachute_cut_cam_shake_blend_in_speed
B6E824F88F961D9F,cameraShakeRemoteMissile_Freqs
B6F792E6279565F0,g_spectateExtraStreamedClients
B7171F9BB37B56D5,fd_helicopter_audio_turbine_operating_rpm_volume_max
B7270CF2124ECC45,scr_siege_caprate
B7291182D886F056,cg_thirdPersonCarBlurRadius
B729F1C82B44E953,lui_world_blur_fullscreen_layout_safety
B72DA6417D0C98E8,ragdoll_fullBodyExplodeMinRadius
B73A099BB3A16E2B,fd_helicopter_audio_turbine_operating_rpm_volume_min
B763B8644101301D,com_maxStreamedHeadsMp
B76BC9D88EC898C1,scr_arm_squadsize
B776E4C5860A7D18,bg_enableADSWeapNextToToggleHybrid
B77D9C64411D1B93,com_maxStreamedHeadsCp
B78A3949424C06E3,killswitch_last_stand_rewrite_enabled
B7A9F095E7B4DDA0,fd_camera_default_chase_lateralOffset
B7B2D2CAB48828AE,player_swimAcceleration
B7DAC4A1488A8D02,online_mp_party_weapon_xpscale
B7DAFD8FBFB2BBD4,scr_grnd_zonecapturetime
B7DE9EF8DD486A5E,ai_maxSpeedForCautiousNavigation
B7DF8176A9BD4A8E,glass_piece_mass
B80AB481116E69AF,scr_arena_weapontier8
B80AB781116E7048,scr_arena_weapontier5
B80AB881116E727B,scr_arena_weapontier4
B80AB981116E74AE,scr_arena_weapontier7
B80ABA81116E76E1,scr_arena_weapontier6
B80ABB81116E7914,scr_arena_weapontier1
B80ABD81116E7D7A,scr_arena_weapontier3
B80ABE81116E7FAD,scr_arena_weapontier2
B813B3758271F7DE,online_reconcile_retries_allowed
B81640CE8463BC81,vehAudio_inAirPitchUpLerp
B822450DC295CE54,player_slopestairs_blend_max_movespeed_blendTimeMs
B82A721D3666755C,r_mdaoCapsuleStrength
B82B7781DF5A8B76,dw_userlist_muted_throttle
B85A909A48D490F6,r_vrsMaskDofEnabled
B85EB94F05371310,aim_slowdown_slide_scale
B862E800CD54F9B4,snd_submix_restore_workaround_enable
B8730CBF267D7BB8,online_time_to_wait_before_inviting_the_same_user_again
B87C0767505C186D,scr_game_lethalDelay
B87F69776793A02B,player_stairs_lateralBobFrequencyScale
B87FAEEA35D5D678,online_invite_join_supports_popup_without_cancel
B8A9FDAACF22EB3C,scr_dom_teamsize
B8BE37CA1F48C6CF,online_anticheat_should_main_menu_fence_fail_if_mp_banned
B8BF85C638A4D689,scr_team_teamkillpointloss
B8DC4885445A2344,glass_max_shatter_fx_per_frame
B90B5E2D5586E558,playerCharacterCollisionMoverRockingCollision
B910B9CD5A151BEB,stream_distanceBiasOtherFoliageCardImposter
B917BD6753E62BAA,g_friendlyNameDist
B94DE020FEE37E72,scr_sd_winlimit
B97A7A8D51BFC187,r_st_displacementLodNear
B9A45AB341FF62CB,r_st_lodMorphControl
B9A877AB4983DE8F,lui_magma_blade_countdown_end
B9BAC9ABAF7B67ED,badHost_detectMinServerTime
B9E23D49AAF9B2E4,sv_cmdTargetExtrapTime
B9FC2ACDC4F48351,bg_gunBobMax
BA0AE07E4D766660,waypointTweakY
BA12B6B5574191C6,pt_privatePregameStartTimerLength
BA2A058076F5B9E5,ai_enableExecutionAttacker
BA2E79A90D465C90,handheldCameraImpulseFootstepDecayType
BA33E25D2DEDBABF,spaceJumpTimerFail
BA3547B319FF913A,player_stairs_sprint_upBobFrequencyScale
BA5E0FC72FDD019D,scr_br_numlives
BA67A369182CDA0B,r_gpuCullTriClusterOcclusion
BA6E2A671BFFDF49,dlog_perf_frequency
BA751A4F77B11F59,ui_dediServerFrameDuration
BA83B0ACDDD44DE2,bg_allowMeleeDuringWeaponRaise
BA8A644607DDA232,scr_lowerlimitcornersights
BA8A9972218ED856,lui_wz_tutorial_optional
BAB42A2110F5A16B,win_inputUsesKeyHook
BAB4AD05004ABF70,physics_HavokClothLicense
BABE2768A11C6D14,calloutmarkerping_contextualPingDetectionEnabled
BAE8D9ABB4D1E436,scr_tjugg_numlives
BAEBF38909418B87,objectiveGlobalFadeState
BB02B9E53D9778C6,fx_marks_ents
BB08E97A87A7DCFF,g_logEnable
BB3287EE2DEA8408,scr_game_allowkillstreaks
BB463CB43C667B57,addlinkedmovervelocitytomissile
BB614946A6D01A43,anim_aim_debug_factor
BBAD90EAC36DE697,cg_playerAnimReuseSkelPose
BBADBDF57F214729,ingamestore_version
BBB06DAFBB7DFF90,killswitch_execution_death_validation_enabled
BBB20CE285016FD8,con_default_file_filter
BBBB8BE0934C31A4,compassMainHeadingColor
BBC0C5014092EB87,lui_codcaster_dataview_enabled
BBCC24607AA676D7,cg_pose_assertOnStaleAccess
BBD28F5A15781F04,bg_vehNetNoClientGeoMode
BBD559CFCF69C2C9,ladderPullinBoundsScale
BBDB80E493B00098,ai_glanceStairsCooldown
BBEB911272AFEDCE,killswitch_fix_attach_partbits_enabled
BBFBBA340F60048D,r_vignetteTweakBoxSize
BC01587F8EB7A541,party_teamsVisible
BC120FE5D6CD193E,cg_playerLightSampleShapeOffset
BC41F7AAE7E6A91F,server_latency_profile_log_enabled
BC49F14E2C26C46A,r_ssaoSplitZones
BC4CFE60F27D41C6,scr_grind_teamcount
BC52854B36F3598E,r_drawShadowBeforePrepass
BC529CD1392D30F5,cg_objectiveText
BC5C4F1EE85C4EB2,lui_barracks_tab_enabled
BC6E1A83B5581879,weapon_variants_enabled
BC7FB7BBB43E068B,fd_helicopter_show_static_blade_index
BC8239AAE0CD7C8B,compassPlayerWidth
BC865ED8136AFED2,scr_cruise_3rd
BC87FD5D30198053,sv_clientNetPerf_UsrCmdTimeWindowMs
BCB6D6B3AC8A17F3,r_fallbackProbeSamplePos
BCC03BFE1A06EFD4,ui_friendlyfire
BCC69B6735CAC315,player_swimForwardSettleTime
BCE4D1D7A78B7913,scr_dd_winlimit
BCFE159B34CB9C77,gpad_stick_deadzone_max
BCFE96D5E78A950B,party_teamCount
BD03B597A37B18C0,r_volumetricsBulbAttenClamp
BD05761B1EC260E3,scr_game_deathpointloss
BD108D05CADAD415,scriptable_vehicle_filtering
BD14DB7B7AE1F26D,scr_arena_healthregentime
BD21039B34F1BC99,gpad_stick_deadzone_min
BD22A500E7FA9F6A,cg_hudLighting_blood_additiveScale
BD24EA40EF7D0901,mis_cheat_enabled
BD29ADD5196A852E,scr_team_teamkillspawndelay
BD34C20B5DEE9E6E,scr_grnd_winlimit
BD43817C7B479484,bg_shock_screenBlurBlendTime
BD55B2175E9D3911,ui_ac130_thermal
BD7FB2B3B12614D3,cachedContentStreamRequestTimeout
BD84D7E4D11F22DA,party_client_task_max_retries
BDA0E8805C36050B,online_data_fence_timeout_ms
BDA6AAAF4FD59C67,r_del_oof
BDA9A08ADAB2077B,ragdoll_ejectionImpulseLimit
BDE34BAF70654CA6,handheldCameraImpulseLandingModifierExtreme
BE0A410FB094DA3C,ui_killstreak_show_selections_icon_2
BE0A420FB094DC6F,ui_killstreak_show_selections_icon_3
BE0A440FB094E0D5,ui_killstreak_show_selections_icon_1
BE0FC73FC3AD5C36,cg_hudRicochetDamageIconHeight
BE288AECE0B4F615,cg_drawDamageDirection
BE31F1F0E2CA71DD,cg_mlg_gamebattles_BNET_enabled
BE42B89062FF0E2C,r_gpuCullTriClusterOcclusionUmbra
BE42D6F41B4B5FA5,online_chat_send_message_throttle_rate
BE4CAF075844C5AC,command_extrapolation_threshold
BE5B00C5664516EA,isMatchMakingGame
BE72F88A83B6D71A,r_frustumLightProxyUseStencil
BE9DB95044E1206D,party_partyPlayerCount
BEAEF04E24F74927,bg_mkiloReverseAccelFactor
BECD7D67982386A5,killswitch_agent_radius_damage_fix_enabled
BED29963FE941EEB,scr_superdelay
BED30F4668AF7923,con_forcedSubtitleColor
BED72AD1D1ED58C0,killswitch_butt_collision_vs_players_enabled
BEED502923A4C08F,sm_spotUpdateLimit
BEF099A7F654E773,mantle_on_56_spline_start_to_ledge_point_height
BF0D41539164C733,active_chat_id
BF1CEF26C4100BA3,r_hudOutlineOccludedColorFromFill
BF23A1D7B22670F5,r_forceSpotShadowUpdateSModel
BF45BB1A5C2C039B,ai_eventDistNewEnemy
BF5F9E2CA3CEEB0C,playerCharacterCollisionUnresolvedCollisionFix
BF6E1E8F95FDA41D,gamerprofile_mouseSmoothing
BF8CAB33700E982C,server_bandwidth_profile_log_enabled
BF9ECAFBE47EE9D6,vid_xpos
BFA992BF862BACD6,cg_weapHitCullAngle
BFB926BD4E56B30C,mount_side_min_height
BFC88C580C15BFC0,ui_adrenaline
BFD550B1A86A594A,scr_tdef_armormod
BFDB0DC69DD2B0A1,online_cohort_sample_percentage
BFE1BD5EC50E7F15,ui_player_money
BFFAC9D6A4DA3CFD,net_reconnect
C018D3DB6246BCB5,discord_overlay_detection_enabled
C01A240DE4D80E81,sv_running
C026C1479968E013,suits_useassets
C027610208F4376C,slide_min_required_velocity
C04191FAAFA091EF,fd_helicopter_force_rotor_rpm
C0419CF6517493BD,cl_packetdup
C04B8B7A3A72D00D,NVG_ScriptBlindWeighted_ScriptValueBlendInSpeed
C04DD80AEDA7A46D,scr_dd_defusetime
C05EBD75FDA5C101,CDL_has_seen_restricted_loadouts_popup
C069D7A9BF7166CF,player_zeroGravRollFriction
C07AE3C3880448C4,scr_conf_roundswitch
C0849325373CAB74,scr_koth_timelimit
C0A853374143A0B0,stream_maxAnticipatedVelocity
C0AC7C54862A4349,fd_helicopter_altitude_speedLimiter_range
C0B35600C51B32A2,r_sunsprite_size
C0BA831CB70654A3,scr_siege_winbytwoenabled
C0BDD97891CCAF2C,g_speculativeWeaponLoadCount
C0C08C1CF27C5B0E,r_primaryLightMotionDetectUseSkinnedModel
C0D9C7663AE92B23,slide_cameraAlignmentEaseMode
C0E51E4FAC039F3B,spaceJumpFlatDistCheck
C0E7109C69962D1A,player_view_pitch_up
C0F8D126414429C9,compassObjectiveIconWidthMedium
C10996CDAD3AA211,r_shimmerEffectInteriorFillIntensityNear
C11F7BB7BFBAE6EA,friend_xuid_resolve_batch_time_ms
C129432CAB2C6ED7,scr_arena_winbytwoenabled
C12DB712123F82CC,scr_siege_practiceRound
C1309AFC3B8C3124,online_store_just_for_you
C15079DF6F8D13B7,scramblerJamDistMin
C164465FB97A6744,fx_dismemberment_render
C17387DF6FB37A39,scramblerJamDistMax
C19DFDDAAD1D6F2C,scr_cyber_bombtimer
C19F340331A15D03,cg_playerNameplateOverlapCullingEnabled
C1A24B78D5130A9E,particle_physics_memory_threshold
C1A44C81C60A2E6D,playercard_cache_download_retry_step
C1A752D84B09339E,bg_vindiaGunPitchClamp_begin
C1ADC9288360411A,scr_brm_dropbag
C1B7267BB814E214,waypointOffscreenPadLeft
C1B9EAF3060BABF8,bg_crouchToProneSpreadRecover
C1BA770F0E3448B4,calloutmarkerping_enabled
C1E827CD7BBDD5FC,com_targetWidescreenHorzFov
C1F5333E97BA4312,ui_ac130_weapon
C216EE4EC3A869BD,assert_on_userid_map_fail
C2223C2DF41EDFD9,recentplayers_update_minutes_cooldown
C225FE72666B00BA,r_frontendWaitWorkerCmdsOnlyOfType
C22CBBA19AED36F0,gpad_menu_scroll_delay_rest_accel
C24838CD6BED488C,r_dof_filter_temporalFilter
C250288F86F3567C,cl_retransmitTimeout
C29F9846A6FD022F,compassClippedScale
C2ABB6BBFBC51E3B,sentry_placement_trace_radius_canon_safety
C2CA6EDE794F1A08,scr_grind_playerrespawndelay
C2CE77C86D8180D2,com_enableCrashReportOnSysError
C2D64403DCF60B1F,NVG_OFF_Instant_BloomBlendInDurationMS
C2D680CBDBBBAA90,adsReloadEnabled
C2D826C4B4BE867A,waypointDistScaleSmallest
C2DFBEA591D7672D,scr_arena_teamsize
C2E5591340D9E999,partymigrate_selectiontime
C300CDE46F707864,animDebug
C3095B925D077035,cl_pitchspeed
C315B1E812C2E5C5,cg_blood
C3180B1E733B2E59,r_eyeSensorDebug
C31F6AE495522B16,killswitch_missile_stuck_timeout_fix_enabled
C32688B669F7E236,scr_hvt_teamsize
C32EB7F63BCFE031,compassPlayerNumberTextYOffset
C35313471B512E76,g_DisablePlayerRepulsors
C3839EC5D13C75F2,con_gameMsgWindow1FadeOutTime
C38E9C7A6674B7A9,cl_transientWorldZoomFovXPadding
C3C997C9392F4D63,player_crouchSpeedScale
C3D7B533712495C4,should_pump_sony_realtime_multiplayer_only_if_user_has_ps_plus_for_telemetry
C401FE3925CC8286,cl_transientWorldSwitchDelayLOD1MinDistance
C40A186272337D3F,scr_arena_objmodifier
C41A3786286C160D,painVisionLerpOutRate
C43B00FF5A1EE1F8,cl_shownet
C46B8ADE70F4F713,compassClampIcons
C48213F355D5A6FA,r_frustumLightProxyDebugExpand
C486D321D11310DD,deploy_allowInWater
C487704502B49CBD,vehHelicopterMaxYawRate
C49A930AF10C0E5A,vehicle_horn_enabled
C4AE45E3A4948119,fd_pmove_use_alternate_blend
C4B581F62C2BA039,gamebattle_join_match_interval
C4BF579337F52298,scr_br_infilHeli
C4CE2EB4B62DB98B,r_vrsMaskNeighborhoodThreshold
C4DE77D791BE66E7,scr_br_scorelimit
C4E331BE1D6AA0B5,scr_arena_switchspawns
C4E79476033650D8,scr_fultonUseAmount
C4F146DD8FD370BB,bg_shock_screenFlashWhiteFadeTime
C4FFF5C0AF7000B0,cg_anticheat_datacollectionenabled
C504D6AD63C8211A,cg_waterSheeting_magnitude
C51757BB6571DFE4,sm_sunSampleSizeNear
C536BF5FC89C6589,fall_damage_fix_enabled
C53DD09DF9190FED,cl_transientWorldBRPlaneZThreshold
C5469303A4B788A8,r_ui_receive_postfx
C54801B147BD3075,dw_region_lookup_timeout
C55A03E288636FCA,sv_znear
C55AC932DC77C72F,lui_merge_scoreboard_row
C57AB34882C02E20,band_2players
C58C392FC9F22601,perk_extendedMagsSpreadAmmo
C5981F0693951105,r_whiteBalanceMethod
C5B5F8CD41D61C11,cg_netStatsPingLowDedi
C5D80FF41006A771,bg_viewBobConstantAmplitude
C5DB54CA55466270,bg_vehHandleVehicleNullPtr
C5FF7523AC8C8FC1,player_swimSpeed
C610F0A08B998598,r_SkinnedCacheSize
C6803A2B1E6D2B20,profileMenuOption_horzsensitivity
C682F0B9094F76CC,slide_view_angles
C6850446FDFF8C69,scaledRemoteAnglesKbmEnabled
C689321DD1250747,r_vignetteTweakSquareAspectRatio
C69203BC44915CB3,player_stairs_lateralSpeedScale
C69FB7A67591020A,snd_drawInfo
C6B5F9DE74261BC2,frontEndPrioritizeLevelLoadExceptNeededTransients
C6C0E99BEDEB2FE4,gpad_stick_pressed
C6C4F923FEE097C6,cg_hudMapRadarLineThickness
C6D03B9DD79384E0,glass_break
C6D047C8A6D73934,vehCam_zOffsetMode3P
C6E4017C4246FCFF,cg_playerNameplatesFastTrace
C6EC19E3B237F1CD,scr_infect_numinitialinfected
C70882893C7D0E7B,fx_barrelHeatScaleMin
C7468D1968D8D216,scr_game_navBarHideEnemy
C76D3612D6955E9E,gamebattle_noshow_time_override
C774A31806F11D16,r_fullscreen
C789F2CFE0816572,ui_autodetectGamepadDone
C79059073C5FA7F4,scr_dom_teamcount
C791873FCF531EC8,bullet_penetration_enabled
C7A481016FD4046A,com_maxStreamedViewWeaponsForLargePlayerCounts
C7A99337DEFFF3A3,cg_defaultWindStrength
C7AED13619425DD5,loot_table_zones_hot
C7BCD4A17488EF07,handheldCameraImpulseLandingAttackMs
C7C011EAAD5B06A7,scr_arena_startWeapon
C7DBDBDA4E136ED4,fastfilePreloadGamemode
C7FD52E604954083,scr_grind_winlimit
C80AA624AC7318AB,bg_fallDamageMinHeight
C810FB199F9B3BC7,r_sunflare_shader
C815A5DD341A221D,com_userCmdMaxBufferScale
C826386A492CEE35,scr_dm_teamcount
C82EF850EBB7BC5C,scr_conf_pointsperdeath
C835603E1330B389,r_vrsDrawGunEnabled
C83C5EF83849D906,r_useCameraPositionForViewModelLightGridSampling
C840517C5DFC4671,cl_transient_mp_delayRelease_enabled
C84955F8039345D8,missileRemoteSteerPitchRange
C856676FC86CDAC4,scr_dom_pointsperflag
C867DB344DBDCDD5,physics_ExtraLootServerBodies
C8793319CC15FE65,compassObjectiveIconHeight
C88E40C8605AC8EF,player_slopestairs_blend_min_movespeed
C88F658EBFAB38CD,bg_shock_lookControl_fadeTime
C895F0BE96AB3120,enable_match_chat
C89C0442DF128216,r_tessellation
C89DD05ED86D1983,r_daltonizeForceMode
C8B4E5587AEE2455,stream_distanceCulledImagesDeprioBegin
C8BEE29813CD8081,compassTacmapFilterZoomPOI
C8C4CFC5FE7B4F15,cg_turretRemoteKillCamFov
C8CDAFD1684A20A4,compassTacmapFilterPOI
C8D71630C3568D2F,NVG_OFF_ExposureBlendInDurationMS
C8F8650206BBA20D,gpad_isLefty
C8F8F64593539616,cg_landingSounds
C8FFE37E289AC6A5,lui_survival_map_enabled_kbm
C902B6017CB8450C,cg_vectorFieldsForceUniform
C9056E6262F50631,potg_action_duration_max
C908A3E7D30B345D,g_useEnableScoringFixForUseRange
C90AC7A408A58F4F,profileMenuOption_gore
C92440628A676EF7,r_sunblind_max_darken
C9296062631D621F,potg_action_duration_min
C929790CA751CD40,compassClippedScaleMaxDistance
C93E33B7BA6373DD,bg_vehEnableInverseView
C94018EF04F814F9,vehCam_yawClamp
C942BB650908AA6D,stream_readSeekOrderMaxSizeKB_Image
C9434C3B3CE973EC,migration_crossplay_allow_pc_host
C955DDB080D304DD,fx_draw
C97D501E5B7683FB,ui_killstreak_show_selections
C9824B12E29079F7,ugc_update_delay
C99AA5DB9D6EE101,dedi_relay_backoff_delay
C9A06A5AD018F94C,scr_ctf_squadsize
C9A089BF34BD56DE,r_requiredCubemapSize
C9B434461E60625E,r_frustumLightUseAtomics
C9B57CB44FBA2B1B,scr_tjugg_roundswitch
C9BBA5240DE2A7F6,con_gameMsgWindow2MsgTime
C9DD786D0F20F6F5,online_store_tier_skip_gift_enabled
C9F59D4C2BB61E74,online_challenge_jitter_time
CA032C9665DE427B,perk_defuse_hack_time
CA10C4C1F205E2B3,r_postAA
CA294F5EA5B631BF,cg_killCamDefaultLerpTime
CA4118FD2695B5A8,ai_accuracyDistScale
CA438307BE30ECA7,profileMenuOption_mouseflighthorzsensitivity
CA5ED99C83F35BE9,compassBigMapClippedVehicleScale
CA93009C2307790F,cg_playerLightSampleNormal
CA965E793D0F0B96,online_error_reporting_should_send_overwrite_errors
CA979BDFC4610484,lui_mc_firstTimeInCurrentMissionTeam
CAB10ED8CA8C226B,com_timescale
CAB4765EB36812F0,mantle_spline_ledge_point_height
CAC3C15AF5470FD2,lui_rendertime_binding_directive
CACBCBFC64E33F90,cpu_speed_18players
CAD4ACA6EDAC3A6B,compassMLGMapVehicleScalePartial
CAE3B812677BC58D,con_typewriterColorGlowCompleted
CAF3738787DB77C0,r_refreshRate
CB0E6424A80AFC55,r_subdivLimit
CB2BF57C53698A15,scr_tdef_scoringtime
CB3B5F21B04BA404,battlenet_igr_battle_pass_xp_multiplier
CB79640681218F79,lui_survival_lobby_playlist
CB8529A7F90469F1,cl_framerate_limit_enabled
CB9DCF38877CA67C,dw_userlist_max_failcount
CBACFC757D6BDD7C,bg_dechoReverseAccelFactor
CBAD47DED39C3A88,lui_battlepass_br_reward_flow_enabled
CBC8454A3750D2F4,cg_skydive_parachute_cut_pitch_threshold
CBC9B33732597BBA,r_dynamicOmniLightLimit
CBCD4EE052317649,scr_default_maxagents
CBE38F2DE89A2B77,superSprint_enhancedTime
CBE766FA3BF24BBA,cg_netStatsTimerRespawn
CBE80EB29D7E7C95,cg_netStatsPingLow
CC1F5DC59ED6B7A0,cg_drawPlayerShadow
CC2773918F9697E8,sprint_allowRestore
CC280F970871E1A4,lui_ingame_warzone_tut_retry_enabled
CC28D8E22B8FB6BA,enable_splitscreen_scoreboard_indicators
CC681BCC0271FD35,mount_indicator_inworld
CC74F3A3EF41E36C,player_swimFriction
CC8E146AA5302483,scr_brm_promode
CC9ECF013AE8906B,lui_esports_shipMemory
CC9F5C54A949606A,gate_sp_access
CCA07DB404E0D122,cg_weaponCycleDelay
CCA136754C98F71A,fnf
CCAB453CBBA55AC7,cl_transientWorldLoadZLOD0AdjustEndDist
CCCBDF6731D62C92,lui_post_bundle_purchase_upsell_enabled
CCE21EFE59747726,scr_arena_flagsrequiredtoscore
CCF44E12ED963783,lui_loot_unlock_filter_enabled
CCFA7F483121C918,killswitch_last_stand_pose_eval_order_fix_enabled
CD05836AB03C861C,cg_viewedSplashScreen
CD10D3645A796FA4,fx_lightmap_pixels_per_texel
CD12292E974B1142,scr_gun_allowkillstreaks
CD1C6E9BE0207590,ui_snr
CD356B42DB4DC9E1,cg_deadHearAllLiving
CD4B494505602FE4,dlog_perf_min_time_in_level
CD4EBF33C41BABAC,online_party_host_crossplay_change_toast_display_mode
CD53CF2207E26873,lui_objective_fadeStart
CD5484C48076D404,online_matchmaking_startmatchmaking_interval_ms
CD5EAAF66C249F97,bullet_penetrationActorHitsActors
CD655C8E993AF39F,heartbeatSensorTabletMaxDrawRange
CD83A787D4E2187B,vehUGVRollTrack
CD8757FDBD658398,cg_hudLighting_basic_diffuseLumScale
CD8FBFAAC543C167,dw_profanity_check_wait_count
CD925342B619DCE4,ai_threatSightFacingScale
CD9E0520E144018F,con_gameMsgWindow2LineCount
CD9E3298730DF480,sv_paused
CDA4C2164C1B2DED,cl_transient_mp_yield_timeout_at_max_velocity
CDAA1E27982FF9E8,scr_conf_timelimit
CDAA644F8793078B,r_sunblind_max_angle
CDAC443DFEB0DFD7,cl_adjust_time_slow_adjust
CDB5D2410EFFB634,cg_updateviewmovementworker
CDBB3EACEE121234,g_radiusDamageCalcDetailBounds
CDCC849795737D14,player_useFOV
CDE00C434F4418AE,sv_virtual_archive_enabled
CDE9C923F0CD1D7E,command_buffering_enabled
CDEA2D97584C0825,scr_snatch_promode
CE081640EEA51A31,party_lobbyPlayerCount
CE11DDEF7C5B3314,walkStrafeSpeedAngle
CE38E352F846C91B,online_crossplay_max_fail_attempts
CE3CE80E775D48AD,r_videoMemoryOverflowHeapsThreshold
CE4EF9932B5852B5,online_invite_hsm_should_clear_session_info_in_decline_invitation
CE63DF8CF424ECCB,invite_hsm_matchmaker_session_attempts_max_count
CE68A619E4D6337C,player_slope_sprint_upBobAmplitudeScale
CE78C1F81D0B00AA,r_umbraSpotShadowSelection
CE834C49991A5F60,bullet_penetrationHitsClients
CE8D42BDDF1541B4,scr_game_allowkillcam
CE94FBDCA7DB28E4,r_vrsMaskPreview
CEA02A4DD477498E,scr_infect_roundlimit
CEAEB192E6929897,r_videoMemoryUseOnlyReservable
CEB6A7D3540B321F,r_mbVelocityScaleViewModel
CEBCC7E97C9FB9BB,online_skill_upload_max_fail_count
CEC8660F10434BA1,net_ip
CEC9F020B1BFC2E3,cg_hudLighting_basic_additiveLumOffset
CED140DA11762DA5,online_invite_hsm_should_check_blocklist
CED2490E14761A05,bg_weaponBobAmplitudeBase
CED4A73FED90D279,online_reconcile_killswitch
CED75240913BC3EA,scr_game_tacticalmode
CEDD311491C8BFC9,player_sprintSpeedScale
CEE74C4A9530D772,partymigrate_logResults
CEEE69C177D99360,ui_juiced_end_milliseconds
CF07583A7C8F0CD9,stream_cameraVelocityWindowDuration
CF1551E1FC815005,cg_crosshairAlphaMin
CF18D9C77FDB27EF,player_swimVerticalSpeed
CF1F1FD714C53196,bg_vehDmgPlayerRateMs
CF24C5C2E849B7C6,online_should_show_toast_for_disabling_crossplay_with_other_platform_users_in_party
CF459EDD16D55B89,scr_nukecancelmode
CF4C90D0AD7C10DB,scr_dm_targetplayercycle
CF65E3AA02711354,friendlyNameFontSize
CF6EDD0725242D89,scr_infect_tacticalinfect
CF763F815071797D,lui_enableBundleUpsellWidget
CF839961BEBD4ADF,scr_trial_numlives
CF94C7E97C402B1B,scr_arena_playerrespawndelay
CFA62F7E125EB3BC,cg_prematch_playerVisbilityRequiresWeaponModels
CFB70ADEFF6A5343,ai_glanceShortDuration
CFC92E59D6C1466A,scr_hvt_promode
CFD00EA083E4DA41,cg_turretKillCamUpDist
CFE8BF9D0A131CFD,scr_dd_extratime
D0144B324392A2D2,cg_crosshairFriendlyColorEnabled
D0538ECF9605F053,lui_fe_transitioning_scene
D069043E964EAF5B,scr_br_flagcapturetime
D06C7E8CC3100B5D,cl_transientWorldZoomFixedDist
D07954090CBC0C40,r_shimmerEffectInteriorLineStrength
D08E19C74047B60C,scr_arm_numFlagsScoreOnKill
D09B29FDE9B01BC7,ragdoll_enable
D09EE2EAA93C91EF,scr_br_prematchffa
D0A2E22C8E98B05A,stream_introCinematicThrottlingMbPerSec
D0A3842A5746FCD4,killswitch_weapon_stance_recenter_scale_enabled
D0B64F946ACED56C,stream_treeSpanBoost
D0C962725CB483BF,scr_infect_waverespawndelay
D0D4D1B1C5B701B1,ai_eventDistPain
D0E3080D03F37DDB,voice_mic_inactivityMuteDelay
D0E64CBB5AA8E6B6,scr_lowerlimitfullsights
D0F8F48BE084C3B5,viewModelDebugNotetracks
D10401B265185000,lui_show_mm_ping_band
D10B51F37916E157,ui_is_magma_gamemode
D111B4C026151DB6,cl_showmouserate
D13AA7BD77EEC0BD,scr_grind_dogtags
D145F53EE560DD70,r_vignetteTweakIntensity
D156347D909772C5,partychat_check_sent_data_freq_ms
D166707F58AAEA8F,execution_hold_duration
D167EF881889A85F,gamerprofile_parachuteAutoDeploy_optionsAvailable
D16811F1F64578DB,cg_hudLighting_blood_additiveOffset
D16C9A360648A055,r_usePrebuiltSunShadow
D195A9E05BB20942,scr_grnd_pausetime
D1B9E3078AF0DCE6,online_qos_backoff_max_attempts
D1BE0FC9B86DB1D8,scr_war_waverespawndelay
D1C9984568884F80,debug_stopafkcheck
D1CAF6F38B02ED33,gamerprofile_locationSelectorCursorMouseSpeedMultiplier
D1EADD899644C8A4,bg_viewKickMaxNonADS
D22315856229D6FF,r_displayMappingSdrTargetLum
D2282BF9FA477244,r_primaryLightMotionDetect
D240B0793838AABC,ai_debugTargets
D244CB9CAD459093,gate_initial_access
D26CE84FFE0FC0A6,cl_transientWorldStreamLookAheadMinDist
D26CFEDC6E658922,com_errorTitle
D28F8006981029AB,r_tonemapLocalStrength
D2A1A9B3D6E4EAF6,scr_arm_teamcount
D2C1E29968D06F8A,online_pub_var_fetch_all_on_update
D2C6B92DAF3B5943,scr_arena_promode
D2F3327C3C633B22,r_vertexDeformFadeDist
D2F380AD77BCB7A7,handheldCameraImpulseLandingDecayMs
D30EEC79D398FAA0,slide_outSpeedScaleTimeMs
D31888CC83D0CA90,scr_trial_promode
D31B92E8C759D44C,r_ringFractionForFlush
D32037784A5CD9B5,gamebattle_skip_account_check
D3265781815C5BB9,cpu_speed_24players
D333CD7877E47C2F,vehCam_offset3P
D33A37B6759E149E,cg_weaponStreaming_enableWorldClientModels
D340F961607A7C0B,cg_entityWorkers
D34C3270950F50FF,compassRadarPingFadeTime
D36049E0D76F7B21,r_primaryLightMotionDetectSizeMax
D361D046446CADAB,playerCharacterCollisionFriendlySoftPush
D37BF634955EBF24,handheldCameraImpulseImpactDecayType
D38106152D69C3B5,playerLastStandContourShapecastRadius
D3835BE0D795EA6F,r_primaryLightMotionDetectSizeMin
D393A6733A0AE068,flavor
D393F108AD9579EA,blocklist_max_errors
D393FB5DD45A92AF,killswitch_sprint_slide_exploit_fix
D3B8D4217CB6BEFE,r_umbraCullDynLights
D3C45EC302442402,scr_dm_showtargettime
D3CEA43FDB89BFF2,con_typewriterColorGlowCheckpoint
D41A0FFA5652A619,scr_br_goalmovetimer
D4362A97A9B6315F,scr_tjugg_ppkjuggonjugg
D448B1E48B5C8B54,r_sunflare_max_size
D44B2DBE03C2FA57,playerLastStandDownTraceDistance
D45840C0DF07740E,cg_hudRicochetDamageIconOffset
D45D9F7CA0677B80,vehAudio_inAirPitchDownLerp
D46158C004CCD2A2,playerCollisionStandingStickHeight
D47CECB9679CD5BC,r_sunflare_fadeout
D486C1F8630C1FA3,sv_baseline_size_estimate_br
D4933DEC523B50B4,scr_koth_teamcount
D49C6A8FF7BC005B,vehCam_yawTurnRate
D49F33AE2449C5B9,bg_vindiaGunPitchClamp_max
D4B34B03F860FB63,online_mp_weapon_xpscale
D4BFD1F8634ABDBE,sv_baseline_size_estimate_mp
D4F6698CA42547D4,g_useDirectLookInnerAngle
D514F575B007DB98,killswitch_last_stand_forward_slope_adjust_enabled
D51824CCA4418FD9,r_tgScript
D51AC965E6FBCBC6,scr_war_teamsize
D51D54208B3C49DB,cg_skydive_rmb_parachute_cut_weight_min
D5259EA4EB506E76,cg_crosshairDynamic
D52665A7398EDBAD,cg_marks_ents_player_only
D5540792CC3F54F1,scr_bradley_spawner
D555A64B3EED17A7,objectiveFadeTimeGoingOff
D574B2C72BC918A4,lb_minrefresh
D57E8335BADDE242,scr_infect_lethalinfect
D584DC0602C5D3BA,oer_fatal_errortype
D588B637205CE829,cg_umbraWorstCaseMinObjectContributionEnabled
D5907CCF10E1BC46,cg_weapOverrideDefaultModelTrans
D5F2F031E7DD45D2,scr_infect_infectextratimeperkill
D5FF0250A0D18ADE,r_frustumLightProxyConsExpand
D6021347DF76DFE1,pt_AliensReadyUpPublicStartTimerLength
D606CDCA26B510E1,scr_cyber_idleresettime
D60D09C36038DDA3,cl_transientCollision_MemoryBudgetGame
D60E87ED267605BE,scr_disable_forfeit_ship
D60F3E0FD4EFAFAA,ragdoll_max_simulating
D628CA1E61295F94,scr_conf_promode
D62B2851E736C66E,lui_battleRoyale_lobby_duo_playlist
D64486C73C03EDF9,r_vrsDX12ShadingRateTypeDecalDrawLists
D645F426A5DCBF07,cg_radialMenu_selectionHold
D6545BBFB11625BD,r_smp_workers_skip_count
D6691E8D4B3AEE22,lui_large_player_count_threshold
D66AA88265DAE2E0,ui_allow_teamchange
D66EA7BFCED4DBA4,scr_rugby_squadsize
D67051E252EAEE73,online_mp_party_missionteam_xpscale
D6759F34C0FEC290,daily_challenge_veteran_xp
D68607D8281D3827,ui_ac130_coord1_posz
D68608D8281D3A5A,ui_ac130_coord1_posy
D68609D8281D3C8D,ui_ac130_coord1_posx
D6AFCC65FE7F67AA,scr_game_vampirism
D6B70E4452B19AEE,stream_readPackedMaxGapKB
D6B9758BE5D9B328,r_drawWater
D6C01C6AB3A20E4E,cl_textChatEnabled
D6C19F2A20D55AAD,cpu_speed_8players
D6C6D71D766DF4A9,livestreaming_active
D6C6F380FB07F683,ui_cinematicsTimestamp
D6DA83C4BB4D11B3,r_blurAALimit
D6E38B5D7A5AB560,player_zeroGravRollVelocityMax
D6F082C7B7955947,cg_defaultWindAreaScale
D6F8396110935719,killswitch_butt_collision_enabled
D708AD57EDA6C070,cg_psInterpolationDiffClientsFix
D73A45D01CBDFD8B,com_maxStreamedClientModelsCp
D76641D01CEE5B25,com_maxStreamedClientModelsMp
D77446FF23A3668F,ai_frontShieldDamageReduction
D7769832C42AE1D4,online_should_upload_analytics_streamer_log_file
D7A9EA9B82FE3D1D,scr_sd_teamcount
D7C40FC2EB3DB603,patchmanifestoverride
D7C5FF5CAA8AD48D,con_gameMsgWindow1SplitscreenScale
D7F10EAF35FBEF70,r_cinematic_limit_render_during_intro_enabled
D7FC0E8A2EA97517,con_gameMsgWindow3Filter
D8018B8D102ABD3F,cg_ceiling_footstep_coneRadius
D804391979E6627D,potg_min_scene_score
D823BF55201066BF,cg_friendlyReviveNameplateEnabled
D83378D39D222612,dedi_qos_buildname
D83A10633FF87306,cg_defaultWindNoiseScale
D8446A6927FD9E2A,ui_controls_menu_open
D853EAC1AB480ADD,scr_requiredmapaspectratio
D85F24947199B48F,online_challenge_upload_season_update
D86E7A847CE161B9,scr_dom_winlimit
D89064F0C927A006,cg_ceiling_footstep_coneHeight
D8A8CCC820E3CC02,bg_vehBrakingEngineMultAtv
D8B7298E7FEBFBC4,compassObjectivePlayerNumberTextYOffset
D8CDB2888C027343,scr_game_superFastChargeRate
D8D9ACEA4E9814D7,r_vignetteTweakFalloff
D90076E99278E289,playerLastStandCollisionTestMaxIterations
D90DEB90C068538B,playercard_cache_party_update_mode
D91494FAA65AEAD0,scr_grnd_firstzoneactivationdelay
D963FAA9790429DF,net_relay_enabled
D96BEE904FF38D97,online_matchmaking_dedi_required
D978BECEF6C184CB,cl_pushToTalk
D98CF479DF918779,shieldBlastDamageProtection_120
D98F3ED9BEAE1044,NVG_OFF_ExposureBlendOutDurationMS
D99A39362FC1A3A6,compassSpectatedPlayerObjectiveArrowRadius
D99F4A75FF304665,killswitch_mp_leaderboards
D9B049EA5947BB1B,ui_reaper_targetdistance
D9B8919EEF578835,veh_aiOverSteerScale
D9B89ACB69E0DAE8,fd_camera_cockpit_chase_dist
D9B8F079DFC1E513,shieldBlastDamageProtection_180
D9C94A53BFE6F9DB,dcacheThrottleEnabled
D9D1A2EE2F379363,killswitch_weapon_datasource_caching_enabled
D9E249B1B17F0264,gamerprofile_snd_licensed_content_volume
D9E89829C053D553,online_commerce_use_influencer_purchase
D9F0A5437FAB5010,perk_see_air_killstreak_distance
DA07610C31B3FC93,xanim_physicsGravity
DA0A2DF030351109,db_discErrorSystemDialog
DA1D7F2DC447CE8C,ui_player_weap2
DA1D822DC447D525,ui_player_weap1
DA3C40302F553397,ragdoll_max_bullet_forces_per_bone
DA51C90F4B7905DF,vid_ypos
DA5AD13D5F85ED5E,ai_enableExecutionVictim
DA5EE32F56F38010,r_eyeSensorUnrestLut
DA66D597E7A487F3,fd_camera_boat_chase_dist
DA69F6B8CBC48DBD,r_ui_scale_range_min
DA7CE503A683AECE,drawServerBandwidth
DA8940E044666B8D,con_gameMsgWindow3ScrollTime
DAD71A97DA10E1BF,cg_TeamColor_Spectator
DADF15B4B03469B4,bg_bounceIntensityHeavy
DB1AAE2954624938,scr_grnd_roundlimit
DB2CBAE52600E3A6,party_followPartyHostOutOfGames
DB36A1D6373281FC,cg_vehicleSpectateEntityOrderFixActive
DB39D006A33A3D3E,perk_points_to_earn_upgrade
DB39EF64F5CB194E,online_challenge_season_and_week
DB48583F9D3DA2F9,ai_busyEventDistFootstepWalk
DB55DF5402A26247,scr_dm_teamsize
DB5D3184A15D696D,party_maxplayers
DB657071ECC08D52,scr_conf_pointsperkill
DB65E204109C71C9,scr_nuketimer
DB66CE407376113D,scr_dom_flagcapturetime
DB8143ED7E3403E0,cl_transientCollision_MemoryBudgetGameLowMem
DB8710AB261373E8,physics_allowQueryDisabling
DB9D46A72F7B19D3,gamebattle_keepalive_interval
DBBFF6E869C802DB,handheldCameraImpulseLandingRotPersistenceScale
DBFD2102C372A019,slide_under_geo_trace_dist
DC04DC43E83126E8,skydive_can_collide_building
DC29101803ACB01B,superSprintDoubleClickInputTime
DC332CBD9732BA4C,r_usePlacementAllocsDefrag
DC3409FA46317217,telemetry_storeBrowse
DC341F36E11B0B5B,mayhem_entInfo
DC3A2C958B73DD5F,glass_physics_chance
DC403DC334EC87D2,r_slopTarget
DC578EE3B7260D04,fd_camera_default_chase_dist
DC58BB191F3C3401,cl_inhibit_stats_upload
DC606A021D9BF17D,com_animCheck
DC65448A63DE55D3,fd_helicopter_start_autotakeoff_height
DC654E4C85C28FBA,g_knockbackPlayerScale
DC671CA10F965AE6,scr_dmz_allowSupers
DC9E007EB10319CB,fovLerpPreset5_targetFov
DCA369B820A06CF0,matchdata_ddlactive
DCB9582132925FF3,gamerprofile_mouseFilter
DCBF04BEA99AC54F,cg_enableViewModelMotionPrecisionFix
DCCABB8F8615159B,bg_bradleyForwardTorqueFactor
DCDA061056248B5A,dw_userlist_recent_throttle
DCFF004AFC0C51CD,scr_dd_roundlimit
DD0F2C637B8E7FDB,player_useRadius
DD207A2D16719713,aim_slowdown_prioritization_crosshair_dist_prop
DD303B484157C70A,player_slopestairs_blend_min_movespeed_blendTimeMs
DD487089696C6FCB,scr_ammo_box_proj_hide_duration
DD56E6A7C3B61712,pt_reservedJoiningSlotTime
DD762EEBD3246B9E,spaceJumpCurveTimeVignette
DD833B9B028FFD35,r_adaptiveSubdivPatchFactor
DD843191D828D3B5,fd_helicopter_audio_main_operating_rpm_volume_min
DD8D031A6F079BEE,bg_weaponBobAmplitudeProne
DD9319874C24FCCD,scr_cyber_enemydeathloc
DD9A8C59374E22BE,cl_transientWorldVisibleFacingCircleSweep
DDA71B91D84EEB0B,fd_helicopter_audio_main_operating_rpm_volume_max
DDC1185FA76CFDD8,scr_snatch_crateDropTimer
DDC26AE3094060FB,bg_shock_soundEnd
DDC8BD8A06CF3387,ai_glanceNearAnyPlayerThreshold
DDCA9E51B212D8AD,ui_ac130_darken
DDD166897895B12C,r_amdMinRadeonSoftwareRevReq
DDF6BC322CAA1482,vehHelicopterHoverSpeedThreshold
DDF72BE9F5E56F0E,scr_player_lastStandReviveDecayScale
DDFD7E71ED7C5B50,ui_allowvote
DE08A3ED3B9370A5,scr_grind_bankDisableTags
DE0FE30BDD4D32EC,sony_realtime_multiplayer_br_game_specific_killswitch_flags
DE14739D102CABA0,r_vrsMaskMotionBlurIntensity
DE2876DF86CDA0D0,viewModelHacks
DE2931840C0EBBDC,r_diffuseColorScale
DE3A627EF5C79D51,vehHelicopterTiltFromAcceleration
DE53266D8F540DB5,r_vignetteUseTweaks
DE64FA8ABE305912,win_debugKeyHook
DE686CA19936F7E1,perk_hack_equipment_time
DE7AF575A98E56E8,com_maxFrameTime
DE92D244EE3C6515,cl_transient_sp_yield_end_priority
DEB30BF5B3EBB48A,skydive_enable_faulty_base_jump_fix
DEB3A7FCA74BEE77,vehHelicopterMaxSpeed
DEC4B4F1D81DF191,daily_churn_login_confirm_text
DECA8EE6F3CFED47,r_thermalSurfaceNormalStrengthMul
DED653F1A8DBD781,compassMLGLargeMapInnerArrowOpacity
DEF96EE48F046421,scr_sd_winbytwoenabled
DEFA779B7F9D5653,online_should_force_skip_session_search_on_initial_join_attempt
DEFEBA85004288D2,laserLockEyeOffset
DF058B46F91949C1,bg_viewBobAmplitudeStandingAds
DF158A27B5F50E8D,vehUGVWheelInfluence
DF17ED9B73ABF672,vehHelicopterDecelerationFwd
DF31F5E317F26E3D,sm_spotShadowSampleExtra0
DF341E45A743F863,ui_ac130_40mm_ammo
DF457F6F4264B504,gamerprofile_adsLowZoomMouseSensitivityMultiplier
DF535CEFAE58E500,physics_processWorkerCommandsWhenWaiting_enabled
DF5A4036C361B960,scr_arena_practiceRound
DF7926AE50D0AADD,battlenet_presence_backoff_time_ms
DF82A186E06397BA,ui_challenge_1_ref
DF82CC7AEDEA08A1,telemetry_screenView
DF94AC164ABD6689,cl_preload_sp_yield_delay_time
DFA21372B75E0162,cg_viewmodelMotionBlurFireScale
DFA812BC4E2293AF,cg_hudLighting_blood_ambientOffset
DFBFF476408B6131,cg_netStatsExtrapolationHighDedi
DFE34C18DEE0E734,drawEntityCount
DFF3A4249475BF71,partymigrate_timeout
E004E9D136A32508,scr_dom_precappoints
E017C6022355804E,ai_foliageSeeThroughDist
E017F16B2A0E34EB,slide_perk_fastslide_scale
E01D13520D4EF56A,vehHelicopterControlsAltitude
E024D93F0BA8B9A4,voice_mic_outTime
E03E0043260C3E7F,br_minplayers
E06E18F650D89456,online_blueprints_enabled
E072850E9FADB8E6,cg_drawScriptUsageServer
E07A5858344E09C8,online_zombie_party_xpscale
E09BEEB6D9A6C4D9,online_store_tier_skip_gift_id
E0A8D4417AE99240,dedi_relay_build_config
E0B97E735B8E7B37,bg_shock_soundEndAbort
E0C53C84F75C41BE,ai_count
E0C6A2446A8A1C03,cg_corpseFade_enabled
E0CAC54291046C06,scr_hvt_teamcount
E0FC2818C175A44B,com_viewAnimCameraRotationScale
E103B366DB1C1916,cg_footsteps
E12F5848D48904C5,scr_game_infilSkip
E14E1B586F60718B,scr_infect_playerrespawndelay
E156C6B0B72CA1AA,scr_infect_survivoralivescore
E15DF5FCCC3ADE06,aim_lockon_region_width
E171EAE924AA3D5D,online_blueprints_retry_delay
E1755142E86F9D99,sprintAdsSpeedScale
E17FE24137A2AF2C,scr_siege_rushtimer
E19C1032E9641A7D,scr_gameended
E1B7F5EFB7A1BE9A,hud_health_min_fully_healed
E1CF988537692E31,scr_conf_scorelimit
E1FDBA0788961B8D,bg_wheelsonTurnFactor
E202C50652FBAE11,player_zeroGravRollAcceleration
E2127A4ACC06C427,scr_koth_numlives
E2264F45AA639158,mp_menu_battle_pass_tab_reorder
E22725FBB4B39388,cl_transientWorldStreamLookAheadMaxDist
E23333E618E964FE,g_useholdspawndelay
E235ECE80B5867BE,r_mbEnableA
E238B3F512D68249,missileRemoteSteerPitchRate
E2488737B1B1D293,moving_platform_improved_aim
E2582AFC814FC166,r_displayMappingSdrEmulationMaxLum
E26161B62AB41247,scr_rugby_teamcount
E270C87D3032B9A3,scr_tjugg_playerrespawndelay
E277E20E9CD48C3D,drawKillcamDataPos
E28578FBF30965A5,spaceJumpGrappleViewRange
E287068159ECB1A2,cl_adjust_time_fast_adjust
E288699098D45099,fd_helicopter_force_stationary
E28EA71C49901261,enable_loadout_tabs
E29659B9E7E12354,r_hudOutlineColorInScopeFoe
E29836C944FBF4DC,online_mp_weapon_xpscale_ends_epoch_time
E2A9F855145D5E20,lui_allowInputUpThroughChat
E2ADAC3844057F1A,scr_conf_waverespawndelay
E2C14DF82D840B6A,pc_bypass_techset_fixup_enabled
E2DF2578F1F3D189,handheldCameraImpulseDamageRotPersistenceScale
E30965A4C75B4C77,glass_hinge_friction
E33459CAC562CCA5,online_kick_users_on_old_tu
E334DAAD5F13AC57,bg_crouchToProneSpreadRecoverDelay
E339BEA866EAEA26,r_ugbUsageRatioMaxDistanceScaler
E33EF2B48D162835,scr_koth_additivescoring
E34180835CC672A3,compassPlayerObjectiveArrowRadius
E3617334C6986090,scr_super_decay_rate
E36CBB9CA11D3E7C,r_vertexDeformForceCullSpotShadows
E37B3924B5C1A279,NVG_DisableBloom
E3984015DFC9F73C,perk_weapSpreadMultiplier
E3A31FB1366D00CB,pt_connectAttempts
E3AEA368D0F05A41,ai_eventDistDeath
E3B9FDCB90370A7C,bg_shock_soundLoopEndDelay
E3BED185B36EEAA3,partymigrate_cpuBonusPing
E3CB44098BFAAA3A,r_longFrameSlop
E3D496424F03ADD6,cg_hud_outline_colors_9
E3D497424F03B009,cg_hud_outline_colors_8
E3D49C424F03BB08,cg_hud_outline_colors_3
E3D49D424F03BD3B,cg_hud_outline_colors_2
E3D49E424F03BF6E,cg_hud_outline_colors_1
E3D49F424F03C1A1,cg_hud_outline_colors_0
E3D4A0424F03C3D4,cg_hud_outline_colors_7
E3D4A1424F03C607,cg_hud_outline_colors_6
E3D4A2424F03C83A,cg_hud_outline_colors_5
E3D4A3424F03CA6D,cg_hud_outline_colors_4
E3EBDC1D60EFB8DA,scr_runlean_playerthread_count
E404912E813ABC80,scr_hq_zonecapturetime
E4096AF5B0259387,scr_koth_pausetime
E417A96CC4B8EC0B,scr_game_equipmentMSProtect
E4238643D2D64EAA,cg_hudLighting_basic_diffuseScale
E466146BF5991DF1,slide_hold_change_stance_time_air_ms
E46FB1B6FBF32CB2,r_evictPrimaryLightActiveCache
E4758CF6ABF261FC,r_gpuCopyPerFrameBudgetMB
E49072A100B11EF3,r_colorGradingClutEnable
E4AA2B4357CAABD3,live_lobby_minplayers_start
E4B63E942C6644B2,scr_snatch_goalmovetimer
E4BF7F3A6B0C3915,patchManifestUpdateRetrySeconds
E4E3D2A554DD19D9,lui_parallax_scale
E4E498B6B23F7126,lui_crm_messageSendBatchIntervalSecs
E4EB4040DDA2B10E,clientSideEffects
E4ECD514F870F2A7,telemetry_levelEnd
E4F17A53EFC465C8,lui_skip_season_video
E4F2BC99253A4C05,fx_dismemberment_enabled
E4FF5B4E2D1DA5A0,fs_cdpath
E50F9A1C36FD61CD,scr_tjugg_pointsperdeath
E513AAC4B5FB5250,ui_eyes_on_end_milliseconds
E53C7A9437394ACD,scr_grind_numlives
E548CEAD7FAEE9DE,scr_hq_pausetime
E5508F53B87CD6E7,r_reflectionProbeLightingStagesPerFrame
E551FC6364ED23DD,profileMenuOption_netExternalIPHide
E5641FE0BFC3910D,player_adsResetFraction
E58114EBBD8E0E32,scr_br_allowkillstreaks
E581CFA64DA9BC19,cl_transient_mp_yield_timeout_at_mid_velocity
E586366BD4F13F25,cg_hudLighting_basic_diffuseLumOffset
E588B9A3C78C4DBD,bg_shock_jog
E58A0BF52708D021,r_tgCompileCommittedAllocs
E596A55292821039,ragdoll_tightenConstraintsAfterAnimation
E59C358BF5ED8182,scr_koth_playerrespawndelay
E59F3FAA70A5B5D0,bg_weaponBobAmplitudeDucked
E5A10C4FD456C28C,cg_gameMessageWidth
E5AA799E0454C064,sv_cmdmaxcommandtime
E5B5589125D5EE4F,r_tessellationCutoffFalloff
E5B762938095556F,r_shimmerEffectFarDistance
E5BEA2AE52E9BC88,online_allowteamchange
E5DC9290C6569617,movementAnimProto_QuickTransOutSuperSprint
E5DF1815F2CF7413,aim_slowdown_thrustjump_scale
E5EEBFD90C0065BB,waypointPlayerOffsetCrouch
E6000DCA62024361,min_wait_for_players
E615A608D517F695,bg_TeamName_Allies
E61D42F4C1647A0A,pc_build_version_check_enabled_with_dev_licenses
E622F5757FDDBA2C,r_mdaoOccluderFadeOutStartDistance
E625B98C925DA791,stream_syncFrontend_imageQuality
E6265D0BA8DD1F5F,killswitch_crawl_vm_left_right_blend_enabled
E634B52165A47381,r_vertexDeformCutOffDist
E64B08EDC7DDF78B,r_colorimetryUniversalTonemapExposureAdjust
E6508B7E797AE0FE,dedi_qos_buildname_context
E65D1DD7D7A679EC,adsPredictionSmoothingEnabled
E6620E8D57A96167,scr_dom_numlives
E66FEF84E7687CCD,cl_transientWorldSwitchDelayLowerLod
E6A3CD8EAF34FD40,killswitch_enforce_sprint_out_fire_interrupt_enabled
E6C5C0D87CCEA791,handheldCameraImpulseImpactMax2dSpeed
E6C800A0E4D843C4,potg_buffer_duration
E6C9A8ED981DF8B7,r_mdaoMinBoneBoundsToOcclude
E6D1A8A36DF413BA,r_vrsDX12ShadingRateDecalDrawListsEnabled
E6DA42CBBEEA5A56,sm_sunPoissonFiltering
E6DB88F79FF2A899,NVG_ON_Instant_BloomEndOffsetMS
E6DFA755EDC2C6BE,player_isInZeroGLevel
E6F20CC89CA44FF7,sm_sunCascadeSizeMultiplier2
E6F20DC89CA4522A,sm_sunCascadeSizeMultiplier1
E6F28EA881DD97F3,perk_improvedExtraBreath
E6FD17A702E4D8D6,scr_hvt_roundswitch
E71AE6D754423C0E,bg_viewKickMinNonADS
E71EA1A8F19BC178,stream_syncMP_maxTimeSeconds
E727D89FAE66B309,cg_riotshield_decalfix_enable
E73DE0AADA4AEF98,cl_transient_mp_yield_to_streamer_quality_threshold
E7517E3C25BD147F,wideScreen
E75831CAECC86AB2,scr_war_pointsheadshotbonus
E75B24E56DEE4A83,perk_footstepVolumeEnemy
E79EF9B7859F9B81,r_fallbackProbeUseCustomSample
E7ACE021901F6C2D,player_buttonHintRadius
E7BDEF8C7E5425E4,leaderboards_max_rank
E7C7331FC50903B4,bg_weaponBobAmplitudeSprinting
E7CDBE9DE072647F,online_store_hide_dedicated_item_chance
E7D5E0179FAE236C,con_gameMsgWindow2SplitscreenScale
E7DF2ACB834AF94D,glass_radiusDamageMultiplier
E7DFEA36874A4273,killswitch_matchID
E7FD8C65535A00B9,fx_debugBolt
E80034B2AF197C1F,lui_pool_incremental_gc_enabled
E81020B35FDC11E8,gamerprofile_landVehicleMouseSensitivityMultiplier
E82C9A9C80832720,bg_cinematicFullscreen
E832C576D5378AF1,lui_keys_enabled
E86BB110795B25A2,ai_debugMayMove
E87B48AE353249C8,scr_siege_scorelimit
E89D649223C79CB3,scr_infect_weaponsurvivorprimary
E8A02FBCF0821232,online_store_weapon
E9140C5234AB8FFB,aim_resist_pitch_enabled
E91C2952F8EC8307,scr_game_killcamType
E91DF38396FE9D28,matchdata_active
E92A80B7B2BB786C,r_filmGrainAtten
E93C21FCDE97798F,lui_showBuildAndServerText
E94FBEB471AE27FC,player_spaceCapsuleHeight
E95A2A5CD2891143,ai_linkWeightPerUserMin
E97BD3155C3CB38F,spaceJumpMinTime
E97D205CD2AF42FD,ai_linkWeightPerUserMax
E98929972279BB21,r_mdaoVolumeStrength
E98DCEBE38747755,r_transShadowPrevFrameMaskLerpFactor
E9991AFA1B1311F4,r_sceneSurfsLodBias
E99CA673BCCE37E8,bg_wheelsonTurretRollAddition
E9BB25ECB60092EF,lui_attach_variants_enabled
E9D125CE437B1E62,r_oldMaterialEmissive
E9D8F298D397849A,dlog_env
E9DE50FA971CD442,cg_drawSpectatorMessages
E9E9B5452312525A,mission_challenge_upsell_enabled
EA003173F8AC3217,r_shimmerEffectTimeOn
EA084BD3F3E394A3,scr_brm_infilConvoy
EA25B1382D5F2D90,cg_buttonHintNaturalDistance
EA272E8F14893923,cg_skydive_parachute_cut_look_down_grace_period
EA36D100DB84B5FC,cl_adjust_time_throttle_offset
EA4A8B0DBFE24832,r_vrsMaskDofIntensity
EA587621D96A9797,tracer_explosiveWidth
EA63D5AEC48A1AED,cg_hearKillerTime
EA832F361E5F0F9E,scr_conf_pointsperconfirm
EAAF00B78819DAED,cl_fovAdsMouseSensitivityScaleImmediately
EAC5BEFB9F284DE4,fd_camera_cockpit_chase_lateralOffset
EAD41B8A49A25C23,scr_game_navBarHidePings
EAD868A0BFBD648A,band_lotsplayers
EADA839723DFE223,online_matchmaking_initial_connect_timeout_ms
EADB783FCBDD9538,scr_dom_promode
EAE70921F59648B0,bg_disableWeaponFirstRaiseAnims
EB1FFA33B8D3BE6C,stream_modelLodLimit
EB2879EDF7691717,cg_flashbangNameFadeIn
EB3794B0F18B212E,spaceJumpDeathLinearVelocity
EB60E6B3C2CF0C52,animscript_debug
EB8125D135ED536C,bg_pathFollowerResumeFactorTime
EB84277004ADBFBB,playerCharacterCollisionVehicleWallFix
EB845F836063EBD3,sv_cmdDropOnPredict
EB8CD0CF21E43419,cl_transientWorldZoomVisibilityFovCutoff
EB8E360B43CC1284,stream_missingXModelLodBoost
EBC98DC144B64D4A,scr_arm_timelimit
EBCF050448A5D553,scr_infect_promode
EBD3634223FE5D46,cl_transientWorldZoomLOD0FixedDist
EBE137A61D35C788,cg_entityResetPhysicsFixEnabled
EBEB3FAC5088CB62,civilianNameFontColor
EBEDCAD77127E97B,player_sprintTime
EC1168475668720F,compassObjectiveHeightLarge
EC2C78C164A901ED,enable_analytics_log
EC4116362756A4A6,playerCullDistMaxZoom
EC57AF7E709C2B0C,compassShowAllEnemies
EC5BB38FF2103C6B,pt_migrationWifiPenalty
EC79164E1AAAA372,mantle_on_40_spline_start_to_ledge_point_height
ECA1F58470677919,scr_game_graceperiod
ECA4A2959EDF498D,bg_shock_soundFadeOutTime
ECABADB79CCF4E5D,bg_sprintOutTimeScale
ECC1873D3BDE040C,cg_viewmotion_spring_blendDurationMs
ECD75F26EE4D9F2D,slide_subsequentSlideTime
ECD99020591B4E81,ragdoll_poseController_maxControlDuration
ECDB4DDEBB873CBC,motd
ECE9446BA0F29D4C,perk_kill_report_icon_time
ECF287225C96ADA0,cg_friendlyNameplateAngle
ECFD155DC3905C80,online_party_host_crossplay_change_toast_wait_time_ms
ED1654136A244458,ai_busyEventDistFootstep
ED3127B4E08FD6AB,handheldCameraImpulseSlideRotAmplitudeScale
ED480F11F7331C7D,scr_game_useAmmoRestockLocs
ED4BBC3B42FF4BF7,compassTacmapMiniIconZoomMission
ED50E361609D3B23,cg_hudMapFriendlyWidth
ED796106EF433639,NVG_ON_BloomBlendInDurationMS
ED95A4077706D150,g_minGrenadeDamageSpeed
ED99284E6EC565FE,scr_tdef_showenemycarrier
EDA3E1DBAA77E557,compassMaxRange
EDB46EEB444E8F00,scr_cyber_defusetime
EDB9DA881E2215D5,dynEnt_spatialMaxEnts
EDBB5FDF869EBEB7,lui_objective_fade_enabled
EDC6B99B0F31CB2B,online_ownership_status_fence_timeout_ms
EDD2360412B553FD,r_vignetteTweakFalloffStart
EDE652F35BA7F1BB,bg_shock_sprint
EDE97582F687C8CE,scr_infect_allowsupers
EE3025E722CE448C,scr_conf_pointsperdeny
EE45017DE866DA33,player_viewmodelNoWeaponSprintCycleMs
EE4A280A3A9FBC1F,actor_spaceLightingOffset
EE4BCF61FA504FD9,vehHelicopterMaxSpeedVertical
EE52BB8DB518E934,vehCam_offset
EE65E3C50A4444AC,pm_enable_solid_coop_agents
EE6D1B6A4D407071,scr_team_fftype
EE742089549ED784,scr_allow_custom_loadouts
EE7E3D640E50A467,gamerprofile_mouseAccel
EEAD1C9634FE0C2F,player_stunWhiteFlash
EEAE6F6B72929F99,player_zeroGravSpeed
EEDF556A96E7B84C,scr_cyber_numlives
EEE703CB9A5D26F4,scr_tjugg_scorelimit
EEEF8B5B6242BC4E,cg_defaultWindFrequencyScale
EEFC375B11558379,r_whiteBalanceTweaks
EF220FE1C11508C2,scr_dm_aonrules
EF2B1FAE7A5AC3DC,sprintLeap_minSprintTimeMs
EF43FBFFDA487598,killswitch_skydive_stuck_after_landing_fix_enabled
EF48D9225C0514BB,sv_snapshot_silence_threshold_recv
EF49310374938E00,online_mp_breadcrumbing_frequency
EF6ADA7664DAFFF2,r_depthScanOverlayStrength
EF6DFD5508E4168C,killswitch_bnet_igr_xp_boost_enabled
EF81E1E2ABF8C1FF,scr_sd_winbytwomaxrounds
EF8684781D32EAE8,r_distortion
EF9DB1D2C33C61D9,sys_configureGHz
EF9F3F4D1DEC2DC8,voice_mic_postLoudAggressiveTime
EFA0D6055AA272C3,partychat_attempt_retry_join_thottle
EFA199C5018DB8E2,scr_arm_pointsPerFlag
EFA3CD18D560B766,spaceJumpDeathAngularLerpStrength
EFA906B4308F35AA,scr_siege_roundlimit
EFA9DE79EDE0596D,compassUAVDrawOuterCircle
EFB064766F360358,vehHelicopterHeadSwayDontSwayTheTurret
EFB472A67E3BD685,scr_arm_flagsRequiredToScore
EFC2793C8C3E6493,cl_holdBreathHoldTime
EFC293FE32D4296E,r_nvidiaGPU
EFC665DFD77CF5E4,NVG_OFF_ExposureStartOffsetMS
EFE7529DA932A707,scr_dd_scorelimit
EFF080810348D3D0,jogAdsBlendTime
F0088697ED4A77B5,bg_shock_viewKickPeriod
F0095339A791968A,frontendSceneTabulationForce
F00BCEA6B7C1DE38,input_swap_enabled
F0234F4ECA0AEB46,cg_viewmotion_spring_enable
F03A73439236E2C2,bg_vehVsMissileFilter
F04899AAD7BACC25,tracer_firstPersonMaxScrewRadius
F04C7C50ED72E4DB,scr_siege_waverespawndelay
F060610FAAD2BF15,online_matchmaking_reduce_print_spam
F0718B45FF84C52B,pt_migrationBandwidthBonusPing
F07406832E8FBC4C,scr_hq_numlives
F074675AEED1A701,fd_helicopter_audio_main_operating_rpm_pitch_min
F07C74B8D91AAE6A,cg_radialMenu_deactivationDelay
F08D3F8F918806FB,online_platform_sessions_manager_should_com_error_on_failure
F08EFFB5DACDC3EC,voice_mic_outTimeLoud
F097595AEEF7CFEF,fd_helicopter_audio_main_operating_rpm_pitch_max
F098425BA67F8DF0,missileRemoteSpeedUp
F09EEDCFE96F0376,r_smp_workers_min_count
F0A13F6DF29279A0,mount_side_clamp_pitch
F0ABD24877D9D9FE,mantle_on_24_spline_start_to_ledge_point_bias
F0E0E7B439E13D5B,sm_sunStageBoundsFeather
F0E44A83B80CAEB1,bg_vehUseTreadSimulation
F0E462FFF9BF2218,shieldImpactExplosionHighShakeDuration
F101ABCFD0A3F076,ai_hotCombatSpeedEnabled
F109EA26850C0857,cg_frontEndSceneZnear
F110564F15B2B392,r_spotLightShadows
F11401FFF9EC423C,scr_dd_overtimelimit
F118AAF9736EA966,bg_grenadeFrictionLow
F1392817B2BBB2F1,ragdoll_fullBodyExplodeForceScale
F13FE7C64175F325,gamerprofile_hdrGamma
F14191F037963F75,mantle_over_timescale_max
F14E666C8DE803DD,scr_snatch_magcount
F15023D0845829BC,addmovervelocitytomissileonserver
F153207689EB9B3C,sv_kickBanTime
F15DF40C72DC1DC4,mount_tuning_top_mount_max_slope
F1611A8946270706,db_memoryLoanDeadline
F162BB6DE869D45B,r_displayMappingSdrGamma
F1647BF037BC56CB,mantle_over_timescale_min
F16BAFA7BDCA6875,oer_diag_category
F1877FB759BD651F,ui_challenge_6_ref
F19610653778F75F,killswitch_net_health_dev
F19A1E0BF55729BA,m_pitch
F1A4887A10BB2BE9,ui_oldmapname
F1AE0A87F2C69180,r_scope_relief_sway_freq_x
F1AE0B87F2C693B3,r_scope_relief_sway_freq_y
F1B8EFCB47D088DF,online_mp_xpscale_ends_epoch_time
F1BC1923E7BF647E,NVG_ScriptBlindWeighted_ScriptValueBlendOutSpeed
F1D6B83FE53B0FE5,compassSize
F1DD8437C6ADFBE9,profileMenuOption_mousehorzsensitivity
F2090C1DA53C30B9,cg_brcircleperceptualtint
F20A9994ED7AB6A5,bg_enableHoldWeapNextToToggleAltMode
F2198DBFE429FBF4,accountreg_rename_currency_id
F2469844DD3BB93E,painVisionTriggerHealth
F2534245D8AE4AF9,r_ssao
F278E840CB75879C,playerCharacterCollisionMoverStanceFix
F2863A16926E13BE,lui_system_restart_message
F29169D74D50FBC2,scr_cyber_winlimit
F29A89FE67F6E41E,cl_transient_mp_yield_for_streamer_zoom_enabled
F2A9CAF44032BF0D,scr_hvt_numlives
F2AA8960246CFE40,r_decalVolumesStreamOcclusionCulling
F2B48CB8031218FA,r_usePCNvidiaShaders
F2B50B6E54BE33BF,ui_scope_stencils
F2B5EC16F12C4419,cg_disable_fov_comp
F2C6DEFB8253C8D0,shieldImpactExplosionLowShakeScale
F2ED2E23023E248C,ai_debugAnimDeltas
F2F31B2DACDEA331,mantle_check_height_air
F332C9F5B36A5849,scr_profilingLevel
F345A4BCF14F9BA9,r_tessellationHeightScale
F3788F12B5574A39,profileMenuOption_musicVolume
F380A5FDB4FE8A73,cg_javelinKillCamLookLerpDist
F3BA185B49A06B9C,fx_gpu_lighting
F3D88B9233B8FDEF,objectiveHide
F3EBDF6CB5D759D7,scr_cyber_detonatescore
F3F1CA7437761E06,cg_playersmp_CoarseCullSystem_SunShadowDist
F4261AEFE4F8FFC2,scr_hq_winlimit
F42D1DD0B6FC3346,gamerprofile_adsHighZoomMouseSensitivityMultiplier
F4589B4171669B1C,scr_trial_timelimit
F45ACF3B861F1D1C,daily_churn_login_enabled
F46BD91810E7DB14,cg_hudLighting_basic_ambientScale
F47452B670ECD487,r_colorimetrySdr
F4882363AAEEB795,r_hudOutlineOccludedInlineColor
F489971750C3B5B8,online_battle_xpscale_ends_epoch_time
F4A7BF4DEC93B055,r_rtFormatValidation
F4D915B4AF51B93D,dedi_buildname_override
F4E38EE9FC5120B4,fd_helicopter_debug_cockpit
F50E5A87B88631C7,band_12players
F532DDC30041C957,scr_hq_delayplayer
F5660A2C4F4F3A7F,scr_gun_allowsupers
F5695D90B98BDCEA,waypointScreenCenterFadeRadius
F59526763711EDC4,scr_br_gametype
F5998DEC648F2464,lui_marquee_stencil_padding_left
F5A42DDA507A8F38,NVG_ON_Instant_BloomBlendOutDurationMS
F5A5AC81A1D0ABEE,perk_fastOffhandMultiplier
F5C0BD78F37EAE38,gamerprofile_viewMouseVertSensitivity
F5D5B2F7F2D79422,cl_force_paused
F5E323120EFFE4BD,scr_dd_numlives
F5E41D3DF668C269,ui_player_red_eggs
F5F026B78C8212D6,r_sunflare_min_size
F5F18ED9B8B2D093,cg_TeamColor_Axis
F5F2DF360B8F3A95,playercard_cache_download_max_retry_time
F610611677FA3D4A,online_analytics_streamer_upload_min_delay_ms
F611E9360B26CDA3,scr_riotshieldxpbullets
F61D4D8657ADACB4,FoFIconScale
F6331AED9974A776,handheldCameraImpulseDamageTransPersistenceScale
F63F4C104D06F53A,killswitch_execution_scrubtime_fix_enabled
F6462A15FB6441DD,ui_challenge_4_ref
F6537D6ED093B6FC,scr_sd_bombtimer
F65FB791BF9D2E43,r_usePrebuiltSunShadowArchived
F662804BE2EFAD92,mantle_ladder_enable
F6773C11153F52C4,compassZoomEnabled
F684D5E8049912E5,ai_debugCoverSelection
F6A1860A777A61C7,profileMenuOption_blacklevel
F6A9E6320C5BABA9,perk_bulletPenetrationMultiplier
F6C64EE645B73135,ladderCresting
F6D25792A3C5D602,lui_parallax_max_offset_from_view
F6F23CDCFF02B7D6,r_font_cache_debug_display
F700A7EB6BA2F264,slide_maxHeightFromGround
F7021B7B8F1BF25A,fd_helicopter_altitude_limiter
F70B22446FC039CE,cl_anonymization_enabled
F71FBA04C2C0E832,slide_frictionScale
F729CC592FC983C0,slide_hold_change_stance_time_ms
F7371A2417AFB31A,handheldCameraImpulseImpactAttackMs
F739F51996B4EA4F,gamebattle_match_history_max_refresh_attempts
F75B373FDA60BADC,online_crossplay_fail_backoff_threshold
F775AAD06092FA55,cg_equipmentSounds
F778A31D0A061462,cg_throwingAxeKillCamEntIgnoreTime
F77E7B442D0A1EC2,r_linkLightWarningThreshold
F78C2CF54ACD98BB,r_VFXSpotLightFalloff
F78DB830EF9B42D3,cg_worldStreamingMinImageQuality
F7A4093B4444E8FA,scr_pac_sentry_instaspawn
F7B76239D38FFBB5,veh_boneTargetTrackLerpRate
F7B7EE39BFE6013C,player_align_death_anim_unknown_direction_update_angles
F7BA55BBA010C98A,r_lensProfileOverrideScale
F7D0E36A05E13316,lui_use_new_bm_onboarding_popup
F7DE9B78D29A1B6B,fx_umbra_culling
F7E64C60083A7BF1,always_set_private_party_ui_root
F7F60A6E13C249BD,r_dof_filter_fullres
F7FE1155EEA0C168,scr_conf_teamsize
F80E34DCB5393D80,mount_tuning_shapecast_cylinder_ground_clearance
F816267E6F93EB50,mantle_over_32_spline_start_to_ledge_point_bias
F8209729B499B61F,handheldCameraRotationScale
F83148BEDAC7A06C,r_rimLightingLerp
F8401A3EDDE07938,fastfileAltLaunch
F84FFE0463FBFF9B,g_coverWall_coverHealth
F85FDE3013680FCF,cg_skydive_super_dive_fov_blend_in_time
F888DEF3FAA1861D,r_lightGridDrawDebugVolumes
F894BCDAD019A8CC,dlog_enabled
F89DC74EBB22CE96,cl_voice
F89F3AE87DEB2A76,r_scopeBufferSizeMin
F8C79D10EE6D5AC9,scr_fultonCapacity
F8F26F7DDE557C04,perk_scavengermode
F8F9AA3931164C0C,smoothCameraSpeed
F90828107B8D817E,gpad_stick_pressed_hysteresis
F9135D941C91B6C1,r_smaaUpsampleMode
F91388F7083DF470,sys_sysMB
F914098BF5D69259,player_stairs_sprint_lateralBobAmplitudeScale
F936FC0411C4045A,player_viewmodelMoveAnimScale
F93A92085D3CF9B2,r_sceneSurfsLodBiasDecay
F93AE5BCF5C3C0C0,sm_spotShadowScoreSystem
F94C4FFF9B0DF956,scr_gun_teamsize
F954B99084735BC3,gw_gas_circle_size
F96721FA8CAF2AD7,ai_eventDistBadPlace
F9745F945885150A,killswitch_scripted_offhand_throwback_fix_enabled
F99A88D1DF106B19,enableJog
F9BBDFF9AEB45C0C,scr_snatch_goalenabletimer
F9C60F2329AF3B61,compassPrototypeFiring
F9D04B9BAB7C46C5,scr_maxperplayerexplosives
F9F87892596F8C5B,ai_eventDistFootstepSprint
FA02A6C167EE5519,stream_cameraVelocityGaussianSigma
FA08EFF177BCE1F2,r_hudOutlineFillColor0
FA08F0F177BCE425,r_hudOutlineFillColor1
FA1CB5DEAAACE45F,cg_hudLighting_blood_specScale
FA1F081BA88B2B98,r_lensProfileOverrideAperture
FA23CE008D6101E1,daily_login_bonus_forced
FA24FC860CFFA052,online_force_party_state_on_present
FA3FC4CD1B4D2C5E,thermalVisionLuiUse
FA7389102D01586F,scr_brm_waverespawndelay
FA7CA08C7547F4BA,useStatsGroups
FAC8F39DA5737155,sm_spotUpdateMoreDynEnt
FAC983C72E117D78,cg_hudLighting_basic_additiveScale
FAC997A54A8EBB47,party_membersMissingMapPack
FADB25814987F874,r_tonemapLocalEvBounds
FAE118FFA1CD35F1,battlenet_igr_player_xp_multiplier
FB0EF5071251A0DC,online_platform_session_call_max_delay
FB16CC7690505F8A,mantle_check_height
FB40F02A71D7384B,bg_objectivePingDuration
FB568D86A8C5F5DE,playlist_voting_enabled
FB64E6863F162713,scr_dom_codcasterenabled
FB6716A48E67D4F6,ui_altscene
FB69FE2C8D00E879,handheldCameraImpulseDamageDecayMs
FB6E70C69DBF64B1,lui_marquee_stencil_padding_right
FB71780484CCA546,playerCharacterCollisionMantleFloorFix
FB8F2E0C33CD6E64,ragdoll_debugDisplayInitialPose
FBA6A9904EE85DF4,gamebattle_intermission_time_override
FBAF8C49A69AC873,scr_arm_winlimit
FBB0562D8E706B64,r_autoPriority
FBBDC75E95E97385,online_platform_friends_use_dw_presence
FBC78C076161C470,gesture_use_priority_system
FBC9FBD268B68A73,com_fovUserScaleFactor
FBD60D81736FB279,aim_lockon_region_height
FBDF0BAC2517838A,dedi_relay_build_version
FBE3ECA715208E3E,player_sprintStrafeSpeedScale
FC0162BED6032748,r_forceSpotShadowUpdateBSP
FC1284048CA60BF1,cg_skydive_parachute_cut_cam_shake_min_time
FC1A9FC144781474,actorDropItemMaxVelocity
FC292E5B141F8DDC,con_gameMsgWindow1LineCount
FC581638A9D6F36B,riotshield_ignoreonstick_enabled
FC70686FE611D4E7,lui_wz_bm_tutorial_enabled
FC772D108F5C0D7F,scr_siege_roundswitch
FC83074D4A4CC85A,movementAnimProto_TransitionBlendTime
FC88B9902D169707,r_lodBias
FC8EAFC68440336B,FoFIconMinSize
FCA802E5BEAB0D71,xblive_competitionmatch
FCAD21AD019F8FFB,gamerprofile_freeLook
FCAF31D6012C9DCA,ai_corpseLimit
FCF1B887719BE013,spaceJumpHeightCheck
FD05A01DB53B6C05,r_vrsPrepassEnabled
FD09E356B019AA41,scr_br_squadsize
FD0C41577AF2F319,skydive_always_weapon_raise
FD162D17D5902CE7,autoForwardEnable
FD29846A2C5CF5FF,should_check_for_intermission_to_pump_sony_realtime_multiplayer_only_for_br
FD2AD8FE5F24D203,lui_classic_specops_stars_enabled
FD35B76DA6CA34B6,waypointOffscreenPadBottom
FD4008572D88F154,cl_transientWorldVisibleHintLOD0Addition
FD49C28F99B951A3,r_gpuCullTriSModels
FD49DD03D0296FEE,scr_arena_equipmentdelay
FD7287C4A6598E3E,scr_arena_numlives
FD7B671CE23D5A45,compassPlayerObjectiveHolderCicleSize
FD87A7DC9F8671DE,r_reflectionProbeIrradianceMin
FD8BCE382B2C246B,r_gpuCullTriClusterRigidModels
FD93BB6E875460F1,sm_minSpotLightScore
FD978C7E8FDD0E2F,ai_accuracy_attackerCountDecrease
FDA3E010C9E2A176,scr_tjugg_roundlimit
FDAE144656C42285,r_st_clutterStreamBoost
FDB2E786CE73405E,scr_cyber_empspawn
FDC0ED742E2F540C,player_breath_snd_lerp
FDC9BBF3E2B39503,r_scope_relief_mul_aspect_ratio
FDD0D0F58F4FEF5E,scr_cyber_practiceRound
FDD4C9EB79930375,mount_side_max_pitch
FDEB833EAFF816DB,cg_mapLocationSelectionCursorSpeed
FDF3C45D07F0AB86,r_dof_physical_adsFocusSpeed
FE016012F5EA66E6,handheldCameraTranslationScale
FE0B0785CB978193,bg_shock_screenType
FE2A7197AF9F0ECE,scr_infect_enableinfectedtracker
FE3E08EC9BBD6540,scr_koth_roundswitch
FE5D4A4D9DD4C2CF,cg_teamChatsOnly
FE5E8FEBCF4CB0C0,lui_mp_intelMenu_enabled
FE671CF8D43DF1FA,sv_cp_remote_client_snapshot_msec_default
FE75AF5C89671EC6,compassPlayerObjectiveHolderArrowSize
FE817ABCDE12FDB2,lui_classic_specops_maps_enabled_list
FE8EBF2F3E049C5F,dw_userlist_blocked_throttle
FE948106AF7A98DB,cg_hudRicochetDamageIconWidth
FE9D0B23718E5759,stream_treeDistanceFactor
FEB3B2DB9C10167E,bg_veh_cam_3rdMode_default
FEB4520E0F4A850A,party_client_hostresolver_retry_period
FEB660B4580BB65B,bg_fastSwingSpeed
FEBC173929307EE4,cg_killCamTurretLerpTime
FEC0019700C74C11,r_colorGradingEnable
FEC9614859661C9A,scr_snatch_winlimit
FECBA37F9FB5651D,r_blurMipStepLimit
FED9D1B98FC151F8,sv_cmdMinCumulThinkFrac
FEF397E45A52771D,sv_cumulThinkTime
FEF8B9605DED3B80,cg_hudSayPosition
FF0A501F5AD2B355,sv_usePrecomputedLOSData
FF0C74B9843D0D21,scr_tdef_waverespawndelay
FF1159ADF767F99D,scr_grnd_waverespawndelay
FF20071FB269D28F,online_platform_sessions_manager_should_handle_first_party_session_removals
FF205CA33E9CFED5,ui_remoteTankUseTime
FF331B7BAC232C87,compassVehicleScalePartial
FF3EE5473BDFA1F2,scr_war_allowkillstreaks
FF4365B7F0B9CF6B,r_preloadShadersGenerateReport
FF47EF88A3C233BC,killswitch_butt_collision_velocity_clipping_enabled
FF512F95A493D7AB,bg_quickWeaponSwitchSpeedScaleSP
FF54FCA2CE9079CC,online_store_operator_timer
FF68D080182AE135,spaceJumpSpeed
FF90A400D5301137,blackboxUseBlackbox
FF91DD4672DFDE71,scr_hq_waverespawndelay
FFA2D71A32D235ED,cg_enableAgentEntityWorkers
FFC68A0279721259,player_stairs_downBobAmplitudeScale
FFEE0CD41B7A4B0F,voice_mic_threshold_aggressive
